sample,filepath,byte_format,live_time,total_counts_46kV,total_counts_17kV,Na_Ka_cts,Na_Ka_cps,Na_Ka_net_cps,Na_Kb_cts,Na_Kb_cps,Na_Kb_net_cps,Mg_Ka_cts,Mg_Ka_cps,Mg_Ka_net_cps,Mg_Kb_cts,Mg_Kb_cps,Mg_Kb_net_cps,Al_Ka_cts,Al_Ka_cps,Al_Ka_net_cps,Al_Kb_cts,Al_Kb_cps,Al_Kb_net_cps,Si_Ka_cts,Si_Ka_cps,Si_Ka_net_cps,Si_Kb_cts,Si_Kb_cps,Si_Kb_net_cps,P_Ka_cts,P_Ka_cps,P_Ka_net_cps,P_Kb_cts,P_Kb_cps,P_Kb_net_cps,S_Ka_cts,S_Ka_cps,S_Ka_net_cps,S_Kb_cts,S_Kb_cps,S_Kb_net_cps,Cl_Ka_cts,Cl_Ka_cps,Cl_Ka_net_cps,Cl_Kb_cts,Cl_Kb_cps,Cl_Kb_net_cps,K_Ka_cts,K_Ka_cps,K_Ka_net_cps,K_Kb_cts,K_Kb_cps,K_Kb_net_cps,Ca_Ka_cts,Ca_Ka_cps,Ca_Ka_net_cps,Ca_Kb_cts,Ca_Kb_cps,Ca_Kb_net_cps,Ti_Ka_cts,Ti_Ka_cps,Ti_Ka_net_cps,Ti_Kb_cts,Ti_Kb_cps,Ti_Kb_net_cps,V_Ka_cts,V_Ka_cps,V_Ka_net_cps,V_Kb_cts,V_Kb_cps,V_Kb_net_cps,Cr_Ka_cts,Cr_Ka_cps,Cr_Ka_net_cps,Cr_Kb_cts,Cr_Kb_cps,Cr_Kb_net_cps,Mn_Ka_cts,Mn_Ka_cps,Mn_Ka_net_cps,Mn_Kb_cts,Mn_Kb_cps,Mn_Kb_net_cps,Fe_Ka_cts,Fe_Ka_cps,Fe_Ka_net_cps,Fe_Kb_cts,Fe_Kb_cps,Fe_Kb_net_cps,Co_Ka_cts,Co_Ka_cps,Co_Ka_net_cps,Co_Kb_cts,Co_Kb_cps,Co_Kb_net_cps,Ni_Ka_cts,Ni_Ka_cps,Ni_Ka_net_cps,Ni_Kb_cts,Ni_Kb_cps,Ni_Kb_net_cps,Cu_Ka_cts,Cu_Ka_cps,Cu_Ka_net_cps,Cu_Kb_cts,Cu_Kb_cps,Cu_Kb_net_cps,Zn_Ka_cts,Zn_Ka_cps,Zn_Ka_net_cps,Zn_Kb_cts,Zn_Kb_cps,Zn_Kb_net_cps,Ga_Ka_cts,Ga_Ka_cps,Ga_Ka_net_cps,Ga_Kb_cts,Ga_Kb_cps,Ga_Kb_net_cps,As_Ka_cts,As_Ka_cps,As_Ka_net_cps,As_Kb_cts,As_Kb_cps,As_Kb_net_cps,Se_Ka_cts,Se_Ka_cps,Se_Ka_net_cps,Se_Kb_cts,Se_Kb_cps,Se_Kb_net_cps,Br_Ka_cts,Br_Ka_cps,Br_Ka_net_cps,Br_Kb_cts,Br_Kb_cps,Br_Kb_net_cps,Rb_Ka_cts,Rb_Ka_cps,Rb_Ka_net_cps,Rb_Kb_cts,Rb_Kb_cps,Rb_Kb_net_cps,Sr_Ka_cts,Sr_Ka_cps,Sr_Ka_net_cps,Sr_Kb_cts,Sr_Kb_cps,Sr_Kb_net_cps,Y_Ka_cts,Y_Ka_cps,Y_Ka_net_cps,Y_Kb_cts,Y_Kb_cps,Y_Kb_net_cps,Zr_Ka_cts,Zr_Ka_cps,Zr_Ka_net_cps,Zr_Kb_cts,Zr_Kb_cps,Zr_Kb_net_cps,Mo_Ka_cts,Mo_Ka_cps,Mo_Ka_net_cps,Mo_Kb_cts,Mo_Kb_cps,Mo_Kb_net_cps,Ag_Ka_cts,Ag_Ka_cps,Ag_Ka_net_cps,Ag_Kb_cts,Ag_Kb_cps,Ag_Kb_net_cps,Cd_Ka_cts,Cd_Ka_cps,Cd_Ka_net_cps,Cd_Kb_cts,Cd_Kb_cps,Cd_Kb_net_cps,Sn_Ka_cts,Sn_Ka_cps,Sn_Ka_net_cps,Sn_Kb_cts,Sn_Kb_cps,Sn_Kb_net_cps,Sb_Ka_cts,Sb_Ka_cps,Sb_Ka_net_cps,Sb_Kb_cts,Sb_Kb_cps,Sb_Kb_net_cps,Ba_Ka_cts,Ba_Ka_cps,Ba_Ka_net_cps,Ba_Kb_cts,Ba_Kb_cps,Ba_Kb_net_cps,W_La_cts,W_La_cps,W_La_net_cps,W_Lb_cts,W_Lb_cps,W_Lb_net_cps,Au_La_cts,Au_La_cps,Au_La_net_cps,Au_Lb_cts,Au_Lb_cps,Au_Lb_net_cps,Hg_La_cts,Hg_La_cps,Hg_La_net_cps,Hg_Lb_cts,Hg_Lb_cps,Hg_Lb_net_cps,Tl_La_cts,Tl_La_cps,Tl_La_net_cps,Tl_Lb_cts,Tl_Lb_cps,Tl_Lb_net_cps,Pb_La_cts,Pb_La_cps,Pb_La_net_cps,Pb_Lb_cts,Pb_Lb_cps,Pb_Lb_net_cps,Bi_La_cts,Bi_La_cps,Bi_La_net_cps,Bi_Lb_cts,Bi_Lb_cps,Bi_Lb_net_cps,Th_La_cts,Th_La_cps,Th_La_net_cps,Th_Lb_cts,Th_Lb_cps,Th_Lb_net_cps,U_La_cts,U_La_cps,U_La_net_cps,U_Lb_cts,U_Lb_cps,U_Lb_net_cps
6-28_JPL09,/Users/isaac/Documents/GitHub/PhD_Projects/Eaton-Fire-Ash/Ashes-EDXRF/EXPERT_ENG/WrkExpert/W187U/WORK/Aguilar_Isaac/ash_pellets/6-28_pellets/6-28_JPL09.RSP,A,60.0,99055862,4484372,0,0.0,0.0,256,4.27,3.41,0,0.0,0.0,1280,21.33,20.48,47616,793.6,792.75,6144,102.4,101.55,57600,960.0,959.47,56320,938.67,938.67,50944,849.07,848.64,1024,17.07,12.37,47104,785.07,646.4,46592,776.53,281.17,33536,558.93,0.0,34560,576.0,0.0,15616,260.27,0.0,30208,503.47,0.0,22528,375.47,0.0,6912,115.2,0.0,9728,162.13,0.0,59904,998.4,804.27,59904,998.4,804.27,50176,836.27,587.09,48640,810.67,556.37,49408,823.47,0.0,57856,964.27,0.0,49152,819.2,168.11,35328,588.8,0.0,28672,477.87,63.15,39680,661.33,0.0,40448,674.13,1.71,37120,618.67,7.68,40960,682.67,63.57,39680,661.33,222.29,30464,507.73,0.0,23552,392.53,0.0,25600,426.67,32.0,19200,320.0,0.0,54528,908.8,602.03,25088,418.13,0.0,14080,234.67,0.0,22272,371.2,0.0,8704,145.07,0.0,13568,226.13,0.0,7680,128.0,0.0,12288,204.8,60.59,39424,657.07,253.01,34816,580.27,252.59,42496,708.27,164.69,40192,669.87,92.16,26368,439.47,0.0,30464,507.73,0.0,46848,780.8,324.27,18688,311.47,0.0,26112,435.2,0.0,60928,1015.47,506.03,53248,887.47,378.03,8704,145.07,0.0,47360,789.33,100.27,17408,290.13,0.0,5376,89.6,0.0,5120,85.33,0.0,37632,627.2,44.37,36864,614.4,0.0,6400,106.67,0.0,27904,465.07,0.0,55296,921.6,638.29,7168,119.47,0.0,13568,226.13,0.0,26624,443.73,16.21,14592,243.2,0.0,18176,302.93,34.13,8704,145.07,0.0,10496,174.93,0.0,9728,162.13,0.0,49664,827.73,198.83,12288,204.8,62.72,512,8.53,0.0,50944,849.07,461.65,13056,217.6,55.89,4608,76.8,0.0
6-28_XPAH55,/Users/isaac/Documents/GitHub/PhD_Projects/Eaton-Fire-Ash/Ashes-EDXRF/EXPERT_ENG/WrkExpert/W187U/WORK/Aguilar_Isaac/ash_pellets/6-28_pellets/6-28_XPAH55.RSP,B,60.0,94618102,4491241,0,0.0,0.0,0,0.0,0.0,768,12.8,11.95,2560,42.67,41.81,40704,678.4,677.55,61952,1032.53,1031.68,48384,806.4,805.87,54016,900.27,900.27,45056,750.93,750.51,38912,648.53,644.69,38656,644.27,504.75,35840,597.33,0.0,38912,648.53,20.91,37888,631.47,0.0,27904,465.07,0.0,29440,490.67,0.0,22016,366.93,0.0,9728,162.13,0.0,0,0.0,0.0,56576,942.93,663.47,56576,942.93,663.47,48128,802.13,552.11,48128,802.13,550.83,44288,738.13,0.0,60160,1002.67,163.84,38912,648.53,42.24,49408,823.47,4.69,27392,456.53,0.0,11520,192.0,0.0,59392,989.87,471.47,42752,712.53,119.47,47104,785.07,162.56,51200,853.33,422.4,41216,686.93,0.0,24832,413.87,0.0,41984,699.73,265.81,18688,311.47,0.0,25600,426.67,97.71,28672,477.87,0.0,14592,243.2,0.0,58880,981.33,407.89,9728,162.13,0.0,15360,256.0,0.0,10496,174.93,36.69,13824,230.4,87.47,27136,452.27,143.79,22016,366.93,100.27,45056,750.93,301.23,40704,678.4,94.72,5376,89.6,0.0,33280,554.67,0.0,25600,426.67,261.97,16384,273.07,0.0,34816,580.27,296.96,35584,593.07,223.15,60416,1006.93,456.53,35072,584.53,99.41,26112,435.2,0.0,35072,584.53,72.53,4864,81.07,0.0,7168,119.47,0.0,28928,482.13,63.15,51456,857.6,447.15,9216,153.6,0.0,27904,465.07,0.0,19968,332.8,0.0,18432,307.2,0.0,15360,256.0,0.0,34304,571.73,0.0,9984,166.4,0.0,47872,797.87,481.71,9728,162.13,0.0,48384,806.4,252.16,8704,145.07,0.0,56320,938.67,530.35,13056,217.6,78.51,39168,652.8,351.57,42496,708.27,2.13,10240,170.67,16.21,5376,89.6,0.0
6-28_JPL95,/Users/isaac/Documents/GitHub/PhD_Projects/Eaton-Fire-Ash/Ashes-EDXRF/EXPERT_ENG/WrkExpert/W187U/WORK/Aguilar_Isaac/ash_pellets/6-28_pellets/6-28_JPL95.RSP,A,60.0,99487734,4763013,0,0.0,0.0,0,0.0,0.0,256,4.27,3.41,3584,59.73,58.88,44288,738.13,737.28,7680,128.0,127.15,57600,960.0,959.47,56064,934.4,934.4,55296,921.6,921.17,46848,780.8,775.25,40960,682.67,527.79,45824,763.73,256.85,31232,520.53,0.0,35328,588.8,0.0,55040,917.33,227.41,34560,576.0,17.92,32000,533.33,2.56,7936,132.27,0.0,768,12.8,0.0,55040,917.33,705.71,55040,917.33,705.71,52992,883.2,438.61,47104,785.07,520.11,49152,819.2,0.0,64768,1079.47,207.79,53248,887.47,179.2,60416,1006.93,135.68,25344,422.4,0.0,34816,580.27,0.0,42496,708.27,84.91,38144,635.73,65.28,47616,793.6,327.25,39424,657.07,213.33,22528,375.47,0.0,24320,405.33,0.0,60928,1015.47,624.64,15104,251.73,0.0,54272,904.53,577.71,23296,388.27,0.0,13824,230.4,0.0,38400,640.0,261.12,9984,166.4,0.0,11776,196.27,0.0,8448,140.8,0.0,9984,166.4,11.09,44544,742.4,215.47,39936,665.6,142.51,33024,550.4,0.0,42752,712.53,186.88,30208,503.47,0.0,35072,584.53,0.0,48640,810.67,375.47,13312,221.87,0.0,21248,354.13,0.0,61696,1028.27,413.44,41472,691.2,104.53,22784,379.73,0.0,45312,755.2,105.39,18944,315.73,0.0,44032,733.87,381.44,9984,166.4,0.0,56832,947.2,202.24,14592,243.2,0.0,33536,558.93,0.0,30720,512.0,0.0,65280,1088.0,809.81,50176,836.27,438.61,11776,196.27,0.0,29440,490.67,95.15,14080,234.67,0.0,24064,401.07,128.43,9984,166.4,0.0,5120,85.33,0.0,11008,183.47,0.0,49408,823.47,341.76,14336,238.93,94.72,38400,640.0,289.28,41216,686.93,418.56,20480,341.33,173.23,7936,132.27,0.0
6-28_JPL48,/Users/isaac/Documents/GitHub/PhD_Projects/Eaton-Fire-Ash/Ashes-EDXRF/EXPERT_ENG/WrkExpert/W187U/WORK/Aguilar_Isaac/ash_pellets/6-28_pellets/6-28_JPL48.RSP,A,60.0,100640758,4998790,0,0.0,0.0,0,0.0,0.0,256,4.27,4.27,1792,29.87,29.87,40960,682.67,682.67,16640,277.33,277.33,49408,823.47,823.47,63488,1058.13,1058.13,47360,789.33,788.91,51968,866.13,861.87,35584,593.07,446.29,38144,635.73,61.01,33280,554.67,0.0,35840,597.33,0.0,6912,115.2,0.0,43776,729.6,180.05,37632,627.2,93.01,10752,179.2,0.0,5632,93.87,0.0,52736,878.93,631.89,52736,878.93,631.89,49920,832.0,382.72,48640,810.67,550.4,50688,844.8,0.0,60928,1015.47,44.8,48896,814.93,194.99,28160,469.33,0.0,23296,388.27,0.0,5888,98.13,0.0,61184,1019.73,413.87,49920,832.0,255.15,45056,750.93,277.33,42496,708.27,244.48,33536,558.93,0.0,22528,375.47,0.0,47360,789.33,399.36,20736,345.6,0.0,16896,281.6,0.0,30976,516.27,0.0,13056,217.6,0.0,47872,797.87,273.49,9216,153.6,0.0,14336,238.93,0.0,11264,187.73,26.45,15872,264.53,97.28,46080,768.0,337.49,35840,597.33,169.81,44288,738.13,166.4,40960,682.67,127.15,19200,320.0,0.0,29440,490.67,0.0,41728,695.47,395.52,28928,482.13,0.0,1536,25.6,0.0,18432,307.2,0.0,16384,273.07,0.0,64768,1079.47,433.49,30208,503.47,85.76,18176,302.93,0.0,37632,627.2,0.0,39680,661.33,0.0,31488,524.8,0.0,0,0.0,0.0,13312,221.87,0.0,28160,469.33,0.0,8960,149.33,0.0,52992,883.2,456.53,14336,238.93,0.0,26368,439.47,0.0,11264,187.73,0.0,26880,448.0,169.39,9216,153.6,0.0,15104,251.73,0.0,11008,183.47,0.0,52736,878.93,281.17,10496,174.93,15.36,21248,354.13,0.43,45824,763.73,471.47,15872,264.53,94.29,9472,157.87,0.0
6-28_XPAH58,/Users/isaac/Documents/GitHub/PhD_Projects/Eaton-Fire-Ash/Ashes-EDXRF/EXPERT_ENG/WrkExpert/W187U/WORK/Aguilar_Isaac/ash_pellets/6-28_pellets/6-28_XPAH58.RSP,B,60.0,98588406,3509396,0,0.0,0.0,0,0.0,0.0,512,8.53,7.68,3840,64.0,63.15,45056,750.93,750.08,65280,1088.0,1087.15,41984,699.73,699.2,43264,721.07,721.07,43520,725.33,725.33,47616,793.6,788.91,43008,716.8,582.83,26880,448.0,0.0,29440,490.67,0.0,29952,499.2,0.0,37376,622.93,0.0,54016,900.27,356.69,34304,571.73,57.6,5632,93.87,0.0,2048,34.13,0.0,57856,964.27,698.03,57856,964.27,698.03,54784,913.07,353.71,56320,938.67,361.39,59136,985.6,96.85,47360,789.33,0.0,26624,443.73,0.0,13824,230.4,0.0,27136,452.27,1.28,31488,524.8,0.0,51200,853.33,358.83,41728,695.47,0.0,27648,460.8,0.0,48640,810.67,363.95,24576,409.6,0.0,21504,358.4,0.0,49408,823.47,560.21,13312,221.87,0.0,36608,610.13,418.13,23552,392.53,0.0,7680,128.0,0.0,24576,409.6,5.97,8192,136.53,0.0,8192,136.53,0.0,9472,157.87,25.6,11008,183.47,45.23,54528,908.8,377.17,43520,725.33,235.52,31488,524.8,0.0,24832,413.87,0.0,62464,1041.07,528.64,26368,439.47,84.48,18432,307.2,0.0,64768,1079.47,333.65,54528,908.8,486.83,49664,827.73,520.53,11520,192.0,0.0,7680,128.0,0.0,30720,512.0,147.2,42752,712.53,56.75,9984,166.4,0.0,34816,580.27,155.73,41728,695.47,0.0,37120,618.67,0.0,15104,251.73,0.0,19456,324.27,0.0,23808,396.8,184.75,58112,968.53,729.6,8192,136.53,0.0,10752,179.2,0.0,13568,226.13,0.0,3584,59.73,0.0,8192,136.53,0.0,47616,793.6,173.23,8192,136.53,0.0,12288,204.8,0.0,13568,226.13,89.6,46848,780.8,407.47,35328,588.8,0.0,19456,324.27,188.16,59392,989.87,442.88
6-28_JPL11,/Users/isaac/Documents/GitHub/PhD_Projects/Eaton-Fire-Ash/Ashes-EDXRF/EXPERT_ENG/WrkExpert/W187U/WORK/Aguilar_Isaac/ash_pellets/6-28_pellets/6-28_JPL11.RSP,A,60.0,99514102,5156144,0,0.0,0.0,0,0.0,0.0,768,12.8,12.8,2048,34.13,34.13,38144,635.73,635.73,4864,81.07,81.07,55296,921.6,921.6,6912,115.2,115.2,47104,785.07,785.07,49664,827.73,821.33,47616,793.6,651.52,52480,874.67,403.63,45312,755.2,83.2,22272,371.2,0.0,1536,25.6,0.0,37120,618.67,0.0,44288,738.13,183.89,12800,213.33,0.0,6400,106.67,0.0,58368,972.8,747.09,58368,972.8,747.09,51200,853.33,483.41,51968,866.13,577.28,46848,780.8,0.0,1792,29.87,0.0,56320,938.67,341.33,32768,546.13,0.0,31488,524.8,84.05,24320,405.33,0.0,50176,836.27,207.36,2816,46.93,0.0,50688,844.8,304.21,36864,614.4,161.71,30208,503.47,0.0,26112,435.2,0.0,64768,1079.47,644.69,15360,256.0,0.0,30208,503.47,194.13,65280,1088.0,433.07,12288,204.8,0.0,40704,678.4,40.11,9472,157.87,0.0,10240,170.67,0.0,11264,187.73,47.36,14336,238.93,100.69,5376,89.6,0.0,55552,925.87,487.68,34816,580.27,0.0,45056,750.93,212.05,37376,622.93,0.0,33024,550.4,0.0,36608,610.13,231.25,17152,285.87,0.0,38400,640.0,0.0,35840,597.33,179.2,12288,204.8,0.0,1536,25.6,0.0,45056,750.93,392.53,8704,145.07,0.0,62208,1036.8,369.07,3584,59.73,0.0,28672,477.87,0.0,22528,375.47,0.0,25856,430.93,0.0,26368,439.47,0.0,53248,887.47,616.53,54272,904.53,451.41,10240,170.67,0.0,29696,494.93,78.93,11008,183.47,0.0,12288,204.8,0.0,9472,157.87,0.0,59136,985.6,323.41,9728,162.13,0.0,46336,772.27,210.35,15616,260.27,124.59,30720,512.0,193.71,47616,793.6,229.97,27904,465.07,291.84,8192,136.53,0.0
ash-pellet_JPL51,/Users/isaac/Documents/GitHub/PhD_Projects/Eaton-Fire-Ash/Ashes-EDXRF/EXPERT_ENG/WrkExpert/W187U/WORK/Aguilar_Isaac/ash_pellets/XRF_15-July_pellets/ash-pellet_JPL51.RSP,C,60.0,94419456,4830857,0,0.0,0.0,0,0.0,0.0,0,0.0,0.0,768,12.8,0.0,15616,260.27,246.61,41472,691.2,677.55,49152,819.2,810.13,1280,21.33,19.63,56320,938.67,938.67,48896,814.93,814.93,55040,917.33,885.76,44032,733.87,302.51,46080,768.0,136.96,49408,823.47,326.4,1024,17.07,0.0,32256,537.6,0.0,34304,571.73,0.0,23552,392.53,0.0,3072,51.2,0.0,59648,994.13,743.68,59648,994.13,743.68,46592,776.53,685.65,52480,874.67,773.97,1280,21.33,0.0,20224,337.07,0.0,28672,477.87,0.0,26368,439.47,0.0,26880,448.0,0.0,41984,699.73,98.99,7936,132.27,0.0,55040,917.33,596.48,65024,1083.73,651.09,31744,529.07,39.68,27648,460.8,0.0,23808,396.8,0.0,36608,610.13,233.39,20224,337.07,0.0,28928,482.13,220.16,27392,456.53,0.0,30208,503.47,0.0,51968,866.13,151.89,7680,128.0,0.0,10752,179.2,0.0,13056,217.6,56.75,13056,217.6,40.96,30208,503.47,0.0,22016,366.93,0.0,38400,640.0,76.8,64512,1075.2,682.24,49152,819.2,174.93,30464,507.73,0.0,48128,802.13,196.27,16896,281.6,197.12,34560,576.0,132.27,24064,401.07,0.0,14080,234.67,0.0,13312,221.87,0.0,7168,119.47,0.0,4352,72.53,0.0,58880,981.33,410.45,21760,362.67,0.0,17408,290.13,0.0,41216,686.93,0.0,28672,477.87,0.0,50176,836.27,292.27,46336,772.27,450.13,1536,25.6,0.0,10752,179.2,0.0,34048,567.47,141.23,17664,294.4,0.0,43008,716.8,431.79,7680,128.0,0.0,52736,878.93,322.56,9728,162.13,0.0,54016,900.27,347.31,13312,221.87,60.59,43264,721.07,504.32,45056,750.93,285.87,11776,196.27,36.27,17664,294.4,0.0
ash-pellet_JPL86,/Users/isaac/Documents/GitHub/PhD_Projects/Eaton-Fire-Ash/Ashes-EDXRF/EXPERT_ENG/WrkExpert/W187U/WORK/Aguilar_Isaac/ash_pellets/XRF_15-July_pellets/ash-pellet_JPL86.RSP,A,60.0,99503104,5026183,0,0.0,0.0,0,0.0,0.0,512,8.53,1.71,256,4.27,0.0,16128,268.8,261.97,36096,601.6,594.77,50176,836.27,832.0,55552,925.87,924.59,1536,25.6,25.6,1792,29.87,29.01,51968,866.13,832.85,38656,644.27,207.79,43520,725.33,73.81,39680,661.33,0.0,63744,1062.4,267.09,37888,631.47,0.0,54784,913.07,245.33,15360,256.0,0.0,1024,17.07,0.0,5376,89.6,0.0,5376,89.6,0.0,50944,849.07,691.2,54528,908.8,724.48,5120,85.33,0.0,4608,76.8,0.0,9472,157.87,0.0,49152,819.2,0.0,37120,618.67,132.27,2048,34.13,0.0,17152,285.87,0.0,23552,392.53,0.0,7168,119.47,0.0,35584,593.07,18.77,27136,452.27,0.0,24576,409.6,0.0,9472,157.87,0.0,18432,307.2,0.0,22784,379.73,109.23,48896,814.93,351.57,26368,439.47,0.0,43776,729.6,81.92,7168,119.47,0.0,13824,230.4,0.0,20480,341.33,194.56,17920,298.67,66.99,47872,797.87,254.29,6656,110.93,0.0,39168,652.8,52.91,57088,951.47,520.53,61696,1028.27,396.8,30976,516.27,0.0,35840,597.33,117.76,36608,610.13,0.0,28160,469.33,66.99,6400,106.67,0.0,45056,750.93,179.2,4608,76.8,0.0,1792,29.87,0.0,28416,473.6,0.0,48128,802.13,366.51,20480,341.33,0.0,50432,840.53,478.72,36096,601.6,0.0,30464,507.73,0.0,29440,490.67,0.0,30720,512.0,182.61,26112,435.2,40.53,13824,230.4,0.0,29696,494.93,20.91,42496,708.27,81.49,12800,213.33,0.0,7168,119.47,0.0,14848,247.47,0.0,8192,136.53,0.0,39680,661.33,68.27,20480,341.33,152.32,4864,81.07,0.0,39424,657.07,30.29,16896,281.6,145.07,43008,716.8,37.55
ash-pellet_JPL52,/Users/isaac/Documents/GitHub/PhD_Projects/Eaton-Fire-Ash/Ashes-EDXRF/EXPERT_ENG/WrkExpert/W187U/WORK/Aguilar_Isaac/ash_pellets/XRF_15-July_pellets/ash-pellet_JPL52.RSP,C,60.0,99402496,4851717,0,0.0,0.0,0,0.0,0.0,256,4.27,0.0,256,4.27,0.0,18176,302.93,296.11,38656,644.27,637.44,28928,482.13,477.33,50432,840.53,839.68,60416,1006.93,1006.93,51712,861.87,861.44,57088,951.47,927.15,44032,733.87,293.12,29952,499.2,0.0,34304,571.73,0.0,50944,849.07,66.13,33024,550.4,0.0,37120,618.67,0.0,14592,243.2,0.0,1280,21.33,0.0,58624,977.07,702.72,58624,977.07,702.72,52224,870.4,507.31,55552,925.87,735.15,5888,98.13,0.0,14336,238.93,0.0,50944,849.07,105.81,17920,298.67,0.0,30464,507.73,0.0,6400,106.67,0.0,24832,413.87,0.0,46336,772.27,357.12,60672,1011.2,592.21,26624,443.73,0.0,22016,366.93,0.0,19200,320.0,0.0,45824,763.73,414.72,18432,307.2,0.0,48128,802.13,540.16,24064,401.07,0.0,28416,473.6,0.0,58112,968.53,318.29,8704,145.07,0.0,15360,256.0,0.0,12800,213.33,71.25,14080,234.67,65.71,28416,473.6,5.97,28928,482.13,0.0,37376,622.93,133.12,41472,691.2,76.8,32512,541.87,0.0,30464,507.73,0.0,34304,571.73,19.2,20480,341.33,0.0,46080,768.0,31.57,24064,401.07,0.0,17408,290.13,0.0,7424,123.73,0.0,42496,708.27,233.39,7680,128.0,0.0,65024,1083.73,584.96,10240,170.67,0.0,56320,938.67,43.95,65024,1083.73,504.75,26112,435.2,0.0,42752,712.53,203.09,45056,750.93,442.88,55040,917.33,552.53,15360,256.0,0.0,37888,631.47,241.07,18944,315.73,0.0,44800,746.67,472.75,8704,145.07,0.0,40960,682.67,286.29,8448,140.8,0.0,0,0.0,0.0,18176,302.93,150.61,37376,622.93,386.56,51968,866.13,364.37,8192,136.53,0.0,11776,196.27,0.0
ash-pellet_1642,/Users/isaac/Documents/GitHub/PhD_Projects/Eaton-Fire-Ash/Ashes-EDXRF/EXPERT_ENG/WrkExpert/W187U/WORK/Aguilar_Isaac/ash_pellets/XRF_15-July_pellets/ash-pellet_1642.RSP,C,60.0,3491651,41787,0,0.0,0.0,0,0.0,0.0,0,0.0,0.0,3,0.05,0.01,46,0.77,0.73,128,2.13,2.09,381,6.35,6.32,469,7.82,7.81,463,7.72,7.72,465,7.75,7.75,401,6.68,6.58,438,7.3,5.8,381,6.35,1.37,377,6.28,0.0,421,7.02,0.25,363,6.05,0.0,422,7.03,0.55,293,4.88,0.0,276,4.6,0.0,265,4.42,0.0,265,4.42,0.0,217,3.62,0.0,213,3.55,0.0,298,4.97,0.97,1176,19.6,15.35,1538,25.63,21.93,9888,164.8,161.27,111,1.85,0.0,1530,25.5,16.14,2157,35.95,26.82,348,5.8,0.0,531,8.85,6.81,150,2.5,0.0,104,1.73,0.0,95,1.58,0.0,297,4.95,3.39,72,1.2,0.0,3278,54.63,53.65,32280,538.0,535.31,74,1.23,0.0,178,2.97,0.0,36,0.6,0.0,57,0.95,0.0,68,1.13,0.55,69,1.15,0.43,312,5.2,0.0,2372,39.53,34.13,133,2.22,0.0,251,4.18,0.0,1977,32.95,30.52,125,2.08,0.0,402,6.7,0.0,328,5.47,1.18,3037,50.62,36.14,2294,38.23,6.28,1842,30.7,0.0,1561,26.02,0.0,1904,31.73,1.92,1971,32.85,5.24,1821,30.35,0.0,1904,31.73,0.0,1780,29.67,0.0,1722,28.7,0.0,1314,21.9,0.0,404,6.73,2.69,130,2.17,0.87,619,10.32,8.79,57,0.95,0.0,111,1.85,0.0,116,1.93,0.0,331,5.52,4.44,36,0.6,0.0,33510,558.5,555.0,38,0.63,0.0,405,6.75,0.0,82,1.37,0.72,379,6.32,5.31,166,2.77,0.0,113,1.88,1.32,634,10.57,7.94
ash-pellet_XPAH55,/Users/isaac/Documents/GitHub/PhD_Projects/Eaton-Fire-Ash/Ashes-EDXRF/EXPERT_ENG/WrkExpert/W187U/WORK/Aguilar_Isaac/ash_pellets/XRF_15-July_pellets/ash-pellet_XPAH55.RSP,A,60.0,97334016,4406681,0,0.0,0.0,0,0.0,0.0,0,0.0,0.0,512,8.53,2.56,16384,273.07,267.09,35584,593.07,587.09,44288,738.13,733.87,61440,1024.0,1022.72,54272,904.53,904.11,59392,989.87,989.44,46080,768.0,738.99,33280,554.67,135.68,37376,622.93,88.75,28928,482.13,0.0,65024,1083.73,282.03,28928,482.13,0.0,24064,401.07,0.0,22272,371.2,0.0,3072,51.2,0.0,63744,1062.4,786.35,63744,1062.4,786.35,53504,891.73,504.75,48896,814.93,621.23,1536,25.6,0.0,3840,64.0,0.0,14592,243.2,0.0,7936,132.27,0.0,25856,430.93,0.0,12288,204.8,0.0,41728,695.47,220.59,54016,900.27,407.89,19456,324.27,0.0,34048,567.47,0.0,29952,499.2,0.0,25600,426.67,0.0,3584,59.73,0.0,19456,324.27,0.0,31488,524.8,223.57,40192,669.87,206.93,30208,503.47,0.0,64256,1070.93,516.27,8960,149.33,0.0,17408,290.13,0.0,13312,221.87,85.76,10496,174.93,21.33,26368,439.47,61.87,42240,704.0,326.83,38144,635.73,180.48,44032,733.87,188.59,34816,580.27,0.0,34816,580.27,0.0,39680,661.33,175.36,15104,251.73,0.0,30464,507.73,137.81,512,8.53,0.0,44544,742.4,148.05,53504,891.73,362.67,13568,226.13,0.0,57600,960.0,415.15,16640,277.33,0.0,35072,584.53,0.0,23552,392.53,0.0,54784,913.07,673.28,2816,46.93,0.0,63744,1062.4,554.67,56576,942.93,585.39,22784,379.73,0.0,17408,290.13,0.0,34816,580.27,0.0,16896,281.6,0.0,20224,337.07,23.47,8960,149.33,0.0,46592,776.53,260.69,7936,132.27,0.0,25856,430.93,0.0,10496,174.93,34.13,20224,337.07,118.19,37888,631.47,13.23,8192,136.53,0.0,3840,64.0,0.0
ash-pellet_JPL94,/Users/isaac/Documents/GitHub/PhD_Projects/Eaton-Fire-Ash/Ashes-EDXRF/EXPERT_ENG/WrkExpert/W187U/WORK/Aguilar_Isaac/ash_pellets/XRF_15-July_pellets/ash-pellet_JPL94.RSP,C,60.0,96998656,4695708,0,0.0,0.0,0,0.0,0.0,256,4.27,0.0,256,4.27,0.0,15872,264.53,257.71,38400,640.0,633.17,40704,678.4,674.13,50688,844.8,843.52,60672,1011.2,1011.2,53504,891.73,891.31,54784,913.07,883.2,49664,827.73,423.68,32512,541.87,0.0,30464,507.73,0.0,60416,1006.93,268.37,23808,396.8,0.0,32256,537.6,2.56,14592,243.2,0.0,6144,102.4,0.0,64000,1066.67,863.57,64000,1066.67,863.57,47872,797.87,240.21,42496,708.27,245.33,63488,1058.13,138.24,60160,1002.67,26.45,18432,307.2,0.0,31744,529.07,0.0,28160,469.33,0.0,23808,396.8,0.0,38912,648.53,5.97,47872,797.87,240.21,62464,1041.07,630.61,29952,499.2,52.05,25344,422.4,0.0,17664,294.4,0.0,28160,469.33,117.76,17664,294.4,0.0,25344,422.4,146.35,30720,512.0,32.0,29952,499.2,0.0,53248,887.47,310.61,9984,166.4,0.0,15616,260.27,0.0,17152,285.87,127.57,17408,290.13,103.68,40448,674.13,119.04,44800,746.67,330.67,45056,750.93,152.32,52224,870.4,314.45,59904,998.4,331.09,35328,588.8,0.0,45824,763.73,99.84,18944,315.73,0.0,27904,465.07,175.36,27136,452.27,0.0,2816,46.93,0.0,40704,678.4,101.12,21760,362.67,0.0,40448,674.13,376.32,2304,38.4,0.0,16128,268.8,0.0,3584,59.73,0.0,25088,418.13,0.0,7168,119.47,0.0,53760,896.0,403.2,48640,810.67,528.64,54528,908.8,534.61,15616,260.27,0.0,34048,567.47,127.15,23040,384.0,0.0,49920,832.0,565.76,9984,166.4,0.0,23040,384.0,0.0,8704,145.07,0.0,4096,68.27,0.0,16896,281.6,110.08,56320,938.67,690.35,46080,768.0,331.09,13568,226.13,77.23,13312,221.87,0.0
ash-pellet_JPL95,/Users/isaac/Documents/GitHub/PhD_Projects/Eaton-Fire-Ash/Ashes-EDXRF/EXPERT_ENG/WrkExpert/W187U/WORK/Aguilar_Isaac/ash_pellets/XRF_15-July_pellets/ash-pellet_JPL95.RSP,C,60.0,97251584,5022061,0,0.0,0.0,0,0.0,0.0,512,8.53,3.41,512,8.53,3.41,17664,294.4,289.28,39168,652.8,647.68,41472,691.2,688.0,52480,874.67,873.39,58880,981.33,980.91,44800,746.67,745.39,49920,832.0,807.68,34304,571.73,123.31,39424,657.07,37.55,32256,537.6,0.0,53760,896.0,90.88,31744,529.07,0.0,35328,588.8,0.0,17152,285.87,0.0,4096,68.27,0.0,61184,1019.73,752.64,61184,1019.73,752.64,47104,785.07,515.84,53504,891.73,536.75,5376,89.6,0.0,16640,277.33,0.0,3072,51.2,0.0,31232,520.53,0.0,37632,627.2,0.0,1536,25.6,0.0,61952,1032.53,528.21,46592,776.53,313.6,16128,268.8,0.0,30976,516.27,0.0,26112,435.2,0.0,23296,388.27,0.0,36096,601.6,227.41,12288,204.8,0.0,57856,964.27,689.92,4608,76.8,0.0,32768,546.13,0.0,63488,1058.13,424.53,8192,136.53,0.0,19968,332.8,0.0,13312,221.87,60.59,14592,243.2,54.61,27904,465.07,0.0,50176,836.27,352.85,39680,661.33,128.0,48128,802.13,382.29,63488,1058.13,426.24,35584,593.07,0.0,42496,708.27,220.16,22272,371.2,0.0,10496,174.93,0.0,60416,1006.93,410.45,46848,780.8,239.36,4352,72.53,0.0,50176,836.27,95.57,63232,1053.87,637.01,12544,209.07,0.0,8960,149.33,0.0,55552,925.87,332.8,41216,686.93,0.0,24320,405.33,0.0,60928,1015.47,571.73,45568,759.47,452.27,30720,512.0,133.12,19968,332.8,0.0,46080,768.0,327.25,25088,418.13,0.0,57600,960.0,678.83,8192,136.53,0.0,31232,520.53,65.71,6912,115.2,0.0,30720,512.0,0.0,12544,209.07,29.87,56832,947.2,699.73,44544,742.4,190.29,13824,230.4,85.76,15616,260.27,0.0
ash-pellet_JPL40,/Users/isaac/Documents/GitHub/PhD_Projects/Eaton-Fire-Ash/Ashes-EDXRF/EXPERT_ENG/WrkExpert/W187U/WORK/Aguilar_Isaac/ash_pellets/XRF_15-July_pellets/ash-pellet_JPL40.RSP,C,60.0,103140864,4731609,0,0.0,0.0,0,0.0,0.0,256,4.27,0.0,768,12.8,4.27,14848,247.47,238.93,34304,571.73,563.2,40192,669.87,664.53,44544,742.4,739.84,50176,836.27,836.27,39168,652.8,652.37,45056,750.93,720.21,36352,605.87,187.73,28928,482.13,0.0,33024,550.4,0.0,43008,716.8,0.0,23040,384.0,0.0,45056,750.93,261.97,4096,68.27,0.0,58112,968.53,506.45,57088,951.47,787.2,57088,951.47,787.2,47872,797.87,70.83,47360,789.33,144.21,256,4.27,0.0,65024,1083.73,250.88,50688,844.8,125.87,15616,260.27,0.0,30976,516.27,0.0,60928,1015.47,381.44,25344,422.4,0.0,44800,746.67,18.35,256,4.27,0.0,29440,490.67,35.84,28928,482.13,0.0,12800,213.33,0.0,45568,759.47,443.73,13568,226.13,0.0,59904,998.4,753.92,39424,657.07,206.93,26368,439.47,0.0,58624,977.07,430.08,8960,149.33,0.0,13568,226.13,0.0,14848,247.47,93.87,15360,256.0,66.99,25088,418.13,0.0,21760,362.67,0.0,36608,610.13,137.81,41984,699.73,62.29,47872,797.87,180.91,29440,490.67,0.0,30720,512.0,9.39,18176,302.93,0.0,13056,217.6,0.0,56320,938.67,420.69,47616,793.6,272.21,17152,285.87,0.0,51968,866.13,493.23,49920,832.0,292.69,25600,426.67,0.0,28160,469.33,0.0,6144,102.4,0.0,24320,405.33,24.75,12800,213.33,0.0,46080,768.0,268.8,41472,691.2,425.81,21248,354.13,6.4,13568,226.13,0.0,33792,563.2,114.77,25856,430.93,0.0,52992,883.2,638.72,8960,149.33,0.0,54016,900.27,383.57,7680,128.0,0.0,768,12.8,0.0,10240,170.67,8.96,8960,149.33,0.0,39936,665.6,110.51,11264,187.73,41.39,14080,234.67,0.0
ash_pellet_JPL79,/Users/isaac/Documents/GitHub/PhD_Projects/Eaton-Fire-Ash/Ashes-EDXRF/EXPERT_ENG/WrkExpert/W187U/WORK/Aguilar_Isaac/ash_pellets/XRF_15-July_pellets/ash_pellet_JPL79.RSP,C,60.0,95961088,4742579,0,0.0,0.0,0,0.0,0.0,768,12.8,5.97,256,4.27,0.0,18688,311.47,304.64,39168,652.8,645.97,45312,755.2,750.93,48640,810.67,810.24,58624,977.07,977.07,50176,836.27,834.56,53760,896.0,852.05,40448,674.13,227.84,41472,691.2,241.92,34304,571.73,0.0,56576,942.93,164.69,26368,439.47,0.0,4096,68.27,0.0,22784,379.73,0.0,12288,204.8,0.0,1024,17.07,0.0,1024,17.07,0.0,47104,785.07,679.68,54528,908.8,760.32,512,8.53,0.0,23296,388.27,204.37,61696,1028.27,239.36,41472,691.2,0.0,36608,610.13,62.29,47360,789.33,233.39,42496,708.27,218.88,0,0.0,0.0,16128,268.8,0.0,50432,840.53,167.68,33536,558.93,0.0,31744,529.07,0.0,6656,110.93,0.0,21760,362.67,0.0,38144,635.73,375.89,3584,59.73,0.0,25088,418.13,0.0,40448,674.13,0.0,9472,157.87,0.0,12288,204.8,0.0,32256,537.6,369.07,28928,482.13,175.36,32000,533.33,0.0,47616,793.6,228.27,40192,669.87,0.0,59136,985.6,463.79,33792,563.2,0.0,33024,550.4,68.69,39680,661.33,62.29,11776,196.27,0.0,1792,29.87,0.0,61184,1019.73,219.73,19712,328.53,0.0,39680,661.33,157.01,6656,110.93,0.0,52480,874.67,487.68,14592,243.2,0.0,2560,42.67,0.0,63744,1062.4,629.33,47104,785.07,367.36,13056,217.6,0.0,17664,294.4,0.0,30976,516.27,98.99,512,8.53,0.0,12288,204.8,0.0,26624,443.73,0.0,65024,1083.73,440.75,60160,1002.67,660.05,9472,157.87,0.0,22528,375.47,0.0,11008,183.47,0.0,19456,324.27,0.0,30976,516.27,286.29,27392,456.53,5.55,41984,699.73,145.92,26112,435.2,266.24,27904,465.07,0.0
ash-pellet_XPAH20,/Users/isaac/Documents/GitHub/PhD_Projects/Eaton-Fire-Ash/Ashes-EDXRF/EXPERT_ENG/WrkExpert/W187U/WORK/Aguilar_Isaac/ash_pellets/XRF_15-July_pellets/ash-pellet_XPAH20.RSP,A,60.0,97786624,3455149,0,0.0,0.0,0,0.0,0.0,0,0.0,0.0,512,8.53,0.0,14336,238.93,225.28,32256,537.6,523.95,32768,546.13,537.6,34048,567.47,564.48,44544,742.4,742.4,41472,691.2,690.77,31744,529.07,503.89,25088,418.13,43.52,23296,388.27,0.0,36864,614.4,0.0,40704,678.4,168.96,36864,614.4,207.79,24832,413.87,0.0,11520,192.0,0.0,13056,217.6,0.0,64000,1066.67,856.75,64000,1066.67,856.75,50432,840.53,672.0,58368,972.8,736.43,55296,921.6,0.0,10496,174.93,0.0,34304,571.73,0.0,10240,170.67,0.0,58880,981.33,381.01,12544,209.07,0.0,65024,1083.73,541.44,17152,285.87,0.0,37888,631.47,121.6,43520,725.33,139.09,38144,635.73,124.16,25088,418.13,0.0,27136,452.27,75.95,20736,345.6,0.0,33280,554.67,335.79,43008,716.8,351.15,7936,132.27,0.0,20736,345.6,0.0,8448,140.8,0.0,9472,157.87,0.0,22272,371.2,228.27,21248,354.13,119.89,18688,311.47,0.0,32768,546.13,239.79,26880,448.0,0.0,2816,46.93,0.0,63744,1062.4,569.6,28672,477.87,131.41,24576,409.6,0.0,512,8.53,0.0,31232,520.53,0.0,16128,268.8,0.0,29952,499.2,0.0,26112,435.2,0.0,37376,622.93,220.59,17152,285.87,0.0,62464,1041.07,244.05,19968,332.8,0.0,47872,797.87,66.13,15872,264.53,0.0,10240,170.67,0.0,4864,81.07,0.0,13568,226.13,0.0,48384,806.4,461.23,9472,157.87,0.0,16384,273.07,0.0,49664,827.73,381.87,22016,366.93,105.39,8448,140.8,0.0,30208,503.47,77.65,8448,140.8,0.0,17152,285.87,0.0,22784,379.73,196.27,16640,277.33,0.0,35584,593.07,237.23,21504,358.4,212.48,32512,541.87,10.24
ash-pellet_JPL33,/Users/isaac/Documents/GitHub/PhD_Projects/Eaton-Fire-Ash/Ashes-EDXRF/EXPERT_ENG/WrkExpert/W187U/WORK/Aguilar_Isaac/ash_pellets/XRF_15-July_pellets/ash-pellet_JPL33.RSP,C,60.0,102891264,4792516,0,0.0,0.0,0,0.0,0.0,0,0.0,0.0,256,4.27,0.0,16896,281.6,273.92,38912,648.53,640.85,44032,733.87,729.07,57856,964.27,962.99,55040,917.33,917.33,50944,849.07,849.07,48128,802.13,766.29,48640,810.67,356.27,44544,742.4,122.03,43776,729.6,0.0,63232,1053.87,319.57,21504,358.4,0.0,46080,768.0,172.37,18688,311.47,0.0,64512,1075.2,571.73,59136,985.6,734.29,59136,985.6,734.29,48640,810.67,529.92,50176,836.27,564.91,63744,1062.4,201.39,50432,840.53,0.0,23552,392.53,0.0,47104,785.07,0.0,27392,456.53,19.63,59904,998.4,251.73,6912,115.2,0.0,5888,98.13,0.0,29952,499.2,49.92,31232,520.53,34.56,31744,529.07,0.0,24064,401.07,0.0,40192,669.87,279.47,18688,311.47,0.0,15616,260.27,0.0,36864,614.4,172.8,35840,597.33,0.0,60160,1002.67,343.47,5888,98.13,0.0,13568,226.13,0.0,16896,281.6,124.16,12800,213.33,11.09,35072,584.53,10.67,21248,354.13,0.0,32256,537.6,0.0,52736,878.93,319.15,48128,802.13,197.12,31232,520.53,0.0,43776,729.6,170.24,23296,388.27,0.0,54272,904.53,202.67,27136,452.27,17.49,42240,704.0,162.13,4608,76.8,0.0,35584,593.07,34.13,30208,503.47,0.0,49408,823.47,167.68,55040,917.33,117.33,30976,516.27,0.0,27392,456.53,0.0,34816,580.27,0.0,65280,1088.0,627.63,63744,1062.4,734.29,768,12.8,0.0,13568,226.13,0.0,36096,601.6,40.11,21248,354.13,0.0,23808,396.8,107.09,5888,98.13,0.0,18432,307.2,0.0,10496,174.93,0.0,33536,558.93,112.21,15104,251.73,80.21,61696,1028.27,747.52,43264,721.07,232.53,15360,256.0,98.13,15872,264.53,0.0
ash_pellet_JPL50,/Users/isaac/Documents/GitHub/PhD_Projects/Eaton-Fire-Ash/Ashes-EDXRF/EXPERT_ENG/WrkExpert/W187U/WORK/Aguilar_Isaac/ash_pellets/XRF_15-July_pellets/ash_pellet_JPL50.RSP,C,60.0,100646656,4792201,0,0.0,0.0,0,0.0,0.0,256,4.27,0.0,256,4.27,0.0,15872,264.53,250.03,36608,610.13,595.63,38912,648.53,639.47,58112,968.53,966.4,52992,883.2,883.2,53760,896.0,895.15,49408,823.47,777.81,42240,704.0,232.11,33280,554.67,39.68,24064,401.07,0.0,45568,759.47,0.0,32512,541.87,0.0,39168,652.8,93.01,10752,179.2,0.0,768,12.8,0.0,64512,1075.2,875.09,64512,1075.2,875.09,51712,861.87,709.97,51712,861.87,707.84,11520,192.0,0.0,34304,571.73,0.0,49408,823.47,85.76,44288,738.13,0.0,31232,520.53,0.0,20224,337.07,0.0,25344,422.4,0.0,50176,836.27,297.39,8704,145.07,0.0,27136,452.27,0.0,21504,358.4,0.0,17920,298.67,0.0,512,8.53,0.0,17920,298.67,0.0,44544,742.4,496.21,21760,362.67,0.0,29696,494.93,0.0,50176,836.27,164.69,7168,119.47,0.0,17920,298.67,0.0,14592,243.2,91.31,12288,204.8,32.85,28672,477.87,0.0,34560,576.0,122.45,48640,810.67,354.56,45312,755.2,253.44,42752,712.53,72.96,34048,567.47,6.83,41728,695.47,314.45,7424,123.73,0.0,62464,1041.07,274.35,62208,1036.8,514.56,57856,964.27,517.12,56576,942.93,368.64,42240,704.0,296.53,1024,17.07,0.0,48640,810.67,0.0,47616,793.6,382.29,36608,610.13,0.0,18176,302.93,0.0,15872,264.53,0.0,54784,913.07,464.64,35840,597.33,297.39,12032,200.53,0.0,17920,298.67,0.0,43520,725.33,311.47,22272,371.2,0.0,42752,712.53,450.13,7168,119.47,0.0,7424,123.73,0.0,9984,166.4,0.0,5120,85.33,0.0,13824,230.4,74.67,39680,661.33,449.71,46848,780.8,198.83,14848,247.47,109.65,12544,209.07,0.0
ash-pellet_JPL25,/Users/isaac/Documents/GitHub/PhD_Projects/Eaton-Fire-Ash/Ashes-EDXRF/EXPERT_ENG/WrkExpert/W187U/WORK/Aguilar_Isaac/ash_pellets/XRF_15-July_pellets/ash-pellet_JPL25.RSP,C,60.0,98541824,4989409,0,0.0,0.0,0,0.0,0.0,0,0.0,0.0,512,8.53,6.83,13568,226.13,224.43,42496,708.27,706.56,45824,763.73,762.67,57344,955.73,955.31,60416,1006.93,1006.93,50944,849.07,849.07,55040,917.33,881.92,44544,742.4,323.84,38912,648.53,113.07,33024,550.4,0.0,2816,46.93,0.0,26368,439.47,0.0,51712,861.87,275.2,15360,256.0,0.0,768,12.8,0.0,62464,1041.07,805.12,62464,1041.07,805.12,49920,832.0,583.25,53760,896.0,736.0,7168,119.47,0.0,42752,712.53,0.0,43520,725.33,12.8,46848,780.8,0.0,33024,550.4,0.0,6144,102.4,0.0,57600,960.0,418.13,49408,823.47,276.91,2560,42.67,0.0,31232,520.53,0.0,31232,520.53,0.0,20992,349.87,0.0,40192,669.87,290.56,17920,298.67,0.0,37632,627.2,362.24,48128,802.13,327.68,30720,512.0,0.0,50944,849.07,273.07,7680,128.0,0.0,15616,260.27,0.0,14080,234.67,81.49,12288,204.8,23.04,24576,409.6,0.0,17408,290.13,0.0,37632,627.2,164.69,46848,780.8,295.68,29440,490.67,0.0,33536,558.93,0.0,30208,503.47,49.49,8448,140.8,0.0,33792,563.2,0.0,38912,648.53,277.33,31488,524.8,0.0,52736,878.93,396.8,14080,234.67,0.0,29952,499.2,0.0,42752,712.53,7.25,41472,691.2,99.41,21248,354.13,0.0,7680,128.0,0.0,23552,392.53,0.0,49664,827.73,356.69,53760,896.0,570.03,29952,499.2,119.89,15616,260.27,0.0,33280,554.67,61.44,20224,337.07,0.0,58880,981.33,692.05,7680,128.0,0.0,22528,375.47,0.0,9984,166.4,0.0,8192,136.53,0.0,10496,174.93,18.77,48128,802.13,570.45,36864,614.4,17.49,11264,187.73,44.8,14336,238.93,0.0
ash-pellet_GPS03,/Users/isaac/Documents/GitHub/PhD_Projects/Eaton-Fire-Ash/Ashes-EDXRF/EXPERT_ENG/WrkExpert/W187U/WORK/Aguilar_Isaac/ash_pellets/XRF_15-July_pellets/ash-pellet_GPS03.RSP,C,60.0,99305472,4852474,0,0.0,0.0,0,0.0,0.0,0,0.0,0.0,256,4.27,0.0,16640,277.33,263.68,41728,695.47,681.81,29696,494.93,485.87,51968,866.13,864.43,48640,810.67,810.67,40192,669.87,669.44,43008,716.8,685.65,32512,541.87,123.73,29184,486.4,0.0,35584,593.07,0.0,58624,977.07,334.51,22784,379.73,0.0,47872,797.87,232.53,8448,140.8,0.0,3840,64.0,0.0,58880,981.33,820.05,58880,981.33,820.05,49152,819.2,549.12,50176,836.27,763.73,512,8.53,0.0,61696,1028.27,158.29,12288,204.8,0.0,11776,196.27,0.0,32256,537.6,0.0,58624,977.07,331.09,58368,972.8,390.4,56576,942.93,509.87,10752,179.2,0.0,28160,469.33,0.0,31488,524.8,0.0,20736,345.6,0.0,62976,1049.6,692.91,16896,281.6,0.0,24064,401.07,140.37,9984,166.4,0.0,32512,541.87,0.0,59648,994.13,465.49,7424,123.73,0.0,17664,294.4,0.0,12032,200.53,43.52,14848,247.47,33.71,24320,405.33,0.0,29952,499.2,0.0,33024,550.4,93.44,44800,746.67,365.23,57856,964.27,364.37,29184,486.4,0.0,35072,584.53,184.75,11776,196.27,0.0,59648,994.13,279.04,17920,298.67,0.0,22528,375.47,0.0,57856,964.27,428.8,1280,21.33,0.0,16384,273.07,0.0,57856,964.27,242.77,40704,678.4,0.0,39936,665.6,172.8,63488,1058.13,778.67,15872,264.53,0.0,55296,921.6,474.88,48640,810.67,485.12,8192,136.53,0.0,17664,294.4,0.0,35840,597.33,112.21,23040,384.0,0.0,12800,213.33,0.0,7424,123.73,0.0,64256,1070.93,506.45,8704,145.07,0.0,14080,234.67,0.0,17664,294.4,114.77,51456,857.6,592.21,44544,742.4,162.56,13312,221.87,90.03,13568,226.13,0.0
ash-pellet_1620,/Users/isaac/Documents/GitHub/PhD_Projects/Eaton-Fire-Ash/Ashes-EDXRF/EXPERT_ENG/WrkExpert/W187U/WORK/Aguilar_Isaac/ash_pellets/XRF_15-July_pellets/ash-pellet_1620.RSP,C,60.0,3564861,27738,0,0.0,0.0,0,0.0,0.0,0,0.0,0.0,1,0.02,0.0,62,1.03,1.01,147,2.45,2.42,403,6.72,6.7,483,8.05,8.04,524,8.73,8.73,444,7.4,7.4,471,7.85,7.75,427,7.12,5.42,430,7.17,2.0,380,6.33,0.0,505,8.42,1.08,369,6.15,0.0,357,5.95,0.0,290,4.83,0.0,282,4.7,0.0,236,3.93,0.0,236,3.93,0.0,184,3.07,0.0,199,3.32,0.0,214,3.57,0.0,741,12.35,8.42,493,8.22,4.72,2844,47.4,44.14,112,1.87,0.0,503,8.38,1.78,966,16.1,11.96,195,3.25,0.0,285,4.75,3.01,132,2.2,0.02,120,2.0,0.0,76,1.27,0.0,327,5.45,3.9,79,1.32,0.0,5359,89.32,88.23,51893,864.88,861.92,122,2.03,0.0,242,4.03,0.0,48,0.8,0.0,49,0.82,0.0,59,0.98,0.38,52,0.87,0.15,118,1.97,0.0,283,4.72,2.31,147,2.45,0.54,219,3.65,0.0,415,6.92,4.4,121,2.02,0.0,454,7.57,0.02,340,5.67,1.89,1047,17.45,4.34,2193,36.55,0.0,1999,33.32,0.0,1581,26.35,0.0,2018,33.63,0.44,2197,36.62,6.0,2192,36.53,0.51,2171,36.18,1.55,1992,33.2,0.0,1932,32.2,0.0,1432,23.87,0.0,223,3.72,1.04,189,3.15,1.94,652,10.87,9.2,49,0.82,0.0,130,2.17,0.23,96,1.6,0.0,537,8.95,7.85,48,0.8,0.0,53050,884.17,880.41,25,0.42,0.0,578,9.63,1.01,51,0.85,0.2,152,2.53,1.52,173,2.88,0.0,48,0.8,0.18,358,5.97,3.25
ash-pellet_JPL18,/Users/isaac/Documents/GitHub/PhD_Projects/Eaton-Fire-Ash/Ashes-EDXRF/EXPERT_ENG/WrkExpert/W187U/WORK/Aguilar_Isaac/ash_pellets/XRF_15-July_pellets/ash-pellet_JPL18.RSP,C,60.0,101795328,4854110,0,0.0,0.0,0,0.0,0.0,0,0.0,0.0,1280,21.33,15.36,18176,302.93,296.96,39424,657.07,651.09,40704,678.4,674.67,62720,1045.33,1044.91,64768,1079.47,1079.47,60160,1002.67,1002.24,50944,849.07,825.6,47360,789.33,345.17,37888,631.47,50.35,28416,473.6,0.0,64512,1075.2,278.19,27392,456.53,0.0,46336,772.27,177.07,13824,230.4,0.0,62208,1036.8,538.88,65024,1083.73,841.39,65024,1083.73,841.39,47616,793.6,343.47,50432,840.53,483.41,62976,1049.6,60.16,17408,290.13,0.0,29696,494.93,0.0,17920,298.67,0.0,27904,465.07,0.0,29440,490.67,0.0,33536,558.93,41.39,59648,994.13,400.21,39424,657.07,174.93,33536,558.93,67.41,30976,516.27,0.0,21760,362.67,0.0,37376,622.93,229.55,20224,337.07,0.0,64512,1075.2,785.92,24064,401.07,0.0,33536,558.93,0.0,64000,1066.67,501.76,8448,140.8,0.0,15872,264.53,0.0,11264,187.73,29.01,14848,247.47,70.4,37120,618.67,10.24,46592,776.53,178.77,33024,550.4,0.0,50176,836.27,391.68,44288,738.13,106.24,25344,422.4,0.0,35328,588.8,148.91,17408,290.13,0.0,52992,883.2,216.75,12288,204.8,0.0,49408,823.47,441.6,54272,904.53,291.41,33536,558.93,194.99,15360,256.0,0.0,512,8.53,0.0,42240,704.0,0.0,39936,665.6,0.0,15360,256.0,0.0,20480,341.33,0.0,4096,68.27,0.0,52736,878.93,535.47,18944,315.73,0.0,15872,264.53,0.0,40704,678.4,200.53,19712,328.53,0.0,6656,110.93,0.0,8448,140.8,0.0,19200,320.0,0.0,10752,179.2,0.0,18176,302.93,0.0,12800,213.33,43.52,40704,678.4,440.32,44032,733.87,232.11,13568,226.13,80.64,13312,221.87,0.0
ash-pellet_XPAH26,/Users/isaac/Documents/GitHub/PhD_Projects/Eaton-Fire-Ash/Ashes-EDXRF/EXPERT_ENG/WrkExpert/W187U/WORK/Aguilar_Isaac/ash_pellets/XRF_15-July_pellets/ash-pellet_XPAH26.RSP,A,60.0,101240320,5514376,0,0.0,0.0,0,0.0,0.0,0,0.0,0.0,256,4.27,0.0,12288,204.8,194.56,32512,541.87,531.63,39680,661.33,654.93,41984,699.73,698.88,44032,733.87,733.87,48640,810.67,810.67,39424,657.07,631.89,32768,546.13,163.41,25344,422.4,0.0,16128,268.8,0.0,47616,793.6,213.33,19968,332.8,0.0,38144,635.73,252.59,8960,149.33,0.0,60160,1002.67,598.61,56320,938.67,819.2,56320,938.67,819.2,42240,704.0,190.72,47104,785.07,357.97,41984,699.73,266.24,14848,247.47,0.0,65024,1083.73,306.35,55296,921.6,154.88,33792,563.2,61.87,20224,337.07,0.0,47360,789.33,93.87,35840,597.33,77.23,55808,930.13,528.21,20224,337.07,0.0,47104,785.07,397.23,14592,243.2,0.0,37376,622.93,354.13,15872,264.53,0.0,49664,827.73,628.48,28672,477.87,91.31,19200,320.0,0.0,50944,849.07,335.36,33536,558.93,0.0,16128,268.8,0.0,34816,580.27,0.0,11008,183.47,0.0,26112,435.2,0.0,2048,34.13,0.0,43008,716.8,226.13,5376,89.6,0.0,40704,678.4,43.95,64000,1066.67,570.03,29952,499.2,0.0,11776,196.27,0.0,47104,785.07,200.53,58624,977.07,430.93,34304,571.73,46.51,28672,477.87,0.0,60160,1002.67,235.52,52224,870.4,305.07,64768,1079.47,568.32,63744,1062.4,391.25,35328,588.8,0.0,21504,358.4,0.0,36352,605.87,0.0,36608,610.13,68.69,18432,307.2,27.31,61440,1024.0,746.24,16128,268.8,0.0,16384,273.07,0.0,43776,729.6,212.48,40704,678.4,456.96,33536,558.93,0.0,43776,729.6,273.07,22528,375.47,0.0,47104,785.07,400.64,18176,302.93,0.0,44544,742.4,322.99,47616,793.6,436.05,4096,68.27,0.0,33792,563.2,0.0
ash_pellet_JPL43,/Users/isaac/Documents/GitHub/PhD_Projects/Eaton-Fire-Ash/Ashes-EDXRF/EXPERT_ENG/WrkExpert/W187U/WORK/Aguilar_Isaac/ash_pellets/XRF_15-July_pellets/ash_pellet_JPL43.RSP,C,60.0,100866560,4701229,0,0.0,0.0,0,0.0,0.0,0,0.0,0.0,512,8.53,0.85,16128,268.8,261.12,39680,661.33,653.65,41984,699.73,694.93,47872,797.87,797.44,2816,46.93,46.93,55808,930.13,929.28,44032,733.87,699.73,44288,738.13,264.53,38400,640.0,145.49,27904,465.07,0.0,2304,38.4,0.0,37376,622.93,5.12,25600,426.67,0.0,8192,136.53,0.0,2048,34.13,0.0,58368,972.8,727.89,58368,972.8,727.89,47616,793.6,261.55,48896,814.93,467.2,2304,38.4,0.0,4096,68.27,0.0,58112,968.53,248.32,47104,785.07,26.45,27904,465.07,0.0,18176,302.93,0.0,35072,584.53,0.0,42240,704.0,0.0,10240,170.67,0.0,32000,533.33,0.0,28416,473.6,0.0,25088,418.13,40.53,15872,264.53,0.0,17920,298.67,0.0,22272,371.2,111.79,22528,375.47,0.0,32256,537.6,0.0,2048,34.13,0.0,11008,183.47,0.0,13568,226.13,0.0,10240,170.67,15.36,16896,281.6,98.56,26112,435.2,0.0,14848,247.47,0.0,34560,576.0,113.07,49920,832.0,346.45,48384,806.4,179.63,29440,490.67,0.0,43008,716.8,144.64,18944,315.73,0.0,55040,917.33,256.43,2816,46.93,0.0,41728,695.47,33.71,10752,179.2,0.0,52736,878.93,284.59,57344,955.73,279.47,9472,157.87,0.0,3328,55.47,0.0,48384,806.4,0.0,12288,204.8,0.0,20992,349.87,0.0,56320,938.67,517.97,49152,819.2,497.49,38912,648.53,277.33,13568,226.13,0.0,40704,678.4,227.84,28160,469.33,0.0,64768,1079.47,792.32,11008,183.47,0.0,7936,132.27,0.0,7168,119.47,0.0,14080,234.67,0.0,14336,238.93,73.39,64512,1075.2,820.48,45312,755.2,190.29,9216,153.6,2.99,12800,213.33,0.0
ash-pellet_1590,/Users/isaac/Documents/GitHub/PhD_Projects/Eaton-Fire-Ash/Ashes-EDXRF/EXPERT_ENG/WrkExpert/W187U/WORK/Aguilar_Isaac/ash_pellets/XRF_15-July_pellets/ash-pellet_1590.RSP,C,60.0,3795331,34570,0,0.0,0.0,0,0.0,0.0,1,0.02,0.0,0,0.0,0.0,51,0.85,0.82,158,2.63,2.6,416,6.93,6.91,483,8.05,8.04,482,8.03,8.03,515,8.58,8.58,448,7.47,7.37,408,6.8,5.11,416,6.93,1.76,393,6.55,0.0,433,7.22,0.0,389,6.48,0.0,362,6.03,0.0,304,5.07,0.0,289,4.82,0.0,252,4.2,0.0,252,4.2,0.0,190,3.17,0.0,208,3.47,0.0,254,4.23,0.1,660,11.0,6.75,849,14.15,10.72,5264,87.73,84.36,138,2.3,0.0,839,13.98,7.58,1211,20.18,14.45,216,3.6,0.0,336,5.6,3.7,135,2.25,0.0,117,1.95,0.0,84,1.4,0.0,384,6.4,4.93,82,1.37,0.0,6443,107.38,106.24,64268,1071.13,1067.9,156,2.6,0.0,288,4.8,0.0,34,0.57,0.0,77,1.28,0.0,65,1.08,0.33,85,1.42,0.54,136,2.27,0.0,696,11.6,0.0,138,2.3,0.02,202,3.37,0.0,492,8.2,5.77,119,1.98,0.0,418,6.97,0.0,309,5.15,1.61,1042,17.37,0.0,2378,39.63,0.0,1995,33.25,0.0,1548,25.8,0.0,2001,33.35,0.76,2050,34.17,4.65,2081,34.68,0.0,2119,35.32,0.96,2059,34.32,0.0,1910,31.83,0.0,1423,23.72,0.0,240,4.0,1.15,215,3.58,2.21,752,12.53,10.94,77,1.28,0.0,160,2.67,0.47,123,2.05,0.0,633,10.55,9.35,34,0.57,0.0,978,16.3,12.14,49,0.82,0.0,663,11.05,1.01,84,1.4,0.61,1818,30.3,29.13,184,3.07,0.0,68,1.13,0.34,306,5.1,2.36
ash-pellet_JPL09,/Users/isaac/Documents/GitHub/PhD_Projects/Eaton-Fire-Ash/Ashes-EDXRF/EXPERT_ENG/WrkExpert/W187U/WORK/Aguilar_Isaac/ash_pellets/XRF_15-July_pellets/ash-pellet_JPL09.RSP,C,60.0,100428800,4649113,0,0.0,0.0,0,0.0,0.0,0,0.0,0.0,512,8.53,1.71,17152,285.87,279.04,38656,644.27,637.44,39936,665.6,661.33,62720,1045.33,1044.05,61440,1024.0,1024.0,52736,878.93,878.08,41216,686.93,656.64,39424,657.07,226.99,32256,537.6,0.0,24576,409.6,0.0,56320,938.67,160.0,32512,541.87,0.0,34560,576.0,0.0,10496,174.93,0.0,64512,1075.2,535.04,61440,1024.0,790.19,61440,1024.0,790.19,44800,746.67,278.19,43520,725.33,339.2,3072,51.2,0.0,13312,221.87,0.0,43264,721.07,0.0,48896,814.93,0.0,33792,563.2,0.0,63232,1053.87,538.03,54272,904.53,354.13,48384,806.4,171.52,7424,123.73,0.0,29184,486.4,0.0,30464,507.73,0.0,20224,337.07,0.0,24320,405.33,42.67,15872,264.53,0.0,33792,563.2,288.43,64000,1066.67,593.07,32000,533.33,0.0,59648,994.13,371.63,9472,157.87,0.0,15104,251.73,0.0,9728,162.13,17.07,11008,183.47,11.95,25088,418.13,0.0,22016,366.93,0.0,39168,652.8,170.24,45312,755.2,230.4,52736,878.93,214.19,32000,533.33,0.0,30720,512.0,0.0,6400,106.67,0.0,61696,1028.27,252.59,51712,861.87,322.99,56576,942.93,402.77,60928,1015.47,465.92,49408,823.47,269.23,24576,409.6,0.0,41472,691.2,84.05,20992,349.87,0.0,63488,1058.13,354.99,6144,102.4,0.0,11520,192.0,0.0,51968,866.13,409.17,48896,814.93,481.71,60160,1002.67,592.21,15104,251.73,0.0,36608,610.13,89.6,27648,460.8,8.11,57856,964.27,666.45,9472,157.87,0.0,57088,951.47,481.71,11520,192.0,0.0,29184,486.4,0.0,14592,243.2,85.33,41728,695.47,449.28,42496,708.27,198.4,12032,200.53,50.35,12800,213.33,0.0
ash_pellet_JPL68,/Users/isaac/Documents/GitHub/PhD_Projects/Eaton-Fire-Ash/Ashes-EDXRF/EXPERT_ENG/WrkExpert/W187U/WORK/Aguilar_Isaac/ash_pellets/XRF_15-July_pellets/ash_pellet_JPL68.RSP,C,60.0,100684800,4855306,0,0.0,0.0,0,0.0,0.0,0,0.0,0.0,512,8.53,0.0,12288,204.8,192.85,38144,635.73,623.79,40448,674.13,666.67,46336,772.27,770.56,48896,814.93,814.93,47616,793.6,793.17,41728,695.47,654.08,34304,571.73,137.81,27648,460.8,0.0,27136,452.27,0.0,58112,968.53,280.75,24576,409.6,0.0,37376,622.93,153.17,14080,234.67,0.0,64000,1066.67,485.55,52992,883.2,701.44,52992,883.2,701.44,45056,750.93,107.52,51712,861.87,218.45,6400,106.67,0.0,34304,571.73,0.0,54016,900.27,109.65,59392,989.87,166.83,35584,593.07,0.0,1280,21.33,0.0,9984,166.4,0.0,47616,793.6,135.25,11264,187.73,0.0,27136,452.27,0.0,25344,422.4,0.0,19456,324.27,0.0,1280,21.33,0.0,17152,285.87,0.0,6912,115.2,0.0,4352,72.53,0.0,28672,477.87,0.0,50176,836.27,184.75,8448,140.8,0.0,14336,238.93,0.0,12288,204.8,69.97,14080,234.67,82.35,37888,631.47,43.95,27392,456.53,0.0,37632,627.2,50.77,46080,768.0,214.61,62464,1041.07,434.77,33792,563.2,0.0,32000,533.33,0.0,12032,200.53,0.0,14592,243.2,0.0,17920,298.67,0.0,45056,750.93,196.27,58112,968.53,416.0,35584,593.07,189.01,44288,738.13,0.0,32768,546.13,0.0,49408,823.47,148.91,42752,712.53,17.92,768,12.8,0.0,24576,409.6,0.0,63488,1058.13,599.04,40704,678.4,377.6,17152,285.87,0.0,14336,238.93,0.0,34304,571.73,151.89,16640,277.33,0.0,45568,759.47,503.04,8448,140.8,0.0,12800,213.33,0.0,9216,153.6,0.0,64000,1066.67,508.59,18432,307.2,167.25,45312,755.2,520.53,40192,669.87,303.36,19712,328.53,194.13,22528,375.47,0.0
ash-pellet_XPAH29,/Users/isaac/Documents/GitHub/PhD_Projects/Eaton-Fire-Ash/Ashes-EDXRF/EXPERT_ENG/WrkExpert/W187U/WORK/Aguilar_Isaac/ash_pellets/XRF_15-July_pellets/ash-pellet_XPAH29.RSP,A,60.0,101081856,4476556,0,0.0,0.0,0,0.0,0.0,0,0.0,0.0,256,4.27,0.0,17408,290.13,281.6,39168,652.8,644.27,30976,516.27,510.93,1280,21.33,20.05,51200,853.33,853.33,47872,797.87,797.44,48640,810.67,780.37,37120,618.67,204.8,44288,738.13,198.83,33536,558.93,0.0,63232,1053.87,277.33,31488,524.8,0.0,20992,349.87,0.0,17664,294.4,0.0,64768,1079.47,449.28,58880,981.33,747.52,58880,981.33,747.52,47872,797.87,328.11,45824,763.73,465.92,0,0.0,0.0,5376,89.6,0.0,54272,904.53,149.33,41728,695.47,0.0,28672,477.87,0.0,49152,819.2,212.48,14080,234.67,0.0,50944,849.07,265.39,26368,439.47,0.0,34048,567.47,25.17,29696,494.93,0.0,21504,358.4,0.0,12800,213.33,0.0,20480,341.33,0.0,51200,853.33,568.32,64256,1070.93,553.39,29696,494.93,0.0,3328,55.47,0.0,9984,166.4,0.0,16384,273.07,0.0,8448,140.8,0.0,14848,247.47,54.19,22784,379.73,0.0,56064,934.4,482.56,34048,567.47,92.16,60416,1006.93,544.85,47360,789.33,172.37,32256,537.6,0.0,44288,738.13,168.11,16128,268.8,0.0,12288,204.8,0.0,21504,358.4,0.0,59648,994.13,480.43,2816,46.93,0.0,28672,477.87,0.0,768,12.8,0.0,54016,900.27,198.4,11776,196.27,0.0,39424,657.07,0.0,21760,362.67,0.0,23808,396.8,0.0,56576,942.93,363.09,49664,827.73,497.92,30464,507.73,80.64,16384,273.07,0.0,35584,593.07,48.21,23296,388.27,0.0,5120,85.33,0.0,9984,166.4,0.0,56576,942.93,439.47,9216,153.6,0.0,28160,469.33,0.0,16128,268.8,101.55,32768,546.13,296.53,40448,674.13,0.0,13824,230.4,72.53,13824,230.4,0.0
ash-pellet_JPL07,/Users/isaac/Documents/GitHub/PhD_Projects/Eaton-Fire-Ash/Ashes-EDXRF/EXPERT_ENG/WrkExpert/W187U/WORK/Aguilar_Isaac/ash_pellets/XRF_15-July_pellets/ash-pellet_JPL07.RSP,C,60.0,95805952,4876124,0,0.0,0.0,0,0.0,0.0,0,0.0,0.0,0,0.0,0.0,12544,209.07,200.53,41216,686.93,678.4,38912,648.53,643.2,48896,814.93,812.37,1792,29.87,29.87,51456,857.6,857.6,49920,832.0,796.59,45056,750.93,301.65,40448,674.13,148.05,33536,558.93,0.0,41984,699.73,0.0,21760,362.67,0.0,35584,593.07,0.0,12800,213.33,0.0,13056,217.6,0.0,57600,960.0,744.53,57600,960.0,744.53,52992,883.2,788.91,55808,930.13,838.83,8192,136.53,0.0,32512,541.87,0.0,256,4.27,0.0,14336,238.93,0.0,35072,584.53,0.0,51200,853.33,144.64,16896,281.6,0.0,51456,857.6,226.56,15360,256.0,0.0,34304,571.73,0.0,24832,413.87,0.0,22272,371.2,0.0,50176,836.27,460.37,19456,324.27,0.0,64512,1075.2,795.73,52224,870.4,374.61,27136,452.27,0.0,43520,725.33,160.85,8448,140.8,0.0,14336,238.93,0.0,13824,230.4,65.28,17664,294.4,94.29,39680,661.33,107.52,53760,896.0,376.75,34816,580.27,8.96,51200,853.33,232.96,4096,68.27,0.0,29696,494.93,0.0,40192,669.87,41.81,16896,281.6,0.0,38912,648.53,0.0,60160,1002.67,455.68,768,12.8,0.0,21504,358.4,0.0,61440,1024.0,350.72,50944,849.07,592.64,2304,38.4,0.0,17408,290.13,0.0,2304,38.4,0.0,27648,460.8,0.0,14336,238.93,0.0,57088,951.47,464.21,40192,669.87,349.87,43008,716.8,331.09,14336,238.93,0.0,36608,610.13,166.83,28160,469.33,148.48,38400,640.0,341.76,8448,140.8,0.0,14592,243.2,0.0,11264,187.73,0.0,52736,878.93,330.67,17152,285.87,110.51,54016,900.27,637.44,49920,832.0,466.35,17664,294.4,131.84,21248,354.13,0.0
ash-pellet_GPS09,/Users/isaac/Documents/GitHub/PhD_Projects/Eaton-Fire-Ash/Ashes-EDXRF/EXPERT_ENG/WrkExpert/W187U/WORK/Aguilar_Isaac/ash_pellets/XRF_15-July_pellets/ash-pellet_GPS09.RSP,C,60.0,97764352,4820738,0,0.0,0.0,0,0.0,0.0,256,4.27,0.0,256,4.27,0.0,16640,277.33,268.8,40448,674.13,665.6,44032,733.87,728.53,2048,34.13,33.28,65024,1083.73,1083.73,62976,1049.6,1048.75,49408,823.47,794.45,41472,691.2,223.57,44032,733.87,128.43,33792,563.2,0.0,59136,985.6,128.85,36352,605.87,0.0,31232,520.53,0.0,14336,238.93,0.0,4096,68.27,0.0,59904,998.4,757.76,59904,998.4,757.76,57856,964.27,869.12,52736,878.93,759.89,4608,76.8,0.0,15872,264.53,0.0,47360,789.33,56.75,1792,29.87,0.0,29952,499.2,0.0,6400,106.67,0.0,5888,98.13,0.0,52480,874.67,341.33,19200,320.0,0.0,29184,486.4,0.0,25856,430.93,0.0,18944,315.73,0.0,36096,601.6,227.84,18688,311.47,0.0,46848,780.8,498.77,10496,174.93,0.0,35328,588.8,0.0,57600,960.0,340.48,7936,132.27,0.0,15104,251.73,0.0,14336,238.93,91.73,13312,221.87,32.43,25856,430.93,0.0,9472,157.87,0.0,39424,657.07,158.29,52480,874.67,222.72,65024,1083.73,439.47,28928,482.13,0.0,35584,593.07,3.84,13056,217.6,0.0,27648,460.8,0.0,57600,960.0,325.55,42752,712.53,201.39,57344,955.73,423.68,54784,913.07,210.35,49408,823.47,345.6,63232,1053.87,699.73,27648,460.8,75.95,55296,921.6,480.85,22528,375.47,0.0,40704,678.4,62.72,48640,810.67,306.35,43520,725.33,395.95,6912,115.2,0.0,15104,251.73,0.0,40960,682.67,207.36,20736,345.6,0.0,20480,341.33,28.59,7936,132.27,0.0,15104,251.73,0.0,10240,170.67,0.0,7168,119.47,0.0,14592,243.2,73.39,38656,644.27,389.97,47616,793.6,141.23,14592,243.2,102.4,22272,371.2,0.0
ash-pellet_JPL06,/Users/isaac/Documents/GitHub/PhD_Projects/Eaton-Fire-Ash/Ashes-EDXRF/EXPERT_ENG/WrkExpert/W187U/WORK/Aguilar_Isaac/ash_pellets/XRF_15-July_pellets/ash-pellet_JPL06.RSP,C,60.0,100685568,4838484,0,0.0,0.0,0,0.0,0.0,256,4.27,0.0,256,4.27,0.0,15104,251.73,238.08,43776,729.6,715.95,45568,759.47,750.93,60928,1015.47,1013.76,56064,934.4,933.97,60160,1002.67,1000.96,46336,772.27,736.43,46336,772.27,337.07,35072,584.53,0.0,37888,631.47,0.0,52224,870.4,55.89,29184,486.4,0.0,52992,883.2,283.31,18176,302.93,0.0,1280,21.33,0.0,64768,1079.47,871.25,64768,1079.47,871.25,54528,908.8,619.95,48384,806.4,707.41,10752,179.2,0.0,28416,473.6,0.0,57856,964.27,201.39,54016,900.27,62.29,36864,614.4,27.73,59136,985.6,454.83,6656,110.93,0.0,35840,597.33,10.24,54272,904.53,468.48,31232,520.53,0.0,23552,392.53,0.0,17664,294.4,0.0,12032,200.53,0.0,15872,264.53,0.0,41984,699.73,457.81,58368,972.8,470.19,23040,384.0,0.0,40448,674.13,5.12,8192,136.53,0.0,6912,115.2,0.0,12544,209.07,70.4,10240,170.67,4.69,20992,349.87,0.0,14336,238.93,0.0,37120,618.67,200.11,38912,648.53,134.4,31232,520.53,0.0,32000,533.33,32.85,42752,712.53,253.01,11264,187.73,0.0,50176,836.27,0.0,20736,345.6,0.0,22272,371.2,0.0,64256,1070.93,428.37,58368,972.8,367.79,25856,430.93,44.37,45824,763.73,267.52,43008,716.8,227.84,63488,1058.13,240.64,11264,187.73,0.0,32000,533.33,0.0,39168,652.8,100.27,31232,520.53,245.76,29696,494.93,184.32,6912,115.2,0.0,38656,644.27,269.23,23296,388.27,0.0,19200,320.0,78.08,8192,136.53,0.0,38400,640.0,58.45,8448,140.8,0.0,27648,460.8,0.0,15616,260.27,111.36,51456,857.6,634.45,36352,605.87,29.01,9728,162.13,18.35,12288,204.8,0.0
ash-pellet_XPAH28,/Users/isaac/Documents/GitHub/PhD_Projects/Eaton-Fire-Ash/Ashes-EDXRF/EXPERT_ENG/WrkExpert/W187U/WORK/Aguilar_Isaac/ash_pellets/XRF_15-July_pellets/ash-pellet_XPAH28.RSP,A,60.0,102357248,4934095,0,0.0,0.0,0,0.0,0.0,0,0.0,0.0,768,12.8,0.0,15360,256.0,236.37,41472,691.2,671.57,33536,558.93,546.67,46336,772.27,769.71,46592,776.53,776.53,45568,759.47,759.47,43008,716.8,683.95,27392,456.53,12.8,29952,499.2,0.0,17664,294.4,0.0,54528,908.8,222.72,26112,435.2,0.0,37376,622.93,153.17,11264,187.73,0.0,36608,610.13,52.91,57856,964.27,784.64,57856,964.27,784.64,54016,900.27,370.77,54528,908.8,224.0,52480,874.67,0.0,38912,648.53,0.0,63232,1053.87,155.73,11776,196.27,0.0,32256,537.6,0.0,26368,439.47,0.0,5120,85.33,0.0,55808,930.13,428.8,59648,994.13,494.51,41984,699.73,177.92,26112,435.2,0.0,24064,401.07,0.0,58368,972.8,587.95,17408,290.13,0.0,39168,652.8,419.41,56576,942.93,500.05,21760,362.67,0.0,37888,631.47,32.85,17664,294.4,0.0,12800,213.33,0.0,24832,413.87,188.16,30976,516.27,283.31,32256,537.6,205.23,9472,157.87,0.0,8192,136.53,0.0,53760,896.0,259.84,6400,106.67,0.0,48640,810.67,364.37,32768,546.13,189.01,6912,115.2,0.0,13568,226.13,0.0,43264,721.07,83.63,46848,780.8,183.47,29440,490.67,15.36,37120,618.67,16.64,54528,908.8,255.15,768,12.8,0.0,3072,51.2,0.0,49408,823.47,104.53,30976,516.27,0.0,54272,904.53,557.23,46592,776.53,255.57,26368,439.47,114.35,37632,627.2,274.77,12800,213.33,0.0,24320,405.33,0.0,24320,405.33,0.0,64768,1079.47,810.24,17664,294.4,0.0,3328,55.47,0.0,16128,268.8,0.0,62208,1036.8,496.64,26368,439.47,224.0,3840,64.0,0.0,23808,396.8,0.0,31232,520.53,242.77,0,0.0,0.0
ash_pellet_JPL73,/Users/isaac/Documents/GitHub/PhD_Projects/Eaton-Fire-Ash/Ashes-EDXRF/EXPERT_ENG/WrkExpert/W187U/WORK/Aguilar_Isaac/ash_pellets/XRF_15-July_pellets/ash_pellet_JPL73.RSP,C,60.0,100244736,4779299,0,0.0,0.0,0,0.0,0.0,256,4.27,0.0,1024,17.07,11.09,20224,337.07,331.09,45568,759.47,753.49,39424,657.07,653.33,51456,857.6,856.75,57600,960.0,959.57,47360,789.33,788.05,40448,674.13,629.33,39936,665.6,167.68,32256,537.6,23.47,26624,443.73,0.0,48384,806.4,144.21,28672,477.87,0.0,54784,913.07,365.23,2816,46.93,0.0,10240,170.67,0.0,64512,1075.2,881.07,64512,1075.2,881.07,54784,913.07,663.47,56832,947.2,627.2,60672,1011.2,490.24,36608,610.13,174.51,14080,234.67,0.0,56832,947.2,30.29,34560,576.0,0.0,21504,358.4,0.0,28928,482.13,0.0,25856,430.93,0.0,36096,601.6,9.81,54272,904.53,349.87,38144,635.73,0.0,34560,576.0,107.09,11520,192.0,0.0,26368,439.47,0.0,26112,435.2,155.73,65024,1083.73,605.01,31488,524.8,36.27,45824,763.73,144.64,11008,183.47,0.0,13568,226.13,0.0,23296,388.27,205.65,34816,580.27,338.77,29440,490.67,0.0,16384,273.07,0.0,39936,665.6,0.0,11520,192.0,0.0,32256,537.6,0.0,41216,686.93,185.17,32768,546.13,0.0,4352,72.53,0.0,6144,102.4,0.0,25344,422.4,4.69,52224,870.4,375.04,59648,994.13,500.48,56832,947.2,430.93,49664,827.73,279.04,54528,908.8,637.87,5888,98.13,0.0,59136,985.6,325.12,29952,499.2,0.0,57600,960.0,633.6,20480,341.33,0.0,33280,554.67,117.76,3840,64.0,0.0,13568,226.13,0.0,27904,465.07,0.0,33792,563.2,0.0,10496,174.93,0.0,11008,183.47,0.0,46080,768.0,235.95,11520,192.0,0.0,30720,512.0,0.0,28928,482.13,276.05,50432,840.53,568.75,43776,729.6,0.0,31744,529.07,336.64,13312,221.87,0.0
ash-pellet_JPL11,/Users/isaac/Documents/GitHub/PhD_Projects/Eaton-Fire-Ash/Ashes-EDXRF/EXPERT_ENG/WrkExpert/W187U/WORK/Aguilar_Isaac/ash_pellets/XRF_15-July_pellets/ash-pellet_JPL11.RSP,C,60.0,99751936,5065511,0,0.0,0.0,0,0.0,0.0,0,0.0,0.0,0,0.0,0.0,21248,354.13,343.89,39424,657.07,646.83,41984,699.73,693.33,55296,921.6,920.75,49920,832.0,832.0,51968,866.13,865.28,55296,921.6,893.44,50944,849.07,412.59,43264,721.07,247.47,37888,631.47,0.0,58624,977.07,165.97,37120,618.67,0.0,39424,657.07,40.53,15104,251.73,0.0,3840,64.0,0.0,65024,1083.73,832.85,65024,1083.73,832.85,55040,917.33,637.01,50944,849.07,648.11,3584,59.73,0.0,45824,763.73,0.0,46848,780.8,69.55,36096,601.6,0.0,38912,648.53,0.0,37120,618.67,0.0,37888,631.47,21.33,48896,814.93,215.47,21248,354.13,0.0,32768,546.13,0.0,28416,473.6,0.0,19712,328.53,0.0,31744,529.07,136.53,16640,277.33,0.0,10496,174.93,0.0,28416,473.6,59.31,37632,627.2,41.81,59904,998.4,328.53,9984,166.4,0.0,12288,204.8,0.0,14592,243.2,92.16,13824,230.4,49.49,36864,614.4,100.27,20224,337.07,0.0,35072,584.53,0.0,52480,874.67,252.16,1024,17.07,0.0,28928,482.13,0.0,44288,738.13,206.51,18432,307.2,0.0,17920,298.67,0.0,18176,302.93,0.0,30464,507.73,76.37,43520,725.33,123.73,59392,989.87,656.21,35328,588.8,0.0,45824,763.73,250.88,45824,763.73,311.47,46080,768.0,97.28,19456,324.27,0.0,17664,294.4,0.0,62720,1045.33,549.12,41472,691.2,339.2,6656,110.93,0.0,12288,204.8,0.0,40192,669.87,221.01,17664,294.4,2.99,60928,1015.47,693.33,9984,166.4,0.0,49664,827.73,385.71,6656,110.93,0.0,6656,110.93,0.0,15104,251.73,78.08,57856,964.27,715.52,45312,755.2,229.55,14848,247.47,94.29,15104,251.73,0.0
ash-pellet_JPL15,/Users/isaac/Documents/GitHub/PhD_Projects/Eaton-Fire-Ash/Ashes-EDXRF/EXPERT_ENG/WrkExpert/W187U/WORK/Aguilar_Isaac/ash_pellets/XRF_15-July_pellets/ash-pellet_JPL15.RSP,A,60.0,96586752,4869701,0,0.0,0.0,0,0.0,0.0,256,4.27,0.0,0,0.0,0.0,14848,247.47,240.64,37888,631.47,624.64,40192,669.87,665.07,54784,913.07,912.21,52480,874.67,874.67,49920,832.0,831.15,50176,836.27,798.29,41728,695.47,231.68,35328,588.8,0.0,30208,503.47,0.0,54016,900.27,215.47,35584,593.07,0.0,42496,708.27,114.77,13824,230.4,0.0,3072,51.2,0.0,2304,38.4,0.0,2304,38.4,0.0,48128,802.13,427.52,44544,742.4,359.25,4864,81.07,0.0,27136,452.27,0.0,40192,669.87,0.0,3072,51.2,0.0,29440,490.67,0.0,20736,345.6,0.0,6912,115.2,0.0,50688,844.8,366.93,5120,85.33,0.0,28672,477.87,0.0,27648,460.8,0.0,24064,401.07,0.0,59648,994.13,623.79,20736,345.6,13.23,23552,392.53,120.32,11264,187.73,0.0,27136,452.27,0.0,42752,712.53,180.48,6400,106.67,0.0,13568,226.13,0.0,13056,217.6,76.8,11776,196.27,23.04,30208,503.47,0.0,22528,375.47,0.0,38912,648.53,129.28,35328,588.8,115.2,57344,955.73,362.67,25344,422.4,0.0,37632,627.2,160.43,17664,294.4,0.0,58880,981.33,296.96,17664,294.4,0.0,50944,849.07,286.29,45568,759.47,357.97,2048,34.13,0.0,48896,814.93,288.85,33536,558.93,0.0,39680,661.33,0.0,32256,537.6,55.89,20992,349.87,78.51,11776,196.27,0.0,50944,849.07,338.35,42240,704.0,387.41,64768,1079.47,690.77,13568,226.13,0.0,39168,652.8,197.97,23808,396.8,0.0,39680,661.33,358.83,6400,106.67,0.0,47616,793.6,203.95,7424,123.73,0.0,54016,900.27,407.89,12800,213.33,54.61,54016,900.27,675.84,40960,682.67,0.0,12800,213.33,72.11,11008,183.47,0.0
ash-pellet_JPL29,/Users/isaac/Documents/GitHub/PhD_Projects/Eaton-Fire-Ash/Ashes-EDXRF/EXPERT_ENG/WrkExpert/W187U/WORK/Aguilar_Isaac/ash_pellets/XRF_15-July_pellets/ash-pellet_JPL29.RSP,C,60.0,99386880,4824435,0,0.0,0.0,0,0.0,0.0,0,0.0,0.0,0,0.0,0.0,15872,264.53,255.15,40960,682.67,673.28,26368,439.47,433.6,48640,810.67,808.53,55808,930.13,930.13,43520,725.33,725.33,40192,669.87,633.17,36864,614.4,172.37,42240,704.0,160.0,34304,571.73,0.0,45056,750.93,8.53,27648,460.8,0.0,57600,960.0,337.49,17664,294.4,0.0,7424,123.73,0.0,1280,21.33,0.0,1280,21.33,0.0,41472,691.2,321.28,50432,840.53,479.15,2816,46.93,0.0,46080,768.0,0.0,49664,827.73,0.0,23040,384.0,0.0,41472,691.2,208.21,21760,362.67,0.0,14336,238.93,0.0,48128,802.13,177.92,64768,1079.47,636.59,29952,499.2,0.0,26112,435.2,0.0,18688,311.47,0.0,17920,298.67,0.0,22528,375.47,0.0,15616,260.27,5.55,32512,541.87,37.12,28928,482.13,0.0,49920,832.0,210.35,9472,157.87,0.0,15872,264.53,0.0,10752,179.2,40.53,13056,217.6,50.35,23040,384.0,0.0,1536,25.6,0.0,38144,635.73,210.77,40192,669.87,149.33,38144,635.73,49.07,32000,533.33,0.0,26112,435.2,0.0,14592,243.2,0.0,52224,870.4,69.12,45568,759.47,159.57,33024,550.4,99.84,49664,827.73,91.31,30720,512.0,215.04,51456,857.6,226.99,40448,674.13,0.0,38400,640.0,227.84,41216,686.93,49.07,20224,337.07,80.64,8704,145.07,0.0,47360,789.33,267.09,42240,704.0,375.47,29440,490.67,136.53,15872,264.53,0.0,46336,772.27,316.16,21760,362.67,0.0,55296,921.6,629.33,9472,157.87,0.0,60160,1002.67,496.64,6144,102.4,0.0,61696,1028.27,356.27,17664,294.4,150.19,54528,908.8,660.48,42496,708.27,0.0,10496,174.93,33.71,8960,149.33,0.0
ash-pellet_1639,/Users/isaac/Documents/GitHub/PhD_Projects/Eaton-Fire-Ash/Ashes-EDXRF/EXPERT_ENG/WrkExpert/W187U/WORK/Aguilar_Isaac/ash_pellets/XRF_15-July_pellets/ash-pellet_1639.RSP,C,60.0,3483845,27808,0,0.0,0.0,0,0.0,0.0,0,0.0,0.0,0,0.0,0.0,67,1.12,1.09,146,2.43,2.4,465,7.75,7.73,475,7.92,7.91,472,7.87,7.87,517,8.62,8.62,474,7.9,7.8,447,7.45,5.96,443,7.38,2.26,409,6.82,0.0,498,8.3,0.89,357,5.95,0.0,385,6.42,0.0,336,5.6,0.0,281,4.68,0.0,244,4.07,0.0,244,4.07,0.0,185,3.08,0.0,194,3.23,0.0,277,4.62,0.8,898,14.97,11.0,632,10.53,6.8,3229,53.82,50.46,99,1.65,0.0,554,9.23,1.88,932,15.53,11.29,196,3.27,0.0,274,4.57,2.86,144,2.4,0.0,116,1.93,0.0,80,1.33,0.0,233,3.88,2.48,69,1.15,0.0,4202,70.03,69.04,42230,703.83,701.54,90,1.5,0.0,191,3.18,0.0,34,0.57,0.0,37,0.62,0.0,62,1.03,0.45,51,0.85,0.17,148,2.47,0.0,517,8.62,6.44,146,2.43,0.36,197,3.28,0.0,552,9.2,6.65,110,1.83,0.0,452,7.53,0.0,349,5.82,2.2,1168,19.47,8.09,2390,39.83,4.26,1989,33.15,0.0,1530,25.5,0.0,1972,32.87,0.03,2238,37.3,7.2,1998,33.3,0.0,2029,33.82,0.0,1988,33.13,0.0,1855,30.92,0.0,1428,23.8,0.0,216,3.6,0.87,160,2.67,1.34,460,7.67,6.2,37,0.62,0.0,81,1.35,0.0,91,1.52,0.0,428,7.13,6.02,34,0.57,0.0,43389,723.15,720.3,28,0.47,0.0,476,7.93,1.65,48,0.8,0.19,140,2.33,1.44,196,3.27,0.0,65,1.08,0.51,332,5.53,2.84
ash-pellet_JPL28,/Users/isaac/Documents/GitHub/PhD_Projects/Eaton-Fire-Ash/Ashes-EDXRF/EXPERT_ENG/WrkExpert/W187U/WORK/Aguilar_Isaac/ash_pellets/XRF_15-July_pellets/ash-pellet_JPL28.RSP,C,60.0,100015104,5049608,0,0.0,0.0,0,0.0,0.0,0,0.0,0.0,512,8.53,2.56,15872,264.53,258.56,43776,729.6,723.63,41728,695.47,691.73,63744,1062.4,1061.12,58368,972.8,972.8,39936,665.6,664.75,41984,699.73,669.87,31488,524.8,77.65,39168,652.8,0.0,28928,482.13,0.0,51456,857.6,163.84,27392,456.53,0.0,55040,917.33,361.81,6144,102.4,0.0,768,12.8,0.0,58624,977.07,704.43,58624,977.07,704.43,55808,930.13,570.88,51200,853.33,465.92,5632,93.87,0.0,32256,537.6,0.0,27392,456.53,0.0,18944,315.73,0.0,34304,571.73,0.0,5888,98.13,0.0,60160,1002.67,446.72,42496,708.27,157.44,7168,119.47,0.0,32768,546.13,0.0,26880,448.0,0.0,20224,337.07,0.0,55552,925.87,593.92,19200,320.0,0.0,37120,618.67,372.91,18176,302.93,0.0,23040,384.0,0.0,45568,759.47,175.79,5632,93.87,0.0,12800,213.33,0.0,17664,294.4,150.19,12032,200.53,19.63,20224,337.07,0.0,16640,277.33,0.0,37120,618.67,182.19,48128,802.13,207.79,40192,669.87,90.88,36352,605.87,27.73,44288,738.13,287.15,13056,217.6,0.0,5888,98.13,0.0,36608,610.13,36.27,45312,755.2,291.41,55808,930.13,357.12,24064,401.07,0.0,55040,917.33,164.27,54016,900.27,381.87,58368,972.8,347.73,23808,396.8,0.0,15872,264.53,0.0,12032,200.53,0.0,43520,725.33,261.55,42240,704.0,387.41,0,0.0,0.0,12800,213.33,0.0,44288,738.13,318.29,19968,332.8,0.0,46080,768.0,484.69,5632,93.87,0.0,56832,947.2,434.77,6656,110.93,0.0,3328,55.47,0.0,15360,256.0,94.29,53248,887.47,651.52,43264,721.07,92.59,13824,230.4,105.81,13824,230.4,0.0
ash-pellet_1606,/Users/isaac/Documents/GitHub/PhD_Projects/Eaton-Fire-Ash/Ashes-EDXRF/EXPERT_ENG/WrkExpert/W187U/WORK/Aguilar_Isaac/ash_pellets/XRF_15-July_pellets/ash-pellet_1606.RSP,C,60.0,3636997,38151,0,0.0,0.0,0,0.0,0.0,0,0.0,0.0,1,0.02,0.0,51,0.85,0.8,151,2.52,2.47,437,7.28,7.25,489,8.15,8.14,435,7.25,7.25,487,8.12,8.12,439,7.32,7.19,396,6.6,4.93,389,6.48,1.28,370,6.17,0.0,462,7.7,0.41,394,6.57,0.0,400,6.67,0.13,286,4.77,0.0,267,4.45,0.0,237,3.95,0.0,237,3.95,0.0,190,3.17,0.0,195,3.25,0.0,166,2.77,0.0,351,5.85,1.92,1584,26.4,23.09,10396,173.27,170.03,115,1.92,0.0,1618,26.97,23.07,567,9.45,0.0,270,4.5,0.0,256,4.27,2.43,157,2.62,0.0,80,1.33,0.0,93,1.55,0.0,160,2.67,0.9,84,1.4,0.0,1028,17.13,16.19,9954,165.9,164.23,55,0.92,0.0,126,2.1,0.0,60,1.0,0.0,46,0.77,0.0,133,2.22,1.39,139,2.32,1.38,990,16.5,0.0,9448,157.47,141.42,154,2.57,0.0,292,4.87,0.0,348,5.8,3.27,182,3.03,0.0,418,6.97,0.9,396,6.6,3.0,949,15.82,0.0,1933,32.22,0.0,1978,32.97,0.0,1553,25.88,0.0,2056,34.27,1.46,2040,34.0,4.14,2086,34.77,0.43,2033,33.88,0.76,1926,32.1,0.0,1832,30.53,0.0,1361,22.68,0.0,159,2.65,0.0,71,1.18,0.0,189,3.15,1.56,46,0.77,0.0,58,0.97,0.0,87,1.45,0.0,97,1.62,0.45,60,1.0,0.0,10341,172.35,170.47,48,0.8,0.0,131,2.18,0.0,130,2.17,1.28,1132,18.87,17.83,194,3.23,0.0,250,4.17,3.27,314,5.23,2.52
ash-pellet_JPL58,/Users/isaac/Documents/GitHub/PhD_Projects/Eaton-Fire-Ash/Ashes-EDXRF/EXPERT_ENG/WrkExpert/W187U/WORK/Aguilar_Isaac/ash_pellets/XRF_15-July_pellets/ash-pellet_JPL58.RSP,C,60.0,98964480,4942754,0,0.0,0.0,0,0.0,0.0,0,0.0,0.0,768,12.8,0.0,16640,277.33,262.83,38400,640.0,625.49,39936,665.6,656.53,57600,960.0,957.44,57088,951.47,951.47,51456,857.6,857.17,48384,806.4,774.83,34304,571.73,133.97,44288,738.13,138.67,32768,546.13,0.0,53504,891.73,116.91,30208,503.47,0.0,40704,678.4,120.75,14848,247.47,0.0,60672,1011.2,451.41,63744,1062.4,825.6,63744,1062.4,825.6,46080,768.0,325.12,51456,857.6,569.17,63232,1053.87,81.92,45056,750.93,0.0,51200,853.33,142.93,12288,204.8,0.0,30720,512.0,0.0,2560,42.67,0.0,54016,900.27,413.87,56320,938.67,424.53,20992,349.87,0.0,28928,482.13,0.0,25344,422.4,0.0,22784,379.73,0.0,41728,695.47,336.21,19712,328.53,0.0,20480,341.33,86.19,41728,695.47,146.35,26368,439.47,0.0,49920,832.0,295.25,11776,196.27,0.0,13568,226.13,0.0,13824,230.4,80.64,13312,221.87,55.89,46336,772.27,340.91,34560,576.0,97.28,38400,640.0,20.91,52480,874.67,450.99,48896,814.93,200.96,28416,473.6,0.0,37632,627.2,33.71,22784,379.73,0.0,26880,448.0,0.0,43776,729.6,224.0,21760,362.67,0.0,47872,797.87,93.87,39168,652.8,362.24,26368,439.47,0.0,48384,806.4,32.85,38656,644.27,0.0,29696,494.93,0.0,14848,247.47,0.0,256,4.27,0.0,60672,1011.2,493.23,38912,648.53,335.79,15872,264.53,0.0,13568,226.13,0.0,40192,669.87,207.36,18944,315.73,0.0,35584,593.07,311.89,11776,196.27,0.0,46080,768.0,155.73,9984,166.4,0.0,47616,793.6,282.45,16128,268.8,118.19,51456,857.6,643.41,35072,584.53,59.31,18688,311.47,140.37,26368,439.47,0.0
ash-pellet_JPL59,/Users/isaac/Documents/GitHub/PhD_Projects/Eaton-Fire-Ash/Ashes-EDXRF/EXPERT_ENG/WrkExpert/W187U/WORK/Aguilar_Isaac/ash_pellets/XRF_15-July_pellets/ash-pellet_JPL59.RSP,C,60.0,100013056,4905547,0,0.0,0.0,0,0.0,0.0,0,0.0,0.0,512,8.53,6.83,13056,217.6,215.89,38912,648.53,646.83,45824,763.73,762.67,62720,1045.33,1044.91,64768,1079.47,1079.47,56064,934.4,933.97,51712,861.87,830.29,40192,669.87,264.53,38144,635.73,12.37,38656,644.27,65.71,54528,908.8,131.84,24832,413.87,0.0,36864,614.4,4.69,16896,281.6,0.0,6912,115.2,0.0,55296,921.6,688.21,55296,921.6,688.21,48384,806.4,616.96,54016,900.27,701.01,3840,64.0,0.0,45312,755.2,0.0,37632,627.2,0.0,16896,281.6,0.0,35072,584.53,0.0,32256,537.6,0.0,31488,524.8,0.0,62720,1045.33,413.01,15104,251.73,0.0,34304,571.73,0.0,30208,503.47,0.0,22016,366.93,0.0,38400,640.0,246.61,19968,332.8,0.0,37632,627.2,362.24,48384,806.4,372.48,29184,486.4,0.0,54016,900.27,297.39,8448,140.8,0.0,13824,230.4,0.0,13824,230.4,83.63,17920,298.67,120.75,36096,601.6,69.12,45312,755.2,159.15,37632,627.2,43.52,57088,951.47,346.45,6144,102.4,0.0,30208,503.47,0.0,47360,789.33,307.2,26624,443.73,0.0,17920,298.67,0.0,50432,840.53,289.28,256,4.27,0.0,1024,17.07,0.0,52224,870.4,350.72,44800,746.67,121.17,8448,140.8,0.0,14336,238.93,0.0,55552,925.87,384.0,50176,836.27,237.23,26624,443.73,0.0,58880,981.33,486.4,43776,729.6,394.67,7680,128.0,0.0,13824,230.4,0.0,30208,503.47,41.81,21760,362.67,0.0,59392,989.87,675.84,8448,140.8,0.0,10240,170.67,0.0,7936,132.27,0.0,62464,1041.07,493.65,15104,251.73,80.64,7936,132.27,0.0,43520,725.33,259.84,15360,256.0,119.04,23040,384.0,0.0
ash-pellet_JPL76,/Users/isaac/Documents/GitHub/PhD_Projects/Eaton-Fire-Ash/Ashes-EDXRF/EXPERT_ENG/WrkExpert/W187U/WORK/Aguilar_Isaac/ash_pellets/XRF_15-July_pellets/ash-pellet_JPL76.RSP,C,60.0,98241024,4941169,0,0.0,0.0,0,0.0,0.0,0,0.0,0.0,0,0.0,0.0,14848,247.47,240.64,34816,580.27,573.44,36096,601.6,597.33,54272,904.53,904.53,58880,981.33,981.33,40704,678.4,678.4,46080,768.0,740.27,39936,665.6,258.99,35328,588.8,28.59,32256,537.6,0.0,52736,878.93,106.67,35072,584.53,0.0,59904,998.4,429.23,7680,128.0,0.0,2048,34.13,0.0,62720,1045.33,819.63,62720,1045.33,819.63,49920,832.0,659.63,56064,934.4,823.04,3072,51.2,0.0,61184,1019.73,186.88,23552,392.53,0.0,10240,170.67,0.0,35328,588.8,0.0,19456,324.27,0.0,61952,1032.53,481.71,38400,640.0,247.04,56320,938.67,471.89,37376,622.93,150.61,32512,541.87,0.0,22272,371.2,0.0,7936,132.27,0.0,22528,375.47,0.0,46080,768.0,506.88,6144,102.4,0.0,26368,439.47,0.0,38912,648.53,0.0,10496,174.93,0.0,14848,247.47,0.0,16640,277.33,111.36,18176,302.93,95.57,31232,520.53,0.0,39424,657.07,48.64,39680,661.33,44.8,1024,17.07,0.0,64256,1070.93,459.09,38400,640.0,0.0,33536,558.93,0.0,10240,170.67,0.0,51200,853.33,376.75,30720,512.0,0.0,47872,797.87,290.99,58112,968.53,557.23,15616,260.27,0.0,62720,1045.33,596.05,41984,699.73,25.6,14080,234.67,0.0,20224,337.07,0.0,57088,951.47,448.0,7424,123.73,0.0,58112,968.53,486.83,29952,499.2,145.49,10240,170.67,0.0,14848,247.47,0.0,34048,567.47,8.96,35072,584.53,64.85,13056,217.6,0.0,10496,174.93,0.0,8448,140.8,0.0,9216,153.6,0.0,27904,465.07,0.0,22272,371.2,191.15,768,12.8,0.0,39168,652.8,0.0,29184,486.4,302.93,22528,375.47,0.0
ash-pellet_XPAH58,/Users/isaac/Documents/GitHub/PhD_Projects/Eaton-Fire-Ash/Ashes-EDXRF/EXPERT_ENG/WrkExpert/W187U/WORK/Aguilar_Isaac/ash_pellets/XRF_15-July_pellets/ash-pellet_XPAH58.RSP,A,60.0,98125824,3667002,0,0.0,0.0,0,0.0,0.0,0,0.0,0.0,512,8.53,0.0,14336,238.93,226.13,32768,546.13,533.33,33280,554.67,546.67,57344,955.73,953.17,63488,1058.13,1058.13,43008,716.8,716.8,44800,746.67,722.35,41728,695.47,300.8,38912,648.53,81.07,36608,610.13,0.0,44288,738.13,19.2,39680,661.33,92.16,15104,251.73,0.0,9984,166.4,0.0,1024,17.07,0.0,59136,985.6,730.88,59136,985.6,730.88,62720,1045.33,677.12,57600,960.0,749.23,56576,942.93,42.67,28928,482.13,0.0,49664,827.73,0.0,57344,955.73,11.95,58624,977.07,424.96,28928,482.13,0.0,54016,900.27,274.77,40448,674.13,0.0,45568,759.47,341.33,28672,477.87,0.0,22016,366.93,0.0,20736,345.6,0.0,20736,345.6,38.83,15872,264.53,0.0,6656,110.93,0.0,6656,110.93,0.0,10240,170.67,0.0,14080,234.67,0.0,7424,123.73,0.0,9472,157.87,0.0,10496,174.93,52.05,13056,217.6,73.81,29696,494.93,0.0,6912,115.2,0.0,29184,486.4,87.04,23552,392.53,0.0,512,8.53,0.0,20992,349.87,37.55,16640,277.33,0.0,768,12.8,0.0,51712,861.87,375.89,4864,81.07,0.0,38656,644.27,0.0,49408,823.47,318.29,41216,686.93,398.93,29184,486.4,0.0,64000,1066.67,449.71,36608,610.13,184.75,62464,1041.07,381.87,37120,618.67,0.0,53760,896.0,528.64,35584,593.07,124.59,12544,209.07,0.0,46080,768.0,486.4,9472,157.87,0.0,16128,268.8,0.0,21248,354.13,0.0,25600,426.67,207.79,7424,123.73,0.0,23040,384.0,29.44,6656,110.93,0.0,23808,396.8,0.0,13824,230.4,101.12,6656,110.93,0.0,35840,597.33,0.0,8704,145.07,8.96,60672,1011.2,454.83
ash-pellet_JPL89,/Users/isaac/Documents/GitHub/PhD_Projects/Eaton-Fire-Ash/Ashes-EDXRF/EXPERT_ENG/WrkExpert/W187U/WORK/Aguilar_Isaac/ash_pellets/XRF_15-July_pellets/ash-pellet_JPL89.RSP,A,60.0,101671424,4565616,0,0.0,0.0,0,0.0,0.0,0,0.0,0.0,512,8.53,2.56,18176,302.93,296.96,43008,716.8,710.83,47360,789.33,785.6,50432,840.53,839.68,48128,802.13,802.13,46848,780.8,780.37,51712,861.87,823.04,44544,742.4,285.87,32256,537.6,42.67,34304,571.73,0.0,65024,1083.73,279.04,28160,469.33,0.0,36352,605.87,0.0,8192,136.53,0.0,5120,85.33,0.0,512,8.53,0.0,512,8.53,0.0,48896,814.93,468.48,55808,930.13,566.61,60928,1015.47,137.81,2304,38.4,0.0,12800,213.33,0.0,40704,678.4,0.0,30720,512.0,0.0,21760,362.67,0.0,53248,887.47,241.07,65024,1083.73,440.75,33792,563.2,108.37,34816,580.27,2.56,27648,460.8,0.0,25344,422.4,0.0,29696,494.93,107.95,19200,320.0,0.0,46592,776.53,495.79,51712,861.87,285.44,28160,469.33,0.0,51200,853.33,433.07,10240,170.67,0.0,17152,285.87,0.0,13312,221.87,70.4,12800,213.33,34.99,33536,558.93,38.4,23552,392.53,0.0,35840,597.33,37.12,52736,878.93,469.76,12032,200.53,0.0,36608,610.13,0.0,39424,657.07,102.4,17664,294.4,0.0,23808,396.8,0.0,47616,793.6,137.39,32000,533.33,128.43,65024,1083.73,356.69,43520,725.33,104.96,21248,354.13,0.0,59136,985.6,416.0,58880,981.33,319.57,49152,819.2,78.08,14848,247.47,0.0,17408,290.13,0.0,59904,998.4,448.43,45824,763.73,421.97,3072,51.2,0.0,17152,285.87,0.0,35328,588.8,119.47,20480,341.33,0.0,2048,34.13,0.0,10240,170.67,0.0,58368,972.8,387.84,9216,153.6,0.0,7168,119.47,0.0,14336,238.93,75.95,37888,631.47,381.44,46592,776.53,116.05,16128,268.8,119.89,18176,302.93,0.0
ash-pellet_JPL63,/Users/isaac/Documents/GitHub/PhD_Projects/Eaton-Fire-Ash/Ashes-EDXRF/EXPERT_ENG/WrkExpert/W187U/WORK/Aguilar_Isaac/ash_pellets/XRF_15-July_pellets/ash-pellet_JPL63.RSP,C,60.0,100108800,4811565,0,0.0,0.0,0,0.0,0.0,0,0.0,0.0,256,4.27,0.0,15360,256.0,248.32,39168,652.8,645.12,44544,742.4,737.6,52736,878.93,877.65,57600,960.0,960.0,49408,823.47,823.04,37120,618.67,587.09,49920,832.0,386.99,33536,558.93,0.0,39424,657.07,0.0,55040,917.33,177.92,31232,520.53,0.0,40448,674.13,35.41,16896,281.6,0.0,512,8.53,0.0,62208,1036.8,751.79,62208,1036.8,751.79,56576,942.93,577.28,56832,947.2,866.13,10496,174.93,0.0,59392,989.87,93.01,17408,290.13,0.0,32768,546.13,0.0,30464,507.73,0.0,6400,106.67,0.0,256,4.27,0.0,48896,814.93,311.04,9216,153.6,0.0,34560,576.0,25.6,26368,439.47,0.0,20224,337.07,0.0,49920,832.0,438.61,20736,345.6,0.0,60928,1015.47,752.21,29952,499.2,8.96,29952,499.2,0.0,56576,942.93,229.97,9216,153.6,0.0,17152,285.87,0.0,14080,234.67,75.95,11008,183.47,0.0,30464,507.73,81.49,2304,38.4,0.0,39424,657.07,133.55,54016,900.27,317.44,5376,89.6,0.0,29440,490.67,0.0,34560,576.0,67.41,2560,42.67,0.0,20736,345.6,0.0,61184,1019.73,527.79,39936,665.6,163.41,53248,887.47,166.4,42240,704.0,117.76,49920,832.0,129.71,6400,106.67,0.0,65280,1088.0,785.07,25856,430.93,0.0,32512,541.87,2.13,22528,375.47,0.0,62976,1049.6,593.92,47360,789.33,462.08,18944,315.73,0.0,17152,285.87,0.0,39168,652.8,202.67,20736,345.6,0.0,55808,930.13,641.71,9216,153.6,0.0,20736,345.6,0.0,8704,145.07,0.0,4096,68.27,0.0,12288,204.8,34.56,44800,746.67,512.85,47360,789.33,184.75,14080,234.67,77.23,17920,298.67,0.0
ash-pellet_JPL77,/Users/isaac/Documents/GitHub/PhD_Projects/Eaton-Fire-Ash/Ashes-EDXRF/EXPERT_ENG/WrkExpert/W187U/WORK/Aguilar_Isaac/ash_pellets/XRF_15-July_pellets/ash-pellet_JPL77.RSP,C,60.0,96823040,4956283,0,0.0,0.0,0,0.0,0.0,0,0.0,0.0,256,4.27,0.0,15872,264.53,258.56,39680,661.33,655.36,32512,541.87,538.13,47360,789.33,788.05,59648,994.13,994.13,54016,900.27,899.84,38656,644.27,614.83,44800,746.67,305.07,31744,529.07,0.0,28672,477.87,0.0,56320,938.67,171.09,28160,469.33,0.0,49152,819.2,205.65,15872,264.53,0.0,4864,81.07,0.0,60928,1015.47,765.01,60928,1015.47,765.01,52992,883.2,766.29,54784,913.07,777.81,64000,1066.67,229.97,47616,793.6,235.95,62208,1036.8,378.45,9984,166.4,0.0,34304,571.73,0.0,44800,746.67,0.0,10496,174.93,0.0,20224,337.07,0.0,4096,68.27,0.0,38912,648.53,126.29,33792,563.2,0.0,25088,418.13,0.0,7680,128.0,0.0,24576,409.6,0.0,60928,1015.47,747.52,30208,503.47,84.05,29952,499.2,7.68,41728,695.47,83.2,7168,119.47,0.0,15104,251.73,0.0,19968,332.8,172.8,19968,332.8,148.91,62464,1041.07,462.93,61952,1032.53,563.2,37376,622.93,0.0,50176,836.27,415.15,55296,921.6,318.29,34304,571.73,0.0,36096,601.6,66.56,13824,230.4,0.0,6400,106.67,0.0,58624,977.07,279.89,63488,1058.13,490.24,47872,797.87,192.85,40448,674.13,415.57,4864,81.07,0.0,32256,537.6,0.0,46592,776.53,196.69,23808,396.8,0.0,10496,174.93,0.0,27648,460.8,0.0,21248,354.13,0.0,39168,652.8,295.25,8448,140.8,0.0,15104,251.73,0.0,24576,409.6,0.0,20224,337.07,0.0,23808,396.8,93.44,7168,119.47,0.0,38400,640.0,134.83,8960,149.33,0.0,29696,494.93,0.0,19456,324.27,161.28,13312,221.87,0.0,43520,725.33,260.69,25344,422.4,244.05,53504,891.73,241.92
ash-pellet_JPL61,/Users/isaac/Documents/GitHub/PhD_Projects/Eaton-Fire-Ash/Ashes-EDXRF/EXPERT_ENG/WrkExpert/W187U/WORK/Aguilar_Isaac/ash_pellets/XRF_15-July_pellets/ash-pellet_JPL61.RSP,C,60.0,98172416,4612455,0,0.0,0.0,0,0.0,0.0,0,0.0,0.0,1280,21.33,11.95,16896,281.6,272.21,39680,661.33,651.95,39936,665.6,659.2,61696,1028.27,1026.56,53760,896.0,896.0,58112,968.53,968.53,46336,772.27,746.24,38400,640.0,200.96,44544,742.4,175.36,41472,691.2,0.0,3328,55.47,0.0,27648,460.8,0.0,33536,558.93,0.0,16128,268.8,0.0,2816,46.93,0.0,63232,1053.87,813.23,63232,1053.87,813.23,46080,768.0,600.32,49408,823.47,632.75,4096,68.27,0.0,17152,285.87,0.0,46848,780.8,62.29,45824,763.73,0.0,25600,426.67,0.0,64256,1070.93,554.67,15616,260.27,0.0,48128,802.13,279.89,19968,332.8,0.0,33024,550.4,0.0,26880,448.0,0.0,22016,366.93,0.0,25856,430.93,47.36,16896,281.6,0.0,35072,584.53,289.71,52224,870.4,361.81,30976,516.27,0.0,59136,985.6,577.71,8192,136.53,0.0,15360,256.0,0.0,12032,200.53,46.51,12032,200.53,16.21,30208,503.47,14.51,31232,520.53,1.71,30208,503.47,14.51,57856,964.27,448.0,27648,460.8,0.0,34560,576.0,0.0,32256,537.6,0.0,15616,260.27,0.0,20224,337.07,0.0,35840,597.33,17.92,50176,836.27,275.2,3840,64.0,0.0,48384,806.4,172.37,19968,332.8,0.0,58624,977.07,537.17,33280,554.67,0.0,1280,21.33,0.0,22272,371.2,0.0,22528,375.47,0.0,60672,1011.2,434.77,52480,874.67,542.72,4096,68.27,0.0,15360,256.0,0.0,39424,657.07,144.21,20736,345.6,0.0,10240,170.67,0.0,8192,136.53,0.0,30208,503.47,0.0,8192,136.53,0.0,14336,238.93,0.0,14848,247.47,78.93,48384,806.4,544.85,38656,644.27,194.56,12032,200.53,44.8,23808,396.8,0.0
ash-pellet_JPL48,/Users/isaac/Documents/GitHub/PhD_Projects/Eaton-Fire-Ash/Ashes-EDXRF/EXPERT_ENG/WrkExpert/W187U/WORK/Aguilar_Isaac/ash_pellets/XRF_15-July_pellets/ash-pellet_JPL48.RSP,A,60.0,98564352,5095798,0,0.0,0.0,0,0.0,0.0,256,4.27,0.0,0,0.0,0.0,20224,337.07,325.12,47616,793.6,781.65,45824,763.73,756.27,55808,930.13,928.0,52224,870.4,870.4,44800,746.67,746.24,40960,682.67,642.56,48640,810.67,311.47,40960,682.67,28.16,25088,418.13,0.0,2816,46.93,0.0,21504,358.4,0.0,46336,772.27,268.37,9728,162.13,0.0,57344,955.73,406.61,56064,934.4,770.56,56064,934.4,770.56,48640,810.67,186.88,55552,925.87,584.53,58624,977.07,11.52,19968,332.8,0.0,53248,887.47,41.81,53504,891.73,51.2,31744,529.07,0.0,36864,614.4,0.0,25088,418.13,0.0,56576,942.93,370.35,17408,290.13,0.0,30464,507.73,0.0,34560,576.0,0.0,19968,332.8,0.0,41984,699.73,357.97,17152,285.87,0.0,3584,59.73,0.0,8960,149.33,0.0,33536,558.93,0.0,4352,72.53,0.0,9216,153.6,0.0,15360,256.0,0.0,9216,153.6,0.0,15872,264.53,70.4,28672,477.87,0.0,22272,371.2,0.0,29952,499.2,11.09,47360,789.33,209.92,38656,644.27,45.65,29952,499.2,0.0,32256,537.6,11.09,15104,251.73,0.0,30208,503.47,0.0,27392,456.53,0.0,21504,358.4,0.0,47360,789.33,146.77,23552,392.53,0.0,24832,413.87,0.0,17408,290.13,0.0,31232,520.53,0.0,23808,396.8,0.0,3328,55.47,0.0,4864,81.07,0.0,53760,896.0,374.61,56576,942.93,606.29,13568,226.13,0.0,15360,256.0,0.0,39424,657.07,104.11,23552,392.53,0.0,9216,153.6,0.0,9216,153.6,0.0,47616,793.6,292.27,6656,110.93,0.0,14336,238.93,0.0,12288,204.8,29.44,52480,874.67,640.85,38656,644.27,0.0,14080,234.67,75.95,8192,136.53,0.0
6-25_1639,/Users/isaac/Documents/GitHub/PhD_Projects/Eaton-Fire-Ash/Ashes-EDXRF/EXPERT_ENG/WrkExpert/W187U/WORK/Aguilar_Isaac/ash_pellets/6-25_pellets/6-25_1639.RSP,C,60.0,98771958,4339595,0,0.0,0.0,0,0.0,0.0,512,8.53,8.53,1280,21.33,21.33,44288,738.13,738.13,15360,256.0,256.0,60672,1011.2,1011.2,11520,192.0,192.0,64256,1070.93,1070.93,59904,998.4,994.56,53248,887.47,748.8,46080,768.0,253.87,43008,716.8,15.36,41728,695.47,0.0,30720,512.0,0.0,22016,366.93,0.0,37120,618.67,25.6,11008,183.47,0.0,2048,34.13,0.0,64768,1079.47,820.05,64768,1079.47,820.05,49408,823.47,572.59,48384,806.4,735.15,38144,635.73,0.0,62208,1036.8,157.01,38144,635.73,55.47,56064,934.4,108.37,26112,435.2,0.0,10240,170.67,0.0,43008,716.8,167.25,30720,512.0,0.0,42752,712.53,240.21,43776,729.6,298.24,34304,571.73,0.0,22528,375.47,0.0,17920,298.67,0.0,14848,247.47,0.0,23552,392.53,104.11,23296,388.27,0.0,13056,217.6,0.0,28928,482.13,64.0,11776,196.27,0.0,14592,243.2,0.0,10752,179.2,28.16,11776,196.27,50.77,50176,836.27,417.71,36096,601.6,255.57,35072,584.53,17.92,40192,669.87,225.28,37376,622.93,0.0,37888,631.47,0.0,37376,622.93,133.97,14848,247.47,0.0,7424,123.73,0.0,64768,1079.47,473.6,54272,904.53,433.49,2560,42.67,0.0,28416,473.6,0.0,0,0.0,0.0,13824,230.4,0.0,47616,793.6,103.68,38144,635.73,30.29,39424,657.07,0.0,12800,213.33,0.0,30976,516.27,0.0,45056,750.93,488.11,49664,827.73,403.2,14592,243.2,0.0,27136,452.27,0.0,13568,226.13,0.0,38400,640.0,392.11,11776,196.27,0.0,25088,418.13,0.0,9216,153.6,0.0,41472,691.2,224.85,14592,243.2,102.4,55296,921.6,587.52,45824,763.73,201.39,15616,260.27,82.35,6912,115.2,0.0
6-25_1606,/Users/isaac/Documents/GitHub/PhD_Projects/Eaton-Fire-Ash/Ashes-EDXRF/EXPERT_ENG/WrkExpert/W187U/WORK/Aguilar_Isaac/ash_pellets/6-25_pellets/6-25_1606.RSP,C,60.0,99129334,4331717,0,0.0,0.0,0,0.0,0.0,768,12.8,11.09,2816,46.93,45.23,43008,716.8,715.09,8192,136.53,134.83,46848,780.8,779.73,768,12.8,12.8,56832,947.2,946.77,55808,930.13,923.31,46080,768.0,628.05,28672,477.87,0.0,34304,571.73,0.0,34048,567.47,0.0,21760,362.67,0.0,49152,819.2,250.88,43264,721.07,171.52,11520,192.0,0.0,62976,1049.6,423.25,61440,1024.0,797.87,61440,1024.0,797.87,53504,891.73,546.99,54272,904.53,658.35,40448,674.13,0.0,45312,755.2,0.0,65280,1088.0,476.59,25088,418.13,0.0,23552,392.53,0.0,51712,861.87,120.75,63488,1058.13,561.92,27648,460.8,0.0,33792,563.2,0.0,4608,76.8,0.0,22528,375.47,0.0,24832,413.87,0.0,56320,938.67,566.61,16384,273.07,0.0,12032,200.53,0.0,19200,320.0,0.0,7680,128.0,0.0,59392,989.87,403.63,17152,285.87,0.0,13312,221.87,0.0,40960,682.67,459.95,30720,512.0,299.95,29184,486.4,0.0,19712,328.53,0.0,43264,721.07,215.04,2560,42.67,0.0,19968,332.8,0.0,40960,682.67,57.17,42240,704.0,442.03,31232,520.53,0.0,3840,64.0,0.0,18688,311.47,0.0,51712,861.87,372.48,14848,247.47,0.0,58368,972.8,175.79,52736,878.93,441.6,24320,405.33,200.53,58880,981.33,294.83,41984,699.73,0.0,18688,311.47,0.0,18176,302.93,0.0,18944,315.73,0.0,34304,571.73,289.28,7424,123.73,0.0,13312,221.87,0.0,13824,230.4,0.0,14336,238.93,0.0,58368,972.8,741.12,17152,285.87,0.0,49920,832.0,209.07,11008,183.47,0.0,18432,307.2,0.0,43264,721.07,511.57,35328,588.8,287.57,50432,840.53,144.64,5888,98.13,0.0,29184,486.4,0.0
6-25_JPL76,/Users/isaac/Documents/GitHub/PhD_Projects/Eaton-Fire-Ash/Ashes-EDXRF/EXPERT_ENG/WrkExpert/W187U/WORK/Aguilar_Isaac/ash_pellets/6-25_pellets/6-25_JPL76.RSP,A,60.0,97525494,4758536,0,0.0,0.0,0,0.0,0.0,1024,17.07,13.65,1792,29.87,26.45,44800,746.67,743.25,64768,1079.47,1076.05,54272,904.53,902.4,65280,1088.0,1088.0,52992,883.2,883.2,50432,840.53,834.99,50432,840.53,709.55,30976,516.27,0.0,38656,644.27,13.65,29184,486.4,0.0,4864,81.07,0.0,49664,827.73,236.8,34560,576.0,45.65,14336,238.93,0.0,5376,89.6,0.0,65280,1088.0,838.4,65280,1088.0,838.4,51968,866.13,692.48,48128,802.13,609.28,45824,763.73,0.0,10496,174.93,0.0,3840,64.0,0.0,47872,797.87,0.0,22784,379.73,0.0,54528,908.8,253.87,65280,1088.0,588.8,48128,802.13,57.17,8448,140.8,0.0,60928,1015.47,544.43,32768,546.13,0.0,21760,362.67,0.0,47104,785.07,436.91,15360,256.0,0.0,40960,682.67,401.49,17152,285.87,0.0,12032,200.53,0.0,10496,174.93,0.0,13056,217.6,0.0,13312,221.87,0.0,24832,413.87,234.67,20480,341.33,145.07,1024,17.07,0.0,47360,789.33,227.41,38144,635.73,93.44,53248,887.47,369.49,256,4.27,0.0,33280,554.67,0.0,36608,610.13,157.01,16384,273.07,0.0,29440,490.67,0.0,36864,614.4,51.2,7680,128.0,0.0,5376,89.6,0.0,14336,238.93,0.0,40960,682.67,110.08,20736,345.6,0.0,16128,268.8,0.0,27648,460.8,94.72,48640,810.67,566.61,512,8.53,0.0,44800,746.67,227.84,19712,328.53,50.35,19712,328.53,0.0,13312,221.87,0.0,18688,311.47,0.0,13824,230.4,0.0,42752,712.53,470.61,13056,217.6,0.0,32768,546.13,59.73,10496,174.93,0.0,32512,541.87,0.0,22528,375.47,191.57,1280,21.33,0.0,43008,716.8,151.89,11264,187.73,0.0,17664,294.4,0.0
6-25_JPL63,/Users/isaac/Documents/GitHub/PhD_Projects/Eaton-Fire-Ash/Ashes-EDXRF/EXPERT_ENG/WrkExpert/W187U/WORK/Aguilar_Isaac/ash_pellets/6-25_pellets/6-25_JPL63.RSP,C,60.0,3588394,34889,0,0.0,0.0,0,0.0,0.0,0,0.0,0.0,4,0.07,0.04,143,2.38,2.36,279,4.65,4.62,448,7.47,7.45,478,7.97,7.96,487,8.12,8.12,475,7.92,7.91,449,7.48,7.09,422,7.03,4.08,429,7.15,0.64,406,6.77,0.0,646,10.77,3.48,373,6.22,0.0,407,6.78,0.17,304,5.07,0.0,251,4.18,0.0,272,4.53,0.0,272,4.53,0.0,215,3.58,0.0,183,3.05,0.0,182,3.03,0.0,437,7.28,3.35,383,6.38,1.03,5406,90.1,86.74,103,1.72,0.0,831,13.85,9.27,701,11.68,0.95,429,7.15,0.0,232,3.87,1.45,131,2.18,0.19,120,2.0,0.0,91,1.52,0.0,743,12.38,10.84,56,0.93,0.0,10659,177.65,176.45,47062,784.37,778.06,53,0.88,0.0,256,4.27,0.0,40,0.67,0.0,41,0.68,0.0,55,0.92,0.36,62,1.03,0.4,150,2.5,0.0,327,5.45,3.33,186,3.1,0.92,171,2.85,0.0,492,8.2,5.72,131,2.18,0.0,440,7.33,0.0,360,6.0,2.29,1134,18.9,7.0,3008,50.13,11.52,1903,31.72,0.0,1515,25.25,0.0,2056,34.27,2.48,2155,35.92,6.4,2081,34.68,0.72,2081,34.68,0.54,1954,32.57,0.0,1931,32.18,0.0,1350,22.5,0.0,156,2.6,0.0,278,4.63,3.52,1170,19.5,17.91,41,0.68,0.0,98,1.63,0.0,62,1.03,0.0,1122,18.7,17.64,40,0.67,0.0,44376,739.6,731.64,30,0.5,0.0,268,4.47,0.0,60,1.0,0.37,232,3.87,2.82,173,2.88,0.0,68,1.13,0.53,295,4.92,2.28
6-25_JPL77,/Users/isaac/Documents/GitHub/PhD_Projects/Eaton-Fire-Ash/Ashes-EDXRF/EXPERT_ENG/WrkExpert/W187U/WORK/Aguilar_Isaac/ash_pellets/6-25_pellets/6-25_JPL77.RSP,A,60.0,98175478,4909006,0,0.0,0.0,0,0.0,0.0,256,4.27,4.27,2304,38.4,38.4,41472,691.2,691.2,9216,153.6,153.6,47616,793.6,793.6,3584,59.73,59.73,56064,934.4,934.4,56576,942.93,939.95,42496,708.27,575.15,39936,665.6,98.56,34560,576.0,0.0,31744,529.07,0.0,11776,196.27,0.0,50688,844.8,279.47,58880,981.33,432.21,12032,200.53,0.0,7936,132.27,0.0,2816,46.93,0.0,2816,46.93,0.0,49408,823.47,613.12,50944,849.07,641.28,51200,853.33,37.12,768,12.8,0.0,2304,38.4,0.0,59136,985.6,88.32,28928,482.13,0.0,61440,1024.0,269.65,62464,1041.07,480.43,8704,145.07,0.0,5632,93.87,0.0,57088,951.47,467.2,34048,567.47,0.0,25344,422.4,0.0,31488,524.8,157.01,18432,307.2,0.0,36608,610.13,323.41,18944,315.73,0.0,9728,162.13,0.0,3328,55.47,0.0,12032,200.53,0.0,11776,196.27,0.0,21248,354.13,185.6,18176,302.93,127.57,43776,729.6,428.37,45824,763.73,295.68,39936,665.6,78.08,49152,819.2,193.71,41984,699.73,26.88,33024,550.4,0.0,39936,665.6,107.95,15104,251.73,0.0,11776,196.27,0.0,34048,567.47,0.0,15872,264.53,0.0,20480,341.33,0.0,18944,315.73,42.67,36352,605.87,30.72,25088,418.13,0.0,39168,652.8,122.03,14080,234.67,0.0,58368,972.8,661.33,9472,157.87,0.0,40448,674.13,0.0,9472,157.87,0.0,8192,136.53,0.0,11776,196.27,0.0,24576,409.6,0.0,16896,281.6,0.0,21504,358.4,100.27,12032,200.53,0.0,14592,243.2,0.0,7680,128.0,0.0,36864,614.4,130.99,17408,290.13,122.03,21760,362.67,32.0,56320,938.67,398.51,57600,960.0,758.61,24832,413.87,0.0
6-25_JPL59,/Users/isaac/Documents/GitHub/PhD_Projects/Eaton-Fire-Ash/Ashes-EDXRF/EXPERT_ENG/WrkExpert/W187U/WORK/Aguilar_Isaac/ash_pellets/6-25_pellets/6-25_JPL59.RSP,A,60.0,97213686,4563731,0,0.0,0.0,0,0.0,0.0,256,4.27,2.56,2048,34.13,32.43,39680,661.33,659.63,13312,221.87,220.16,60160,1002.67,1001.6,58368,972.8,972.8,50688,844.8,844.8,44544,742.4,739.84,57088,951.47,813.65,40960,682.67,81.92,31488,524.8,0.0,28928,482.13,0.0,7168,119.47,0.0,40448,674.13,54.19,41728,695.47,116.48,14336,238.93,0.0,1024,17.07,0.0,62464,1041.07,817.07,62464,1041.07,817.07,51456,857.6,610.56,54528,908.8,817.49,45312,755.2,0.0,7936,132.27,0.0,48128,802.13,195.41,49408,823.47,0.0,18432,307.2,0.0,51968,866.13,152.32,43264,721.07,282.45,54016,900.27,348.59,41216,686.93,197.12,44288,738.13,290.99,28160,469.33,0.0,23296,388.27,0.0,41472,691.2,299.09,15360,256.0,0.0,6656,110.93,0.0,56064,934.4,397.65,11776,196.27,0.0,26880,448.0,0.0,6912,115.2,0.0,9728,162.13,0.0,13312,221.87,68.69,13312,221.87,59.31,53760,896.0,415.57,37888,631.47,238.93,40960,682.67,0.0,44288,738.13,178.35,32256,537.6,0.0,27904,465.07,0.0,42752,712.53,265.81,17152,285.87,0.0,11520,192.0,0.0,60928,1015.47,317.87,39168,652.8,76.37,10496,174.93,0.0,51968,866.13,240.21,4096,68.27,0.0,26880,448.0,277.76,15872,264.53,0.0,59136,985.6,512.43,16384,273.07,0.0,27392,456.53,0.0,26368,439.47,0.0,34816,580.27,303.79,38144,635.73,254.29,9728,162.13,0.0,28928,482.13,74.24,11008,183.47,0.0,39680,661.33,395.52,6912,115.2,0.0,9728,162.13,0.0,9728,162.13,0.0,47616,793.6,173.65,16128,268.8,113.07,23808,396.8,99.41,44032,733.87,48.21,20736,345.6,189.01,15616,260.27,0.0
6-25_1642,/Users/isaac/Documents/GitHub/PhD_Projects/Eaton-Fire-Ash/Ashes-EDXRF/EXPERT_ENG/WrkExpert/W187U/WORK/Aguilar_Isaac/ash_pellets/6-25_pellets/6-25_1642.RSP,C,60.0,96444406,5030849,0,0.0,0.0,0,0.0,0.0,512,8.53,5.97,2816,46.93,44.37,36864,614.4,611.84,7936,132.27,129.71,56064,934.4,932.8,60672,1011.2,1011.2,55040,917.33,916.48,60416,1006.93,1003.52,48896,814.93,680.11,29952,499.2,0.0,30976,516.27,0.0,32512,541.87,0.0,12544,209.07,0.0,42496,708.27,147.63,46080,768.0,223.57,18176,302.93,0.0,2560,42.67,0.0,61440,1024.0,796.59,61440,1024.0,796.59,43264,721.07,459.09,55552,925.87,732.16,48896,814.93,0.0,9216,153.6,0.0,63744,1062.4,520.11,50944,849.07,0.0,26368,439.47,0.0,38912,648.53,0.0,54784,913.07,669.44,21504,358.4,0.0,19200,320.0,0.0,256,4.27,0.0,31744,529.07,0.0,25088,418.13,0.0,49408,823.47,384.43,16896,281.6,0.0,52480,874.67,572.59,4864,81.07,0.0,13312,221.87,0.0,13568,226.13,0.0,11520,192.0,0.0,12800,213.33,0.0,19456,324.27,176.64,15104,251.73,88.75,40704,678.4,1.71,27392,456.53,0.0,44544,742.4,232.96,47360,789.33,169.81,36096,601.6,0.0,31488,524.8,165.97,47104,785.07,103.68,17408,290.13,0.0,21504,358.4,0.0,8704,145.07,0.0,64512,1075.2,576.85,33280,554.67,0.0,32000,533.33,39.68,25344,422.4,0.0,17152,285.87,0.0,40192,669.87,249.17,7936,132.27,0.0,46336,772.27,343.47,10752,179.2,0.0,34304,571.73,160.43,25856,430.93,117.76,26112,435.2,0.0,12800,213.33,0.0,18688,311.47,0.0,14336,238.93,0.0,15360,256.0,0.0,11520,192.0,0.0,11520,192.0,0.0,8704,145.07,0.0,32768,546.13,12.8,18432,307.2,148.05,62720,1045.33,649.39,45568,759.47,157.01,55296,921.6,737.71,28672,477.87,0.0
6-25_JPL73,/Users/isaac/Documents/GitHub/PhD_Projects/Eaton-Fire-Ash/Ashes-EDXRF/EXPERT_ENG/WrkExpert/W187U/WORK/Aguilar_Isaac/ash_pellets/6-25_pellets/6-25_JPL73.RSP,A,60.0,99974902,4808221,0,0.0,0.0,0,0.0,0.0,256,4.27,4.27,4096,68.27,68.27,46336,772.27,772.27,10752,179.2,179.2,46848,780.8,780.8,49920,832.0,832.0,55296,921.6,921.17,52736,878.93,877.23,47360,789.33,640.85,33024,550.4,0.0,30720,512.0,0.0,34816,580.27,0.0,59904,998.4,279.04,52224,870.4,321.28,46592,776.53,216.75,14080,234.67,0.0,768,12.8,0.0,64512,1075.2,803.84,64512,1075.2,803.84,52224,870.4,672.43,57856,964.27,819.2,41728,695.47,0.0,63232,1053.87,204.37,12800,213.33,0.0,12800,213.33,0.0,27136,452.27,0.0,58624,977.07,176.21,14592,243.2,0.0,25088,418.13,0.0,42496,708.27,264.96,18176,302.93,0.0,47616,793.6,100.27,24576,409.6,0.0,33792,563.2,157.01,15104,251.73,0.0,63488,1058.13,773.97,63232,1053.87,537.6,11008,183.47,0.0,16384,273.07,0.0,12544,209.07,0.0,14848,247.47,0.0,23040,384.0,203.95,27904,465.07,274.35,10752,179.2,0.0,56320,938.67,395.95,43776,729.6,390.83,60160,1002.67,313.6,27392,456.53,0.0,35072,584.53,273.92,52480,874.67,476.16,12544,209.07,0.0,63488,1058.13,410.45,4864,81.07,0.0,29952,499.2,0.0,7680,128.0,0.0,41216,686.93,18.35,26368,439.47,0.0,256,4.27,0.0,59904,998.4,340.05,18688,311.47,0.0,43264,721.07,0.0,62976,1049.6,737.71,49664,827.73,332.37,11264,187.73,0.0,3072,51.2,0.0,14848,247.47,0.0,23808,396.8,0.0,15616,260.27,0.0,43008,716.8,468.05,12544,209.07,0.0,55296,921.6,354.13,9472,157.87,0.0,36352,605.87,70.83,24320,405.33,221.01,32000,533.33,0.0,44288,738.13,143.79,11264,187.73,0.0,39936,665.6,0.0
6-25_JPL07,/Users/isaac/Documents/GitHub/PhD_Projects/Eaton-Fire-Ash/Ashes-EDXRF/EXPERT_ENG/WrkExpert/W187U/WORK/Aguilar_Isaac/ash_pellets/6-25_pellets/6-25_JPL07.RSP,A,60.0,97347830,5034413,0,0.0,0.0,0,0.0,0.0,256,4.27,2.56,3072,51.2,49.49,46592,776.53,774.83,5888,98.13,96.43,55552,925.87,924.8,768,12.8,12.8,61952,1032.53,1032.11,41216,686.93,683.09,51712,861.87,720.21,48896,814.93,302.51,42240,704.0,92.16,28928,482.13,0.0,2304,38.4,0.0,42496,708.27,29.01,46848,780.8,176.64,11264,187.73,0.0,5376,89.6,0.0,57344,955.73,718.51,57344,955.73,718.51,54528,908.8,436.48,50432,840.53,579.84,41472,691.2,0.0,64768,1079.47,176.64,52224,870.4,321.71,25600,426.67,0.0,22272,371.2,0.0,12032,200.53,0.0,55552,925.87,458.67,56064,934.4,354.56,45568,759.47,261.97,42496,708.27,259.41,24832,413.87,0.0,19200,320.0,0.0,16384,273.07,0.0,15360,256.0,0.0,43776,729.6,406.61,51712,861.87,272.21,15360,256.0,0.0,22528,375.47,0.0,7168,119.47,0.0,14080,234.67,0.0,15360,256.0,107.52,13568,226.13,58.45,768,12.8,0.0,53248,887.47,372.48,40448,674.13,98.13,43776,729.6,193.71,31744,529.07,0.0,38400,640.0,0.0,50688,844.8,337.07,9728,162.13,0.0,59904,998.4,218.45,63232,1053.87,601.17,50432,840.53,386.99,16640,277.33,0.0,2048,34.13,0.0,51200,853.33,505.17,53248,887.47,465.49,1280,21.33,0.0,52480,874.67,378.03,37376,622.93,0.0,43520,725.33,0.0,25088,418.13,0.0,30976,516.27,227.41,40704,678.4,282.88,14080,234.67,0.0,29440,490.67,77.65,18432,307.2,0.0,8704,145.07,0.0,7168,119.47,0.0,62976,1049.6,504.32,9728,162.13,0.0,39424,657.07,158.72,13568,226.13,78.51,42240,704.0,268.8,52736,878.93,424.11,22528,375.47,203.95,2304,38.4,0.0
JPL58_B.S_2,/Users/isaac/Documents/GitHub/PhD_Projects/Eaton-Fire-Ash/Ashes-EDXRF/EXPERT_ENG/WrkExpert/W187U/WORK/Aguilar_Isaac/ash-powders/JPL58_B.S_2.RSP,B,60.0,90082806,3442429,0,0.0,0.0,0,0.0,0.0,0,0.0,0.0,512,8.53,7.68,13824,230.4,229.55,21760,362.67,361.81,40448,674.13,673.6,42240,704.0,704.0,37376,622.93,622.51,36864,614.4,613.12,36352,605.87,564.05,34816,580.27,285.01,35584,593.07,10.24,27904,465.07,0.0,12544,209.07,0.0,42752,712.53,189.01,39936,665.6,175.79,26112,435.2,0.0,21504,358.4,0.0,22016,366.93,0.0,22016,366.93,0.0,18944,315.73,0.0,17664,294.4,0.0,15616,260.27,0.0,33280,554.67,192.0,34816,580.27,144.21,41216,686.93,385.28,8192,136.53,0.0,50176,836.27,373.76,2304,38.4,0.0,24576,409.6,0.0,47104,785.07,432.64,30208,503.47,332.37,14336,238.93,0.0,9728,162.13,0.0,27648,460.8,289.28,8960,149.33,0.0,11520,192.0,27.31,3328,55.47,0.0,5376,89.6,0.0,48384,806.4,335.36,4096,68.27,0.0,3840,64.0,0.0,6400,106.67,41.39,6912,115.2,51.2,32000,533.33,250.45,30976,516.27,267.95,17920,298.67,0.0,23040,384.0,0.0,41472,691.2,404.05,14336,238.93,0.0,49152,819.2,264.96,34816,580.27,129.28,2816,46.93,0.0,61440,1024.0,574.29,38144,635.73,53.76,9472,157.87,0.0,33024,550.4,0.0,6656,110.93,0.0,40448,674.13,0.0,49920,832.0,188.59,47360,789.33,163.41,20224,337.07,0.0,38656,644.27,0.0,16128,268.8,0.0,6400,106.67,0.0,10752,179.2,0.0,3840,64.0,0.0,13824,230.4,25.17,7936,132.27,0.0,36352,605.87,474.45,4096,68.27,0.0,27136,452.27,8.53,3584,59.73,0.0,26368,439.47,53.33,7936,132.27,66.99,59136,985.6,829.44,21760,362.67,49.92,12288,204.8,131.84,31744,529.07,216.32
JPL86_bkB.S,/Users/isaac/Documents/GitHub/PhD_Projects/Eaton-Fire-Ash/Ashes-EDXRF/EXPERT_ENG/WrkExpert/W187U/WORK/Aguilar_Isaac/ash-powders/JPL86_bkB.S.RSP,B,60.0,77823222,3225359,0,0.0,0.0,0,0.0,0.0,256,4.27,4.27,512,8.53,8.53,3840,64.0,64.0,10240,170.67,170.67,10496,174.93,174.93,14848,247.47,247.47,11008,183.47,183.04,13824,230.4,228.69,13312,221.87,203.95,8960,149.33,36.27,14592,243.2,28.59,15360,256.0,17.07,22016,366.93,162.99,15360,256.0,51.63,16896,281.6,69.55,11520,192.0,0.85,7424,123.73,0.0,8192,136.53,0.0,8192,136.53,0.0,6400,106.67,0.0,6400,106.67,0.0,5120,85.33,0.0,13312,221.87,90.88,11008,183.47,0.0,65280,1088.0,973.65,3328,55.47,0.0,40704,678.4,533.76,45568,759.47,315.31,22528,375.47,115.63,16384,273.07,0.0,13824,230.4,164.27,3840,64.0,0.0,4864,81.07,0.0,48640,810.67,732.59,3328,55.47,0.0,48128,802.13,747.52,10496,174.93,0.0,2816,46.93,0.0,15360,256.0,0.0,1536,25.6,0.0,2816,46.93,0.0,2560,42.67,14.51,5632,93.87,56.75,18944,315.73,137.39,19968,332.8,148.48,6144,102.4,0.0,7936,132.27,0.0,18176,302.93,216.32,4864,81.07,0.0,16128,268.8,0.0,13568,226.13,62.72,60928,1015.47,556.8,60416,1006.93,475.73,60416,1006.93,566.19,54016,900.27,304.21,59904,998.4,192.85,8448,140.8,0.0,61952,1032.53,397.23,61184,1019.73,382.29,56320,938.67,32.0,57344,955.73,0.0,43520,725.33,31.57,5376,89.6,0.0,22784,379.73,324.69,52736,878.93,799.15,2816,46.93,0.0,4096,68.27,0.0,4608,76.8,0.0,58624,977.07,935.68,1536,25.6,0.0,64512,1075.2,545.28,3328,55.47,0.0,6656,110.93,0.0,3072,51.2,20.91,44032,733.87,563.2,7168,119.47,0.0,5632,93.87,56.75,8704,145.07,43.52
JPL58_B.S_3,/Users/isaac/Documents/GitHub/PhD_Projects/Eaton-Fire-Ash/Ashes-EDXRF/EXPERT_ENG/WrkExpert/W187U/WORK/Aguilar_Isaac/ash-powders/JPL58_B.S_3.RSP,B,60.0,88161782,3399147,0,0.0,0.0,0,0.0,0.0,0,0.0,0.0,768,12.8,11.95,8960,149.33,148.48,23296,388.27,387.41,34048,567.47,566.93,31232,520.53,520.53,36608,610.13,610.13,30464,507.73,507.31,27392,456.53,411.73,28928,482.13,229.55,32256,537.6,31.15,31744,529.07,0.0,65280,1088.0,567.89,43776,729.6,251.31,38144,635.73,148.48,22784,379.73,0.0,17920,298.67,0.0,17920,298.67,0.0,17920,298.67,0.0,18176,302.93,0.0,13824,230.4,0.0,17920,298.67,12.37,43520,725.33,420.69,37120,618.67,229.12,59136,985.6,692.05,8192,136.53,0.0,65024,1083.73,630.19,34560,576.0,106.24,31232,520.53,0.0,42240,704.0,286.72,30976,516.27,346.45,19456,324.27,0.0,9216,153.6,0.0,41472,691.2,495.79,9472,157.87,0.0,25856,430.93,261.97,11008,183.47,0.0,7680,128.0,0.0,58368,972.8,425.39,4096,68.27,0.0,3840,64.0,0.0,7680,128.0,73.81,4864,81.07,15.79,38400,640.0,286.29,43008,716.8,454.4,15872,264.53,0.0,23040,384.0,0.0,50176,836.27,581.55,14336,238.93,0.0,44032,733.87,31.57,31488,524.8,79.79,25600,426.67,0.0,40448,674.13,78.51,35584,593.07,0.0,11776,196.27,0.0,39424,657.07,136.11,62464,1041.07,607.57,20736,345.6,0.0,35584,593.07,0.0,23040,384.0,0.0,9216,153.6,0.0,24320,405.33,0.0,14336,238.93,0.0,55808,930.13,778.24,8192,136.53,0.0,3840,64.0,0.0,15360,256.0,17.49,6400,106.67,0.0,28160,469.33,327.25,4096,68.27,0.0,60672,1011.2,428.37,1792,29.87,0.0,25600,426.67,0.0,5632,93.87,34.56,61184,1019.73,863.15,19712,328.53,0.0,12544,209.07,145.07,30464,507.73,224.0
JPL48,/Users/isaac/Documents/GitHub/PhD_Projects/Eaton-Fire-Ash/Ashes-EDXRF/EXPERT_ENG/WrkExpert/W187U/WORK/Aguilar_Isaac/ash-powders/JPL48.RSP,B,60.0,59191286,3190104,0,0.0,0.0,0,0.0,0.0,0,0.0,0.0,0,0.0,0.0,3584,59.73,59.73,7168,119.47,119.47,9216,153.6,153.6,8192,136.53,136.53,9472,157.87,157.87,10496,174.93,174.93,6656,110.93,96.85,6144,102.4,29.44,7424,123.73,0.0,6656,110.93,0.0,14592,243.2,120.32,12800,213.33,80.21,12800,213.33,94.29,4096,68.27,0.0,6912,115.2,0.0,5888,98.13,7.25,5888,98.13,7.25,5888,98.13,15.36,4096,68.27,0.0,3072,51.2,0.0,13056,217.6,136.96,8448,140.8,0.0,22272,371.2,293.55,2304,38.4,0.0,40960,682.67,557.23,17152,285.87,0.0,30976,516.27,209.92,8960,149.33,17.49,6144,102.4,49.92,3840,64.0,0.0,3072,51.2,0.0,60928,1015.47,967.25,3072,51.2,0.0,2048,34.13,0.0,16384,273.07,0.0,2048,34.13,0.0,19712,328.53,0.0,1536,25.6,0.0,2304,38.4,0.0,512,8.53,0.0,2560,42.67,19.2,7680,128.0,45.65,7168,119.47,35.84,3840,64.0,0.0,5376,89.6,0.0,11520,192.0,116.05,3584,59.73,0.0,14592,243.2,50.35,8448,140.8,23.89,33536,558.93,182.19,3328,55.47,0.0,46848,780.8,254.29,40448,674.13,105.39,44032,733.87,0.0,56064,934.4,195.84,41984,699.73,0.0,52480,874.67,14.93,39936,665.6,0.0,30208,503.47,0.0,27392,456.53,39.25,4352,72.53,0.0,24320,405.33,364.37,13312,221.87,162.56,2304,38.4,0.0,5632,93.87,11.95,1280,21.33,0.0,32512,541.87,503.89,1536,25.6,0.0,53504,891.73,406.61,1280,21.33,0.0,9216,153.6,0.0,1792,29.87,7.68,18688,311.47,267.09,5376,89.6,0.0,3072,51.2,27.73,9728,162.13,79.36
JPL89,/Users/isaac/Documents/GitHub/PhD_Projects/Eaton-Fire-Ash/Ashes-EDXRF/EXPERT_ENG/WrkExpert/W187U/WORK/Aguilar_Isaac/ash-powders/JPL89.RSP,B,60.0,76783606,3331942,0,0.0,0.0,0,0.0,0.0,0,0.0,0.0,256,4.27,4.27,5376,89.6,89.6,7424,123.73,123.73,19200,320.0,320.0,18176,302.93,302.93,17408,290.13,290.13,14080,234.67,234.67,12288,204.8,184.32,9984,166.4,68.69,7936,132.27,0.0,11264,187.73,0.0,21760,362.67,152.32,16384,273.07,76.37,14592,243.2,35.84,11520,192.0,0.0,8192,136.53,0.0,6656,110.93,0.0,6656,110.93,0.0,8704,145.07,5.55,8960,149.33,6.83,3840,64.0,0.0,11520,192.0,72.11,11008,183.47,0.0,30976,516.27,404.91,5120,85.33,0.0,34304,571.73,420.27,33536,558.93,198.4,48896,814.93,442.88,11776,196.27,2.13,6400,106.67,34.99,5120,85.33,0.0,2816,46.93,0.0,50176,836.27,770.99,2816,46.93,0.0,17408,290.13,230.4,43776,729.6,255.15,1792,29.87,0.0,22528,375.47,0.0,1536,25.6,0.0,1536,25.6,0.0,2304,38.4,16.21,1024,17.07,0.0,11008,183.47,77.65,12288,204.8,129.28,6400,106.67,0.0,6144,102.4,0.0,16896,281.6,187.31,4608,76.8,0.0,17664,294.4,41.81,11008,183.47,49.07,44288,738.13,355.41,11776,196.27,0.0,65280,1088.0,671.57,44800,746.67,324.69,4608,76.8,0.0,64768,1079.47,147.63,60160,1002.67,88.75,53504,891.73,158.29,56576,942.93,161.28,58112,968.53,90.45,38912,648.53,0.0,7680,128.0,0.0,25344,422.4,369.07,0,0.0,0.0,1536,25.6,0.0,4608,76.8,2.99,3584,59.73,0.0,36096,601.6,550.4,1536,25.6,0.0,11264,187.73,0.0,768,12.8,0.0,7168,119.47,0.0,2560,42.67,16.64,12032,200.53,146.35,7936,132.27,0.0,4352,72.53,50.35,8960,149.33,40.96
JPL58_B.S_1,/Users/isaac/Documents/GitHub/PhD_Projects/Eaton-Fire-Ash/Ashes-EDXRF/EXPERT_ENG/WrkExpert/W187U/WORK/Aguilar_Isaac/ash-powders/JPL58_B.S_1.RSP,B,60.0,92845046,3345607,0,0.0,0.0,0,0.0,0.0,256,4.27,4.27,1280,21.33,21.33,14336,238.93,238.93,25344,422.4,422.4,38912,648.53,648.53,41728,695.47,695.47,37120,618.67,618.67,37632,627.2,624.64,39936,665.6,608.85,35840,597.33,298.67,34560,576.0,1.71,27392,456.53,0.0,256,4.27,0.0,45056,750.93,183.04,54016,900.27,370.77,28416,473.6,0.0,26368,439.47,0.0,22784,379.73,0.0,22784,379.73,0.0,19968,332.8,0.0,17664,294.4,0.0,19968,332.8,0.0,40448,674.13,304.21,34048,567.47,125.44,37120,618.67,297.39,9216,153.6,0.0,1536,25.6,0.0,15104,251.73,0.0,65024,1083.73,559.79,32256,537.6,180.05,34048,567.47,381.01,13312,221.87,0.0,12544,209.07,0.0,42240,704.0,502.19,8448,140.8,0.0,46592,776.53,610.99,44288,738.13,128.85,6656,110.93,0.0,52736,878.93,204.8,3328,55.47,0.0,5376,89.6,0.0,7424,123.73,54.61,7424,123.73,52.05,36864,614.4,285.01,41216,686.93,460.8,13824,230.4,0.0,24832,413.87,0.0,65280,1088.0,827.31,17920,298.67,0.0,46080,768.0,171.95,30720,512.0,5.12,768,12.8,0.0,12288,204.8,0.0,61696,1028.27,605.44,28416,473.6,0.0,51200,853.33,174.51,65024,1083.73,573.01,43520,725.33,0.0,62976,1049.6,403.2,40192,669.87,0.0,33792,563.2,54.61,36352,605.87,0.0,16640,277.33,0.0,62464,1041.07,887.04,23808,396.8,171.95,5376,89.6,0.0,16128,268.8,41.81,6400,106.67,0.0,58624,977.07,849.92,3328,55.47,0.0,22528,375.47,0.0,3840,64.0,0.0,26112,435.2,0.0,6400,106.67,40.96,46080,768.0,570.03,14080,234.67,0.0,13824,230.4,154.88,34304,571.73,284.16
JPL63,/Users/isaac/Documents/GitHub/PhD_Projects/Eaton-Fire-Ash/Ashes-EDXRF/EXPERT_ENG/WrkExpert/W187U/WORK/Aguilar_Isaac/ash-powders/JPL63.RSP,B,60.0,72166134,3230171,0,0.0,0.0,0,0.0,0.0,0,0.0,0.0,512,8.53,8.53,5120,85.33,85.33,8960,149.33,149.33,14080,234.67,234.67,15104,251.73,251.73,11264,187.73,187.73,11008,183.47,183.04,12544,209.07,194.13,11776,196.27,100.27,6912,115.2,0.0,11008,183.47,0.0,20736,345.6,157.44,14336,238.93,81.49,12800,213.33,55.04,7424,123.73,0.0,6912,115.2,0.0,6656,110.93,0.0,6656,110.93,0.0,7168,119.47,7.25,6912,115.2,4.69,5888,98.13,0.0,14592,243.2,133.97,7424,123.73,0.0,36608,610.13,506.45,2560,42.67,0.0,44800,746.67,584.11,26368,439.47,0.0,29184,486.4,174.93,11520,192.0,49.49,7936,132.27,63.15,6912,115.2,0.43,4096,68.27,0.0,63488,1058.13,987.31,3328,55.47,0.0,21760,362.67,295.68,39680,661.33,173.65,1536,25.6,0.0,19200,320.0,0.0,1280,21.33,0.0,1792,29.87,0.0,2304,38.4,17.49,2560,42.67,23.89,11008,183.47,94.29,9728,162.13,79.36,5120,85.33,0.0,5888,98.13,0.0,15872,264.53,170.67,4352,72.53,0.0,15616,260.27,0.0,11008,183.47,41.39,47104,785.07,366.51,13312,221.87,0.0,62720,1045.33,506.45,46592,776.53,391.25,56064,934.4,0.0,63744,1062.4,175.36,53504,891.73,19.63,63744,1062.4,43.09,46336,772.27,0.0,49408,823.47,0.0,34304,571.73,0.0,4096,68.27,0.0,17920,298.67,255.57,29184,486.4,410.88,1792,29.87,0.0,6400,106.67,32.0,1280,21.33,0.0,65280,1088.0,1047.89,1280,21.33,0.0,51968,866.13,361.39,1536,25.6,0.0,11008,183.47,0.0,2304,38.4,17.92,14848,247.47,196.69,5632,93.87,0.0,3072,51.2,24.75,9728,162.13,62.72
JPL77_bkB.S,/Users/isaac/Documents/GitHub/PhD_Projects/Eaton-Fire-Ash/Ashes-EDXRF/EXPERT_ENG/WrkExpert/W187U/WORK/Aguilar_Isaac/ash-powders/JPL77_bkB.S.RSP,C,60.0,76997965,3233341,0,0.0,0.0,0,0.0,0.0,256,4.27,4.27,768,12.8,12.8,5888,98.13,98.13,7424,123.73,123.73,11776,196.27,196.27,10496,174.93,174.93,13056,217.6,217.6,11776,196.27,195.41,11008,183.47,161.71,12544,209.07,88.32,11008,183.47,0.0,8704,145.07,0.0,20992,349.87,160.43,15872,264.53,88.75,13824,230.4,59.73,8704,145.07,0.0,5888,98.13,0.0,9728,162.13,0.0,9728,162.13,0.0,5888,98.13,0.0,7936,132.27,0.0,5888,98.13,0.0,10240,170.67,32.0,10496,174.93,0.0,45568,759.47,644.27,5120,85.33,0.0,31744,529.07,377.6,33024,550.4,0.0,48896,814.93,499.2,11776,196.27,0.0,13824,230.4,166.83,5120,85.33,0.0,4608,76.8,0.0,44544,742.4,675.41,1792,29.87,0.0,11776,196.27,151.89,10496,174.93,0.0,1536,25.6,0.0,19712,328.53,0.0,2304,38.4,0.0,1792,29.87,0.0,2816,46.93,22.61,2048,34.13,12.8,37376,622.93,394.67,26624,443.73,268.37,4608,76.8,0.0,5120,85.33,0.0,25600,426.67,343.47,4864,81.07,0.0,14336,238.93,0.0,8704,145.07,0.0,25600,426.67,0.0,19200,320.0,98.56,62720,1045.33,467.2,52480,874.67,302.51,56064,934.4,76.8,60416,1006.93,98.13,62464,1041.07,261.97,256,4.27,0.0,56320,938.67,0.0,52992,883.2,0.0,38912,648.53,0.0,4352,72.53,0.0,26368,439.47,397.65,46592,776.53,708.27,1792,29.87,0.0,2304,38.4,0.0,2304,38.4,0.0,49152,819.2,782.51,2304,38.4,0.0,24320,405.33,0.0,1536,25.6,0.0,6144,102.4,0.0,3328,55.47,34.13,51200,853.33,789.76,4608,76.8,0.0,11520,192.0,156.16,7168,119.47,21.33
JPL58,/Users/isaac/Documents/GitHub/PhD_Projects/Eaton-Fire-Ash/Ashes-EDXRF/EXPERT_ENG/WrkExpert/W187U/WORK/Aguilar_Isaac/ash-powders/JPL58.RSP,B,60.0,65276662,3268808,0,0.0,0.0,0,0.0,0.0,0,0.0,0.0,256,4.27,4.27,3072,51.2,51.2,5888,98.13,98.13,10752,179.2,179.2,13312,221.87,221.87,11520,192.0,192.0,11776,196.27,195.84,9216,153.6,137.39,7936,132.27,65.71,9472,157.87,7.25,8192,136.53,0.0,22784,379.73,230.83,13824,230.4,81.07,10752,179.2,34.99,4864,81.07,0.0,4352,72.53,0.0,7424,123.73,0.85,7424,123.73,0.85,3584,59.73,0.0,4096,68.27,0.0,4352,72.53,0.0,8704,145.07,51.63,12544,209.07,0.0,35328,588.8,508.16,2816,46.93,0.0,45568,759.47,628.91,36096,601.6,77.23,49408,823.47,450.13,11008,183.47,0.0,8448,140.8,90.88,4608,76.8,0.0,5632,93.87,0.0,62464,1041.07,982.19,3328,55.47,0.0,4096,68.27,15.79,37888,631.47,197.97,1536,25.6,0.0,15104,251.73,0.0,256,4.27,0.0,1536,25.6,0.0,1280,21.33,2.99,2304,38.4,17.07,12288,204.8,82.77,13824,230.4,145.92,7680,128.0,0.0,7424,123.73,0.0,18432,307.2,214.19,6144,102.4,0.0,11520,192.0,0.0,10752,179.2,43.09,46080,768.0,400.64,15872,264.53,0.0,48128,802.13,224.43,45824,763.73,136.96,52224,870.4,7.25,57088,951.47,156.16,49408,823.47,0.0,53248,887.47,0.0,47104,785.07,22.61,37120,618.67,0.0,29440,490.67,0.0,5632,93.87,0.0,18688,311.47,271.79,12288,204.8,142.93,1536,25.6,0.0,2560,42.67,0.0,3072,51.2,0.0,63488,1058.13,1018.45,256,4.27,0.0,5632,93.87,0.0,768,12.8,0.0,8704,145.07,0.0,2816,46.93,27.73,16640,277.33,219.31,5632,93.87,0.0,4864,81.07,54.61,10496,174.93,78.51
JPL29,/Users/isaac/Documents/GitHub/PhD_Projects/Eaton-Fire-Ash/Ashes-EDXRF/EXPERT_ENG/WrkExpert/W187U/WORK/Aguilar_Isaac/ash-powders/JPL29.RSP,C,60.0,489160,27195,0,0.0,0.0,0,0.0,0.0,1,0.02,0.02,0,0.0,0.0,12,0.2,0.2,26,0.43,0.43,29,0.48,0.48,47,0.78,0.78,35,0.58,0.58,36,0.6,0.6,32,0.53,0.5,29,0.48,0.23,26,0.43,0.0,26,0.43,0.0,56,0.93,0.37,39,0.65,0.13,70,1.17,0.68,12,0.2,0.0,17,0.28,0.0,19,0.32,0.0,19,0.32,0.0,12,0.2,0.0,22,0.37,0.0,29,0.48,0.11,89,1.48,1.12,102,1.7,0.5,2390,39.83,39.5,11,0.18,0.0,310,5.17,4.46,88,1.47,0.0,70,1.17,0.0,38,0.63,0.34,27,0.45,0.16,15,0.25,0.0,9,0.15,0.0,254,4.23,4.06,10,0.17,0.0,2693,44.88,44.72,8929,148.82,146.83,6,0.1,0.0,48,0.8,0.0,5,0.08,0.0,3,0.05,0.0,9,0.15,0.07,10,0.17,0.07,20,0.33,0.06,20,0.33,0.02,25,0.42,0.13,17,0.28,0.0,49,0.82,0.47,15,0.25,0.0,52,0.87,0.0,42,0.7,0.19,145,2.42,0.88,669,11.15,6.78,198,3.3,0.0,175,2.92,0.0,197,3.28,0.1,241,4.02,0.81,168,2.8,0.0,196,3.27,0.0,172,2.87,0.0,147,2.45,0.0,119,1.98,0.04,18,0.3,0.0,55,0.92,0.77,373,6.22,6.02,3,0.05,0.0,19,0.32,0.07,4,0.07,0.0,305,5.08,4.94,5,0.08,0.0,8050,134.17,131.6,4,0.07,0.0,42,0.7,0.0,5,0.08,0.0,52,0.87,0.67,30,0.5,0.0,9,0.15,0.08,34,0.57,0.17
JPL28,/Users/isaac/Documents/GitHub/PhD_Projects/Eaton-Fire-Ash/Ashes-EDXRF/EXPERT_ENG/WrkExpert/W187U/WORK/Aguilar_Isaac/ash-powders/JPL28.RSP,C,60.0,80749197,3342140,0,0.0,0.0,0,0.0,0.0,0,0.0,0.0,1024,17.07,16.21,7680,128.0,127.15,20736,345.6,344.75,26368,439.47,438.93,32256,537.6,537.6,26368,439.47,439.47,32768,546.13,545.28,28672,477.87,448.43,23040,384.0,180.91,19968,332.8,0.0,21248,354.13,0.0,53248,887.47,461.65,46592,776.53,386.99,48384,806.4,419.41,22016,366.93,0.0,15872,264.53,0.0,15872,264.53,0.0,15872,264.53,0.0,14592,243.2,0.0,13312,221.87,0.0,16128,268.8,10.24,60672,1011.2,760.75,256,4.27,0.0,8192,136.53,0.0,6912,115.2,0.0,7680,128.0,0.0,6656,110.93,0.0,57088,951.47,464.64,27648,460.8,189.01,16640,277.33,78.93,14592,243.2,0.0,8960,149.33,0.0,40192,669.87,518.83,7168,119.47,0.0,512,8.53,0.0,58624,977.07,487.68,3584,59.73,0.0,41472,691.2,276.05,2560,42.67,0.0,3584,59.73,0.0,3584,59.73,7.68,4864,81.07,23.89,14336,238.93,2.56,24064,401.07,122.88,16896,281.6,69.55,16640,277.33,0.0,43008,716.8,472.32,10496,174.93,0.0,37376,622.93,0.0,29952,499.2,137.39,42752,712.53,526.93,58112,968.53,468.91,29952,499.2,0.0,6400,106.67,0.0,13056,217.6,0.0,50176,836.27,619.52,7424,123.73,0.0,25600,426.67,0.0,63232,1053.87,705.28,62208,1036.8,365.65,7168,119.47,0.0,14592,243.2,0.0,49664,827.73,695.04,65024,1083.73,923.73,3584,59.73,0.0,19200,320.0,122.88,6912,115.2,0.0,9216,153.6,24.32,2560,42.67,0.0,54528,908.8,369.07,4096,68.27,0.0,27648,460.8,0.0,7168,119.47,62.72,49152,819.2,686.93,17152,285.87,0.0,6400,106.67,55.89,27904,465.07,191.15
JPL11,/Users/isaac/Documents/GitHub/PhD_Projects/Eaton-Fire-Ash/Ashes-EDXRF/EXPERT_ENG/WrkExpert/W187U/WORK/Aguilar_Isaac/ash-powders/JPL11.RSP,B,60.0,70267382,3485444,0,0.0,0.0,0,0.0,0.0,0,0.0,0.0,256,4.27,4.27,3584,59.73,59.73,8448,140.8,140.8,12544,209.07,209.07,12032,200.53,200.53,9728,162.13,162.13,12032,200.53,200.53,14848,247.47,235.09,14336,238.93,142.93,10240,170.67,0.0,10496,174.93,0.0,21248,354.13,179.2,17152,285.87,123.73,10752,179.2,14.08,7936,132.27,0.0,6912,115.2,0.0,5888,98.13,0.0,5888,98.13,0.0,5376,89.6,0.0,6400,106.67,1.28,5120,85.33,0.0,9728,162.13,63.57,8960,149.33,0.0,20736,345.6,248.75,3584,59.73,0.0,35584,593.07,430.93,23040,384.0,0.0,37632,627.2,290.56,12032,200.53,45.65,8192,136.53,79.36,3840,64.0,0.0,3584,59.73,0.0,51200,853.33,791.47,5376,89.6,0.0,52480,874.67,819.2,49920,832.0,371.63,2048,34.13,0.0,18944,315.73,0.0,1280,21.33,0.0,1536,25.6,0.0,2304,38.4,17.49,2816,46.93,26.03,11264,187.73,94.29,13056,217.6,139.95,5120,85.33,0.0,6912,115.2,0.0,14336,238.93,152.32,4096,68.27,0.0,11520,192.0,0.0,13056,217.6,79.36,38400,640.0,249.17,13056,217.6,13.65,58880,981.33,407.89,48128,802.13,330.67,50688,844.8,0.0,56064,934.4,72.96,53760,896.0,0.0,57344,955.73,160.0,44800,746.67,0.0,44288,738.13,0.0,32512,541.87,0.0,2816,46.93,0.0,25088,418.13,373.33,64000,1066.67,993.28,1536,25.6,0.0,5632,93.87,31.57,1536,25.6,0.0,20480,341.33,294.83,1280,21.33,0.0,47872,797.87,250.03,768,12.8,0.0,9984,166.4,0.0,1536,25.6,4.27,11520,192.0,138.24,6656,110.93,0.0,4096,68.27,43.95,11776,196.27,88.75
JPL51_bkB.S,/Users/isaac/Documents/GitHub/PhD_Projects/Eaton-Fire-Ash/Ashes-EDXRF/EXPERT_ENG/WrkExpert/W187U/WORK/Aguilar_Isaac/ash-powders/JPL51_bkB.S.RSP,B,60.0,71356406,3252184,0,0.0,0.0,0,0.0,0.0,0,0.0,0.0,0,0.0,0.0,5888,98.13,98.13,6912,115.2,115.2,11264,187.73,187.73,11264,187.73,187.73,10240,170.67,170.67,12800,213.33,213.33,9984,166.4,152.32,8448,140.8,46.93,13056,217.6,42.67,11264,187.73,0.0,18176,302.93,130.99,14336,238.93,56.32,13568,226.13,52.05,7680,128.0,0.0,6144,102.4,0.0,3328,55.47,0.0,3328,55.47,0.0,4864,81.07,0.0,4096,68.27,0.0,5120,85.33,0.0,12288,204.8,98.99,10496,174.93,0.0,41984,699.73,615.68,4352,72.53,0.0,37376,622.93,480.43,20480,341.33,0.0,28160,469.33,201.81,9728,162.13,31.15,7680,128.0,70.83,3584,59.73,0.0,2816,46.93,0.0,63744,1062.4,1002.67,2816,46.93,0.0,23296,388.27,342.19,39936,665.6,259.84,1792,29.87,0.0,12800,213.33,0.0,768,12.8,0.0,1792,29.87,0.0,1536,25.6,0.43,1792,29.87,11.09,5888,98.13,33.71,5120,85.33,30.29,3072,51.2,0.0,8448,140.8,0.0,15360,256.0,159.57,5120,85.33,0.0,12288,204.8,0.0,10752,179.2,27.73,47616,793.6,378.03,42240,704.0,485.12,62976,1049.6,548.69,43264,721.07,139.09,60416,1006.93,41.39,8960,149.33,0.0,56832,947.2,41.81,64768,1079.47,442.03,55296,921.6,0.0,51712,861.87,0.0,30976,516.27,0.0,2560,42.67,0.0,23040,384.0,339.63,10240,170.67,107.95,1792,29.87,0.0,5120,85.33,19.63,2560,42.67,0.0,23552,392.53,353.71,768,12.8,0.0,47616,793.6,374.19,1536,25.6,0.0,8192,136.53,0.0,2304,38.4,17.49,10496,174.93,134.83,6400,106.67,0.0,2048,34.13,11.95,9472,157.87,42.24
JPL61_bkB.S,/Users/isaac/Documents/GitHub/PhD_Projects/Eaton-Fire-Ash/Ashes-EDXRF/EXPERT_ENG/WrkExpert/W187U/WORK/Aguilar_Isaac/ash-powders/JPL61_bkB.S.RSP,B,60.0,75183606,3390096,0,0.0,0.0,0,0.0,0.0,256,4.27,4.27,0,0.0,0.0,6144,102.4,102.4,8448,140.8,140.8,14592,243.2,243.2,16384,273.07,273.07,14592,243.2,243.2,12800,213.33,212.48,12288,204.8,189.87,13824,230.4,124.59,9984,166.4,0.0,11520,192.0,0.0,24320,405.33,189.87,10240,170.67,0.0,10240,170.67,0.0,8704,145.07,0.0,9216,153.6,0.0,6144,102.4,0.0,6144,102.4,0.0,7424,123.73,0.0,5120,85.33,0.0,7680,128.0,17.07,10496,174.93,58.45,8192,136.53,0.0,60928,1015.47,907.52,3584,59.73,0.0,22784,379.73,231.25,24064,401.07,0.0,38400,640.0,352.0,10496,174.93,5.55,7424,123.73,60.59,6912,115.2,0.0,4096,68.27,0.0,59904,998.4,920.32,3328,55.47,0.0,11008,183.47,137.81,26112,435.2,0.0,3328,55.47,0.0,25088,418.13,0.0,1024,17.07,0.0,1792,29.87,0.0,1792,29.87,8.53,2048,34.13,8.11,5632,93.87,27.31,7936,132.27,57.17,5376,89.6,0.0,7680,128.0,0.0,16896,281.6,191.15,3584,59.73,0.0,13312,221.87,0.0,9472,157.87,2.99,45056,750.93,314.88,5888,98.13,0.0,60928,1015.47,629.33,44544,742.4,276.48,57344,955.73,0.0,60160,1002.67,69.97,60672,1011.2,83.2,61440,1024.0,393.39,63232,1053.87,74.24,54784,913.07,0.0,37376,622.93,0.0,4608,76.8,0.0,27392,456.53,404.91,5888,98.13,13.23,1792,29.87,0.0,9472,157.87,74.24,1536,25.6,0.0,63232,1053.87,1006.51,1024,17.07,0.0,50176,836.27,325.97,1536,25.6,0.0,8192,136.53,0.0,1024,17.07,0.0,14080,234.67,172.37,7936,132.27,0.0,4352,72.53,50.77,6400,106.67,5.55
JPL09,/Users/isaac/Documents/GitHub/PhD_Projects/Eaton-Fire-Ash/Ashes-EDXRF/EXPERT_ENG/WrkExpert/W187U/WORK/Aguilar_Isaac/ash-powders/JPL09.RSP,B,60.0,72853494,3391936,0,0.0,0.0,0,0.0,0.0,0,0.0,0.0,1280,21.33,20.48,6912,115.2,114.35,8960,149.33,148.48,15104,251.73,251.2,10752,179.2,179.2,12288,204.8,204.37,11776,196.27,194.99,14848,247.47,229.12,10752,179.2,76.8,11264,187.73,0.0,13568,226.13,9.39,23040,384.0,182.61,14592,243.2,65.28,11008,183.47,0.0,9472,157.87,0.0,8448,140.8,0.0,4608,76.8,0.0,4608,76.8,0.0,8960,149.33,27.31,3840,64.0,0.0,4608,76.8,0.0,13056,217.6,96.85,5376,89.6,0.0,41216,686.93,578.13,4096,68.27,0.0,23552,392.53,243.63,22016,366.93,0.0,34048,567.47,277.33,7424,123.73,0.0,7424,123.73,66.13,5632,93.87,0.0,4864,81.07,0.0,53504,891.73,817.07,3328,55.47,0.0,1024,17.07,0.0,8192,136.53,0.0,1536,25.6,0.0,22528,375.47,0.0,1536,25.6,0.0,2048,34.13,0.0,1280,21.33,0.0,2560,42.67,20.05,5888,98.13,34.56,4352,72.53,8.53,4608,76.8,0.0,7424,123.73,0.0,17664,294.4,201.81,3072,51.2,0.0,15104,251.73,4.69,8960,149.33,0.0,44032,733.87,324.27,64768,1079.47,649.39,59648,994.13,652.8,41216,686.93,40.11,62976,1049.6,191.57,61184,1019.73,115.63,512,8.53,0.0,58880,981.33,76.37,54528,908.8,0.0,49920,832.0,0.0,34048,567.47,0.0,7680,128.0,0.0,26624,443.73,392.11,62208,1036.8,955.31,2048,34.13,0.0,5376,89.6,5.12,1792,29.87,0.0,44800,746.67,702.72,1536,25.6,0.0,10752,179.2,0.0,2048,34.13,0.0,11520,192.0,0.0,1792,29.87,7.68,15104,251.73,195.84,9216,153.6,0.0,3072,51.2,26.88,12544,209.07,110.51
JPL52_bkB.S,/Users/isaac/Documents/GitHub/PhD_Projects/Eaton-Fire-Ash/Ashes-EDXRF/EXPERT_ENG/WrkExpert/W187U/WORK/Aguilar_Isaac/ash-powders/JPL52_bkB.S.RSP,B,60.0,72311798,3244856,0,0.0,0.0,0,0.0,0.0,0,0.0,0.0,512,8.53,8.53,3584,59.73,59.73,9728,162.13,162.13,10752,179.2,179.2,11520,192.0,192.0,10496,174.93,174.93,12544,209.07,209.07,9472,157.87,143.36,12800,213.33,113.49,12288,204.8,11.09,9216,153.6,0.0,16896,281.6,104.96,17408,290.13,117.76,15872,264.53,92.16,7424,123.73,0.0,7424,123.73,0.0,4352,72.53,0.0,4352,72.53,0.0,6144,102.4,0.0,5120,85.33,0.0,5120,85.33,0.0,11520,192.0,99.84,11776,196.27,0.0,36096,601.6,495.79,3840,64.0,0.0,47360,789.33,637.87,25344,422.4,0.0,27648,460.8,85.76,6400,106.67,0.0,10240,170.67,104.96,3072,51.2,0.0,3328,55.47,0.0,64512,1075.2,1010.77,2816,46.93,0.0,39936,665.6,608.43,53760,896.0,407.89,1536,25.6,0.0,17152,285.87,0.0,1280,21.33,0.0,1280,21.33,0.0,2048,34.13,11.09,1792,29.87,8.11,8192,136.53,60.59,5888,98.13,35.84,4608,76.8,0.0,7680,128.0,0.0,14080,234.67,142.51,4608,76.8,0.0,15872,264.53,44.8,13312,221.87,88.75,30976,516.27,117.33,57344,955.73,812.37,59392,989.87,650.24,50688,844.8,252.16,61440,1024.0,81.07,6912,115.2,0.0,58624,977.07,32.0,61440,1024.0,187.31,48384,806.4,0.0,51712,861.87,35.84,33024,550.4,0.0,2816,46.93,0.0,20736,345.6,296.53,20224,337.07,274.35,1280,21.33,0.0,3328,55.47,2.56,1792,29.87,0.0,15360,256.0,210.35,1280,21.33,0.0,16640,277.33,0.0,1024,17.07,0.0,11008,183.47,0.0,1536,25.6,3.84,12544,209.07,165.12,8704,145.07,0.0,2560,42.67,16.21,13312,221.87,110.93
JPL33,/Users/isaac/Documents/GitHub/PhD_Projects/Eaton-Fire-Ash/Ashes-EDXRF/EXPERT_ENG/WrkExpert/W187U/WORK/Aguilar_Isaac/ash-powders/JPL33.RSP,B,60.0,71050230,3201624,0,0.0,0.0,0,0.0,0.0,0,0.0,0.0,512,8.53,8.53,3584,59.73,59.73,7424,123.73,123.73,13312,221.87,221.87,12032,200.53,200.53,8704,145.07,145.07,12288,204.8,204.8,11520,192.0,181.33,11008,183.47,90.45,9216,153.6,0.0,10240,170.67,0.0,19456,324.27,133.12,12032,200.53,37.97,13312,221.87,50.35,11520,192.0,19.2,7168,119.47,0.0,4096,68.27,0.0,4096,68.27,0.0,9216,153.6,45.65,5632,93.87,0.0,7680,128.0,31.57,9216,153.6,57.17,8192,136.53,0.0,14592,243.2,138.67,2048,34.13,0.0,32512,541.87,401.92,36864,614.4,136.96,53504,891.73,643.84,12032,200.53,0.0,5632,93.87,38.4,6656,110.93,0.0,3328,55.47,0.0,58112,968.53,906.24,1280,21.33,0.0,8960,149.33,79.79,11520,192.0,0.0,3328,55.47,0.0,22016,366.93,0.0,2304,38.4,0.0,2304,38.4,0.0,1792,29.87,13.65,1024,17.07,0.43,8192,136.53,37.97,9728,162.13,72.53,5376,89.6,0.0,6400,106.67,0.0,9984,166.4,79.79,4096,68.27,0.0,15616,260.27,50.35,9984,166.4,13.65,42752,712.53,317.44,256,4.27,0.0,56576,942.93,445.01,45568,759.47,225.28,60160,1002.67,91.73,1024,17.07,0.0,56064,934.4,19.2,62720,1045.33,153.6,51712,861.87,0.0,46336,772.27,0.0,30976,516.27,0.0,5120,85.33,0.0,32768,546.13,497.49,18432,307.2,232.96,2304,38.4,0.0,3584,59.73,0.0,3072,51.2,0.0,27136,452.27,402.35,2304,38.4,0.0,25856,430.93,0.0,768,12.8,0.0,13824,230.4,0.0,1792,29.87,14.51,23808,396.8,332.37,4608,76.8,0.0,3584,59.73,40.53,9984,166.4,84.91
JPL79_bkB.S,/Users/isaac/Documents/GitHub/PhD_Projects/Eaton-Fire-Ash/Ashes-EDXRF/EXPERT_ENG/WrkExpert/W187U/WORK/Aguilar_Isaac/ash-powders/JPL79_bkB.S.RSP,B,60.0,72323830,3317919,0,0.0,0.0,0,0.0,0.0,0,0.0,0.0,0,0.0,0.0,5376,89.6,89.6,7680,128.0,128.0,14848,247.47,247.47,14592,243.2,243.2,11776,196.27,195.84,11008,183.47,182.61,11520,192.0,176.64,13056,217.6,130.13,9728,162.13,0.0,7168,119.47,0.0,19712,328.53,167.25,22272,371.2,206.93,17664,294.4,116.05,9728,162.13,0.0,8448,140.8,0.0,8960,149.33,4.27,8960,149.33,4.27,5120,85.33,0.0,4096,68.27,0.0,8960,149.33,30.72,13056,217.6,96.43,19968,332.8,0.0,20480,341.33,240.21,2560,42.67,0.0,63744,1062.4,897.28,18432,307.2,0.0,6656,110.93,0.0,25088,418.13,131.84,16896,281.6,214.19,8192,136.53,0.0,6144,102.4,0.0,32000,533.33,468.91,2304,38.4,0.0,19200,320.0,273.49,48384,806.4,534.19,2048,34.13,0.0,9984,166.4,0.0,2560,42.67,0.0,3328,55.47,0.0,3840,64.0,42.24,3072,51.2,28.16,36352,605.87,300.37,44544,742.4,559.79,7168,119.47,0.0,12800,213.33,0.0,41984,699.73,602.45,3328,55.47,0.0,16896,281.6,0.0,11008,183.47,0.0,13824,230.4,0.0,57600,960.0,417.71,61952,1032.53,571.31,55040,917.33,386.56,54272,904.53,21.76,58368,972.8,192.43,52992,883.2,0.0,53504,891.73,48.21,51712,861.87,0.0,45568,759.47,0.0,33024,550.4,0.0,12544,209.07,0.0,15616,260.27,209.07,37376,622.93,572.16,3328,55.47,0.0,3584,59.73,0.0,4352,72.53,0.0,16128,268.8,232.53,2560,42.67,0.0,3072,51.2,0.0,1280,21.33,0.0,4352,72.53,0.0,3328,55.47,34.56,35840,597.33,501.33,6656,110.93,0.0,10496,174.93,148.05,13568,226.13,123.73
JPL40,/Users/isaac/Documents/GitHub/PhD_Projects/Eaton-Fire-Ash/Ashes-EDXRF/EXPERT_ENG/WrkExpert/W187U/WORK/Aguilar_Isaac/ash-powders/JPL40.RSP,C,60.0,471656,25429,0,0.0,0.0,0,0.0,0.0,1,0.02,0.02,0,0.0,0.0,12,0.2,0.2,22,0.37,0.37,33,0.55,0.55,35,0.58,0.58,34,0.57,0.57,38,0.63,0.63,37,0.62,0.57,23,0.38,0.13,25,0.42,0.0,25,0.42,0.0,60,1.0,0.49,54,0.9,0.37,50,0.83,0.3,27,0.45,0.0,20,0.33,0.0,14,0.23,0.0,14,0.23,0.0,28,0.47,0.11,17,0.28,0.0,17,0.28,0.0,73,1.22,0.91,84,1.4,0.19,2089,34.82,34.49,5,0.08,0.0,277,4.62,3.88,93,1.55,0.0,71,1.18,0.0,38,0.63,0.32,20,0.33,0.07,26,0.43,0.07,12,0.2,0.0,179,2.98,2.78,7,0.12,0.0,2670,44.5,44.3,9001,150.02,148.33,10,0.17,0.0,53,0.88,0.0,3,0.05,0.0,9,0.15,0.0,8,0.13,0.05,6,0.1,0.0,28,0.47,0.07,38,0.63,0.08,20,0.33,0.0,28,0.47,0.0,55,0.92,0.58,14,0.23,0.0,46,0.77,0.0,39,0.65,0.2,133,2.22,0.4,526,8.77,4.28,181,3.02,0.0,169,2.82,0.0,195,3.25,0.19,234,3.9,0.89,157,2.62,0.0,178,2.97,0.0,165,2.75,0.0,139,2.32,0.0,93,1.55,0.0,23,0.38,0.0,47,0.78,0.62,283,4.72,4.49,9,0.15,0.0,25,0.42,0.15,9,0.15,0.0,306,5.1,4.94,3,0.05,0.0,8462,141.03,138.88,6,0.1,0.0,27,0.45,0.0,7,0.12,0.02,86,1.43,1.26,21,0.35,0.0,9,0.15,0.08,40,0.67,0.27
JPL94,/Users/isaac/Documents/GitHub/PhD_Projects/Eaton-Fire-Ash/Ashes-EDXRF/EXPERT_ENG/WrkExpert/W187U/WORK/Aguilar_Isaac/ash-powders/JPL94.RSP,B,60.0,70014710,3443988,0,0.0,0.0,0,0.0,0.0,0,0.0,0.0,0,0.0,0.0,5376,89.6,89.6,7680,128.0,128.0,12032,200.53,200.53,10752,179.2,179.2,12800,213.33,213.33,11008,183.47,183.47,9728,162.13,153.17,10496,174.93,83.63,7680,128.0,0.0,11520,192.0,0.0,17664,294.4,123.31,11264,187.73,40.11,9472,157.87,8.96,4608,76.8,0.0,7168,119.47,0.0,6912,115.2,2.13,6912,115.2,2.13,6144,102.4,0.0,3584,59.73,0.0,3584,59.73,0.0,9984,166.4,66.56,9984,166.4,0.0,3840,64.0,0.0,3072,51.2,0.0,25600,426.67,298.24,21248,354.13,0.0,37888,631.47,327.68,8448,140.8,5.12,6144,102.4,48.21,4352,72.53,0.0,4608,76.8,0.0,49408,823.47,756.48,2816,46.93,0.0,41728,695.47,640.43,11776,196.27,0.0,4352,72.53,0.0,21760,362.67,58.03,1024,17.07,0.0,2048,34.13,0.0,768,12.8,0.0,1024,17.07,0.0,11520,192.0,105.81,10496,174.93,81.07,5888,98.13,0.0,7168,119.47,0.0,14848,247.47,157.44,6656,110.93,0.0,15616,260.27,13.23,10240,170.67,34.56,38912,648.53,198.83,54528,908.8,588.8,61696,1028.27,477.44,52992,883.2,313.6,55040,917.33,59.73,58112,968.53,26.45,53248,887.47,0.0,64768,1079.47,261.12,50432,840.53,0.0,48384,806.4,0.0,34816,580.27,21.76,5376,89.6,0.0,24320,405.33,354.99,61440,1024.0,946.77,2048,34.13,0.0,7168,119.47,48.21,1792,29.87,0.0,29696,494.93,450.13,1024,17.07,0.0,31488,524.8,0.0,2048,34.13,0.0,15104,251.73,0.0,2304,38.4,11.09,21504,358.4,300.8,6144,102.4,0.0,2816,46.93,26.88,8448,140.8,43.95
JPL43,/Users/isaac/Documents/GitHub/PhD_Projects/Eaton-Fire-Ash/Ashes-EDXRF/EXPERT_ENG/WrkExpert/W187U/WORK/Aguilar_Isaac/ash-powders/JPL43.RSP,B,60.0,64044534,3318353,0,0.0,0.0,0,0.0,0.0,0,0.0,0.0,256,4.27,3.41,3328,55.47,54.61,5120,85.33,84.48,10496,174.93,174.4,9472,157.87,157.87,11008,183.47,183.47,9472,157.87,157.87,8448,140.8,130.99,9984,166.4,101.97,7936,132.27,0.0,6912,115.2,0.0,24832,413.87,279.89,7680,128.0,0.0,10240,170.67,31.57,7680,128.0,0.0,5888,98.13,0.0,6144,102.4,0.0,6144,102.4,0.0,4608,76.8,0.0,4352,72.53,0.0,4608,76.8,0.0,13312,221.87,129.28,6400,106.67,0.0,2048,34.13,0.0,1024,17.07,0.0,23808,396.8,259.41,21760,362.67,0.0,31744,529.07,218.88,8448,140.8,0.85,4864,81.07,33.71,3584,59.73,0.0,1792,29.87,0.0,44032,733.87,669.44,1536,25.6,0.0,56832,947.2,897.28,9728,162.13,0.0,1024,17.07,0.0,19712,328.53,0.0,1024,17.07,0.0,1792,29.87,0.0,2048,34.13,17.07,1792,29.87,4.69,5120,85.33,0.0,6400,106.67,0.0,4608,76.8,0.0,6144,102.4,0.0,9472,157.87,72.53,3584,59.73,0.0,14592,243.2,54.61,10496,174.93,48.21,36352,605.87,235.95,58880,981.33,699.31,59904,998.4,509.01,42496,708.27,83.63,51456,857.6,5.55,55296,921.6,75.09,53760,896.0,81.07,54528,908.8,31.57,50944,849.07,69.12,41216,686.93,0.0,25856,430.93,0.0,4352,72.53,0.0,30464,507.73,465.92,56064,934.4,862.29,1792,29.87,0.0,6656,110.93,46.08,2304,38.4,0.0,50944,849.07,808.53,1024,17.07,0.0,15104,251.73,0.0,768,12.8,0.0,8960,149.33,0.0,3072,51.2,30.72,46848,780.8,724.05,6912,115.2,0.0,1536,25.6,4.69,8704,145.07,52.91
JPL95,/Users/isaac/Documents/GitHub/PhD_Projects/Eaton-Fire-Ash/Ashes-EDXRF/EXPERT_ENG/WrkExpert/W187U/WORK/Aguilar_Isaac/ash-powders/JPL95.RSP,B,60.0,63912182,3447960,0,0.0,0.0,0,0.0,0.0,0,0.0,0.0,0,0.0,0.0,3840,64.0,64.0,5632,93.87,93.87,7680,128.0,128.0,9216,153.6,153.6,11264,187.73,187.73,9984,166.4,165.12,7936,132.27,122.88,8960,149.33,77.23,6912,115.2,0.0,11520,192.0,34.99,19200,320.0,187.73,10752,179.2,48.21,9216,153.6,21.76,6656,110.93,0.0,5632,93.87,0.0,3584,59.73,0.0,3584,59.73,0.0,2816,46.93,0.0,4864,81.07,0.0,4352,72.53,0.0,11776,196.27,113.07,7168,119.47,0.0,13568,226.13,148.05,2048,34.13,0.0,33024,550.4,437.76,28416,473.6,55.04,41984,699.73,365.65,9472,157.87,0.0,8192,136.53,96.0,5632,93.87,0.0,3328,55.47,0.0,56320,938.67,869.97,2816,46.93,0.0,23552,392.53,339.2,24064,401.07,0.0,2560,42.67,0.0,23808,396.8,0.0,1536,25.6,0.0,2048,34.13,0.0,1792,29.87,5.97,1792,29.87,3.84,6144,102.4,0.0,9216,153.6,0.0,4096,68.27,0.0,5376,89.6,0.0,15616,260.27,164.27,7168,119.47,0.0,15616,260.27,14.93,11264,187.73,46.08,36864,614.4,215.47,12544,209.07,10.24,51712,861.87,317.01,48640,810.67,265.39,45056,750.93,0.0,59392,989.87,175.36,47616,793.6,0.0,51200,853.33,0.0,41728,695.47,0.0,37888,631.47,0.0,34304,571.73,105.39,7168,119.47,0.0,29696,494.93,443.73,13056,217.6,148.48,2048,34.13,0.0,7168,119.47,47.36,2816,46.93,0.0,54528,908.8,865.28,1536,25.6,0.0,33024,550.4,47.79,768,12.8,0.0,9728,162.13,0.0,3328,55.47,31.15,60416,1006.93,944.64,7424,123.73,0.0,3072,51.2,23.47,10752,179.2,70.83
JPL50,/Users/isaac/Documents/GitHub/PhD_Projects/Eaton-Fire-Ash/Ashes-EDXRF/EXPERT_ENG/WrkExpert/W187U/WORK/Aguilar_Isaac/ash-powders/JPL50.RSP,B,60.0,69775862,3262442,0,0.0,0.0,0,0.0,0.0,0,0.0,0.0,256,4.27,4.27,3840,64.0,64.0,7936,132.27,132.27,12800,213.33,213.33,11520,192.0,192.0,12032,200.53,200.53,8960,149.33,148.91,9728,162.13,146.77,9216,153.6,64.43,9984,166.4,0.0,8960,149.33,0.0,19712,328.53,158.29,15104,251.73,84.48,16128,268.8,103.68,8192,136.53,0.0,5376,89.6,0.0,4864,81.07,0.0,4864,81.07,0.0,6912,115.2,5.97,6144,102.4,0.0,3328,55.47,0.0,17664,294.4,191.57,12800,213.33,0.0,55040,917.33,826.88,3584,59.73,0.0,49664,827.73,654.93,21760,362.67,0.0,29440,490.67,52.05,9728,162.13,30.29,7680,128.0,61.01,2560,42.67,0.0,3584,59.73,0.0,13568,226.13,165.55,2816,46.93,0.0,10240,170.67,118.61,55040,917.33,474.03,3072,51.2,0.0,17664,294.4,0.0,768,12.8,0.0,768,12.8,0.0,3072,51.2,30.72,1536,25.6,1.71,5632,93.87,8.53,8960,149.33,63.57,5632,93.87,0.0,5376,89.6,0.0,12544,209.07,114.77,5632,93.87,0.0,12544,209.07,0.0,10496,174.93,55.89,38912,648.53,260.27,8960,149.33,0.0,60928,1015.47,276.05,48128,802.13,416.43,55808,930.13,40.96,3328,55.47,0.0,54528,908.8,14.93,54528,908.8,0.0,41728,695.47,0.0,48384,806.4,0.0,30464,507.73,0.0,3328,55.47,0.0,23296,388.27,340.91,38400,640.0,581.97,768,12.8,0.0,5120,85.33,29.01,1792,29.87,0.0,1792,29.87,0.0,768,12.8,0.0,21248,354.13,0.0,512,8.53,0.0,7936,132.27,0.0,3328,55.47,34.13,16896,281.6,235.52,6656,110.93,0.0,2816,46.93,23.47,9216,153.6,57.17
XPAH26,/Users/isaac/Documents/GitHub/PhD_Projects/Eaton-Fire-Ash/Ashes-EDXRF/EXPERT_ENG/WrkExpert/W187U/WORK/Aguilar_Isaac/ash-powders/XPAH26.RSP,A,60.0,84888205,3431816,0,0.0,0.0,0,0.0,0.0,512,8.53,4.27,512,8.53,4.27,7680,128.0,123.73,18432,307.2,302.93,28416,473.6,470.93,28672,477.87,477.44,29696,494.93,494.93,25600,426.67,424.53,20992,349.87,320.43,28672,477.87,283.31,24320,405.33,26.03,22272,371.2,0.0,1536,25.6,0.0,27392,456.53,71.25,43520,725.33,346.03,17408,290.13,0.0,22272,371.2,0.0,23040,384.0,80.21,23040,384.0,80.21,14336,238.93,0.0,13056,217.6,0.0,14336,238.93,0.0,19456,324.27,0.0,50176,836.27,491.09,24576,409.6,181.33,6656,110.93,0.0,19456,324.27,55.04,7680,128.0,0.0,64512,1075.2,647.25,28160,469.33,204.8,12544,209.07,36.27,11776,196.27,0.0,7680,128.0,0.0,38656,644.27,509.44,5632,93.87,0.0,6912,115.2,18.35,26112,435.2,39.25,8192,136.53,0.0,41472,691.2,196.27,13568,226.13,0.0,12800,213.33,0.0,8704,145.07,0.0,47360,789.33,459.09,8960,149.33,0.0,49408,823.47,128.0,13568,226.13,0.0,8448,140.8,0.0,40448,674.13,436.48,23808,396.8,0.0,39936,665.6,0.0,52736,878.93,575.57,11776,196.27,0.0,25856,430.93,22.61,7680,128.0,0.0,42496,708.27,265.39,10752,179.2,0.0,62720,1045.33,128.43,58112,968.53,222.29,5120,85.33,0.0,11520,192.0,0.0,43008,716.8,0.0,13824,230.4,39.68,11008,183.47,0.0,21504,358.4,261.12,60928,1015.47,881.92,12800,213.33,0.0,9728,162.13,0.0,20992,349.87,0.0,1024,17.07,0.0,13568,226.13,0.0,17152,285.87,0.0,13056,217.6,0.0,17920,298.67,0.0,48640,810.67,493.23,27904,465.07,179.2,18944,315.73,0.0,3328,55.47,0.0,46592,776.53,509.87
XPAH53,/Users/isaac/Documents/GitHub/PhD_Projects/Eaton-Fire-Ash/Ashes-EDXRF/EXPERT_ENG/WrkExpert/W187U/WORK/Aguilar_Isaac/ash-powders/XPAH53.RSP,A,60.0,97100685,3049312,0,0.0,0.0,0,0.0,0.0,0,0.0,0.0,256,4.27,3.41,16640,277.33,276.48,27904,465.07,464.21,51200,853.33,852.8,44032,733.87,733.87,47360,789.33,788.91,39168,652.8,650.24,50432,840.53,778.67,46080,768.0,421.97,42752,712.53,6.83,44288,738.13,0.0,23808,396.8,0.0,42752,712.53,36.69,34304,571.73,0.0,29184,486.4,0.0,22528,375.47,0.0,28672,477.87,0.0,28672,477.87,0.0,22016,366.93,0.0,18176,302.93,0.0,22784,379.73,2.13,49152,819.2,415.15,21760,362.67,0.0,41472,691.2,337.07,11776,196.27,0.0,50944,849.07,443.73,43520,725.33,220.59,33792,563.2,143.36,34560,576.0,256.0,19200,320.0,114.77,17152,285.87,0.0,13568,226.13,0.0,28672,477.87,255.57,8960,149.33,0.0,52736,878.93,717.23,26880,448.0,0.0,8704,145.07,0.0,256,4.27,0.0,5120,85.33,0.0,6912,115.2,0.0,5888,98.13,36.69,6400,106.67,27.31,11520,192.0,42.24,13312,221.87,44.8,17152,285.87,87.47,23808,396.8,0.0,32000,533.33,270.93,15616,260.27,0.0,41472,691.2,131.41,27136,452.27,95.57,22784,379.73,0.0,3072,51.2,0.0,10496,174.93,0.0,22272,371.2,0.0,62976,1049.6,161.71,8704,145.07,0.0,60416,1006.93,655.79,19456,324.27,0.0,56064,934.4,151.47,51712,861.87,0.0,62208,1036.8,845.65,22272,371.2,0.0,56064,934.4,765.87,6144,102.4,0.0,6912,115.2,0.0,19968,332.8,61.44,4864,81.07,0.0,39680,661.33,513.28,5120,85.33,0.0,40448,674.13,121.6,3328,55.47,0.0,45056,750.93,255.57,6144,102.4,30.72,16640,277.33,102.83,18432,307.2,0.0,5120,85.33,26.03,30976,516.27,237.23
XPAH51,/Users/isaac/Documents/GitHub/PhD_Projects/Eaton-Fire-Ash/Ashes-EDXRF/EXPERT_ENG/WrkExpert/W187U/WORK/Aguilar_Isaac/ash-powders/XPAH51.RSP,A,60.0,87644813,2854058,0,0.0,0.0,0,0.0,0.0,0,0.0,0.0,512,8.53,8.53,11008,183.47,183.47,24064,401.07,401.07,31232,520.53,520.53,39936,665.6,665.6,36352,605.87,605.87,36864,614.4,612.69,31744,529.07,501.33,33024,550.4,299.95,28672,477.87,0.0,28928,482.13,0.0,19200,320.0,0.0,34304,571.73,56.75,32256,537.6,15.79,22528,375.47,0.0,20224,337.07,0.0,19712,328.53,0.0,19712,328.53,0.0,16384,273.07,0.0,12288,204.8,0.0,16896,281.6,0.0,44544,742.4,421.12,25088,418.13,0.0,26880,448.0,186.45,10752,179.2,0.0,48640,810.67,480.85,64000,1066.67,631.47,49920,832.0,416.0,46080,768.0,430.51,30208,503.47,341.76,18176,302.93,0.0,12544,209.07,0.0,29952,499.2,268.8,12032,200.53,0.0,14336,238.93,75.09,25856,430.93,0.0,8960,149.33,0.0,1792,29.87,0.0,4352,72.53,0.0,5632,93.87,0.0,6144,102.4,34.13,6656,110.93,46.51,11520,192.0,44.37,13568,226.13,63.57,15616,260.27,75.95,22528,375.47,0.0,35328,588.8,343.04,13312,221.87,0.0,39680,661.33,152.32,34304,571.73,200.96,30464,507.73,0.0,37888,631.47,88.75,45824,763.73,52.05,5376,89.6,0.0,29696,494.93,0.0,51968,866.13,443.73,41984,699.73,0.0,48640,810.67,84.05,33280,554.67,127.15,18432,307.2,0.0,33280,554.67,0.0,23552,392.53,0.0,12544,209.07,24.32,17920,298.67,53.33,5632,93.87,0.0,23552,392.53,133.12,7680,128.0,0.0,27392,456.53,295.25,4352,72.53,0.0,18944,315.73,0.0,4864,81.07,0.0,45056,750.93,234.67,6400,106.67,40.96,22016,366.93,211.63,18432,307.2,0.0,6656,110.93,34.56,28672,477.87,196.27
XPAH55,/Users/isaac/Documents/GitHub/PhD_Projects/Eaton-Fire-Ash/Ashes-EDXRF/EXPERT_ENG/WrkExpert/W187U/WORK/Aguilar_Isaac/ash-powders/XPAH55.RSP,A,60.0,84923533,3006892,0,0.0,0.0,0,0.0,0.0,256,4.27,4.27,768,12.8,12.8,10752,179.2,179.2,17408,290.13,290.13,32000,533.33,533.33,35840,597.33,597.33,29952,499.2,498.77,34816,580.27,578.99,30720,512.0,483.84,31232,520.53,314.03,26112,435.2,11.09,22016,366.93,0.0,14080,234.67,0.0,25088,418.13,0.0,25856,430.93,27.31,22784,379.73,0.0,15616,260.27,0.0,17920,298.67,0.0,17920,298.67,0.0,13312,221.87,0.0,15872,264.53,0.0,12032,200.53,0.0,46080,768.0,491.95,23296,388.27,0.0,30464,507.73,273.92,8960,149.33,0.0,10240,170.67,0.0,13824,230.4,0.0,41728,695.47,337.92,44288,738.13,433.92,18176,302.93,148.05,16896,281.6,0.0,11776,196.27,0.0,22272,371.2,168.11,7168,119.47,0.0,41984,699.73,554.24,9728,162.13,0.0,8192,136.53,0.0,1792,29.87,0.0,5632,93.87,0.0,4352,72.53,0.0,6400,106.67,59.31,5632,93.87,43.09,9472,157.87,34.99,7936,132.27,11.09,10496,174.93,0.0,18432,307.2,0.0,35072,584.53,353.71,12800,213.33,0.0,39680,661.33,90.88,33792,563.2,197.12,41984,699.73,0.0,1024,17.07,0.0,18944,315.73,0.0,8960,149.33,0.0,24576,409.6,93.87,32768,546.13,316.16,10240,170.67,0.0,19456,324.27,0.0,61184,1019.73,824.32,256,4.27,0.0,22272,371.2,0.0,21504,358.4,0.0,61184,1019.73,870.4,61440,1024.0,802.99,4352,72.53,0.0,16384,273.07,34.13,4352,72.53,0.0,29696,494.93,366.08,5632,93.87,0.0,45568,759.47,291.84,2304,38.4,0.0,39936,665.6,146.77,5120,85.33,37.12,13056,217.6,89.17,19456,324.27,22.61,6400,106.67,41.39,26624,443.73,165.97
XPAH56,/Users/isaac/Documents/GitHub/PhD_Projects/Eaton-Fire-Ash/Ashes-EDXRF/EXPERT_ENG/WrkExpert/W187U/WORK/Aguilar_Isaac/ash-powders/XPAH56.RSP,A,60.0,92029581,3080840,0,0.0,0.0,0,0.0,0.0,256,4.27,3.41,256,4.27,3.41,12032,200.53,199.68,18176,302.93,302.08,37632,627.2,626.67,41472,691.2,691.2,34048,567.47,567.47,33536,558.93,558.51,41728,695.47,656.21,30720,512.0,246.61,32512,541.87,0.0,30464,507.73,0.0,14848,247.47,0.0,30464,507.73,0.0,34560,576.0,41.81,25088,418.13,0.0,18944,315.73,0.0,19200,320.0,0.0,19200,320.0,0.0,17664,294.4,0.0,17152,285.87,0.0,20224,337.07,0.0,52736,878.93,524.37,31232,520.53,39.68,8960,149.33,0.0,9728,162.13,0.0,9728,162.13,0.0,48384,806.4,316.16,19968,332.8,0.0,35840,597.33,239.79,24064,401.07,212.91,20224,337.07,0.0,8960,149.33,0.0,33280,554.67,344.75,11264,187.73,0.0,16128,268.8,108.8,28160,469.33,0.0,7936,132.27,0.0,2048,34.13,0.0,5632,93.87,0.0,8704,145.07,0.0,8448,140.8,58.45,6912,115.2,37.97,12032,200.53,11.52,18176,302.93,116.48,17920,298.67,96.43,18688,311.47,0.0,35072,584.53,325.55,10240,170.67,0.0,39168,652.8,53.76,32768,546.13,166.83,35072,584.53,0.0,7168,119.47,0.0,56320,938.67,382.72,768,12.8,0.0,44544,742.4,84.05,4608,76.8,0.0,38144,635.73,0.0,47616,793.6,0.0,27136,452.27,0.0,32512,541.87,39.68,41728,695.47,0.0,22016,366.93,0.0,2304,38.4,0.0,13824,230.4,0.0,8704,145.07,0.0,23296,388.27,79.36,8448,140.8,0.0,57344,955.73,807.25,5632,93.87,0.0,44544,742.4,156.59,7680,128.0,0.0,40192,669.87,194.99,4864,81.07,7.25,27648,460.8,304.64,18944,315.73,0.0,4096,68.27,0.0,33536,558.93,279.04
XPAH20_A.S_3,/Users/isaac/Documents/GitHub/PhD_Projects/Eaton-Fire-Ash/Ashes-EDXRF/EXPERT_ENG/WrkExpert/W187U/WORK/Aguilar_Isaac/ash-powders/XPAH20_A.S_3.RSP,C,60.0,1612898,32072,0,0.0,0.0,0,0.0,0.0,0,0.0,0.0,4,0.07,0.07,40,0.67,0.67,97,1.62,1.62,159,2.65,2.65,148,2.47,2.47,154,2.57,2.57,148,2.47,2.47,137,2.28,2.15,151,2.52,1.53,122,2.03,0.0,113,1.88,0.0,197,3.28,0.98,406,6.77,4.65,569,9.48,7.36,126,2.1,0.08,134,2.23,0.0,95,1.58,0.0,95,1.58,0.0,106,1.77,0.0,101,1.68,0.0,99,1.65,0.0,142,2.37,0.74,1071,17.85,15.65,28680,478.0,476.22,47,0.78,0.0,3680,61.33,59.2,651,10.85,0.0,680,11.33,0.0,213,3.55,0.8,228,3.8,1.77,116,1.93,0.0,50,0.83,0.0,110,1.83,1.04,30,0.5,0.0,1166,19.43,19.02,3897,64.95,63.86,20,0.33,0.0,44,0.73,0.0,20,0.33,0.0,29,0.48,0.13,46,0.77,0.42,52,0.87,0.51,306,5.1,1.72,659,10.98,10.46,51,0.85,0.0,87,1.45,0.0,1370,22.83,21.93,37,0.62,0.0,163,2.72,0.0,96,1.6,0.0,3271,54.52,51.3,767,12.78,6.32,538,8.97,0.01,637,10.62,0.0,524,8.73,0.0,530,8.83,0.74,513,8.55,0.0,537,8.95,0.0,535,8.92,0.0,537,8.95,0.0,390,6.5,0.0,105,1.75,0.0,28,0.47,0.0,118,1.97,1.28,29,0.48,0.13,32,0.53,0.0,42,0.7,0.0,144,2.4,1.98,20,0.33,0.0,3446,57.43,56.16,22,0.37,0.0,26,0.43,0.0,42,0.7,0.36,38,0.63,0.0,59,0.98,0.0,92,1.53,1.22,262,4.37,3.36
XPAH20_A.S_2,/Users/isaac/Documents/GitHub/PhD_Projects/Eaton-Fire-Ash/Ashes-EDXRF/EXPERT_ENG/WrkExpert/W187U/WORK/Aguilar_Isaac/ash-powders/XPAH20_A.S_2.RSP,C,60.0,1656540,32143,0,0.0,0.0,0,0.0,0.0,1,0.02,0.01,1,0.02,0.01,44,0.73,0.72,83,1.38,1.37,152,2.53,2.53,187,3.12,3.12,187,3.12,3.12,140,2.33,2.33,127,2.12,1.96,153,2.55,1.52,125,2.08,0.0,131,2.18,0.0,169,2.82,0.53,445,7.42,5.27,514,8.57,6.46,119,1.98,0.0,138,2.3,0.0,97,1.62,0.0,97,1.62,0.0,96,1.6,0.0,124,2.07,0.0,120,2.0,0.19,138,2.3,0.47,1112,18.53,16.22,29857,497.62,495.74,44,0.73,0.0,3904,65.07,62.86,607,10.12,0.0,568,9.47,0.0,229,3.82,1.28,165,2.75,0.6,88,1.47,0.0,53,0.88,0.0,94,1.57,0.83,42,0.7,0.0,876,14.6,14.24,3074,51.23,50.2,18,0.3,0.0,43,0.72,0.0,26,0.43,0.0,23,0.38,0.02,40,0.67,0.34,48,0.8,0.47,335,5.58,1.66,721,12.02,11.43,57,0.95,0.0,95,1.58,0.0,1513,25.22,24.29,37,0.62,0.0,174,2.9,0.0,95,1.58,0.0,3772,62.87,59.47,770,12.83,6.44,469,7.82,0.0,715,11.92,0.0,553,9.22,0.47,543,9.05,1.0,585,9.75,0.4,538,8.97,0.0,569,9.48,0.34,529,8.82,0.0,419,6.98,0.0,99,1.65,0.0,34,0.57,0.0,118,1.97,1.38,23,0.38,0.02,17,0.28,0.0,66,1.1,0.0,102,1.7,1.27,26,0.43,0.0,2929,48.82,47.65,19,0.32,0.0,21,0.35,0.0,48,0.8,0.47,38,0.63,0.0,62,1.03,0.0,82,1.37,1.04,336,5.6,4.58
XPAH58,/Users/isaac/Documents/GitHub/PhD_Projects/Eaton-Fire-Ash/Ashes-EDXRF/EXPERT_ENG/WrkExpert/W187U/WORK/Aguilar_Isaac/ash-powders/XPAH58.RSP,A,60.0,86408077,2053634,0,0.0,0.0,0,0.0,0.0,0,0.0,0.0,512,8.53,7.68,12800,213.33,212.48,19968,332.8,331.95,35328,588.8,588.27,36352,605.87,605.87,33536,558.93,558.93,36608,610.13,610.13,42752,712.53,682.24,32768,546.13,288.85,29184,486.4,0.0,34560,576.0,0.0,43264,721.07,128.43,29952,499.2,0.0,60416,1006.93,475.31,27392,456.53,0.0,28928,482.13,0.0,18944,315.73,0.0,18944,315.73,0.0,20224,337.07,0.0,21248,354.13,0.0,23552,392.53,43.09,30208,503.47,164.69,36608,610.13,86.61,9216,153.6,0.0,12288,204.8,0.0,16640,277.33,0.0,36352,605.87,0.0,57344,955.73,596.91,18432,307.2,14.93,24320,405.33,71.25,8448,140.8,0.0,11264,187.73,0.0,27392,456.53,307.63,6144,102.4,0.0,1024,17.07,0.0,56832,947.2,681.81,5120,85.33,0.0,9984,166.4,0.0,2048,34.13,0.0,5888,98.13,4.27,6912,115.2,49.49,5632,93.87,32.0,15872,264.53,0.0,33280,554.67,217.17,13312,221.87,0.0,9728,162.13,0.0,25088,418.13,204.8,9216,153.6,20.91,31744,529.07,109.65,23808,396.8,119.04,4864,81.07,0.0,15360,256.0,0.0,20224,337.07,0.0,64256,1070.93,637.01,28416,473.6,74.67,26624,443.73,247.04,33280,554.67,0.0,34048,567.47,104.96,24832,413.87,0.0,9472,157.87,0.0,40192,669.87,0.0,12032,200.53,0.0,6656,110.93,5.97,32768,546.13,423.68,5888,98.13,4.27,3840,64.0,0.0,8960,149.33,0.0,44032,733.87,654.08,2048,34.13,0.0,512,8.53,0.0,1792,29.87,0.0,6656,110.93,0.0,5632,93.87,30.29,57856,964.27,750.51,17408,290.13,0.0,7680,128.0,64.85,29952,499.2,256.0
XPAH20_A.S_1,/Users/isaac/Documents/GitHub/PhD_Projects/Eaton-Fire-Ash/Ashes-EDXRF/EXPERT_ENG/WrkExpert/W187U/WORK/Aguilar_Isaac/ash-powders/XPAH20_A.S_1.RSP,C,60.0,1676534,32424,0,0.0,0.0,0,0.0,0.0,0,0.0,0.0,1,0.02,0.01,36,0.6,0.59,101,1.68,1.68,174,2.9,2.9,176,2.93,2.93,153,2.55,2.55,131,2.18,2.18,132,2.2,2.07,153,2.55,1.46,130,2.17,0.0,132,2.2,0.0,186,3.1,0.72,418,6.97,4.57,553,9.22,6.93,149,2.48,0.22,141,2.35,0.0,118,1.97,0.0,118,1.97,0.0,115,1.92,0.0,90,1.5,0.0,102,1.7,0.0,105,1.75,0.0,1177,19.62,17.4,29854,497.57,495.66,62,1.03,0.0,3960,66.0,63.84,581,9.68,0.0,672,11.2,0.0,207,3.45,0.92,159,2.65,0.57,99,1.65,0.0,55,0.92,0.0,95,1.58,0.86,33,0.55,0.0,937,15.62,15.25,3049,50.82,49.68,19,0.32,0.0,46,0.77,0.0,17,0.28,0.0,30,0.5,0.15,48,0.8,0.45,56,0.93,0.55,323,5.38,1.71,698,11.63,11.03,59,0.98,0.0,90,1.5,0.0,1352,22.53,21.64,40,0.67,0.0,159,2.65,0.0,99,1.65,0.0,3576,59.6,56.34,761,12.68,6.64,520,8.67,0.27,685,11.42,0.0,577,9.62,0.73,560,9.33,0.98,549,9.15,0.0,517,8.62,0.0,538,8.97,0.0,521,8.68,0.0,429,7.15,0.0,105,1.75,0.0,24,0.4,0.0,124,2.07,1.42,30,0.5,0.15,23,0.38,0.0,91,1.52,0.0,118,1.97,1.55,17,0.28,0.0,2787,46.45,45.15,24,0.4,0.0,21,0.35,0.0,74,1.23,0.88,39,0.65,0.0,55,0.92,0.0,105,1.75,1.43,283,4.72,3.75
XPAH29_bkB.S,/Users/isaac/Documents/GitHub/PhD_Projects/Eaton-Fire-Ash/Ashes-EDXRF/EXPERT_ENG/WrkExpert/W187U/WORK/Aguilar_Isaac/ash-powders/XPAH29_bkB.S.RSP,C,60.0,536617,14214,0,0.0,0.0,0,0.0,0.0,1,0.02,0.02,0,0.0,0.0,17,0.28,0.28,31,0.52,0.52,45,0.75,0.75,40,0.67,0.67,44,0.73,0.73,33,0.55,0.55,32,0.53,0.49,42,0.7,0.41,27,0.45,0.0,29,0.48,0.0,59,0.98,0.42,33,0.55,0.03,33,0.55,0.04,24,0.4,0.0,15,0.25,0.0,19,0.32,0.0,19,0.32,0.0,19,0.32,0.0,15,0.25,0.0,13,0.22,0.0,55,0.92,0.53,20,0.33,0.0,420,7.0,6.67,9,0.15,0.0,65,1.08,0.57,152,2.53,1.38,145,2.42,1.53,48,0.8,0.23,25,0.42,0.18,19,0.32,0.0,16,0.27,0.0,158,2.63,2.33,10,0.17,0.0,4726,78.77,78.56,14316,238.6,237.21,14,0.23,0.0,113,1.88,0.0,2,0.03,0.0,8,0.13,0.0,8,0.13,0.06,12,0.2,0.12,22,0.37,0.11,25,0.42,0.16,15,0.25,0.0,24,0.4,0.0,55,0.92,0.61,14,0.23,0.0,44,0.73,0.0,37,0.62,0.07,149,2.48,1.05,330,5.5,0.0,231,3.85,0.0,172,2.87,0.0,241,4.02,0.63,239,3.98,0.65,202,3.37,0.0,224,3.73,0.14,175,2.92,0.0,180,3.0,0.0,139,2.32,0.3,20,0.33,0.0,102,1.7,1.48,231,3.85,3.52,8,0.13,0.0,36,0.6,0.26,10,0.17,0.0,564,9.4,9.2,2,0.03,0.0,13107,218.45,216.76,5,0.08,0.0,62,1.03,0.0,7,0.12,0.03,29,0.48,0.27,22,0.37,0.0,8,0.13,0.07,42,0.7,0.35
XPAH20_bkB,/Users/isaac/Documents/GitHub/PhD_Projects/Eaton-Fire-Ash/Ashes-EDXRF/EXPERT_ENG/WrkExpert/W187U/WORK/Aguilar_Isaac/ash-powders/XPAH20_bkB.RSP,C,60.0,551160,32407,0,0.0,0.0,0,0.0,0.0,1,0.02,0.01,0,0.0,0.0,9,0.15,0.15,26,0.43,0.43,40,0.67,0.66,44,0.73,0.73,42,0.7,0.7,56,0.93,0.93,33,0.55,0.51,40,0.67,0.31,37,0.62,0.0,42,0.7,0.0,64,1.07,0.39,162,2.7,2.06,165,2.75,2.08,39,0.65,0.0,34,0.57,0.0,35,0.58,0.0,35,0.58,0.0,37,0.62,0.0,30,0.5,0.0,47,0.78,0.24,41,0.68,0.16,325,5.42,4.69,9315,155.25,154.66,17,0.28,0.0,1222,20.37,19.69,175,2.92,0.0,223,3.72,0.0,64,1.07,0.16,78,1.3,0.62,23,0.38,0.0,15,0.25,0.0,31,0.52,0.31,11,0.18,0.0,312,5.2,5.09,1045,17.42,17.04,6,0.1,0.0,14,0.23,0.0,4,0.07,0.0,11,0.18,0.06,11,0.18,0.08,23,0.38,0.28,105,1.75,0.67,229,3.82,3.64,12,0.2,0.0,32,0.53,0.0,417,6.95,6.67,14,0.23,0.0,51,0.85,0.0,34,0.57,0.0,1128,18.8,17.69,226,3.77,1.82,143,2.38,0.0,223,3.72,0.0,175,2.92,0.0,196,3.27,0.72,198,3.3,0.36,183,3.05,0.08,162,2.7,0.0,169,2.82,0.02,123,2.05,0.01,33,0.55,0.0,6,0.1,0.0,42,0.7,0.53,11,0.18,0.06,6,0.1,0.0,20,0.33,0.0,42,0.7,0.58,4,0.07,0.0,963,16.05,15.61,7,0.12,0.0,5,0.08,0.0,15,0.25,0.14,14,0.23,0.0,23,0.38,0.0,24,0.4,0.32,78,1.3,0.98
XPAH28,/Users/isaac/Documents/GitHub/PhD_Projects/Eaton-Fire-Ash/Ashes-EDXRF/EXPERT_ENG/WrkExpert/W187U/WORK/Aguilar_Isaac/ash-powders/XPAH28.RSP,A,60.0,84523661,2644183,0,0.0,0.0,0,0.0,0.0,0,0.0,0.0,256,4.27,2.56,11776,196.27,194.56,19968,332.8,331.09,33024,550.4,549.33,32256,537.6,537.6,33024,550.4,550.4,22272,371.2,371.2,33280,554.67,514.13,27392,456.53,221.87,29440,490.67,24.75,25344,422.4,0.0,62464,1041.07,584.96,30464,507.73,62.29,32256,537.6,112.21,19968,332.8,0.0,27392,456.53,3.41,19456,324.27,0.0,19456,324.27,0.0,16384,273.07,0.0,11520,192.0,0.0,12544,209.07,0.0,18944,315.73,30.72,32256,537.6,163.84,10240,170.67,0.0,9728,162.13,0.0,34816,580.27,326.4,63232,1053.87,510.72,3840,64.0,0.0,27904,465.07,109.23,30720,512.0,338.77,12544,209.07,0.0,13568,226.13,0.0,58112,968.53,789.76,5888,98.13,0.0,22016,366.93,250.88,62976,1049.6,530.77,7424,123.73,0.0,24576,409.6,0.0,7936,132.27,0.0,6144,102.4,0.0,13824,230.4,121.17,17920,298.67,194.99,16896,281.6,0.0,5376,89.6,0.0,30464,507.73,0.0,41984,699.73,212.91,45824,763.73,285.87,22272,371.2,0.0,47360,789.33,362.24,51456,857.6,349.44,52736,878.93,346.03,6144,102.4,0.0,4096,68.27,0.0,65280,1088.0,429.65,24064,401.07,190.72,16640,277.33,0.0,61184,1019.73,842.67,11776,196.27,0.0,62464,1041.07,662.61,58624,977.07,119.47,26368,439.47,22.19,13568,226.13,0.0,20992,349.87,222.72,19200,320.0,160.0,6144,102.4,0.0,7936,132.27,0.0,10752,179.2,0.0,51456,857.6,752.21,7936,132.27,0.0,64000,1066.67,546.56,7680,128.0,0.0,15104,251.73,0.0,12544,209.07,100.27,29952,499.2,354.56,39424,657.07,128.43,30464,507.73,320.43,2816,46.93,0.0
GPS09,/Users/isaac/Documents/GitHub/PhD_Projects/Eaton-Fire-Ash/Ashes-EDXRF/EXPERT_ENG/WrkExpert/W187U/WORK/Aguilar_Isaac/ash-powders/GPS09.RSP,B,60.0,64037110,3288466,0,0.0,0.0,0,0.0,0.0,0,0.0,0.0,256,4.27,4.27,3584,59.73,59.73,5376,89.6,89.6,8448,140.8,140.8,12544,209.07,209.07,9984,166.4,166.4,6912,115.2,115.2,10496,174.93,167.68,11264,187.73,124.59,7168,119.47,0.0,7424,123.73,0.0,20992,349.87,201.81,12800,213.33,83.63,11520,192.0,64.85,6656,110.93,0.0,6400,106.67,0.0,3840,64.0,0.0,3840,64.0,0.0,4096,68.27,0.0,3584,59.73,0.0,5120,85.33,0.0,13312,221.87,135.68,7424,123.73,0.0,1536,25.6,0.0,3072,51.2,0.0,27648,460.8,321.71,25856,430.93,0.0,40448,674.13,369.92,9216,153.6,9.81,6656,110.93,63.15,4096,68.27,0.0,3840,64.0,0.0,47616,793.6,718.51,1024,17.07,0.0,18432,307.2,244.48,62976,1049.6,619.09,2304,38.4,0.0,20480,341.33,0.0,256,4.27,0.0,1536,25.6,0.0,2816,46.93,24.75,1792,29.87,8.96,5632,93.87,44.8,3072,51.2,0.0,3840,64.0,0.0,4864,81.07,0.0,15104,251.73,168.53,4096,68.27,0.0,14336,238.93,0.0,8192,136.53,0.0,43008,716.8,326.83,45056,750.93,416.0,52992,883.2,268.8,40448,674.13,91.73,53504,891.73,64.0,52224,870.4,68.69,51712,861.87,75.95,54528,908.8,0.0,44288,738.13,0.0,36608,610.13,0.0,29184,486.4,0.0,5120,85.33,0.0,27136,452.27,412.59,56320,938.67,861.87,1536,25.6,0.0,6656,110.93,41.39,2816,46.93,0.0,46080,768.0,725.76,256,4.27,0.0,20992,349.87,0.0,1792,29.87,0.0,11008,183.47,0.0,1024,17.07,0.0,11520,192.0,144.21,5632,93.87,0.0,1536,25.6,5.97,11776,196.27,99.84
GPS05,/Users/isaac/Documents/GitHub/PhD_Projects/Eaton-Fire-Ash/Ashes-EDXRF/EXPERT_ENG/WrkExpert/W187U/WORK/Aguilar_Isaac/ash-powders/GPS05.RSP,C,60.0,385489,29802,0,0.0,0.0,0,0.0,0.0,0,0.0,0.0,0,0.0,0.0,9,0.15,0.15,17,0.28,0.28,19,0.32,0.32,28,0.47,0.47,26,0.43,0.43,31,0.52,0.52,26,0.43,0.4,25,0.42,0.22,30,0.5,0.09,24,0.4,0.0,47,0.78,0.41,58,0.97,0.6,86,1.43,1.11,17,0.28,0.0,21,0.35,0.0,10,0.17,0.0,10,0.17,0.0,11,0.18,0.0,18,0.3,0.01,32,0.53,0.3,115,1.92,1.7,113,1.88,0.26,3050,50.83,50.59,11,0.18,0.0,384,6.4,5.42,58,0.97,0.0,43,0.72,0.0,16,0.27,0.01,25,0.42,0.13,12,0.2,0.0,15,0.25,0.0,271,4.52,4.36,5,0.08,0.0,1511,25.18,25.02,5087,84.78,82.37,6,0.1,0.0,32,0.53,0.0,5,0.08,0.0,2,0.03,0.0,8,0.13,0.07,7,0.12,0.06,14,0.23,0.0,28,0.47,0.13,17,0.28,0.05,18,0.3,0.0,42,0.7,0.39,12,0.2,0.0,41,0.68,0.0,27,0.45,0.0,120,2.0,0.6,665,11.08,8.04,168,2.8,0.0,156,2.6,0.0,176,2.93,0.63,189,3.15,0.83,140,2.33,0.04,167,2.78,0.0,144,2.4,0.32,96,1.6,0.0,79,1.32,0.09,16,0.27,0.0,38,0.63,0.53,425,7.08,6.94,2,0.03,0.0,12,0.2,0.02,7,0.12,0.0,186,3.1,2.99,5,0.08,0.0,4625,77.08,74.06,1,0.02,0.0,31,0.52,0.0,2,0.03,0.0,63,1.05,0.89,25,0.42,0.0,7,0.12,0.05,30,0.5,0.14
GPS15_A.S_1,/Users/isaac/Documents/GitHub/PhD_Projects/Eaton-Fire-Ash/Ashes-EDXRF/EXPERT_ENG/WrkExpert/W187U/WORK/Aguilar_Isaac/ash-powders/GPS15_A.S_1.RSP,C,60.0,95850998,3255470,0,0.0,0.0,0,0.0,0.0,0,0.0,0.0,1536,25.6,23.04,13824,230.4,227.84,27392,456.53,453.97,38912,648.53,646.93,41984,699.73,699.73,38144,635.73,635.73,35072,584.53,581.97,29696,494.93,439.47,33024,550.4,257.28,34816,580.27,39.68,33024,550.4,0.0,47360,789.33,259.84,63744,1062.4,554.67,49664,827.73,338.35,32768,546.13,39.68,30720,512.0,0.0,24832,413.87,0.0,24832,413.87,0.0,21504,358.4,0.0,22272,371.2,0.0,20736,345.6,0.0,29184,486.4,93.01,51712,861.87,335.36,28672,477.87,109.23,15616,260.27,0.0,10240,170.67,0.0,58880,981.33,528.21,512,8.53,0.0,50432,840.53,431.36,47616,793.6,548.69,18944,315.73,0.0,15104,251.73,0.0,18944,315.73,0.0,11264,187.73,0.0,44288,738.13,571.73,40448,674.13,160.0,12032,200.53,0.0,1792,29.87,0.0,21248,354.13,0.0,15360,256.0,0.0,3072,51.2,0.0,59392,989.87,793.6,7680,128.0,0.0,15616,260.27,0.0,16640,277.33,0.0,28672,477.87,84.91,34048,567.47,334.51,18432,307.2,0.0,40960,682.67,75.52,27648,460.8,0.0,12800,213.33,0.0,34816,580.27,0.0,55808,930.13,409.6,18944,315.73,0.0,54528,908.8,0.0,12544,209.07,0.0,55808,930.13,403.2,3584,59.73,0.0,52992,883.2,187.31,48640,810.67,0.0,28416,473.6,0.0,20736,345.6,0.0,32768,546.13,277.76,53504,891.73,485.97,15360,256.0,0.0,11264,187.73,0.0,31488,524.8,0.0,768,12.8,0.0,21248,354.13,0.0,62976,1049.6,495.36,15616,260.27,0.0,16384,273.07,0.0,8192,136.53,0.0,7936,132.27,0.0,19712,328.53,0.0,56576,942.93,587.09,56064,934.4,686.93
GPS15_A.S_3,/Users/isaac/Documents/GitHub/PhD_Projects/Eaton-Fire-Ash/Ashes-EDXRF/EXPERT_ENG/WrkExpert/W187U/WORK/Aguilar_Isaac/ash-powders/GPS15_A.S_3.RSP,B,60.0,97488118,3228118,0,0.0,0.0,0,0.0,0.0,256,4.27,4.27,1024,17.07,17.07,11520,192.0,192.0,21248,354.13,354.13,39936,665.6,665.6,38400,640.0,640.0,32000,533.33,532.91,29440,490.67,489.81,28928,482.13,427.09,32512,541.87,248.32,28416,473.6,0.0,28672,477.87,0.0,47104,785.07,266.67,60160,1002.67,526.93,47872,797.87,311.89,35840,597.33,131.84,26368,439.47,0.0,23040,384.0,0.0,23040,384.0,0.0,20480,341.33,0.0,22784,379.73,0.0,19968,332.8,0.0,26880,448.0,54.19,52736,878.93,380.16,19968,332.8,0.0,12544,209.07,0.0,2560,42.67,0.0,60160,1002.67,507.73,17920,298.67,0.0,47872,797.87,347.73,56320,938.67,737.71,45824,763.73,346.45,15872,264.53,0.0,15616,260.27,0.0,13056,217.6,0.0,30464,507.73,343.47,65280,1088.0,523.09,14080,234.67,0.0,11008,183.47,0.0,22528,375.47,0.0,18176,302.93,28.59,19968,332.8,108.37,1280,21.33,0.0,11008,183.47,0.0,55808,930.13,426.24,12032,200.53,0.0,32512,541.87,0.0,63488,1058.13,825.6,20480,341.33,0.0,41984,699.73,84.48,22272,371.2,0.0,62208,1036.8,224.85,52736,878.93,203.52,65280,1088.0,464.21,24576,409.6,0.0,54784,913.07,0.0,11520,192.0,0.0,64512,1075.2,184.32,4864,81.07,0.0,0,0.0,0.0,52480,874.67,0.0,21504,358.4,0.0,20480,341.33,0.0,32768,546.13,311.89,44544,742.4,404.48,18176,302.93,28.59,14336,238.93,0.0,39168,652.8,128.0,51456,857.6,712.11,22528,375.47,0.0,47616,793.6,188.59,13824,230.4,0.0,15360,256.0,0.0,14848,247.47,32.85,31232,520.53,0.0,15360,256.0,0.0,8448,140.8,0.0,47104,785.07,531.63
GPS15_A.S_2,/Users/isaac/Documents/GitHub/PhD_Projects/Eaton-Fire-Ash/Ashes-EDXRF/EXPERT_ENG/WrkExpert/W187U/WORK/Aguilar_Isaac/ash-powders/GPS15_A.S_2.RSP,B,60.0,96936438,3281572,0,0.0,0.0,0,0.0,0.0,512,8.53,5.97,1024,17.07,14.51,15104,251.73,249.17,22272,371.2,368.64,36864,614.4,612.8,36608,610.13,610.13,33536,558.93,558.93,36352,605.87,603.73,37376,622.93,573.87,32000,533.33,227.41,33024,550.4,0.0,30208,503.47,0.0,47616,793.6,247.89,4608,76.8,0.0,48896,814.93,295.25,39424,657.07,132.27,32768,546.13,64.43,24576,409.6,0.0,24576,409.6,0.0,22528,375.47,0.0,20736,345.6,0.0,19456,324.27,0.0,24576,409.6,8.11,55296,921.6,320.43,20736,345.6,0.0,12288,204.8,0.0,16640,277.33,0.0,44800,746.67,455.68,45568,759.47,189.01,55040,917.33,521.39,1280,21.33,0.0,14080,234.67,0.0,23552,392.53,0.0,9216,153.6,0.0,12032,200.53,0.0,33024,550.4,392.96,29696,494.93,0.0,11520,192.0,0.0,10240,170.67,0.0,20992,349.87,0.0,15104,251.73,0.0,19968,332.8,134.4,53760,896.0,720.64,48896,814.93,218.45,35072,584.53,0.0,14336,238.93,0.0,31744,529.07,0.0,64256,1070.93,815.36,18688,311.47,0.0,44032,733.87,78.08,25600,426.67,0.0,49920,832.0,0.0,23808,396.8,0.0,63744,1062.4,450.56,25856,430.93,0.0,13056,217.6,0.0,512,8.53,0.0,1024,17.07,0.0,9472,157.87,0.0,62464,1041.07,282.03,49408,823.47,0.0,24064,401.07,0.0,22784,379.73,0.0,31232,520.53,265.81,35328,588.8,165.12,15104,251.73,0.0,18432,307.2,0.0,25600,426.67,0.0,43776,729.6,573.44,20992,349.87,0.0,33792,563.2,0.0,16640,277.33,0.0,18688,311.47,0.0,62720,1045.33,864.85,38656,644.27,35.84,17920,298.67,0.0,65280,1088.0,718.08,47616,793.6,534.19
GPS03,/Users/isaac/Documents/GitHub/PhD_Projects/Eaton-Fire-Ash/Ashes-EDXRF/EXPERT_ENG/WrkExpert/W187U/WORK/Aguilar_Isaac/ash-powders/GPS03.RSP,C,60.0,554957,23809,0,0.0,0.0,0,0.0,0.0,0,0.0,0.0,1,0.02,0.01,11,0.18,0.18,20,0.33,0.33,41,0.68,0.68,48,0.8,0.8,59,0.98,0.98,41,0.68,0.68,49,0.82,0.78,45,0.75,0.49,26,0.43,0.0,40,0.67,0.0,80,1.33,0.6,35,0.58,0.0,53,0.88,0.27,42,0.7,0.04,27,0.45,0.0,28,0.47,0.0,28,0.47,0.0,26,0.43,0.0,18,0.3,0.0,17,0.28,0.0,57,0.95,0.54,77,1.28,0.32,1697,28.28,27.91,9,0.15,0.0,254,4.23,3.6,89,1.48,0.0,105,1.75,0.0,37,0.62,0.23,25,0.42,0.11,16,0.27,0.0,16,0.27,0.0,248,4.13,3.88,11,0.18,0.0,3494,58.23,58.02,11421,190.35,188.27,6,0.1,0.0,60,1.0,0.0,4,0.07,0.0,6,0.1,0.0,6,0.1,0.01,7,0.12,0.0,19,0.32,0.0,42,0.7,0.29,20,0.33,0.0,28,0.47,0.0,66,1.1,0.76,13,0.22,0.0,57,0.95,0.0,33,0.55,0.07,187,3.12,1.71,593,9.88,4.51,240,4.0,0.0,181,3.02,0.0,213,3.55,0.05,262,4.37,0.92,202,3.37,0.0,257,4.28,0.3,187,3.12,0.0,178,2.97,0.0,136,2.27,0.08,22,0.37,0.0,75,1.25,1.05,314,5.23,4.94,6,0.1,0.0,33,0.55,0.25,8,0.13,0.0,410,6.83,6.63,4,0.07,0.0,10135,168.92,166.27,4,0.07,0.0,45,0.75,0.0,6,0.1,0.01,64,1.07,0.84,21,0.35,0.0,9,0.15,0.08,35,0.58,0.17
