sample,filepath,comment,O_pct,O_ppm,O_err,Mg_pct,Mg_ppm,Mg_err,Al_pct,Al_ppm,Al_err,Si_pct,Si_ppm,Si_err,P_pct,P_ppm,P_err,S_pct,S_ppm,S_err,K_pct,K_ppm,K_err,Ca_pct,Ca_ppm,Ca_err,Ti_pct,Ti_ppm,Ti_err,Mn_pct,Mn_ppm,Mn_err,Fe_pct,Fe_ppm,Fe_err,Ni_pct,Ni_ppm,Ni_err,Cu_pct,Cu_ppm,Cu_err,Zn_pct,Zn_ppm,Zn_err,Ga_pct,Ga_ppm,Ga_err,Rb_pct,Rb_ppm,Rb_err,Sr_pct,Sr_ppm,Sr_err,Y_pct,Y_ppm,Y_err,Zr_pct,Zr_ppm,Zr_err,Nb_pct,Nb_ppm,Nb_err,Ba_pct,Ba_ppm,Ba_err,Pb_pct,Pb_ppm,Pb_err,As_pct,As_ppm,As_err,Rh_pct,Rh_ppm,Rh_err,Sn_pct,Sn_ppm,Sn_err,Te_pct,Te_ppm,Te_err,Cl_pct,Cl_ppm,Cl_err,Mo_pct,Mo_ppm,Mo_err,Ag_pct,Ag_ppm,Ag_err,I_pct,I_ppm,I_err,La_pct,La_ppm,La_err,Ce_pct,Ce_ppm,Ce_err,Er_pct,Er_ppm,Er_err,Yb_pct,Yb_ppm,Yb_err,Ta_pct,Ta_ppm,Ta_err,Th_pct,Th_ppm,Th_err,U_pct,U_ppm,U_err,Ge_pct,Ge_ppm,Ge_err,Se_pct,Se_ppm,Se_err,W_pct,W_ppm,W_err,Gd_pct,Gd_ppm,Gd_err,Hf_pct,Hf_ppm,Hf_err,Sb_pct,Sb_ppm,Sb_err,Cd_pct,Cd_ppm,Cd_err,Re_pct,Re_ppm,Re_err,Br_pct,Br_ppm,Br_err,V_pct,V_ppm,V_err,Cr_pct,Cr_ppm,Cr_err,Cs_pct,Cs_ppm,Cs_err,In_pct,In_ppm,In_err,Co_pct,Co_ppm,Co_err,Bi_pct,Bi_ppm,Bi_err,Na_pct,Na_ppm,Na_err,Ir_pct,Ir_ppm,Ir_err,Pd_pct,Pd_ppm,Pd_err,Au_pct,Au_ppm,Au_err,Ru_pct,Ru_ppm,Ru_err,Os_pct,Os_ppm,Os_err,Tm_pct,Tm_ppm,Tm_err
soil-pellet_CATS01_A,/Users/isaac/Documents/GitHub/PhD_Projects/Eaton-Fire-Ash/Ashes-EDXRF/EXPERT_ENG/WrkExpert/W187U/WORK/Aguilar_Isaac/soil-pellet_CATS01_A.prf,soil-pellet_CATS01_19-July_01_A,47.978,479780.0,0.107,0.503,5030.0,0.164,4.71,47100.0,0.066,34.287,342870.0,0.088,0.099,990.0,0.005,0.097,970.0,0.003,5.165,51650.0,0.098,2.461,24610.0,0.031,0.487,4870.0,0.009,0.086,859.9999999999999,0.002,3.859,38590.0,0.012,0.0022,22.0,0.0003,0.004,40.0,0.0003,0.0185,185.0,0.0003,0.0028,28.0,0.0002,0.0136,136.0,0.0003,0.052,520.0,0.0,0.0044,44.0,0.0004,0.0377,377.0,0.0005,0.0021,21.0,0.0003,0.097,970.0,0.005,0.0333,333.0,0.0009,,,,,,,,,,,,,,,,,,,,,,,,,,,,,,,,,,,,,,,,,,,,,,,,,,,,,,,,,,,,,,,,,,,,,,,,,,,,,,,,,,,,,,,,,,,,,,,,,,,,,,,,,,,,,,,
CATS00_soil-portable-pill,/Users/isaac/Documents/GitHub/PhD_Projects/Eaton-Fire-Ash/Ashes-EDXRF/EXPERT_ENG/WrkExpert/W187U/WORK/Aguilar_Isaac/CATS00_soil-portable-pill.prf,CATS_soil-portable-pill,44.227,442269.99999999994,0.124,1.625,16250.0,0.213,7.966,79660.0,0.09,24.884,248840.0,0.087,0.115,1150.0,0.008,0.158,1580.0,0.003,7.474,74740.0,0.114,4.269,42690.0,0.041,0.82,8200.0,0.013,0.168,1680.0,0.003,7.814,78140.0,0.025,0.0047,47.0,0.0005,0.0095,95.0,0.0005,0.043,430.0,0.0006,0.0059,59.0,0.0004,0.0287,287.0,0.0006,0.105,1050.0,0.001,0.0066,66.0,0.0007,0.08,800.0,0.001,0.0036,36.0,0.0006,0.137,1370.0,0.01,0.0132,132.0,0.0013,0.002,20.0,0.0004,0.0053,53.0,0.0008,0.0069,69.0,0.0018,0.0282,282.0,0.0038,,,,,,,,,,,,,,,,,,,,,,,,,,,,,,,,,,,,,,,,,,,,,,,,,,,,,,,,,,,,,,,,,,,,,,,,,,,,,,,,,,,,,,,,,,,,,,,,,,,
fossil-fragment_CC_A,/Users/isaac/Documents/GitHub/PhD_Projects/Eaton-Fire-Ash/Ashes-EDXRF/EXPERT_ENG/WrkExpert/W187U/WORK/Aguilar_Isaac/fossil-fragment_CC_A.prf,fossil-fragment_CC_A,44.63,446300.0,0.083,1.653,16530.0,0.156,8.684,86840.0,0.06,21.098,210980.0,0.052,3.143,31429.999999999996,0.014,0.373,3730.0,0.003,3.957,39570.0,0.044,11.788,117880.0,0.036,0.396,3960.0,0.005,0.085,850.0000000000001,0.002,2.567,25670.0,0.006,,,,0.0032,32.0,0.0002,0.0089,89.0,0.0002,0.0009,9.0,0.0001,0.0017,17.0,0.0001,0.203,2030.0000000000002,0.001,0.332,3320.0,0.001,0.0014,14.0,0.0002,0.0043,43.0,0.0002,0.083,830.0,0.003,0.0075,75.0,0.0004,0.0037,37.0,0.0001,0.0011,11.0,0.0002,0.0027,27.0,0.0005,0.0057,57.0,0.0011,0.525,5250.0,0.002,0.002,20.0,0.0002,0.001,10.0,0.0002,0.0371,371.0,0.0014,0.093,930.0,0.005,0.259,2590.0,0.008,0.027,270.0,0.0012,0.0215,215.0,0.0008,0.0016,16.0,0.0004,0.0009,9.0,0.0002,,,,,,,,,,,,,,,,,,,,,,,,,,,,,,,,,,,,,,,,,,,,,,,,,,,,,,,,,,,,,,,,,,,,,
soil-pellet_CATS03_A,/Users/isaac/Documents/GitHub/PhD_Projects/Eaton-Fire-Ash/Ashes-EDXRF/EXPERT_ENG/WrkExpert/W187U/WORK/Aguilar_Isaac/soil-pellet_CATS03_A.prf,soil-pellet_19-July_CATS03_A,47.83,478300.0,0.108,0.891,8910.0,0.169,4.347,43470.00000000001,0.066,33.931,339310.0,0.089,0.194,1940.0,0.006,0.089,890.0,0.003,4.711,47110.0,0.097,2.745,27450.0,0.032,0.491,4910.0,0.009,0.086,859.9999999999999,0.002,4.28,42800.0,0.013,0.0029,29.0,0.0003,0.0038,38.0,0.0003,0.0203,203.0,0.0004,0.0031,31.0,0.0003,0.0147,147.0,0.0004,0.057,570.0,0.0,0.0044,44.0,0.0004,0.0274,274.0,0.0005,0.002,20.0,0.0004,0.083,830.0,0.006,0.186,1860.0,0.002,,,,,,,,,,,,,,,,,,,,,,,,,,,,,,,,,,,,,,,,,,,,,,,,,,,,,,,,,,,,,,,,,,,,,,,,,,,,,,,,,,,,,,,,,,,,,,,,,,,,,,,,,,,,,,,
fossil-bulk_SC04_toe_A,/Users/isaac/Documents/GitHub/PhD_Projects/Eaton-Fire-Ash/Ashes-EDXRF/EXPERT_ENG/WrkExpert/W187U/WORK/Aguilar_Isaac/fossil-bulk_SC04_toe_A.prf,fossil-bulk_SC04_toe_A,39.862,398620.0,1.027,,,,0.913,9130.0,0.077,5.757,57570.0,0.106,12.257,122570.0,0.212,0.31,3100.0,0.007,,,,39.61,396100.0,0.678,,,,0.16,1600.0,0.004,0.288,2880.0,0.006,,,,0.01,100.0,0.0004,0.0224,224.0,0.0006,,,,,,,0.347,3469.9999999999995,0.006,0.0136,136.0,0.0005,0.08,800.0,0.002,,,,0.193,1930.0,0.009,0.0201,201.0,0.0013,0.0118,118.0,0.0004,0.0015,15.0,0.0005,,,,,,,,,,0.0242,242.0,0.0006,,,,,,,,,,,,,,,,,,,,,,,,,0.12,1200.0,0.002,,,,,,,,,,,,,,,,,,,,,,,,,,,,,,,,,,,,,,,,,,,,,,,,,,,,,,,,,,,,,,,,,,
PBP01_kaolinite_portable-pill,/Users/isaac/Documents/GitHub/PhD_Projects/Eaton-Fire-Ash/Ashes-EDXRF/EXPERT_ENG/WrkExpert/W187U/WORK/Aguilar_Isaac/PBP01_kaolinite_portable-pill.prf,PBP01_kaolinite_portable-pill,48.876,488760.0,0.071,0.355,3550.0,0.081,22.07,220700.0,0.071,24.462,244620.0,0.053,0.093,930.0,0.003,0.0229,229.0,0.0011,3.387,33870.0,0.063,0.156,1560.0,0.011,0.0178,178.0,0.0026,0.0068,68.0,0.0005,0.462,4620.0,0.002,0.0004,4.0,0.0001,0.0044,44.0,0.0002,0.0038,38.0,0.0001,0.0122,122.0,0.0002,0.034,340.0,0.0002,0.0184,184.0,0.0002,0.0011,11.0,0.0002,0.0036,36.0,0.0002,0.0029,29.0,0.0002,0.0102,102.0,0.0023,,,,,,,,,,,,,,,,,,,,,,,,,,,,,,,,,,,,,,,,,,,,,,,,,,,,,,,,,,,,,,,,,,,,,,,,,,,,,,,,,,,,,,,,,,,,,,,,,,,,,,,,,,,,,,,,,,
FB02_UCC_P,/Users/isaac/Documents/GitHub/PhD_Projects/Eaton-Fire-Ash/Ashes-EDXRF/EXPERT_ENG/WrkExpert/W187U/WORK/Aguilar_Isaac/FB02_UCC_P.prf,FB02_UCC_Portable-pill,37.157,371569.99999999994,0.039,,,,,,,2.439,24390.0,0.031,11.489,114890.00000000001,0.033,0.186,1860.0,0.005,,,,47.009,470090.0,0.055,0.09,900.0,0.013,0.144,1440.0,0.004,0.256,2560.0,0.004,,,,0.0016,16.0,0.0005,0.0126,126.0,0.0005,,,,,,,0.386,3860.0,0.001,0.387,3870.0,0.001,0.0101,101.0,0.0008,0.0091,91.0,0.0007,0.326,3260.0,0.011,0.027,270.0,0.0017,0.0181,181.0,0.0005,,,,,,,,,,,,,,,,,,,,,,,,,,,,,,,0.016,160.0,0.0021,,,,,,,0.0361,361.0,0.0011,,,,,,,,,,,,,,,,,,,,,,,,,,,,,,,,,,,,,,,,,,,,,,,,,,,,,,,,,,,,,,,,,,
fossil-pellet_FB01_A,/Users/isaac/Documents/GitHub/PhD_Projects/Eaton-Fire-Ash/Ashes-EDXRF/EXPERT_ENG/WrkExpert/W187U/WORK/Aguilar_Isaac/fossil-pellet_FB01_A.prf,fossil-pellet_FB01_A_blank,37.355,373549.99999999994,0.028,,,,,,,2.338,23380.0,0.012,11.784,117840.0,0.026,0.228,2280.0,0.003,,,,46.316,463160.0,0.04,0.0323,323.0,0.0076,0.357,3570.0,0.004,0.417,4170.0,0.003,,,,0.0031,31.0,0.0003,0.0102,102.0,0.0003,,,,,,,0.608,6080.0,0.001,0.0117,117.0,0.0004,0.0465,465.0,0.0007,,,,0.234,2340.0,0.007,,,,0.087,869.9999999999999,0.001,0.0033,33.0,0.0005,0.0044,44.0,0.0012,,,,,,,0.0261,261.0,0.0005,,,,,,,,,,,,,,,,,,,,,,,,,0.127,1270.0,0.001,0.0008,8.0,0.0002,0.0009,9.0,0.0002,0.0079,79.0,0.0006,,,,,,,,,,,,,,,,,,,,,,,,,,,,,,,,,,,,,,,,,,,,,,,,,,,,,,,,,
soil-pellet_CATS05_A,/Users/isaac/Documents/GitHub/PhD_Projects/Eaton-Fire-Ash/Ashes-EDXRF/EXPERT_ENG/WrkExpert/W187U/WORK/Aguilar_Isaac/soil-pellet_CATS05_A.prf,soil-pellet_19-July_CATS05_A,47.755,477550.0,0.105,0.491,4910.0,0.16,4.625,46250.0,0.066,34.104,341040.0,0.087,0.115,1150.0,0.006,0.086,859.9999999999999,0.003,5.338,53380.0,0.098,2.555,25550.0,0.031,0.464,4640.0,0.009,0.078,780.0,0.002,3.832,38320.0,0.012,0.0032,32.0,0.0003,0.0039,39.0,0.0003,0.0295,295.0,0.0004,0.0033,33.0,0.0003,0.0135,135.0,0.0003,0.053,530.0,0.0,0.0037,37.0,0.0004,0.0379,379.0,0.0005,0.0019,19.0,0.0003,0.089,890.0,0.006,0.319,3190.0,0.002,,,,,,,,,,,,,,,,,,,,,,,,,,,,,,,,,,,,,,,,,,,,,,,,,,,,,,,,,,,,,,,,,,,,,,,,,,,,,,,,,,,,,,,,,,,,,,,,,,,,,,,,,,,,,,,
fossil-pellet_FB01_B,/Users/isaac/Documents/GitHub/PhD_Projects/Eaton-Fire-Ash/Ashes-EDXRF/EXPERT_ENG/WrkExpert/W187U/WORK/Aguilar_Isaac/fossil-pellet_FB01_B.prf,fossil-pellet_17-July_FB01_B,42.546,425460.0,0.415,,,,,,,16.735,167350.0,0.123,8.001,80010.0,0.061,0.157,1570.0,0.003,,,,31.366,313660.0,0.229,0.023,230.0,0.0051,0.207,2070.0,0.003,0.27,2700.0,0.003,,,,0.002,20.0,0.0002,0.0065,65.0,0.0002,0.0006,6.0,0.0001,,,,0.366,3660.0,0.003,0.0072,72.0,0.0003,0.0277,277.0,0.0005,,,,0.131,1310.0,0.005,,,,0.053,530.0,0.001,0.002,20.0,0.0003,0.0043,43.0,0.0008,,,,,,,0.0146,146.0,0.0003,,,,,,,,,,,,,,,,,,,,,,,,,0.076,760.0,0.001,,,,0.0008,8.0,0.0002,0.0034,34.0,0.0004,,,,,,,,,,,,,,,,,,,,,,,,,,,,,,,,,,,,,,,,,,,,,,,,,,,,,,,,,
soil-pellet_CATS02_A,/Users/isaac/Documents/GitHub/PhD_Projects/Eaton-Fire-Ash/Ashes-EDXRF/EXPERT_ENG/WrkExpert/W187U/WORK/Aguilar_Isaac/soil-pellet_CATS02_A.prf,soil-pellet_19-July_CATS02_A,47.95,479500.0,0.107,0.648,6480.0,0.165,4.631,46310.0,0.066,34.21,342100.0,0.088,0.099,990.0,0.006,0.092,920.0,0.003,5.028,50279.99999999999,0.096,2.492,24920.0,0.03,0.485,4850.0,0.009,0.083,830.0,0.002,3.994,39940.0,0.012,0.0024,24.0,0.0003,0.0044,44.0,0.0003,0.0451,451.0,0.0005,0.0029,29.0,0.0002,0.0135,135.0,0.0003,0.051,509.99999999999994,0.0,0.0039,39.0,0.0004,0.0371,371.0,0.0005,0.0013,13.0,0.0003,0.085,850.0000000000001,0.006,0.0429,429.0,0.0009,,,,,,,,,,,,,,,,,,,,,,,,,,,,,,,,,,,,,,,,,,,,,,,,,,,,,,,,,,,,,,,,,,,,,,,,,,,,,,,,,,,,,,,,,,,,,,,,,,,,,,,,,,,,,,,
pXRF_BLANK,/Users/isaac/Documents/GitHub/PhD_Projects/Eaton-Fire-Ash/Ashes-EDXRF/EXPERT_ENG/WrkExpert/W187U/WORK/Aguilar_Isaac/pXRF_BLANK.prf,pXRF_BLANK,53.255,532550.0,2.64,,,,,,,46.742,467420.0,2.64,,,,,,,,,,,,,,,,,,,0.0029,29.0,0.0003,,,,,,,,,,,,,,,,,,,,,,,,,,,,,,,,,,,,,,,,,,,,,,,,,,,,,,,,,,,,,,,,,,,,,,,,,,,,,,,,,,,,,,,,,,,,,,,,,,,,,,,,,,,,,,,,,,,,,,,,,,,,,,,,,,,,,,,,,,,,,,,,
fossil-bulk_SC04_tibia_A,/Users/isaac/Documents/GitHub/PhD_Projects/Eaton-Fire-Ash/Ashes-EDXRF/EXPERT_ENG/WrkExpert/W187U/WORK/Aguilar_Isaac/fossil-bulk_SC04_tibia_A.prf,fossil-bulk_SC04_tibia_A,40.182,401820.0,0.129,0.762,7620.0,0.287,0.528,5280.0,0.076,8.775,87750.0,0.055,10.448,104480.0,0.047,0.269,2690.0,0.005,0.543,5430.0,0.039,36.949,369490.0,0.127,0.101,1010.0000000000001,0.009,0.135,1350.0,0.004,0.213,2130.0,0.003,,,,0.0035,35.0,0.0003,0.0133,133.0,0.0004,,,,,,,0.381,3810.0,0.002,0.241,2410.0,0.001,0.068,680.0,0.001,,,,0.169,1690.0,0.007,0.0387,387.0,0.0013,0.0254,254.0,0.0005,,,,0.006,60.0,0.001,,,,,,,,,,,,,,,,0.112,1120.0,0.008,,,,0.0169,169.0,0.0022,0.0192,192.0,0.0015,,,,,,,,,,,,,,,,,,,,,,,,,,,,,,,,,,,,,,,,,,,,,,,,,,,,,,,,,,,,,,,,,,,,,,,,,,,
arms-soil-,/Users/isaac/Documents/GitHub/PhD_Projects/Eaton-Fire-Ash/Ashes-EDXRF/EXPERT_ENG/WrkExpert/W187U/WORK/Aguilar_Isaac/arms-soil-.prf,arms-soil-1_portable-pill,45.475,454750.0,0.105,1.057,10570.0,0.177,8.056,80559.99999999999,0.075,26.389,263890.0,0.075,0.933,9330.0,0.011,0.173,1729.9999999999998,0.003,6.997,69970.0,0.09,4.014,40140.0,0.033,0.678,6780.000000000001,0.01,0.122,1220.0,0.002,5.698,56980.00000000001,0.016,0.0037,37.0,0.0003,0.0094,94.0,0.0003,0.056,560.0,0.001,0.0036,36.0,0.0002,0.02,200.0,0.0004,0.079,790.0,0.0,0.0048,48.0,0.0004,0.062,620.0,0.001,0.0021,21.0,0.0003,0.146,1460.0,0.006,0.0221,221.0,0.0008,0.0014,14.0,0.0003,,,,,,,,,,,,,,,,,,,,,,,,,,,,,,,,,,,,,,,,,,,,,,,,,,,,,,,,,,,,,,,,,,,,,,,,,,,,,,,,,,,,,,,,,,,,,,,,,,,,,,,,,,,,
fossil-bulk_SC01_A,/Users/isaac/Documents/GitHub/PhD_Projects/Eaton-Fire-Ash/Ashes-EDXRF/EXPERT_ENG/WrkExpert/W187U/WORK/Aguilar_Isaac/fossil-bulk_SC01_A.prf,fossil-bulk_SC01_A,43.156,431560.0,0.197,2.15,21500.0,0.407,6.018,60180.0,0.126,16.352,163520.0,0.102,5.614,56140.0,0.042,0.118,1180.0,0.004,1.75,17500.0,0.067,22.094,220940.0,0.117,0.25,2500.0,0.011,0.835,8350.0,0.008,0.775,7750.0,0.006,0.0019,19.0,0.0004,0.0042,42.0,0.0003,0.0055,55.0,0.0003,,,,,,,0.295,2950.0,0.002,0.0491,491.0,0.0005,0.014,140.0,0.0006,,,,0.285,2849.9999999999995,0.007,0.005,50.0,0.001,0.0482,482.0,0.0005,0.0037,37.0,0.0004,,,,,,,,,,0.0155,155.0,0.0004,,,,,,,,,,,,,,,,,,,,,,,,,0.161,1610.0,0.001,,,,,,,,,,,,,,,,,,,,,,,,,,,,,,,,,,,,,,,,,,,,,,,,,,,,,,,,,,,,,,,,,,
soil-pellet_CATS04_A,/Users/isaac/Documents/GitHub/PhD_Projects/Eaton-Fire-Ash/Ashes-EDXRF/EXPERT_ENG/WrkExpert/W187U/WORK/Aguilar_Isaac/soil-pellet_CATS04_A.prf,soil-pellet_19-July_CATS04_A,47.833,478330.0,0.105,0.827,8270.0,0.159,4.708,47080.0,0.066,33.964,339640.0,0.086,0.116,1160.0,0.005,0.087,869.9999999999999,0.003,5.1,51000.0,0.096,2.603,26030.000000000004,0.031,0.434,4340.0,0.009,0.083,830.0,0.002,3.833,38330.0,0.012,0.0033,33.0,0.0003,0.0039,39.0,0.0003,0.02,200.0,0.0004,0.0033,33.0,0.0003,0.014,140.0,0.0003,0.054,540.0,0.0,0.0039,39.0,0.0004,0.0299,299.0,0.0004,0.0019,19.0,0.0003,0.077,770.0,0.006,0.201,2010.0000000000002,0.002,,,,,,,,,,,,,,,,,,,,,,,,,,,,,,,,,,,,,,,,,,,,,,,,,,,,,,,,,,,,,,,,,,,,,,,,,,,,,,,,,,,,,,,,,,,,,,,,,,,,,,,,,,,,,,,
fossil-bulk_SC04_tooth_A,/Users/isaac/Documents/GitHub/PhD_Projects/Eaton-Fire-Ash/Ashes-EDXRF/EXPERT_ENG/WrkExpert/W187U/WORK/Aguilar_Isaac/fossil-bulk_SC04_tooth_A.prf,fossil-bulk_SC04_tooth_A,38.243,382430.0,0.052,,,,0.242,2420.0,0.078,3.249,32490.0,0.035,12.398,123980.0,0.037,0.107,1070.0,0.004,,,,44.627,446270.0,0.068,,,,0.108,1080.0,0.005,0.388,3880.0,0.004,,,,0.0017,17.0,0.0004,0.0254,254.0,0.0006,,,,,,,0.224,2240.0,0.001,0.058,580.0,0.001,0.0145,145.0,0.0007,,,,0.272,2720.0,0.011,,,,0.0085,85.0,0.0004,,,,0.0073,73.0,0.0016,0.0202,202.0,0.0035,,,,,,,,,,,,,,,,,,,,,,,,,,,,,,,0.008,80.0,0.0009,,,,,,,,,,,,,,,,,,,,,,,,,,,,,,,,,,,,,,,,,,,,,,,,,,,,,,,,,,,,,,,,,,
kaolinite-pellet_PBP04_A,/Users/isaac/Documents/GitHub/PhD_Projects/Eaton-Fire-Ash/Ashes-EDXRF/EXPERT_ENG/WrkExpert/W187U/WORK/Aguilar_Isaac/kaolinite-pellet_PBP04_A.prf,kaolinite-pellet_PBP04_A,48.864,488640.0,0.643,,,,22.066,220660.0,0.296,24.676,246759.99999999997,0.317,0.051,509.99999999999994,0.004,0.0336,336.0,0.0019,3.692,36920.0,0.119,,,,0.0242,242.0,0.0047,0.0054,54.0,0.0009,0.5,5000.0,0.007,,,,0.005,50.0,0.0003,0.0019,19.0,0.0002,0.0124,124.0,0.0003,0.0374,374.0,0.0006,0.0201,201.0,0.0004,0.0013,13.0,0.0003,0.004,40.0,0.0003,0.0031,31.0,0.0003,,,,0.0027,27.0,0.0006,,,,,,,,,,,,,,,,,,,,,,,,,,,,,,,,,,,,,,,,,,,,,,,,,,,,,,,,,,,,,,,,,,,,,,,,,,,,,,,,,,,,,,,,,,,,,,,,,,,,,,,,,,,,,,,
fossil-bulk_UCC03_A,/Users/isaac/Documents/GitHub/PhD_Projects/Eaton-Fire-Ash/Ashes-EDXRF/EXPERT_ENG/WrkExpert/W187U/WORK/Aguilar_Isaac/fossil-bulk_UCC03_A.prf,fossil-bulk_UCC03_A,39.957,399570.0,0.132,0.907,9070.0,0.314,0.623,6230.0,0.066,4.569,45690.0,0.032,13.276,132760.0,0.05,0.297,2970.0,0.004,,,,39.587,395870.00000000006,0.134,0.0191,191.0,0.0056,0.078,780.0,0.002,0.133,1330.0,0.002,0.0009,9.0,0.0002,0.0033,33.0,0.0002,0.0174,174.0,0.0003,,,,,,,0.309,3090.0,0.001,,,,,,,,,,0.136,1360.0,0.005,,,,0.0184,184.0,0.0002,,,,0.0048,48.0,0.0008,0.0085,85.0,0.0017,,,,0.0027,27.0,0.0003,,,,0.0376,376.0,0.0022,,,,,,,,,,,,,,,,,,,0.0152,152.0,0.0005,,,,,,,,,,,,,,,,,,,,,,,,,,,,,,,,,,,,,,,,,,,,,,,,,,,,,,,,,,,,,,,,,,
fossil-bulk_UCC07_A,/Users/isaac/Documents/GitHub/PhD_Projects/Eaton-Fire-Ash/Ashes-EDXRF/EXPERT_ENG/WrkExpert/W187U/WORK/Aguilar_Isaac/fossil-bulk_UCC07_A.prf,fossil-bulk_UCC07_A,39.708,397080.0,0.133,0.913,9130.0,0.316,0.831,8310.0,0.068,4.244,42440.0,0.031,13.679,136790.0,0.052,0.0431,431.0,0.0029,,,,37.535,375349.99999999994,0.129,0.146,1460.0,0.008,0.065,650.0,0.003,0.276,2760.0000000000005,0.003,,,,0.0034,34.0,0.0004,0.0093,93.0,0.0003,,,,,,,0.255,2550.0,0.001,0.945,9450.0,0.003,0.0031,31.0,0.0004,0.0087,87.0,0.0005,0.125,1250.0,0.006,0.02,200.0,0.0009,0.0269,269.0,0.0003,0.0015,15.0,0.0003,0.0039,39.0,0.0009,,,,,,,,,,,,,0.051,509.99999999999994,0.002,0.231,2310.0,0.008,0.713,7130.0,0.015,,,,0.0487,487.0,0.0017,,,,,,,,,,,,,,,,,,,0.094,940.0,0.005,0.0192,192.0,0.0009,,,,,,,,,,,,,,,,,,,,,,,,,,,,,,,,,,,,,,,,,,,,,,,,,,,
FB01_SC01_portable-pill,/Users/isaac/Documents/GitHub/PhD_Projects/Eaton-Fire-Ash/Ashes-EDXRF/EXPERT_ENG/WrkExpert/W187U/WORK/Aguilar_Isaac/FB01_SC01_portable-pill.prf,FB01_SC01_portable-pill,36.866,368660.0,0.762,,,,,,,1.393,13930.0,0.032,11.802,118020.0,0.146,0.223,2230.0,0.005,,,,47.665,476650.0,0.577,0.0483,483.0,0.0096,0.374,3740.0,0.006,0.45,4500.0,0.007,,,,0.0041,41.0,0.0004,0.0099,99.0,0.0004,,,,,,,0.63,6300.0,0.008,0.0115,115.0,0.0005,0.0444,444.0,0.001,,,,0.23,2300.0,0.009,,,,0.091,910.0,0.001,0.0027,27.0,0.0006,,,,,,,,,,0.0249,249.0,0.0006,,,,,,,,,,,,,,,,,,,,,,,,,0.131,1310.0,0.002,,,,,,,,,,,,,,,,,,,,,,,,,,,,,,,,,,,,,,,,,,,,,,,,,,,,,,,,,,,,,,,,,,
fossil_SC02_A,/Users/isaac/Documents/GitHub/PhD_Projects/Eaton-Fire-Ash/Ashes-EDXRF/EXPERT_ENG/WrkExpert/W187U/WORK/Aguilar_Isaac/fossil_SC02_A.prf,fossil_Barstow_SC02_A,39.466,394660.0,0.031,,,,,,,3.768,37680.0,0.028,13.742,137420.0,0.027,0.303,3030.0,0.004,,,,41.647,416470.0,0.042,0.0364,364.0,0.0066,0.185,1850.0,0.003,0.257,2570.0,0.002,0.0016,16.0,0.0003,0.0035,35.0,0.0002,0.0109,109.0,0.0003,,,,,,,0.266,2660.0,0.001,0.0142,142.0,0.0003,0.0466,466.0,0.0005,,,,0.169,1690.0,0.006,0.006,60.0,0.0008,0.0105,105.0,0.0002,,,,0.0049,49.0,0.0009,,,,,,,,,,,,,0.0315,315.0,0.0024,,,,,,,,,,,,,,,,,,,0.0263,263.0,0.0006,,,,,,,,,,,,,,,,0.0052,52.0,0.001,,,,,,,,,,,,,,,,,,,,,,,,,,,,,,,,,,,,,,,,,,,,,,,,
fossil-bul,/Users/isaac/Documents/GitHub/PhD_Projects/Eaton-Fire-Ash/Ashes-EDXRF/EXPERT_ENG/WrkExpert/W187U/WORK/Aguilar_Isaac/fossil-bul.prf,fossil-bulk_CC_RAM_V-2005012_A,39.84,398400.00000000006,0.165,1.795,17950.0,0.38,2.108,21080.0,0.089,7.159,71590.0,0.037,10.523,105230.0,0.052,0.101,1010.0000000000001,0.004,0.68,6800.000000000001,0.051,35.047,350469.99999999994,0.153,0.127,1270.0,0.011,,,,0.52,5200.0,0.005,,,,,,,0.0048,48.0,0.0005,,,,,,,0.25,2500.0,0.001,0.73,7300.0,0.003,,,,0.0087,87.0,0.0007,0.113,1130.0,0.009,0.0061,61.0,0.0011,0.0094,94.0,0.0003,0.0023,23.0,0.0005,0.0066,66.0,0.0013,,,,,,,,,,0.0024,24.0,0.0006,0.067,670.0,0.004,0.285,2849.9999999999995,0.012,0.48,4800.0,0.021,0.0285,285.0,0.0034,0.0299,299.0,0.0022,,,,,,,,,,,,,,,,0.0061,61.0,0.001,0.055,550.0,0.006,,,,,,,0.0074,74.0,0.0011,0.0065,65.0,0.0009,,,,,,,,,,,,,,,,,,,,,,,,,,,,,,,,,,,,,,,,,,
arms-soil-2,/Users/isaac/Documents/GitHub/PhD_Projects/Eaton-Fire-Ash/Ashes-EDXRF/EXPERT_ENG/WrkExpert/W187U/WORK/Aguilar_Isaac/arms-soil-2.prf,arms-soil-2_portable-pill,45.381,453810.0,0.095,1.909,19090.0,0.158,8.8,88000.0,0.071,26.267,262670.0,0.069,0.145,1450.0,0.006,0.447,4470.0,0.004,6.845,68450.0,0.081,3.471,34710.0,0.029,0.612,6120.0,0.008,0.136,1360.0,0.002,5.035,50350.0,0.013,0.0042,42.0,0.0003,0.0113,113.0,0.0003,0.058,580.0,0.001,0.0033,33.0,0.0002,0.0187,187.0,0.0003,0.07,700.0000000000001,0.0,0.0044,44.0,0.0003,0.06,600.0,0.0,0.0018,18.0,0.0003,0.141,1409.9999999999998,0.005,0.03,300.0,0.0007,,,,,,,,,,,,,0.55,5500.0,0.003,,,,,,,,,,,,,,,,,,,,,,,,,,,,,,,,,,,,,,,,,,,,,,,,,,,,,,,,,,,,,,,,,,,,,,,,,,,,,,,,,,,,,,,,,,,,,,,,
fossil-bulk_UCC06_A,/Users/isaac/Documents/GitHub/PhD_Projects/Eaton-Fire-Ash/Ashes-EDXRF/EXPERT_ENG/WrkExpert/W187U/WORK/Aguilar_Isaac/fossil-bulk_UCC06_A.prf,fossil-bulk_UCC06_A,44.08,440800.0,0.102,1.383,13830.0,0.207,6.421,64210.0,0.066,17.304,173039.99999999997,0.055,6.509,65090.0,0.024,0.086,859.9999999999999,0.002,2.029,20290.0,0.033,19.926,199259.99999999997,0.054,0.146,1460.0,0.004,0.0397,397.0,0.0011,1.281,12810.0,0.004,,,,0.0029,29.0,0.0002,0.0073,73.0,0.0002,,,,,,,0.122,1220.0,0.0,0.175,1750.0,0.001,0.0009,9.0,0.0002,0.0028,28.0,0.0002,0.081,810.0,0.003,0.0228,228.0,0.0004,0.0387,387.0,0.0002,0.0008,8.0,0.0001,0.0026,26.0,0.0004,,,,,,,,,,,,,,,,0.074,740.0,0.004,0.226,2260.0,0.007,0.0058,58.0,0.0009,0.0094,94.0,0.0006,,,,0.0008,8.0,0.0002,0.021,210.0,0.0003,0.0002,2.0,0.0001,,,,,,,,,,,,,0.0027,27.0,0.0004,,,,,,,0.0005,5.0,0.0001,,,,,,,,,,,,,,,,,,,,,,,,,,,,,,,,,,,,,,,
6-28_JPL11,/Users/isaac/Documents/GitHub/PhD_Projects/Eaton-Fire-Ash/Ashes-EDXRF/EXPERT_ENG/WrkExpert/W187U/WORK/Aguilar_Isaac/ash_pellets/6-28_pellets/6-28_JPL11.prf,6-28_JPL11,44.723,447230.0,0.085,1.22,12200.0,0.152,4.229,42290.0,0.053,28.035,280350.0,0.064,0.164,1640.0,0.006,0.241,2410.0,0.002,6.334,63339.99999999999,0.067,7.92,79200.0,0.036,0.775,7750.0,0.008,0.193,1930.0,0.002,5.715,57150.0,0.013,0.004,40.0,0.0003,0.0173,173.0,0.0003,0.128,1280.0,0.001,0.0037,37.0,0.0002,0.0174,174.0,0.0003,0.103,1030.0,0.0,0.0043,43.0,0.0003,0.0319,319.0,0.0004,0.0023,23.0,0.0003,0.082,820.0,0.005,0.0259,259.0,0.0007,0.0013,13.0,0.0002,,,,0.0061,61.0,0.0009,,,,,,,,,,,,,,,,,,,,,,,,,,,,,,,,,,,,,,,,,,,,,,,,,,,,0.0052,52.0,0.001,,,,,,,,,,0.0193,193.0,0.0036,,,,,,,,,,,,,,,,,,,,,,,,,,,,,,,,,,,,
6-28_XPAH58,/Users/isaac/Documents/GitHub/PhD_Projects/Eaton-Fire-Ash/Ashes-EDXRF/EXPERT_ENG/WrkExpert/W187U/WORK/Aguilar_Isaac/ash_pellets/6-28_pellets/6-28_XPAH58.prf,6-28_XPAH58,40.22,402200.0,0.043,,,,0.323,3230.0,0.058,20.471,204710.0,0.046,0.752,7520.0,0.011,0.442,4420.0,0.004,0.982,9820.0,0.034,34.794,347939.99999999994,0.049,0.413,4130.0,0.008,0.0443,443.0,0.0014,1.195,11950.0,0.004,0.0071,71.0,0.0003,0.024,240.0,0.0004,0.098,980.0,0.001,0.0011,11.0,0.0002,0.0034,34.0,0.0003,0.0323,323.0,0.0003,0.0033,33.0,0.0003,0.0116,116.0,0.0003,,,,0.161,1610.0,0.005,0.0061,61.0,0.0006,,,,,,,,,,,,,,,,,,,,,,,,,,,,,,,,,,,,,,,,,,,,,,,,,,,,,,,,,,,,,,,,,,,,,,,,,,,,0.0164,164.0,0.0016,,,,,,,,,,,,,,,,,,,,,,,,,,,,,,,,,
6-28_JPL48,/Users/isaac/Documents/GitHub/PhD_Projects/Eaton-Fire-Ash/Ashes-EDXRF/EXPERT_ENG/WrkExpert/W187U/WORK/Aguilar_Isaac/ash_pellets/6-28_pellets/6-28_JPL48.prf,6-28_JPL48,44.245,442450.0,0.086,1.693,16930.0,0.157,4.102,41020.0,0.053,27.085,270850.0,0.063,0.251,2510.0,0.007,0.164,1640.0,0.002,6.541,65410.00000000001,0.068,8.202,82020.0,0.036,0.735,7350.0,0.008,0.198,1980.0,0.002,6.382,63820.0,0.015,0.0058,58.0,0.0003,0.0166,166.0,0.0003,0.0472,472.0,0.0004,0.0042,42.0,0.0002,0.0165,165.0,0.0003,0.115,1150.0,0.0,0.0046,46.0,0.0003,0.0371,371.0,0.0004,0.0021,21.0,0.0003,0.067,670.0,0.005,0.0169,169.0,0.0007,0.0021,21.0,0.0002,,,,0.005,50.0,0.0009,,,,,,,,,,,,,,,,,,,,,,,,,,,,,,,,,,,,,,,,,,,,,,,,,,,,,,,,,,,,,,,,0.0194,194.0,0.0035,0.0107,107.0,0.0014,0.028,280.0,0.0035,,,,,,,,,,,,,,,,,,,,,,,,,,,,,,
6-28_JPL95,/Users/isaac/Documents/GitHub/PhD_Projects/Eaton-Fire-Ash/Ashes-EDXRF/EXPERT_ENG/WrkExpert/W187U/WORK/Aguilar_Isaac/ash_pellets/6-28_pellets/6-28_JPL95.prf,6-28_JPL95,44.785,447849.99999999994,0.087,1.248,12480.0,0.155,4.015,40150.0,0.054,28.152,281520.0,0.066,0.212,2120.0,0.007,0.224,2240.0,0.002,6.073,60730.00000000001,0.071,7.291,72910.0,0.036,0.697,6969.999999999999,0.009,0.22,2200.0,0.002,6.681,66810.0,0.016,0.0064,64.0,0.0003,0.0237,237.0,0.0004,0.068,680.0,0.001,0.0041,41.0,0.0002,0.0188,188.0,0.0003,0.11,1100.0,0.0,0.0051,51.0,0.0004,0.0341,341.0,0.0005,0.0021,21.0,0.0003,0.077,770.0,0.005,0.0264,264.0,0.0008,0.001,10.0,0.0003,,,,0.0037,37.0,0.001,,,,,,,,,,,,,,,,,,,,,,,,,,,,,,,,,,,,,,,,,,,,,,,,,,,,,,,,,,,,,,,,0.0193,193.0,0.0037,,,,,,,,,,,,,,,,,,,,,,,,,,,,,,,,,,,,
6-28_XPAH55,/Users/isaac/Documents/GitHub/PhD_Projects/Eaton-Fire-Ash/Ashes-EDXRF/EXPERT_ENG/WrkExpert/W187U/WORK/Aguilar_Isaac/ash_pellets/6-28_pellets/6-28_XPAH55.prf,6-28_XPAH55,47.113,471130.0,0.075,0.827,8270.0,0.121,4.525,45250.0,0.047,32.477,324769.99999999994,0.06,0.097,970.0,0.004,0.054,540.0,0.001,4.733,47330.0,0.061,3.399,33990.0,0.023,0.517,5170.0,0.006,0.103,1030.0,0.001,5.915,59150.0,0.012,0.0032,32.0,0.0002,0.0052,52.0,0.0002,0.0146,146.0,0.0002,0.0033,33.0,0.0002,0.0138,138.0,0.0002,0.051,509.99999999999994,0.0,0.0045,45.0,0.0003,0.0437,437.0,0.0003,0.0022,22.0,0.0002,0.055,550.0,0.004,0.0077,77.0,0.0005,0.0009,9.0,0.0002,0.0015,15.0,0.0003,0.0033,33.0,0.0007,,,,,,,,,,,,,,,,,,,,,,,,,,,,,,,,,,,,,,,,,,,,,,,,,,,,,,,,,,0.0037,37.0,0.0006,,,,0.0175,175.0,0.0028,0.0098,98.0,0.0012,,,,,,,,,,,,,,,,,,,,,,,,,,,,,,,,,
6-28_JPL09,/Users/isaac/Documents/GitHub/PhD_Projects/Eaton-Fire-Ash/Ashes-EDXRF/EXPERT_ENG/WrkExpert/W187U/WORK/Aguilar_Isaac/ash_pellets/6-28_pellets/6-28_JPL09.prf,6-28_JPL09,46.028,460280.0,0.083,1.017,10169.999999999998,0.141,4.215,42150.0,0.051,30.66,306600.0,0.066,0.136,1360.0,0.006,0.158,1580.0,0.002,5.886,58860.0,0.07,5.085,50850.0,0.03,0.604,6040.0,0.008,0.162,1620.0,0.002,5.726,57260.0,0.013,0.004,40.0,0.0003,0.0106,106.0,0.0003,0.044,440.0,0.0004,0.0047,47.0,0.0002,0.0199,199.0,0.0003,0.071,709.9999999999999,0.0,0.006,60.0,0.0003,0.0348,348.0,0.0004,0.0022,22.0,0.0003,0.075,750.0,0.005,0.0199,199.0,0.0007,0.0022,22.0,0.0002,,,,0.0043,43.0,0.0009,0.0094,94.0,0.0018,,,,,,,,,,,,,,,,,,,,,,,,,,,,,,,,,,,,,,,,,,,,,,,,,,,,,,,,,,,,,0.0171,171.0,0.0033,,,,,,,,,,,,,,,,,,,,,,,,,,,,,,,,,,,,
ash-pellet_JPL48,/Users/isaac/Documents/GitHub/PhD_Projects/Eaton-Fire-Ash/Ashes-EDXRF/EXPERT_ENG/WrkExpert/W187U/WORK/Aguilar_Isaac/ash_pellets/XRF_15-July_pellets/ash-pellet_JPL48.prf,ash-pellets_15-July_JPL48,44.243,442430.0,0.089,1.561,15610.0,0.165,3.879,38790.0,0.054,27.224,272240.0,0.065,0.211,2110.0,0.007,0.177,1770.0,0.002,6.392,63920.0,0.068,8.372,83720.0,0.037,0.775,7750.0,0.009,0.204,2039.9999999999998,0.002,6.602,66020.0,0.016,0.0057,57.0,0.0003,0.0165,165.0,0.0003,0.0473,473.0,0.0004,0.0039,39.0,0.0002,0.0171,171.0,0.0003,0.12,1200.0,0.0,0.0046,46.0,0.0003,0.0246,246.0,0.0004,0.0023,23.0,0.0003,0.06,600.0,0.005,0.0177,177.0,0.0007,0.0019,19.0,0.0002,,,,0.0037,37.0,0.0009,,,,,,,,,,,,,,,,,,,,,,,,,,,,,,,,,,,,,,,,,,,,,,,,,,,,,,,,,,,,,,,,0.024,240.0,0.0037,0.0114,114.0,0.0015,,,,,,,,,,,,,,,,,,,,,,,,,,,,,,,,,
ash-pellet_JPL61,/Users/isaac/Documents/GitHub/PhD_Projects/Eaton-Fire-Ash/Ashes-EDXRF/EXPERT_ENG/WrkExpert/W187U/WORK/Aguilar_Isaac/ash_pellets/XRF_15-July_pellets/ash-pellet_JPL61.prf,ash-pellets_15-July_JPL61,46.163,461629.99999999994,0.08,0.974,9740.0,0.136,4.384,43840.0,0.049,30.696,306960.0,0.063,0.132,1320.0,0.005,0.172,1719.9999999999998,0.002,5.607,56070.0,0.068,4.845,48450.0,0.028,0.684,6840.000000000001,0.008,0.167,1670.0,0.002,5.853,58530.0,0.013,0.0049,49.0,0.0003,0.0138,138.0,0.0003,0.0493,493.0,0.0004,0.0045,45.0,0.0002,0.0207,207.0,0.0003,0.062,620.0,0.0,0.008,80.0,0.0003,0.0274,274.0,0.0004,0.003,30.0,0.0003,0.069,690.0000000000001,0.005,0.0272,272.0,0.0008,0.0046,46.0,0.0003,,,,,,,0.0116,116.0,0.0018,,,,,,,,,,,,,,,,,,,,,,,,,,,,,,,,,,0.0007,7.0,0.0002,,,,,,,,,,,,,,,,,,,,,,,,,0.0109,109.0,0.0033,0.0077,77.0,0.0013,,,,,,,,,,,,,,,,,,,,,,,,,,,,,,,,,
ash-pellet_JPL77,/Users/isaac/Documents/GitHub/PhD_Projects/Eaton-Fire-Ash/Ashes-EDXRF/EXPERT_ENG/WrkExpert/W187U/WORK/Aguilar_Isaac/ash_pellets/XRF_15-July_pellets/ash-pellet_JPL77.prf,ash-pellets_15-July_JPL77,44.367,443670.0,0.09,0.827,8270.0,0.169,3.227,32270.0,0.052,27.36,273600.0,0.066,0.201,2010.0000000000002,0.006,0.643,6430.0,0.004,5.97,59700.0,0.064,11.132,111320.0,0.042,1.531,15310.0,0.011,0.128,1280.0,0.002,3.8,38000.0,0.01,0.0047,47.0,0.0003,0.0442,442.0,0.0005,0.341,3410.0000000000005,0.001,0.0025,25.0,0.0002,0.015,150.0,0.0003,0.072,720.0,0.0,0.0048,48.0,0.0003,0.0322,322.0,0.0004,0.0018,18.0,0.0003,0.159,1590.0,0.005,0.108,1080.0,0.001,0.0015,15.0,0.0004,,,,0.0093,93.0,0.0008,,,,,,,,,,,,,,,,,,,,,,,,,,,,,,,,,,,,,,,,,,,,,,,,,,,,0.005,50.0,0.001,,,,,,,,,,,,,0.0136,136.0,0.0014,,,,,,,,,,,,,,,,,,,,,,,,,,,,,,,,,
ash-pellet_JPL63,/Users/isaac/Documents/GitHub/PhD_Projects/Eaton-Fire-Ash/Ashes-EDXRF/EXPERT_ENG/WrkExpert/W187U/WORK/Aguilar_Isaac/ash_pellets/XRF_15-July_pellets/ash-pellet_JPL63.prf,ash-pellets_15-July_JPL63,44.76,447600.0,0.086,1.266,12660.0,0.152,4.154,41540.0,0.052,28.206,282060.0,0.064,0.171,1710.0000000000002,0.006,0.247,2470.0,0.003,6.625,66250.0,0.071,7.555,75550.0,0.036,0.7,7000.0,0.008,0.216,2160.0,0.002,5.708,57080.0,0.013,0.0046,46.0,0.0003,0.0138,138.0,0.0003,0.072,720.0,0.001,0.0039,39.0,0.0002,0.0211,211.0,0.0003,0.096,960.0,0.0,0.0063,63.0,0.0003,0.0322,322.0,0.0004,0.0024,24.0,0.0003,0.083,830.0,0.005,0.0321,321.0,0.0008,0.0011,11.0,0.0003,,,,0.0039,39.0,0.0009,,,,,,,,,,,,,,,,,,,,,,,,,,,,,,,,,,,,,,,,,,,,,,,,,,,,,,,,,,,,,,,,0.0201,201.0,0.0036,,,,,,,,,,,,,,,,,,,,,,,,,,,,,,,,,,,,
ash-pellet_JPL89,/Users/isaac/Documents/GitHub/PhD_Projects/Eaton-Fire-Ash/Ashes-EDXRF/EXPERT_ENG/WrkExpert/W187U/WORK/Aguilar_Isaac/ash_pellets/XRF_15-July_pellets/ash-pellet_JPL89.prf,ash-pellets_15-July_JPL89,46.189,461890.0,0.08,0.964,9640.0,0.136,4.389,43890.0,0.05,30.574,305740.0,0.063,0.128,1280.0,0.005,0.254,2540.0,0.002,5.422,54220.0,0.066,5.703,57030.0,0.03,0.805,8050.000000000001,0.008,0.161,1610.0,0.002,5.052,50519.99999999999,0.011,0.0034,34.0,0.0003,0.0106,106.0,0.0003,0.072,720.0,0.001,0.0036,36.0,0.0002,0.0167,167.0,0.0003,0.07,700.0000000000001,0.0,0.0057,57.0,0.0003,0.04,400.0,0.0004,0.0018,18.0,0.0003,0.077,770.0,0.004,0.0284,284.0,0.0007,0.0013,13.0,0.0002,,,,0.0035,35.0,0.0008,0.0057,57.0,0.0017,,,,,,,,,,,,,,,,,,,,,,,,,,,,,,,,,,,,,,,,,,,,,,,,,,,,,,,,,,,,,0.0198,198.0,0.0035,,,,,,,,,,,,,,,,,,,,,,,,,,,,,,,,,,,,
ash-pellet_XPAH58,/Users/isaac/Documents/GitHub/PhD_Projects/Eaton-Fire-Ash/Ashes-EDXRF/EXPERT_ENG/WrkExpert/W187U/WORK/Aguilar_Isaac/ash_pellets/XRF_15-July_pellets/ash-pellet_XPAH58.prf,ash-pellets_15-July_XPAH58,40.374,403740.0,0.042,,,,0.37,3700.0,0.058,20.629,206290.0,0.046,0.816,8159.999999999999,0.011,0.469,4690.0,0.004,1.015,10149.999999999998,0.034,34.309,343090.0,0.049,0.42,4200.0,0.009,0.0456,456.0,0.0014,1.164,11640.0,0.004,0.0073,73.0,0.0003,0.0242,242.0,0.0004,0.094,940.0,0.001,0.0018,18.0,0.0002,0.0033,33.0,0.0003,0.0319,319.0,0.0003,0.0029,29.0,0.0003,0.0111,111.0,0.0003,,,,0.16,1600.0,0.005,,,,0.002,20.0,0.0002,,,,,,,0.0085,85.0,0.0019,,,,0.0019,19.0,0.0003,,,,,,,,,,,,,,,,,,,,,,,,,,,,,,,,,,,,,,,,0.0033,33.0,0.0009,,,,,,,,,,,,,,,,0.0145,145.0,0.0016,0.0217,217.0,0.0035,,,,,,,,,,,,,,,,,,,,,,,,,,,,,,
ash-pellet_JPL76,/Users/isaac/Documents/GitHub/PhD_Projects/Eaton-Fire-Ash/Ashes-EDXRF/EXPERT_ENG/WrkExpert/W187U/WORK/Aguilar_Isaac/ash_pellets/XRF_15-July_pellets/ash-pellet_JPL76.prf,ash-pellets_15-July_JPL76,44.376,443760.0,0.085,0.884,8840.0,0.159,3.221,32210.0,0.049,27.408,274080.0,0.063,0.186,1860.0,0.005,0.523,5230.0,0.004,6.127,61270.0,0.065,10.282,102820.0,0.04,2.142,21420.0,0.013,0.132,1320.0,0.002,3.713,37130.0,0.009,0.007,70.0,0.0003,0.0404,404.0,0.0005,0.516,5160.0,0.002,0.0031,31.0,0.0002,0.0143,143.0,0.0003,0.066,660.0,0.0,0.0042,42.0,0.0003,0.0286,286.0,0.0004,0.0028,28.0,0.0003,0.14,1400.0000000000002,0.005,0.136,1360.0,0.001,,,,,,,0.0066,66.0,0.0008,,,,,,,,,,,,,,,,,,,,,,,,,,,,,,,,,,,,,,,,,,,,,,,,,,,,,,,0.0074,74.0,0.0008,,,,,,,0.0201,201.0,0.005,0.014,140.0,0.0014,,,,,,,,,,,,,,,,,,,,,,,,,,,,,,,,,
ash-pellet_JPL59,/Users/isaac/Documents/GitHub/PhD_Projects/Eaton-Fire-Ash/Ashes-EDXRF/EXPERT_ENG/WrkExpert/W187U/WORK/Aguilar_Isaac/ash_pellets/XRF_15-July_pellets/ash-pellet_JPL59.prf,ash-pellets_15-July_JPL59,45.406,454060.0,0.082,1.132,11319.999999999998,0.141,4.333,43330.0,0.05,29.373,293730.0,0.062,0.16,1600.0,0.005,0.227,2270.0,0.002,6.477,64770.0,0.07,6.336,63360.0,0.033,0.762,7620.0,0.008,0.186,1860.0,0.002,5.197,51970.0,0.012,0.0044,44.0,0.0003,0.0217,217.0,0.0003,0.103,1030.0,0.001,0.0045,45.0,0.0002,0.0204,204.0,0.0003,0.078,780.0,0.0,0.0058,58.0,0.0003,0.0251,251.0,0.0004,0.0028,28.0,0.0003,0.08,800.0,0.005,0.0274,274.0,0.0007,0.0017,17.0,0.0002,,,,0.0068,68.0,0.0009,,,,,,,,,,0.0019,19.0,0.0004,,,,,,,,,,,,,,,,,,,,,,,,,,,,,,,,,,,,,,,,0.0058,58.0,0.001,,,,,,,,,,0.018,180.0,0.0036,,,,,,,0.0044,44.0,0.0009,,,,,,,,,,,,,,,,,,,,,,,,,,,
ash-pellet_JPL58,/Users/isaac/Documents/GitHub/PhD_Projects/Eaton-Fire-Ash/Ashes-EDXRF/EXPERT_ENG/WrkExpert/W187U/WORK/Aguilar_Isaac/ash_pellets/XRF_15-July_pellets/ash-pellet_JPL58.prf,ash-pellets_15-July_JPL58,44.914,449140.0,0.085,1.065,10650.0,0.153,3.622,36220.0,0.05,28.821,288210.0,0.064,0.181,1810.0,0.005,0.248,2480.0,0.002,6.095,60950.0,0.067,8.766,87660.0,0.038,0.8,8000.0,0.009,0.198,1980.0,0.002,4.697,46970.0,0.011,0.0044,44.0,0.0003,0.0152,152.0,0.0003,0.236,2360.0,0.001,0.0033,33.0,0.0002,0.0178,178.0,0.0003,0.1,1000.0,0.0,0.0052,52.0,0.0003,0.0315,315.0,0.0004,0.0025,25.0,0.0003,0.096,960.0,0.005,0.053,530.0,0.001,,,,,,,,,,,,,,,,0.0011,11.0,0.0003,,,,,,,,,,,,,,,,,,,,,,,,,,,,,,,,,,,,,,,,,,,,,,,,,,,,,,,0.0261,261.0,0.0037,,,,,,,,,,,,,,,,,,,,,,,,,,,,,,,,,,,,
ash-pellet_1606,/Users/isaac/Documents/GitHub/PhD_Projects/Eaton-Fire-Ash/Ashes-EDXRF/EXPERT_ENG/WrkExpert/W187U/WORK/Aguilar_Isaac/ash_pellets/XRF_15-July_pellets/ash-pellet_1606.prf,ash-pellets_15-July_1606,46.612,466120.0,0.089,1.981,19810.0,0.16,3.541,35410.0,0.049,31.197,311970.0,0.068,,,,0.554,5540.000000000001,0.003,1.501,15009.999999999998,0.05,10.789,107890.0,0.04,0.437,4370.0,0.007,0.0342,342.0,0.0011,1.081,10810.0,0.004,0.005,50.0,0.0003,0.079,790.0,0.001,1.308,13080.0,0.003,0.0035,35.0,0.0002,0.014,140.0,0.0003,0.0339,339.0,0.0003,0.002,20.0,0.0003,0.0203,203.0,0.0003,0.0017,17.0,0.0003,0.25,2500.0,0.005,0.0099,99.0,0.0006,,,,,,,0.007,70.0,0.0008,,,,0.449,4490.0,0.002,0.0021,21.0,0.0003,,,,0.0126,126.0,0.0019,,,,,,,,,,,,,,,,0.0034,34.0,0.0005,,,,,,,,,,,,,,,,,,,0.0039,39.0,0.0009,,,,,,,0.06,600.0,0.0,,,,,,,,,,,,,0.0053,53.0,0.0011,0.0029,29.0,0.0004,,,,,,,,,,,,,,,,,,,,,
ash-pellet_JPL28,/Users/isaac/Documents/GitHub/PhD_Projects/Eaton-Fire-Ash/Ashes-EDXRF/EXPERT_ENG/WrkExpert/W187U/WORK/Aguilar_Isaac/ash_pellets/XRF_15-July_pellets/ash-pellet_JPL28.prf,ash-pellets_15-July_JPL28,42.766,427660.0,0.092,1.635,16350.0,0.179,3.306,33060.0,0.053,24.973,249730.0,0.065,0.361,3610.0,0.007,0.215,2150.0,0.003,7.472,74720.0,0.069,12.459,124590.0,0.046,0.524,5240.0,0.008,0.277,2770.0000000000005,0.003,5.584,55839.99999999999,0.014,0.0054,54.0,0.0003,0.0178,178.0,0.0004,0.0499,499.0,0.0005,0.0036,36.0,0.0002,0.0155,155.0,0.0003,0.172,1719.9999999999998,0.001,0.0037,37.0,0.0003,0.0416,416.0,0.0005,,,,0.071,709.9999999999999,0.005,0.0241,241.0,0.0007,0.0009,9.0,0.0003,,,,,,,,,,,,,,,,,,,,,,,,,,,,,,,,,,,,,,,,,,,,,,,,,,,,,,,,,,,,,,,,,,,,,,0.0219,219.0,0.0036,,,,,,,,,,,,,,,,,,,,,,,,,,,,,,,,,,,,
ash-pellet_JPL29,/Users/isaac/Documents/GitHub/PhD_Projects/Eaton-Fire-Ash/Ashes-EDXRF/EXPERT_ENG/WrkExpert/W187U/WORK/Aguilar_Isaac/ash_pellets/XRF_15-July_pellets/ash-pellet_JPL29.prf,ash-pellets_15-July_JPL29,43.189,431890.0,0.093,1.452,14520.0,0.18,3.179,31790.0,0.054,25.641,256409.99999999997,0.066,0.277,2770.0000000000005,0.007,0.23,2300.0,0.003,6.399,63990.0,0.069,11.98,119800.0,0.046,0.625,6250.0,0.009,0.311,3110.0,0.003,6.312,63120.0,0.016,0.0062,62.0,0.0004,0.0188,188.0,0.0004,0.0402,402.0,0.0004,0.0038,38.0,0.0002,0.0165,165.0,0.0003,0.162,1620.0,0.001,0.0056,56.0,0.0004,0.0218,218.0,0.0005,0.0022,22.0,0.0003,0.073,730.0,0.005,0.0261,261.0,0.0008,,,,,,,0.0042,42.0,0.001,,,,,,,,,,,,,,,,,,,,,,,,,,,,,,,0.0034,34.0,0.0006,,,,,,,,,,,,,,,,,,,,,,,,,,,,,,,0.0218,218.0,0.0038,,,,,,,,,,,,,,,,,,,,,,,,,,,,,,,,,,,,
ash-pellet_JPL15,/Users/isaac/Documents/GitHub/PhD_Projects/Eaton-Fire-Ash/Ashes-EDXRF/EXPERT_ENG/WrkExpert/W187U/WORK/Aguilar_Isaac/ash_pellets/XRF_15-July_pellets/ash-pellet_JPL15.prf,ash-pellets_15-July_JPL15,44.205,442050.0,0.089,1.312,13120.0,0.166,3.808,38080.0,0.052,27.263,272630.0,0.065,0.217,2170.0,0.006,0.202,2020.0000000000002,0.002,6.01,60100.0,0.065,10.952,109520.0,0.042,0.745,7450.0,0.008,0.245,2450.0,0.002,4.632,46320.0,0.012,0.004,40.0,0.0003,0.0134,134.0,0.0003,0.087,869.9999999999999,0.001,0.0032,32.0,0.0002,0.0136,136.0,0.0003,0.139,1390.0000000000002,0.0,0.0044,44.0,0.0003,0.0219,219.0,0.0004,0.0017,17.0,0.0003,0.09,900.0,0.005,0.0258,258.0,0.0007,,,,0.002,20.0,0.0004,0.0045,45.0,0.0008,,,,,,,,,,,,,,,,,,,,,,,,,,,,,,,,,,,,,,,,,,,,,,,,,,,,,,,,,,,,,,,,,,,,,,,,,,,,,,,,,,,,,,,,,,,,,,,,,,,,,,
ash-pellet_1639,/Users/isaac/Documents/GitHub/PhD_Projects/Eaton-Fire-Ash/Ashes-EDXRF/EXPERT_ENG/WrkExpert/W187U/WORK/Aguilar_Isaac/ash_pellets/XRF_15-July_pellets/ash-pellet_1639.prf,ash-pellets_15-July_1639,47.591,475910.0,0.071,0.816,8159.999999999999,0.11,4.896,48960.0,0.046,33.148,331480.00000000006,0.058,0.148,1480.0,0.004,0.214,2140.0,0.002,5.362,53620.0,0.064,3.221,32210.0,0.023,0.473,4730.0,0.006,0.079,790.0,0.001,3.732,37320.0,0.008,0.0035,35.0,0.0002,0.0072,72.0,0.0002,0.055,550.0,0.0,0.0029,29.0,0.0001,0.0124,124.0,0.0002,0.055,550.0,0.0,0.0036,36.0,0.0002,0.0385,385.0,0.0003,0.0015,15.0,0.0002,0.084,840.0,0.004,0.0252,252.0,0.0005,,,,,,,0.0044,44.0,0.0006,,,,,,,,,,,,,,,,,,,,,,,,,,,,,,,0.0013,13.0,0.0004,,,,,,,,,,,,,,,,,,,0.0035,35.0,0.0007,,,,,,,,,,0.015,150.0,0.0028,0.0066,66.0,0.0011,,,,,,,,,,,,,,,,,,,,,,,,,,,,,,,,,
ash-pellet_JPL11,/Users/isaac/Documents/GitHub/PhD_Projects/Eaton-Fire-Ash/Ashes-EDXRF/EXPERT_ENG/WrkExpert/W187U/WORK/Aguilar_Isaac/ash_pellets/XRF_15-July_pellets/ash-pellet_JPL11.prf,ash-pellets_15-July_JPL11,44.836,448360.0,0.087,1.205,12050.0,0.157,4.2,42000.0,0.052,28.151,281510.0,0.064,0.201,2010.0000000000002,0.006,0.255,2550.0,0.002,6.106,61060.0,0.068,7.86,78600.0,0.036,0.755,7550.0,0.008,0.193,1930.0,0.002,5.777,57770.0,0.013,0.0033,33.0,0.0003,0.0166,166.0,0.0003,0.129,1290.0,0.001,0.0039,39.0,0.0002,0.0178,178.0,0.0003,0.105,1050.0,0.0,0.0042,42.0,0.0003,0.0327,327.0,0.0004,0.0024,24.0,0.0003,0.083,830.0,0.005,0.0292,292.0,0.0007,0.0011,11.0,0.0003,,,,0.0045,45.0,0.0009,,,,,,,0.0012,12.0,0.0003,,,,,,,,,,,,,,,,,,,,,,0.0037,37.0,0.0005,,,,,,,,,,,,,,,,,,,,,,,,,,,,,,,0.0243,243.0,0.0037,,,,,,,,,,,,,,,,,,,,,,,,,,,,,,,,,,,,
ash_pellet_JPL73,/Users/isaac/Documents/GitHub/PhD_Projects/Eaton-Fire-Ash/Ashes-EDXRF/EXPERT_ENG/WrkExpert/W187U/WORK/Aguilar_Isaac/ash_pellets/XRF_15-July_pellets/ash_pellet_JPL73.prf,14_July_ash_pellets_JPL73,43.794,437939.99999999994,0.094,1.004,10040.0,0.186,2.766,27660.0,0.052,24.855,248550.0,0.065,0.108,1080.0,0.006,1.266,12660.0,0.006,3.617,36170.0,0.056,13.907,139070.0,0.047,2.872,28720.0,0.016,0.131,1310.0,0.002,3.963,39630.0,0.011,0.0091,91.0,0.0003,0.103,1030.0,0.001,0.685,6850.000000000001,0.002,0.0022,22.0,0.0003,0.0112,112.0,0.0003,0.088,880.0,0.0,0.0038,38.0,0.0004,0.0352,352.0,0.0004,0.0021,21.0,0.0003,0.313,3130.0,0.006,0.4,4000.0,0.002,,,,,,,0.0079,79.0,0.001,,,,,,,,,,,,,,,,,,,,,,,,,,,,,,,,,,,,,,,,,,,,,,,,,,,,0.007,70.0,0.0011,0.0036,36.0,0.0009,,,,,,,0.0257,257.0,0.0062,0.0231,231.0,0.0017,,,,,,,,,,,,,,,,,,,,,,,,,,,,,,,,,
ash-pellet_GPS09,/Users/isaac/Documents/GitHub/PhD_Projects/Eaton-Fire-Ash/Ashes-EDXRF/EXPERT_ENG/WrkExpert/W187U/WORK/Aguilar_Isaac/ash_pellets/XRF_15-July_pellets/ash-pellet_GPS09.prf,ash-pellets_15-July_GPS09,45.997,459970.0,0.079,1.389,13890.0,0.133,4.571,45710.0,0.049,30.257,302570.0,0.062,0.133,1330.0,0.005,0.151,1510.0,0.002,5.94,59400.00000000001,0.069,4.868,48680.0,0.028,0.626,6260.0,0.007,0.166,1660.0,0.002,5.594,55940.0,0.012,0.004,40.0,0.0003,0.0088,88.0,0.0003,0.0347,347.0,0.0004,0.0036,36.0,0.0002,0.0196,196.0,0.0003,0.068,680.0,0.0,0.0057,57.0,0.0003,0.036,360.0,0.0004,0.0025,25.0,0.0003,0.065,650.0,0.005,0.024,240.0,0.0007,0.001,10.0,0.0002,,,,0.0058,58.0,0.0008,0.0095,95.0,0.0017,,,,,,,,,,,,,,,,,,,,,,,,,,,,,,,,,,,,,,,,,,,,,,,,,0.0052,52.0,0.0009,,,,,,,,,,0.0149,149.0,0.0031,,,,,,,,,,,,,,,,,,,,,,,,,,,,,,,,,,,,
ash-pellet_XPAH28,/Users/isaac/Documents/GitHub/PhD_Projects/Eaton-Fire-Ash/Ashes-EDXRF/EXPERT_ENG/WrkExpert/W187U/WORK/Aguilar_Isaac/ash_pellets/XRF_15-July_pellets/ash-pellet_XPAH28.prf,ash-pellets_15-July_XPAH28,45.354,453540.0,0.095,11.796,117960.0,0.169,2.765,27650.0,0.042,27.079,270790.0,0.065,,,,0.232,2320.0,0.003,2.372,23720.0,0.052,5.043,50430.0,0.027,0.395,3950.0,0.006,0.062,620.0,0.001,1.833,18330.0,0.005,0.0029,29.0,0.0002,0.211,2110.0,0.001,0.256,2560.0,0.001,,,,0.0089,89.0,0.0002,0.0264,264.0,0.0002,,,,0.0182,182.0,0.0003,0.0018,18.0,0.0003,0.153,1530.0,0.005,2.323,23230.0,0.006,,,,,,,0.0114,114.0,0.0009,,,,,,,,,,,,,,,,,,,,,,,,,,,,,,,,,,,,,,,,,,,,,,,,,,,,0.0061,61.0,0.0009,,,,,,,0.0203,203.0,0.0002,0.0102,102.0,0.0027,0.0091,91.0,0.001,0.0112,112.0,0.0033,,,,,,,,,,,,,,,,,,,,,,,,,,,,,,
ash-pellet_JPL06,/Users/isaac/Documents/GitHub/PhD_Projects/Eaton-Fire-Ash/Ashes-EDXRF/EXPERT_ENG/WrkExpert/W187U/WORK/Aguilar_Isaac/ash_pellets/XRF_15-July_pellets/ash-pellet_JPL06.prf,ash-pellets_15-July_JPL06,42.265,422650.0,0.094,1.846,18460.0,0.187,2.311,23110.0,0.052,24.57,245700.0,0.065,0.442,4420.0,0.008,0.236,2360.0,0.003,7.527,75270.0,0.07,15.405,154050.0,0.053,0.429,4290.0,0.008,0.344,3439.9999999999995,0.003,4.204,42040.0,0.012,0.0039,39.0,0.0003,0.0154,154.0,0.0003,0.043,430.0,0.0004,0.0027,27.0,0.0002,0.0137,137.0,0.0003,0.197,1970.0,0.001,0.004,40.0,0.0003,0.0213,213.0,0.0005,0.002,20.0,0.0003,0.074,740.0,0.005,0.0168,168.0,0.0007,0.0013,13.0,0.0002,,,,,,,,,,,,,,,,,,,,,,,,,,,,,,,,,,,,,,,,,,,,,,,,,,,,,,,,,,,,,,,,,,,,,,0.0245,245.0,0.0036,,,,,,,,,,,,,,,,,,,,,,,,,,,,,,,,,,,,
ash-pellet_JPL07,/Users/isaac/Documents/GitHub/PhD_Projects/Eaton-Fire-Ash/Ashes-EDXRF/EXPERT_ENG/WrkExpert/W187U/WORK/Aguilar_Isaac/ash_pellets/XRF_15-July_pellets/ash-pellet_JPL07.prf,ash-pellets_15-July_JPL07,44.563,445630.0,0.09,1.171,11710.0,0.167,3.994,39940.0,0.052,27.864,278640.0,0.066,0.19,1900.0,0.006,0.286,2859.9999999999995,0.003,6.509,65090.0,0.07,8.875,88750.0,0.039,0.793,7930.0,0.009,0.24,2400.0,0.002,5.056,50560.0,0.013,0.0073,73.0,0.0003,0.0198,198.0,0.0004,0.113,1130.0,0.001,0.004,40.0,0.0002,0.0186,186.0,0.0003,0.108,1080.0,0.0,0.0064,64.0,0.0003,0.0354,354.0,0.0004,0.0025,25.0,0.0003,0.085,850.0000000000001,0.005,0.0312,312.0,0.0008,0.0013,13.0,0.0003,,,,0.0058,58.0,0.0009,,,,,,,,,,0.0027,27.0,0.0005,,,,,,,,,,,,,,,,,,,,,,,,,,,,,,,,,,,,,,,,,,,,,,,,,,,,0.0196,196.0,0.0039,,,,,,,,,,,,,,,,,,,,,,,,,,,,,,,,,,,,
ash-pellet_XPAH29,/Users/isaac/Documents/GitHub/PhD_Projects/Eaton-Fire-Ash/Ashes-EDXRF/EXPERT_ENG/WrkExpert/W187U/WORK/Aguilar_Isaac/ash_pellets/XRF_15-July_pellets/ash-pellet_XPAH29.prf,ash-pellets_15-July_XPAH29,47.284,472840.0,0.071,0.832,8320.0,0.109,5.14,51400.0,0.047,32.531,325310.0,0.057,0.068,680.0,0.003,0.079,790.0,0.002,5.253,52530.0,0.064,2.454,24540.0,0.02,0.557,5570.000000000001,0.006,0.111,1110.0,0.001,5.458,54580.0,0.01,0.0046,46.0,0.0002,0.0062,62.0,0.0002,0.0236,236.0,0.0003,0.0036,36.0,0.0002,0.018,180.0,0.0002,0.0369,369.0,0.0002,0.0056,56.0,0.0003,0.0279,279.0,0.0003,0.0023,23.0,0.0002,0.052,520.0,0.004,0.0152,152.0,0.0006,0.001,10.0,0.0002,,,,0.0042,42.0,0.0007,0.0095,95.0,0.0015,,,,,,,,,,,,,,,,,,,,,,,,,,,,,,,,,,,,,,,,,,,,,,,,,,,,,,,,,,,,,0.0149,149.0,0.0028,0.0075,75.0,0.0011,,,,,,,,,,,,,,,,,,,,,,,,,,,,,,,,,
ash_pellet_JPL68,/Users/isaac/Documents/GitHub/PhD_Projects/Eaton-Fire-Ash/Ashes-EDXRF/EXPERT_ENG/WrkExpert/W187U/WORK/Aguilar_Isaac/ash_pellets/XRF_15-July_pellets/ash_pellet_JPL68.prf,ash-pellets_14-July_JPL68,45.119,451190.0,0.088,1.034,10340.0,0.159,3.425,34250.0,0.051,29.269,292690.0,0.067,0.193,1930.0,0.006,0.296,2960.0,0.003,6.298,62980.0,0.07,7.646,76460.0,0.036,0.769,7690.0,0.009,0.147,1470.0,0.002,5.387,53869.99999999999,0.013,0.0038,38.0,0.0003,0.0138,138.0,0.0003,0.121,1210.0,0.001,0.0035,35.0,0.0002,0.0178,178.0,0.0003,0.086,859.9999999999999,0.0,0.005,50.0,0.0003,0.0342,342.0,0.0004,0.003,30.0,0.0003,0.068,680.0,0.005,0.0298,298.0,0.0007,0.001,10.0,0.0003,,,,0.0045,45.0,0.0009,,,,,,,,,,,,,,,,,,,,,,,,,,,,,,,0.0048,48.0,0.0005,,,,,,,,,,,,,,,,,,,,,,,,,,,,,,,0.0205,205.0,0.0037,,,,,,,,,,,,,,,,,,,,,,,,,,,,,,,,,,,,
ash-pellet_1590,/Users/isaac/Documents/GitHub/PhD_Projects/Eaton-Fire-Ash/Ashes-EDXRF/EXPERT_ENG/WrkExpert/W187U/WORK/Aguilar_Isaac/ash_pellets/XRF_15-July_pellets/ash-pellet_1590.prf,ash-pellets_15-July_1590,45.341,453410.0,0.081,1.364,13640.000000000002,0.14,4.467,44670.0,0.052,28.925,289250.0,0.062,0.124,1240.0,0.005,0.178,1780.0,0.002,4.517,45170.0,0.066,5.744,57440.0,0.031,0.744,7440.0,0.008,0.172,1719.9999999999998,0.002,7.305,73050.0,0.015,0.0089,89.0,0.0004,0.184,1840.0,0.001,0.11,1100.0,0.001,0.0037,37.0,0.0002,0.0187,187.0,0.0003,0.082,820.0,0.0,0.0048,48.0,0.0004,0.0195,195.0,0.0004,0.0026,26.0,0.0003,0.064,640.0,0.005,0.0251,251.0,0.0008,0.001,10.0,0.0003,0.0019,19.0,0.0004,,,,,,,0.523,5230.0,0.002,,,,,,,,,,,,,,,,,,,,,,,,,,,,,,,,,,,,,,,,,,,,,,,,,,,,,,,0.0409,409.0,0.0003,0.0191,191.0,0.0035,0.0095,95.0,0.0014,,,,,,,,,,,,,,,,,,,,,,,,,,,,,,,,,
ash-pellet_JPL09,/Users/isaac/Documents/GitHub/PhD_Projects/Eaton-Fire-Ash/Ashes-EDXRF/EXPERT_ENG/WrkExpert/W187U/WORK/Aguilar_Isaac/ash_pellets/XRF_15-July_pellets/ash-pellet_JPL09.prf,ash-pellets_15-July_JPL09,45.934,459340.0,0.082,1.041,10410.0,0.139,4.123,41230.0,0.051,30.542,305420.0,0.065,0.099,990.0,0.006,0.178,1780.0,0.002,5.935,59349.99999999999,0.07,5.127,51270.0,0.03,0.632,6320.0,0.008,0.169,1690.0,0.002,5.889,58890.0,0.013,0.0055,55.0,0.0003,0.0103,103.0,0.0003,0.0445,445.0,0.0004,0.0042,42.0,0.0002,0.0199,199.0,0.0003,0.072,720.0,0.0,0.0063,63.0,0.0003,0.0359,359.0,0.0004,0.0025,25.0,0.0003,0.066,660.0,0.005,0.0218,218.0,0.0007,0.0017,17.0,0.0002,,,,0.0043,43.0,0.0009,,,,,,,,,,,,,0.008,80.0,0.0022,,,,,,,,,,,,,,,,,,,,,,,,,,,,,,,,,,,,,,,,,,,,,,,,,0.019,190.0,0.0034,0.0087,87.0,0.0013,,,,,,,,,,,,,,,,,,,,,,,,,,,,,,,,,
ash_pellet_JPL43,/Users/isaac/Documents/GitHub/PhD_Projects/Eaton-Fire-Ash/Ashes-EDXRF/EXPERT_ENG/WrkExpert/W187U/WORK/Aguilar_Isaac/ash_pellets/XRF_15-July_pellets/ash_pellet_JPL43.prf,ash-pellets_14-July_JPL43,45.858,458579.99999999994,0.084,1.051,10510.0,0.145,3.334,33340.0,0.048,30.898,308980.0,0.066,0.163,1630.0,0.005,0.182,1820.0,0.002,6.056,60560.0,0.069,5.456,54560.00000000001,0.03,0.575,5750.0,0.007,0.149,1490.0,0.002,5.931,59310.0,0.013,0.0046,46.0,0.0003,0.0449,449.0,0.0005,0.0419,419.0,0.0004,0.0033,33.0,0.0002,0.0143,143.0,0.0003,0.076,760.0,0.0,0.0042,42.0,0.0003,0.0337,337.0,0.0004,0.0023,23.0,0.0003,0.052,520.0,0.005,0.0164,164.0,0.0007,0.0009,9.0,0.0002,,,,0.0055,55.0,0.0009,,,,,,,,,,,,,0.0082,82.0,0.0021,,,,,,,,,,,,,,,,,,,,,,,,,,,,,,,,,,,,,0.0047,47.0,0.001,,,,,,,,,,0.0159,159.0,0.0032,,,,0.018,180.0,0.0034,,,,,,,,,,,,,,,,,,,,,,,,,,,,,,
ash-pellet_XPAH26,/Users/isaac/Documents/GitHub/PhD_Projects/Eaton-Fire-Ash/Ashes-EDXRF/EXPERT_ENG/WrkExpert/W187U/WORK/Aguilar_Isaac/ash_pellets/XRF_15-July_pellets/ash-pellet_XPAH26.prf,ash-pellets_15-July_XPAH26,41.6,416000.0,1.047,1.565,15650.0,0.162,0.87,8700.0,0.041,25.394,253939.99999999997,0.64,,,,0.821,8210.0,0.021,,,,6.199,61990.0,0.158,0.311,3110.0,0.009,0.0294,294.0,0.001,0.855,8550.0,0.022,0.0045,45.0,0.0002,0.0408,408.0,0.0011,2.925,29250.0,0.074,0.0033,33.0,0.0002,0.0021,21.0,0.0002,0.0156,156.0,0.0004,0.0013,13.0,0.0002,0.0064,64.0,0.0003,0.0009,9.0,0.0002,0.0309,309.0,0.0029,0.0117,117.0,0.0005,0.0005,5.0,0.0001,,,,0.0092,92.0,0.0006,,,,2.562,25620.0,0.065,0.076,760.0,0.002,,,,,,,,,,,,,,,,,,,,,,,,,,,,,,,,,,,,,,,,,,,0.0032,32.0,0.0006,,,,,,,0.0275,275.0,0.0007,,,,0.0207,207.0,0.001,,,,,,,0.0307,307.0,0.0011,0.0116,116.0,0.0004,16.566,165660.0,2.094,0.0061,61.0,0.0004,,,,,,,,,,,,,,,
ash-pellet_GPS03,/Users/isaac/Documents/GitHub/PhD_Projects/Eaton-Fire-Ash/Ashes-EDXRF/EXPERT_ENG/WrkExpert/W187U/WORK/Aguilar_Isaac/ash_pellets/XRF_15-July_pellets/ash-pellet_GPS03.prf,ash-pellets_15-July_GPS03,44.839,448390.0,0.083,1.529,15290.0,0.15,4.219,42190.0,0.051,27.821,278210.0,0.062,0.244,2440.0,0.006,0.169,1690.0,0.002,5.08,50800.0,0.063,8.507,85070.0,0.036,0.626,6260.0,0.008,0.252,2520.0,0.002,6.349,63490.0,0.014,0.006,60.0,0.0003,0.0156,156.0,0.0003,0.059,590.0,0.0,0.0042,42.0,0.0002,0.0183,183.0,0.0003,0.115,1150.0,0.0,0.0054,54.0,0.0003,0.0253,253.0,0.0004,0.0019,19.0,0.0003,0.061,610.0,0.005,0.022,220.0,0.0007,0.0018,18.0,0.0002,,,,0.0037,37.0,0.0009,,,,,,,0.0025,25.0,0.0003,,,,,,,,,,,,,,,,,,,,,,,,,,,,0.0005,5.0,0.0002,,,,,,,,,,,,,,,,,,,,,,,,,0.0235,235.0,0.0033,,,,,,,,,,,,,,,,,,,,,,,,,,,,,,,,,,,,
ash-pellet_1620,/Users/isaac/Documents/GitHub/PhD_Projects/Eaton-Fire-Ash/Ashes-EDXRF/EXPERT_ENG/WrkExpert/W187U/WORK/Aguilar_Isaac/ash_pellets/XRF_15-July_pellets/ash-pellet_1620.prf,ash-pellets_15-July_1620,46.996,469960.0,0.079,0.968,9680.0,0.127,4.079,40790.0,0.048,32.565,325650.0,0.063,0.098,980.0,0.004,0.148,1480.0,0.002,5.478,54780.0,0.07,3.216,32160.000000000004,0.024,0.583,5830.0,0.007,0.134,1340.0,0.002,5.456,54560.00000000001,0.012,0.0038,38.0,0.0003,0.0103,103.0,0.0003,0.0391,391.0,0.0004,0.0039,39.0,0.0002,0.0198,198.0,0.0003,0.0477,477.0,0.0003,0.0063,63.0,0.0003,0.0307,307.0,0.0004,0.0029,29.0,0.0003,0.075,750.0,0.005,0.0178,178.0,0.0007,0.0018,18.0,0.0002,,,,,,,,,,,,,,,,,,,,,,,,,,,,,,,,,,,,,,,,,,,,,,,,,,,,,,,,,,,,,,,,,,,,,,0.0135,135.0,0.0032,0.007,70.0,0.0012,,,,,,,,,,,,,,,,,,,,,,,,,,,,,,,,,
ash-pellet_JPL18,/Users/isaac/Documents/GitHub/PhD_Projects/Eaton-Fire-Ash/Ashes-EDXRF/EXPERT_ENG/WrkExpert/W187U/WORK/Aguilar_Isaac/ash_pellets/XRF_15-July_pellets/ash-pellet_JPL18.prf,ash-pellets_15-July_JPL18,45.907,459069.99999999994,0.082,1.125,11250.0,0.141,3.912,39120.0,0.049,30.208,302080.0,0.063,0.147,1470.0,0.006,0.2,2000.0,0.002,5.127,51270.0,0.065,5.927,59269.99999999999,0.031,0.903,9030.0,0.009,0.172,1719.9999999999998,0.002,5.979,59790.0,0.013,0.0032,32.0,0.0003,0.01,100.0,0.0003,0.112,1120.0,0.001,0.0037,37.0,0.0002,0.0145,145.0,0.0003,0.085,850.0000000000001,0.0,0.0041,41.0,0.0003,0.026,260.0,0.0004,0.0022,22.0,0.0003,0.077,770.0,0.005,0.0167,167.0,0.0007,0.002,20.0,0.0002,,,,0.0041,41.0,0.0008,0.008,80.0,0.0018,,,,,,,,,,,,,,,,,,,,,,,,,,,,,,,,,,,,,,,,,,,,,,,,,,,,,,,,,,,,,0.0238,238.0,0.0036,,,,,,,,,,,,,,,,,,,,,,,,,,,,,,,,,,,,
ash-pellet_JPL25,/Users/isaac/Documents/GitHub/PhD_Projects/Eaton-Fire-Ash/Ashes-EDXRF/EXPERT_ENG/WrkExpert/W187U/WORK/Aguilar_Isaac/ash_pellets/XRF_15-July_pellets/ash-pellet_JPL25.prf,ash-pellets_15-July_JPL25,44.592,445920.0,0.084,1.667,16670.0,0.152,3.703,37030.0,0.05,28.044,280440.0,0.063,0.204,2039.9999999999998,0.006,0.176,1760.0,0.002,6.268,62680.0,0.065,8.571,85710.0,0.036,0.619,6190.0,0.008,0.195,1950.0,0.002,5.617,56170.0,0.013,0.0046,46.0,0.0003,0.0116,116.0,0.0003,0.0396,396.0,0.0004,0.0038,38.0,0.0002,0.0161,161.0,0.0003,0.112,1120.0,0.0,0.0043,43.0,0.0003,0.0227,227.0,0.0004,0.0021,21.0,0.0003,0.069,690.0000000000001,0.005,0.0167,167.0,0.0006,0.0007,7.0,0.0002,,,,0.0045,45.0,0.0008,,,,,,,,,,0.0021,21.0,0.0004,,,,,,,,,,,,,,,,,,,0.0034,34.0,0.0005,,,,,,,,,,,,,,,,,,,,,,,,,0.0044,44.0,0.0006,,,,0.0186,186.0,0.0033,0.0071,71.0,0.0013,,,,,,,,,,,,,,,,,,,,,,,,,,,,,,,,,
ash_pellet_JPL50,/Users/isaac/Documents/GitHub/PhD_Projects/Eaton-Fire-Ash/Ashes-EDXRF/EXPERT_ENG/WrkExpert/W187U/WORK/Aguilar_Isaac/ash_pellets/XRF_15-July_pellets/ash_pellet_JPL50.prf,ash-pellets_14-July_JPL50,44.284,442840.0,0.091,1.188,11880.0,0.169,3.404,34040.0,0.052,27.789,277890.0,0.067,0.205,2050.0,0.007,0.241,2410.0,0.003,6.515,65150.0,0.07,9.6,96000.0,0.041,0.627,6270.0,0.008,0.287,2870.0,0.003,5.467,54670.0,0.014,0.0045,45.0,0.0003,0.0141,141.0,0.0003,0.051,509.99999999999994,0.0,0.0035,35.0,0.0002,0.0137,137.0,0.0003,0.137,1370.0,0.001,0.0043,43.0,0.0003,0.0269,269.0,0.0004,0.0019,19.0,0.0003,0.073,730.0,0.005,0.0221,221.0,0.0007,,,,,,,0.0046,46.0,0.0009,,,,,,,,,,,,,0.0095,95.0,0.0023,,,,,,,,,,,,,,,,,,,,,,,,,,,,,,,,,,,,,,,,,,,0.0048,48.0,0.0007,,,,0.0235,235.0,0.0036,,,,,,,,,,,,,,,,,,,,,,,,,,,,,,,,,,,,
ash-pellet_JPL33,/Users/isaac/Documents/GitHub/PhD_Projects/Eaton-Fire-Ash/Ashes-EDXRF/EXPERT_ENG/WrkExpert/W187U/WORK/Aguilar_Isaac/ash_pellets/XRF_15-July_pellets/ash-pellet_JPL33.prf,ash-pellets_15-July_JPL33,45.538,455379.99999999994,0.085,1.1,11000.0,0.15,3.974,39740.0,0.051,29.372,293720.0,0.065,0.129,1290.0,0.005,0.228,2280.0,0.002,4.921,49210.0,0.066,6.225,62250.0,0.032,0.854,8540.0,0.009,0.184,1840.0,0.002,7.081,70810.0,0.016,0.0077,77.0,0.0003,0.0194,194.0,0.0004,0.095,950.0,0.001,0.0045,45.0,0.0002,0.018,180.0,0.0003,0.083,830.0,0.0,0.0062,62.0,0.0003,0.0271,271.0,0.0004,0.0022,22.0,0.0003,0.063,630.0,0.005,0.0183,183.0,0.0007,0.002,20.0,0.0002,,,,0.0063,63.0,0.0009,,,,,,,,,,,,,0.01,100.0,0.0023,,,,,,,,,,,,,,,,,,,,,,,,,,,,,,,,,,,,,,,,,,,,,,,,,0.0212,212.0,0.0036,0.01,100.0,0.0014,,,,,,,,,,,,,,,,,,,,,,,,,,,,,,,,,
ash_pellet_JPL79,/Users/isaac/Documents/GitHub/PhD_Projects/Eaton-Fire-Ash/Ashes-EDXRF/EXPERT_ENG/WrkExpert/W187U/WORK/Aguilar_Isaac/ash_pellets/XRF_15-July_pellets/ash_pellet_JPL79.prf,ash-pellets_14-July_JPL79,43.869,438690.0,0.091,1.062,10620.0,0.177,2.862,28620.0,0.051,26.156,261560.0,0.065,0.051,509.99999999999994,0.005,0.762,7620.0,0.004,4.514,45140.0,0.056,13.362,133620.0,0.045,2.504,25040.0,0.015,0.111,1110.0,0.002,3.187,31870.0,0.009,0.0192,192.0,0.0004,0.052,520.0,0.001,0.517,5170.0,0.002,0.0024,24.0,0.0002,0.0112,112.0,0.0003,0.068,680.0,0.0,0.0029,29.0,0.0003,0.0223,223.0,0.0003,0.0017,17.0,0.0003,0.254,2540.0,0.005,0.176,1760.0,0.001,,,,,,,0.0082,82.0,0.0008,,,,0.368,3680.0,0.002,,,,,,,,,,,,,,,,,,,,,,,,,,,,,,,,,,,,,,,,,,,,,,0.0044,44.0,0.0009,,,,,,,,,,0.0355,355.0,0.0056,0.016,160.0,0.0015,,,,,,,,,,,,,,,,,,,,,,,,,,,,,,,,,
ash-pellet_XPAH20,/Users/isaac/Documents/GitHub/PhD_Projects/Eaton-Fire-Ash/Ashes-EDXRF/EXPERT_ENG/WrkExpert/W187U/WORK/Aguilar_Isaac/ash_pellets/XRF_15-July_pellets/ash-pellet_XPAH20.prf,ash-pellets_15-July_XPAH20,39.191,391910.0,0.118,1.309,13090.0,0.287,,,,18.42,184200.00000000003,0.068,0.308,3080.0,0.005,0.534,5340.0,0.005,,,,36.68,366800.0,0.114,1.353,13530.0,0.013,0.0366,366.0,0.0013,0.838,8380.0,0.004,0.015,150.0,0.0004,0.0027,27.0,0.0002,0.44,4400.0,0.002,,,,0.0016,16.0,0.0002,0.0305,305.0,0.0003,,,,0.0039,39.0,0.0003,,,,0.336,3360.0,0.006,0.429,4290.0,0.002,,,,,,,0.0046,46.0,0.0008,,,,,,,,,,,,,,,,0.0285,285.0,0.006,,,,,,,,,,,,,,,,,,,,,,,,,,,,,,,,,,,,,,,,,,,,,,,,,0.0372,372.0,0.0018,,,,,,,,,,,,,,,,,,,,,,,,,,,,,,,,,
ash-pellet_JPL40,/Users/isaac/Documents/GitHub/PhD_Projects/Eaton-Fire-Ash/Ashes-EDXRF/EXPERT_ENG/WrkExpert/W187U/WORK/Aguilar_Isaac/ash_pellets/XRF_15-July_pellets/ash-pellet_JPL40.prf,ash-pellets_15-July_JPL40,42.98,429799.99999999994,0.092,1.784,17840.0,0.178,2.89,28900.0,0.052,25.518,255180.0,0.066,0.315,3150.0,0.007,0.225,2250.0,0.003,7.232,72320.0,0.071,11.463,114629.99999999999,0.045,0.618,6180.0,0.008,0.241,2410.0,0.002,6.303,63030.0,0.016,0.007,70.0,0.0004,0.0264,264.0,0.0004,0.063,630.0,0.001,0.0037,37.0,0.0002,0.0182,182.0,0.0003,0.136,1360.0,0.001,0.0039,39.0,0.0004,0.0242,242.0,0.0005,,,,0.071,709.9999999999999,0.005,0.0257,257.0,0.0008,0.0016,16.0,0.0003,0.002,20.0,0.0004,0.0042,42.0,0.001,0.0099,99.0,0.0021,,,,,,,,,,,,,,,,,,,,,,,,,,,,,,,,,,,,,,,,,,,,,,,,,,,,,,,,,,,,,0.0241,241.0,0.0037,0.0096,96.0,0.0015,,,,,,,,,,,,,,,,,,,,,,,,,,,,,,,,,
ash-pellet_JPL95,/Users/isaac/Documents/GitHub/PhD_Projects/Eaton-Fire-Ash/Ashes-EDXRF/EXPERT_ENG/WrkExpert/W187U/WORK/Aguilar_Isaac/ash_pellets/XRF_15-July_pellets/ash-pellet_JPL95.prf,ash-pellets_15-July_JPL95,44.829,448290.0,0.089,1.279,12790.0,0.159,3.874,38740.0,0.053,28.268,282680.0,0.066,0.199,1990.0,0.006,0.238,2380.0,0.003,5.939,59390.0,0.072,7.3,73000.0,0.036,0.701,7010.0,0.009,0.235,2350.0,0.002,6.704,67040.0,0.016,0.0059,59.0,0.0003,0.0234,234.0,0.0004,0.068,680.0,0.001,0.0039,39.0,0.0002,0.0198,198.0,0.0003,0.112,1120.0,0.0,0.0055,55.0,0.0004,0.0395,395.0,0.0005,0.0021,21.0,0.0003,0.066,660.0,0.006,0.0275,275.0,0.0008,0.0013,13.0,0.0003,,,,0.0059,59.0,0.001,0.012,120.0,0.0022,,,,,,,0.0028,28.0,0.0005,,,,,,,,,,,,,,,,,,,,,,,,,,,,,,,,,,,,,,,,,,,,,,,,,,,,0.0319,319.0,0.0037,,,,,,,0.0055,55.0,0.0011,,,,,,,,,,,,,0.0019,19.0,0.0005,,,,,,,,,,,,
ash-pellet_JPL94,/Users/isaac/Documents/GitHub/PhD_Projects/Eaton-Fire-Ash/Ashes-EDXRF/EXPERT_ENG/WrkExpert/W187U/WORK/Aguilar_Isaac/ash_pellets/XRF_15-July_pellets/ash-pellet_JPL94.prf,ash-pellets_15-July_JPL94,45.492,454920.0,0.087,1.003,10029.999999999998,0.152,3.563,35630.0,0.052,29.818,298180.0,0.067,0.154,1540.0,0.006,0.239,2390.0,0.002,5.538,55380.0,0.073,6.557,65570.0,0.035,0.649,6490.0,0.008,0.19,1900.0,0.002,6.374,63740.0,0.015,0.0055,55.0,0.0003,0.0198,198.0,0.0004,0.12,1200.0,0.001,0.0041,41.0,0.0002,0.0189,189.0,0.0004,0.083,830.0,0.0,0.0082,82.0,0.0004,0.0369,369.0,0.0005,0.0027,27.0,0.0004,0.061,610.0,0.005,0.0288,288.0,0.0008,0.0015,15.0,0.0003,,,,0.0057,57.0,0.001,,,,,,,0.0035,35.0,0.0004,,,,,,,,,,,,,,,,,,,,,,,,,,,,,,,,,,,,,,,,,,,,,,,,,0.0059,59.0,0.0008,,,,0.0168,168.0,0.0037,,,,,,,,,,,,,,,,,,,,,,,,,,,,,,,,,,,,
ash-pellet_XPAH55,/Users/isaac/Documents/GitHub/PhD_Projects/Eaton-Fire-Ash/Ashes-EDXRF/EXPERT_ENG/WrkExpert/W187U/WORK/Aguilar_Isaac/ash_pellets/XRF_15-July_pellets/ash-pellet_XPAH55.prf,ash-pellets_15-July_XPAH55,47.258,472580.0,0.072,0.832,8320.0,0.115,4.516,45160.0,0.047,32.769,327690.0,0.059,0.09,900.0,0.004,0.053,530.0,0.001,4.772,47720.0,0.062,3.235,32350.0,0.022,0.592,5920.0,0.007,0.097,970.0,0.001,5.531,55310.0,0.011,0.0033,33.0,0.0002,0.0041,41.0,0.0002,0.0153,153.0,0.0002,0.0029,29.0,0.0002,0.0136,136.0,0.0002,0.0484,484.0,0.0003,0.0042,42.0,0.0003,0.053,530.0,0.0,0.0017,17.0,0.0002,0.063,630.0,0.004,0.0108,108.0,0.0005,0.0006,6.0,0.0002,,,,0.0038,38.0,0.0007,,,,,,,,,,,,,,,,,,,,,,,,,,,,,,,,,,,,,,,,,,,,,,,,,,,,,,,,,,,,,,,,0.0195,195.0,0.0028,0.0088,88.0,0.0011,,,,,,,,,,0.0015,15.0,0.0003,,,,,,,,,,,,,,,,,,,,,
ash-pellet_JPL52,/Users/isaac/Documents/GitHub/PhD_Projects/Eaton-Fire-Ash/Ashes-EDXRF/EXPERT_ENG/WrkExpert/W187U/WORK/Aguilar_Isaac/ash_pellets/XRF_15-July_pellets/ash-pellet_JPL52.prf,ash-pellets_15-July_JPL52,44.566,445660.0,0.088,1.444,14440.0,0.161,3.503,35030.0,0.051,28.031,280310.0,0.065,0.236,2360.0,0.007,0.201,2010.0000000000002,0.002,5.872,58720.0,0.068,9.424,94240.0,0.04,0.59,5900.0,0.008,0.249,2490.0,0.002,5.516,55160.0,0.013,0.0037,37.0,0.0003,0.0117,117.0,0.0003,0.056,560.0,0.0,0.0036,36.0,0.0002,0.0134,134.0,0.0003,0.133,1330.0,0.0,0.0046,46.0,0.0003,0.0393,393.0,0.0004,0.0023,23.0,0.0003,0.069,690.0000000000001,0.005,0.0144,144.0,0.0007,0.0008,8.0,0.0002,,,,,,,,,,,,,,,,,,,,,,,,,,,,,,,,,,,,,,,,,,,,,,,,,,,,,,,,,,,,,,,,,,,,,,0.0163,163.0,0.0035,,,,,,,,,,,,,,,,,,,,,,,,,,,,,,,,,,,,
ash-pellet_1642,/Users/isaac/Documents/GitHub/PhD_Projects/Eaton-Fire-Ash/Ashes-EDXRF/EXPERT_ENG/WrkExpert/W187U/WORK/Aguilar_Isaac/ash_pellets/XRF_15-July_pellets/ash-pellet_1642.prf,ash-pellets_15-July_1642,43.988,439880.0,0.085,1.494,14940.0,0.159,3.249,32490.0,0.049,27.038,270380.0,0.062,0.278,2780.0000000000005,0.006,0.473,4730.0,0.003,6.905,69050.0,0.065,10.08,100800.0,0.039,1.5,15000.0,0.011,0.141,1409.9999999999998,0.002,3.587,35870.0,0.009,0.0056,56.0,0.0003,0.0269,269.0,0.0004,0.354,3540.0,0.001,0.0024,24.0,0.0002,0.0137,137.0,0.0003,0.078,780.0,0.0,0.0035,35.0,0.0003,0.0286,286.0,0.0003,0.0016,16.0,0.0003,0.14,1400.0000000000002,0.005,0.183,1830.0,0.001,,,,,,,0.0062,62.0,0.0008,0.0083,83.0,0.0017,0.369,3690.0,0.002,0.0021,21.0,0.0003,,,,0.0097,97.0,0.0019,,,,,,,,,,,,,,,,,,,,,,,,,,,,,,,,,,,,,0.0035,35.0,0.0009,,,,,,,,,,0.018,180.0,0.0044,0.0117,117.0,0.0013,,,,,,,,,,,,,,,,,,,,,,,,,,,,,,,,,
ash-pellet_JPL86,/Users/isaac/Documents/GitHub/PhD_Projects/Eaton-Fire-Ash/Ashes-EDXRF/EXPERT_ENG/WrkExpert/W187U/WORK/Aguilar_Isaac/ash_pellets/XRF_15-July_pellets/ash-pellet_JPL86.prf,ash-pellets_15-July_JPL86,46.044,460439.99999999994,0.082,0.652,6520.0,0.141,3.914,39140.0,0.049,30.384,303840.0,0.063,0.08,800.0,0.005,0.454,4540.0,0.003,5.184,51840.0,0.065,7.193,71930.0,0.033,1.562,15620.0,0.011,0.127,1270.0,0.002,3.667,36670.0,0.009,0.0101,101.0,0.0003,0.0215,215.0,0.0003,0.176,1760.0,0.001,0.0032,32.0,0.0002,0.0179,179.0,0.0003,0.058,580.0,0.0,0.0053,53.0,0.0003,0.0262,262.0,0.0003,0.0028,28.0,0.0003,0.135,1350.0,0.005,0.0479,479.0,0.0008,0.0015,15.0,0.0003,,,,0.0052,52.0,0.0008,0.0099,99.0,0.0017,0.201,2010.0000000000002,0.002,0.001,10.0,0.0003,,,,,,,,,,,,,,,,,,,,,,,,,,,,,,,,,,,,,,,,,,,,,,,,,,,,,,,,,,0.0132,132.0,0.0013,,,,,,,,,,0.0041,41.0,0.0004,,,,,,,,,,,,,,,,,,,,,
ash-pellet_JPL51,/Users/isaac/Documents/GitHub/PhD_Projects/Eaton-Fire-Ash/Ashes-EDXRF/EXPERT_ENG/WrkExpert/W187U/WORK/Aguilar_Isaac/ash_pellets/XRF_15-July_pellets/ash-pellet_JPL51.prf,ash-pellets_15-July_JPL51,46.113,461130.0,0.082,1.04,10400.0,0.139,4.325,43250.0,0.049,30.566,305660.0,0.063,0.23,2300.0,0.006,0.217,2170.0,0.002,5.695,56950.0,0.068,6.055,60550.0,0.032,0.518,5180.0,0.007,0.175,1750.0,0.002,4.708,47080.0,0.011,0.0035,35.0,0.0003,0.0101,101.0,0.0003,0.0435,435.0,0.0004,0.0129,129.0,0.0002,0.0132,132.0,0.0003,0.098,980.0,0.0,0.0039,39.0,0.0003,0.0263,263.0,0.0004,0.0015,15.0,0.0003,0.077,770.0,0.004,0.0265,265.0,0.0008,0.008,80.0,0.0003,,,,0.0037,37.0,0.0008,0.0102,102.0,0.0017,,,,,,,,,,,,,,,,,,,,,,,,,,,,,,,,,,,,,,,,,,,,,,,,,,,,,,,,,,,,,0.0185,185.0,0.0032,,,,,,,,,,,,,,,,,,,,,,,,,,,,,,,,,,,,
6-25_JPL07,/Users/isaac/Documents/GitHub/PhD_Projects/Eaton-Fire-Ash/Ashes-EDXRF/EXPERT_ENG/WrkExpert/W187U/WORK/Aguilar_Isaac/ash_pellets/6-25_pellets/6-25_JPL07.prf,6-25_JPL07,44.486,444860.0,0.089,1.101,11010.0,0.161,3.869,38690.0,0.054,27.784,277840.0,0.066,0.197,1970.0,0.006,0.293,2930.0,0.003,6.479,64790.0,0.072,8.977,89770.0,0.04,0.814,8139.999999999999,0.009,0.251,2510.0,0.002,5.262,52619.99999999999,0.013,0.0091,91.0,0.0004,0.0218,218.0,0.0004,0.11,1100.0,0.001,0.004,40.0,0.0002,0.0199,199.0,0.0003,0.112,1120.0,0.0,0.0068,68.0,0.0004,0.0329,329.0,0.0004,0.0023,23.0,0.0003,0.094,940.0,0.005,0.0351,351.0,0.0008,0.0013,13.0,0.0003,,,,0.0079,79.0,0.001,,,,,,,,,,,,,,,,,,,,,,,,,,,,,,,,,,,,,,,,,,,,,,,,,,,,,,,,,,,,,,,,0.0233,233.0,0.004,0.0078,78.0,0.0015,,,,,,,,,,,,,,,,,,,,,,,,,,,,,,,,,
6-25_1642,/Users/isaac/Documents/GitHub/PhD_Projects/Eaton-Fire-Ash/Ashes-EDXRF/EXPERT_ENG/WrkExpert/W187U/WORK/Aguilar_Isaac/ash_pellets/6-25_pellets/6-25_1642.prf,6-25_1642,43.828,438280.00000000006,0.088,1.171,11710.0,0.166,3.195,31950.0,0.051,26.94,269400.0,0.065,0.205,2050.0,0.007,0.499,4990.0,0.004,7.068,70680.0,0.067,10.27,102700.0,0.041,1.564,15640.0,0.012,0.144,1440.0,0.002,3.82,38200.0,0.01,0.0061,61.0,0.0003,0.0239,239.0,0.0004,0.369,3690.0,0.001,0.0029,29.0,0.0002,0.0144,144.0,0.0003,0.083,830.0,0.0,0.0043,43.0,0.0003,0.0326,326.0,0.0004,0.0021,21.0,0.0003,0.162,1620.0,0.005,0.193,1930.0,0.001,,,,,,,0.0058,58.0,0.0008,,,,0.337,3370.0,0.002,,,,,,,,,,,,,,,,,,,,,,,,,,,,,,,,,,,,,,,,,,,,,,,,,,,,,,,,,,0.0289,289.0,0.0048,0.0099,99.0,0.0015,0.0203,203.0,0.0033,,,,,,,,,,,,,,,,,,,,,,,,,,,,,,
6-25_JPL73,/Users/isaac/Documents/GitHub/PhD_Projects/Eaton-Fire-Ash/Ashes-EDXRF/EXPERT_ENG/WrkExpert/W187U/WORK/Aguilar_Isaac/ash_pellets/6-25_pellets/6-25_JPL73.prf,6-25_JPL73,43.742,437420.0,0.094,1.098,10980.0,0.186,2.669,26690.0,0.052,24.879,248790.0,0.065,0.128,1280.0,0.006,1.23,12300.0,0.006,3.687,36870.0,0.056,14.253,142530.0,0.048,2.662,26620.0,0.016,0.129,1290.0,0.002,3.912,39120.0,0.011,0.0119,119.0,0.0004,0.0464,464.0,0.0005,0.675,6750.0,0.002,0.0028,28.0,0.0003,0.0113,113.0,0.0003,0.099,990.0,0.0,0.0043,43.0,0.0004,0.0246,246.0,0.0004,0.0025,25.0,0.0003,0.312,3120.0,0.006,0.354,3540.0,0.002,,,,,,,0.007,70.0,0.001,,,,,,,,,,,,,,,,,,,,,,,,,,,,,,,,,,,,,,,,,,,,,,,,,,,,0.0065,65.0,0.0011,,,,,,,,,,0.0286,286.0,0.006,0.0246,246.0,0.0017,,,,,,,,,,,,,,,,,,,,,,,,,,,,,,,,,
6-25_JPL59,/Users/isaac/Documents/GitHub/PhD_Projects/Eaton-Fire-Ash/Ashes-EDXRF/EXPERT_ENG/WrkExpert/W187U/WORK/Aguilar_Isaac/ash_pellets/6-25_pellets/6-25_JPL59.prf,6-25_JPL59,45.636,456360.0,0.084,0.918,9180.0,0.146,4.45,44500.0,0.052,29.753,297530.0,0.065,0.194,1940.0,0.006,0.215,2150.0,0.002,6.324,63240.0,0.071,6.322,63220.0,0.033,0.729,7290.0,0.008,0.181,1810.0,0.002,4.908,49080.0,0.011,0.0048,48.0,0.0003,0.0147,147.0,0.0003,0.077,770.0,0.001,0.0034,34.0,0.0002,0.0203,203.0,0.0003,0.078,780.0,0.0,0.0059,59.0,0.0003,0.029,290.0,0.0004,0.0023,23.0,0.0003,0.08,800.0,0.005,0.0285,285.0,0.0007,0.0013,13.0,0.0002,,,,,,,,,,,,,,,,,,,,,,,,,,,,,,,,,,,,,,,,,,,,,,,,,,,,,,,,,,,,,,,,,,,,,,0.0206,206.0,0.0036,,,,,,,0.0029,29.0,0.0009,,,,,,,,,,,,,,,,,,,,,,,,,,,
6-25_JPL77,/Users/isaac/Documents/GitHub/PhD_Projects/Eaton-Fire-Ash/Ashes-EDXRF/EXPERT_ENG/WrkExpert/W187U/WORK/Aguilar_Isaac/ash_pellets/6-25_pellets/6-25_JPL77.prf,6-25_JPL77,44.438,444380.0,0.09,1.0,10000.0,0.168,3.215,32150.0,0.051,27.315,273150.0,0.066,0.2,2000.0,0.006,0.725,7250.0,0.004,5.954,59540.0,0.064,10.964,109640.0,0.042,1.554,15540.0,0.012,0.123,1230.0,0.002,3.641,36410.0,0.01,0.0042,42.0,0.0003,0.054,540.0,0.001,0.387,3870.0,0.001,0.0029,29.0,0.0002,0.0155,155.0,0.0003,0.073,730.0,0.0,0.0046,46.0,0.0003,0.0281,281.0,0.0004,0.0019,19.0,0.0003,0.151,1510.0,0.005,0.111,1110.0,0.001,,,,,,,0.0059,59.0,0.0008,,,,,,,,,,,,,,,,,,,,,,,,,,,,,,,,,,,,,,,,,,,,,,,,,,,,,,,,,,,,,,,,0.0192,192.0,0.0046,0.0129,129.0,0.0014,,,,,,,,,,,,,,,,,,,,,,,,,,,,,,,,,
6-25_JPL63,/Users/isaac/Documents/GitHub/PhD_Projects/Eaton-Fire-Ash/Ashes-EDXRF/EXPERT_ENG/WrkExpert/W187U/WORK/Aguilar_Isaac/ash_pellets/6-25_pellets/6-25_JPL63.prf,6-25_JPL63_bkB.S,44.424,444240.0,0.09,0.872,8720.0,0.164,3.903,39030.0,0.053,27.862,278620.0,0.067,0.175,1750.0,0.006,0.25,2500.0,0.003,6.774,67740.0,0.073,8.33,83300.0,0.039,0.831,8310.0,0.009,0.235,2350.0,0.002,5.927,59269.99999999999,0.014,0.0059,59.0,0.0003,0.015,150.0,0.0003,0.09,900.0,0.001,0.0041,41.0,0.0002,0.0228,228.0,0.0003,0.107,1070.0,0.0,0.0064,64.0,0.0004,0.032,320.0,0.0004,0.0022,22.0,0.0003,0.081,810.0,0.005,0.0325,325.0,0.0008,0.0018,18.0,0.0003,,,,0.0057,57.0,0.001,,,,,,,,,,0.0022,22.0,0.0005,,,,,,,,,,,,,,,,,,,,,,,,,0.0007,7.0,0.0002,,,,,,,,,,,,,,,,,,,,,,,,,,,,0.0082,82.0,0.0014,,,,,,,,,,,,,,,,,,,,,,,,,,,,,,,,,
6-25_JPL76,/Users/isaac/Documents/GitHub/PhD_Projects/Eaton-Fire-Ash/Ashes-EDXRF/EXPERT_ENG/WrkExpert/W187U/WORK/Aguilar_Isaac/ash_pellets/6-25_pellets/6-25_JPL76.prf,6-25_JPL76,44.229,442290.0,0.087,0.769,7690.0,0.163,3.047,30470.0,0.051,27.175,271750.0,0.064,0.192,1920.0,0.006,0.664,6640.0,0.004,6.485,64850.0,0.066,10.372,103720.0,0.04,2.14,21400.0,0.013,0.136,1360.0,0.002,3.732,37320.0,0.01,0.0087,87.0,0.0003,0.0382,382.0,0.0005,0.564,5639.999999999999,0.002,0.0031,31.0,0.0002,0.0151,151.0,0.0003,0.068,680.0,0.0,0.0041,41.0,0.0003,0.028,280.0,0.0004,0.0022,22.0,0.0003,0.139,1390.0000000000002,0.005,0.133,1330.0,0.001,0.0015,15.0,0.0004,,,,0.0069,69.0,0.0009,,,,,,,0.0022,22.0,0.0003,,,,,,,,,,,,,,,,,,,,,,,,,,,,,,,,,,,,,,,,,,,0.0054,54.0,0.001,0.0079,79.0,0.0008,,,,,,,0.0189,189.0,0.0052,0.0121,121.0,0.0014,,,,,,,,,,,,,,,,,,,,,,,,,,,,,,,,,
6-25_1606,/Users/isaac/Documents/GitHub/PhD_Projects/Eaton-Fire-Ash/Ashes-EDXRF/EXPERT_ENG/WrkExpert/W187U/WORK/Aguilar_Isaac/ash_pellets/6-25_pellets/6-25_1606.prf,6-25_1606,46.555,465550.0,0.094,1.809,18090.0,0.171,3.432,34320.0,0.051,31.079,310790.0,0.072,,,,0.631,6310.0,0.005,1.446,14460.0,0.052,11.075,110750.0,0.042,0.463,4630.0,0.008,0.0358,358.0,0.0011,1.207,12070.0,0.004,0.0037,37.0,0.0002,0.063,630.0,0.001,1.281,12810.0,0.003,0.0042,42.0,0.0002,0.0143,143.0,0.0003,0.0361,361.0,0.0003,0.0016,16.0,0.0003,0.0195,195.0,0.0003,0.0014,14.0,0.0003,0.265,2650.0,0.005,0.0108,108.0,0.0006,,,,0.0019,19.0,0.0004,0.0054,54.0,0.0008,0.0069,69.0,0.0017,0.466,4660.0,0.003,,,,,,,,,,,,,,,,,,,,,,,,,,,,,,,,,,,,,,,,,,,,,,0.0038,38.0,0.0009,,,,,,,0.064,640.0,0.0,,,,0.01,100.0,0.0013,,,,,,,0.0062,62.0,0.0011,0.003,30.0,0.0004,,,,,,,,,,,,,,,,,,,,,
6-25_1639,/Users/isaac/Documents/GitHub/PhD_Projects/Eaton-Fire-Ash/Ashes-EDXRF/EXPERT_ENG/WrkExpert/W187U/WORK/Aguilar_Isaac/ash_pellets/6-25_pellets/6-25_1639.prf,6-25_1639,47.425,474250.0,0.075,0.762,7620.0,0.117,4.758,47580.0,0.047,32.962,329620.00000000006,0.061,0.139,1390.0000000000002,0.004,0.229,2290.0,0.002,5.586,55860.0,0.067,3.205,32050.0,0.023,0.529,5290.0,0.007,0.086,859.9999999999999,0.001,3.98,39800.0,0.009,0.0038,38.0,0.0002,0.0074,74.0,0.0002,0.058,580.0,0.0,0.003,30.0,0.0002,0.0132,132.0,0.0002,0.06,600.0,0.0,0.0041,41.0,0.0002,0.0428,428.0,0.0003,0.0015,15.0,0.0002,0.091,910.0,0.004,0.0242,242.0,0.0006,0.0012,12.0,0.0002,,,,0.0034,34.0,0.0007,,,,,,,,,,,,,,,,,,,,,,,,,,,,,,,,,,,,,,,,,,,,,,,,,,,,,,,,,,,,,,,,0.0175,175.0,0.0029,0.0072,72.0,0.0011,,,,,,,,,,,,,,,,,,,,,,,,,,,,,,,,,
honduras-2,/Users/isaac/Documents/GitHub/PhD_Projects/Eaton-Fire-Ash/Ashes-EDXRF/EXPERT_ENG/WrkExpert/W187U/WORK/Aguilar_Isaac/misc/honduras-2.prf,honduras-jadeite-player-powders-1,49.073,490730.0,1.166,,,,10.287,102870.00000000001,0.254,32.484,324840.0,0.773,,,,0.0215,215.0,0.0014,,,,0.531,5310.0,0.02,0.0187,187.0,0.0033,0.0062,62.0,0.0007,0.211,2110.0,0.005,0.0005,5.0,0.0001,,,,0.0012,12.0,0.0001,0.002,20.0,0.0001,0.0005,5.0,0.0001,0.0051,51.0,0.0002,,,,,,,,,,,,,,,,,,,,,,,,,,,,,,,,,,,,,,,,,,,,,,,,,,,,,,,,,,,,,,,,,,,,,,,,,,,,,,,,,,,,,,,,,,,,,,,,,,,,,,,,,,7.358,73580.0,2.199,,,,,,,,,,,,,,,,,,
honduras-3,/Users/isaac/Documents/GitHub/PhD_Projects/Eaton-Fire-Ash/Ashes-EDXRF/EXPERT_ENG/WrkExpert/W187U/WORK/Aguilar_Isaac/misc/honduras-3.prf,honduras-jadeite-corn-powder-1,53.186,531860.0,5.991,0.237,2370.0,0.057,0.099,990.0,0.019,46.437,464370.0,5.943,0.0082,82.0,0.0018,0.0114,114.0,0.0016,,,,,,,,,,,,,0.011,110.0,0.0014,,,,0.0002,2.0,0.0001,0.0003,3.0,0.0001,,,,,,,0.0003,3.0,0.0001,,,,0.0016,16.0,0.0002,,,,,,,,,,,,,,,,0.0025,25.0,0.0005,0.0037,37.0,0.001,,,,,,,,,,,,,,,,,,,,,,,,,,,,,,,,,,,,,,,,,,,,,,,,,0.0015,15.0,0.0005,,,,,,,,,,,,,,,,,,,,,,,,,,,,,,,,,,,,,,,,,,,,,,,,
honduras-1,/Users/isaac/Documents/GitHub/PhD_Projects/Eaton-Fire-Ash/Ashes-EDXRF/EXPERT_ENG/WrkExpert/W187U/WORK/Aguilar_Isaac/misc/honduras-1.prf,honduras-jadeite-teardrop-1,53.199,531990.0,0.04,0.224,2240.0,0.056,,,,46.514,465140.0,0.037,,,,0.0311,311.0,0.0009,,,,,,,,,,,,,0.0216,216.0,0.0004,,,,0.0005,5.0,0.0001,0.0005,5.0,0.0001,,,,,,,0.0017,17.0,0.0001,,,,0.001,10.0,0.0001,,,,,,,,,,0.0004,4.0,0.0001,,,,0.0028,28.0,0.0004,,,,,,,,,,,,,0.0042,42.0,0.001,,,,,,,,,,,,,,,,,,,,,,0.0004,4.0,0.0001,,,,,,,,,,,,,,,,,,,,,,,,,,,,,,,,,,,,,,,,,,,,,,,,,,,,,,,,,,,,,,,
honduras-4,/Users/isaac/Documents/GitHub/PhD_Projects/Eaton-Fire-Ash/Ashes-EDXRF/EXPERT_ENG/WrkExpert/W187U/WORK/Aguilar_Isaac/misc/honduras-4.prf,honduras-jadeite-corn-overview-1,53.249,532490.0,5.29,,,,,,,46.731,467310.0,5.287,,,,,,,,,,,,,,,,,,,0.0144,144.0,0.0018,,,,,,,,,,,,,,,,,,,,,,0.0022,22.0,0.0004,,,,,,,,,,,,,,,,0.0031,31.0,0.0009,,,,,,,,,,,,,,,,,,,,,,,,,,,,,,,,,,,,,,,,,,,,,,,,,,,,,,,,,,,,,,,,,,,,,,,,,,,,,,,,,,,,,,,,,,,,,,,,,,,,,,
honduras-5,/Users/isaac/Documents/GitHub/PhD_Projects/Eaton-Fire-Ash/Ashes-EDXRF/EXPERT_ENG/WrkExpert/W187U/WORK/Aguilar_Isaac/misc/honduras-5.prf,honduras-jadeite-player-overview-1,52.777,527770.0,1.855,,,,,,,45.801,458010.0,1.905,,,,,,,,,,0.903,9030.0,0.067,0.053,530.0,0.015,0.0132,132.0,0.0026,0.436,4360.0,0.016,,,,,,,0.0018,18.0,0.0004,0.0042,42.0,0.0005,,,,0.0107,107.0,0.0007,,,,,,,,,,,,,,,,,,,,,,,,,,,,,,,,,,,,,,,,,,,,,,,,,,,,,,,,,,,,,,,,,,,,,,,,,,,,,,,,,,,,,,,,,,,,,,,,,,,,,,,,,,,,,,,,,,,,,,,,,,,,,,
honduras-7,/Users/isaac/Documents/GitHub/PhD_Projects/Eaton-Fire-Ash/Ashes-EDXRF/EXPERT_ENG/WrkExpert/W187U/WORK/Aguilar_Isaac/misc/honduras-7.prf,honduras-jadeite-player-user-1,52.223,522230.0,1.008,,,,,,,45.034,450340.0,1.06,,,,,,,1.073,10730.0,0.152,1.075,10750.0,0.039,0.055,550.0,0.008,0.0152,152.0,0.0015,0.492,4920.0,0.01,0.0019,19.0,0.0003,0.0017,17.0,0.0003,0.0031,31.0,0.0002,0.0061,61.0,0.0003,,,,0.0117,117.0,0.0004,,,,0.002,20.0,0.0004,0.0015,15.0,0.0004,,,,,,,,,,,,,0.0059,59.0,0.0015,,,,,,,,,,,,,,,,,,,,,,,,,,,,,,,,,,,,,,,,,,,,,,,,,,,,,,,,,,,,,,,,,,,,,,,,,,,,,,,,,,,,,,,,,,,,,,,,,,,,,,
honduras-11,/Users/isaac/Documents/GitHub/PhD_Projects/Eaton-Fire-Ash/Ashes-EDXRF/EXPERT_ENG/WrkExpert/W187U/WORK/Aguilar_Isaac/misc/honduras-11.prf,honduras-rhyolite-acha-user-1,35.709,357090.00000000006,0.297,,,,,,,9.964,99640.0,0.669,2.405,24049.999999999996,0.338,0.534,5340.0,0.112,1.001,10009.999999999998,0.037,47.921,479210.0,0.398,0.284,2839.9999999999995,0.01,0.074,740.0,0.002,1.97,19700.0,0.018,0.0087,87.0,0.0005,0.0178,178.0,0.0005,0.011,110.0,0.0004,0.0015,15.0,0.0002,0.0036,36.0,0.0003,0.0213,213.0,0.0004,0.0181,181.0,0.0005,0.022,220.0,0.0005,0.0017,17.0,0.0004,,,,0.0074,74.0,0.001,0.0059,59.0,0.0003,,,,0.0069,69.0,0.0014,,,,,,,0.0026,26.0,0.0004,,,,,,,,,,,,,,,,,,,,,,,,,,,,,,,,,,,,,,,,,,,,,,,,,0.0042,42.0,0.0009,,,,,,,,,,,,,,,,0.0062,62.0,0.002,,,,,,,,,,,,,,,,,,,,,,,,
honduras-10,/Users/isaac/Documents/GitHub/PhD_Projects/Eaton-Fire-Ash/Ashes-EDXRF/EXPERT_ENG/WrkExpert/W187U/WORK/Aguilar_Isaac/misc/honduras-10.prf,honduras-jadeite-teardrop-user-1,53.148,531480.0,0.41,,,,,,,46.601,466010.0,0.412,,,,,,,0.232,2320.0,0.051,,,,,,,,,,0.0123,123.0,0.0004,,,,0.0004,4.0,0.0001,0.0003,3.0,0.0001,0.0002,2.0,0.0001,,,,0.0017,17.0,0.0001,,,,0.0008,8.0,0.0001,,,,,,,,,,,,,,,,0.0028,28.0,0.0004,,,,,,,,,,,,,,,,,,,,,,,,,,,,,,,,,,,,,,,,,,,,,,,,,,,,,,,,,,,,,,,,,,,,,,,,,,,,,,,,,,,,,,,,,,,,,,,,,,,,,,
honduras-6,/Users/isaac/Documents/GitHub/PhD_Projects/Eaton-Fire-Ash/Ashes-EDXRF/EXPERT_ENG/WrkExpert/W187U/WORK/Aguilar_Isaac/misc/honduras-6.prf,honduras-jadeite-player-user-1,53.245,532450.0,0.477,,,,,,,46.727,467269.99999999994,0.478,,,,,,,,,,,,,,,,,,,0.0149,149.0,0.0004,,,,0.0006,6.0,0.0001,,,,,,,,,,,,,,,,0.0015,15.0,0.0001,,,,,,,,,,0.0003,3.0,0.0001,,,,0.0033,33.0,0.0005,,,,,,,,,,0.001,10.0,0.0002,0.0056,56.0,0.0012,,,,,,,,,,,,,,,,,,,,,,0.0002,2.0,0.0001,,,,,,,,,,,,,,,,,,,0.0009,9.0,0.0002,,,,,,,,,,,,,,,,,,,,,,,,,,,,,,,,,,,,,,,,,,
honduras-8,/Users/isaac/Documents/GitHub/PhD_Projects/Eaton-Fire-Ash/Ashes-EDXRF/EXPERT_ENG/WrkExpert/W187U/WORK/Aguilar_Isaac/misc/honduras-8.prf,honduras-jadeite-corn-user-1,53.243,532430.0,0.482,,,,,,,46.725,467250.0,0.482,,,,,,,,,,,,,,,,,,,0.0124,124.0,0.0004,,,,0.0004,4.0,0.0001,,,,0.0003,3.0,0.0001,,,,,,,,,,0.0019,19.0,0.0001,,,,,,,,,,,,,,,,0.003,30.0,0.0004,0.0049,49.0,0.001,,,,,,,,,,0.0067,67.0,0.0011,,,,,,,,,,,,,,,,,,,,,,0.0003,3.0,0.0001,,,,,,,,,,,,,,,,,,,0.0007,7.0,0.0001,,,,,,,,,,,,,,,,,,,,,,,,,,,,0.0008,8.0,0.0002,,,,,,,,,,,,
honduras-9,/Users/isaac/Documents/GitHub/PhD_Projects/Eaton-Fire-Ash/Ashes-EDXRF/EXPERT_ENG/WrkExpert/W187U/WORK/Aguilar_Isaac/misc/honduras-9.prf,honduras-jadeite-eagle-user-1,49.526,495260.00000000006,0.761,,,,,,,39.468,394680.00000000006,0.93,,,,,,,,,,7.489,74890.0,0.123,0.274,2740.0,0.01,0.067,670.0,0.002,3.086,30860.0,0.048,0.0072,72.0,0.0005,,,,0.0087,87.0,0.0003,0.0095,95.0,0.0003,,,,0.008,80.0,0.0004,0.0015,15.0,0.0004,0.0268,268.0,0.0006,,,,,,,,,,,,,,,,0.0099,99.0,0.0016,,,,,,,,,,,,,0.0184,184.0,0.0042,,,,,,,,,,,,,,,,,,,,,,,,,,,,,,,,,,,,,,,,,,,,,,,,,,,,,,,,,,,,,,,,,,,,,,,,,,,,,,,,,,,,,,,
050125_PBP03_powder_thick_1,/Users/isaac/Documents/GitHub/PhD_Projects/Eaton-Fire-Ash/Ashes-EDXRF/EXPERT_ENG/WrkExpert/W187U/WORK/Aguilar_Isaac/clay-powders/050125_PBP03_powder_thick_1.prf,050125_PBP03_powder_thick_1,48.795,487950.0,0.064,0.299,2990.0,0.079,21.759,217590.0,0.065,24.636,246360.0,0.047,0.072,720.0,0.002,0.06,600.0,0.002,3.561,35610.0,0.049,,,,0.0201,201.0,0.0019,0.0073,73.0,0.0004,0.495,4950.0,0.002,0.0007,7.0,0.0001,0.004,40.0,0.0001,0.0023,23.0,0.0001,0.0122,122.0,0.0002,0.0299,299.0,0.0002,0.0162,162.0,0.0001,0.0005,5.0,0.0001,0.0028,28.0,0.0001,0.0021,21.0,0.0001,,,,0.207,2070.0,0.001,0.0058,58.0,0.0003,,,,,,,,,,,,,,,,,,,0.005,50.0,0.0007,,,,,,,,,,,,,0.001,10.0,0.0003,,,,0.0012,12.0,0.0003,,,,,,,,,,,,,,,,,,,,,,,,,,,,,,,,,,,,,,,,,,,,,,,,,0.0029,29.0,0.0004,,,,0.0008,8.0,0.0001,,,,,,,,,
PBP01_powder_1,/Users/isaac/Documents/GitHub/PhD_Projects/Eaton-Fire-Ash/Ashes-EDXRF/EXPERT_ENG/WrkExpert/W187U/WORK/Aguilar_Isaac/clay-powders/PBP01_powder_1.prf,PBP01_powder_1,48.776,487760.00000000006,0.075,0.342,3420.0000000000005,0.088,21.447,214470.0,0.075,24.8,248000.0,0.055,0.067,670.0,0.003,0.0491,491.0,0.0014,3.846,38460.0,0.063,,,,0.0214,214.0,0.0024,0.0053,53.0,0.0005,0.549,5490.0,0.002,0.0008,8.0,0.0001,0.0047,47.0,0.0002,0.002,20.0,0.0001,0.0135,135.0,0.0002,0.032,320.0,0.0002,0.0171,171.0,0.0002,0.0007,7.0,0.0002,0.0032,32.0,0.0002,0.0021,21.0,0.0001,,,,0.0162,162.0,0.0004,0.001,10.0,0.0001,,,,0.0014,14.0,0.0004,,,,,,,,,,,,,,,,,,,,,,,,,,,,,,,,,,,,,,,,,,,,,,,,,,,,,,,,,,,,,,,,,,,,,,,,,,,,,,,0.0018,18.0,0.0002,,,,,,,,,,,,,,,,,,,,,
PBP01_powder_2,/Users/isaac/Documents/GitHub/PhD_Projects/Eaton-Fire-Ash/Ashes-EDXRF/EXPERT_ENG/WrkExpert/W187U/WORK/Aguilar_Isaac/clay-powders/PBP01_powder_2.prf,PBP01_powder_2,48.764,487640.0,0.076,0.299,2990.0,0.089,21.361,213610.0,0.078,24.867,248670.0,0.057,0.066,660.0,0.003,0.051,509.99999999999994,0.001,3.921,39210.0,0.062,,,,0.0233,233.0,0.0023,0.0064,64.0,0.0005,0.547,5470.0,0.002,0.0007,7.0,0.0001,0.0043,43.0,0.0001,0.0021,21.0,0.0001,0.0132,132.0,0.0002,0.0305,305.0,0.0002,0.0161,161.0,0.0001,0.0008,8.0,0.0002,0.0028,28.0,0.0002,0.0022,22.0,0.0001,,,,0.0184,184.0,0.0004,0.0007,7.0,0.0001,,,,,,,,,,,,,,,,,,,,,,,,,,,,,,,,,,,,,,,,,,,,,,,,,,,,,,,,,,0.0019,19.0,0.0004,,,,,,,,,,,,,,,,,,,,,,,,,,,,,,,,,,,,,,,,,,,,,,,,
PBP01_powder_3,/Users/isaac/Documents/GitHub/PhD_Projects/Eaton-Fire-Ash/Ashes-EDXRF/EXPERT_ENG/WrkExpert/W187U/WORK/Aguilar_Isaac/clay-powders/PBP01_powder_3.prf,PBP01_powder_3,48.703,487030.00000000006,0.076,0.385,3850.0,0.092,21.437,214370.0,0.077,24.686,246860.0,0.056,0.065,650.0,0.003,0.0494,494.0,0.0015,3.974,39740.0,0.064,,,,0.0238,238.0,0.0023,0.0055,55.0,0.0005,0.577,5770.0,0.002,0.0007,7.0,0.0001,0.005,50.0,0.0002,0.0023,23.0,0.0001,0.0134,134.0,0.0002,0.0308,308.0,0.0002,0.0162,162.0,0.0001,0.0008,8.0,0.0002,0.0029,29.0,0.0002,0.0021,21.0,0.0001,,,,0.0138,138.0,0.0004,0.0012,12.0,0.0001,,,,,,,,,,,,,,,,,,,,,,,,,,,,,,,,,,,,,,,,0.001,10.0,0.0003,,,,,,,,,,,,,,,,,,,,,,,,,,,,,,,,,,,,,0.0024,24.0,0.0004,,,,,,,,,,,,,,,,,,,,,,,,,,,
PBP03_powder_1,/Users/isaac/Documents/GitHub/PhD_Projects/Eaton-Fire-Ash/Ashes-EDXRF/EXPERT_ENG/WrkExpert/W187U/WORK/Aguilar_Isaac/clay-powders/PBP03_powder_1.prf,PBP03_powder_1,48.565,485650.0,0.074,,,,20.872,208720.0,0.088,25.107,251070.0,0.062,0.072,720.0,0.004,0.0433,433.0,0.0021,4.438,44380.0,0.078,,,,0.0245,245.0,0.0032,0.0054,54.0,0.0006,0.646,6460.0,0.003,0.001,10.0,0.0002,0.0055,55.0,0.0002,0.0031,31.0,0.0001,0.0164,164.0,0.0003,0.0432,432.0,0.0003,0.0237,237.0,0.0002,0.0014,14.0,0.0002,0.0043,43.0,0.0002,0.0031,31.0,0.0002,,,,0.117,1170.0,0.001,0.003,30.0,0.0003,,,,0.0028,28.0,0.0005,,,,,,,,,,,,,,,,,,,,,,,,,,,,,,,,,,,,,,,,,,,,,,,,,,,,0.0027,27.0,0.0006,,,,,,,,,,,,,,,,,,,,,,,,,,,,,,,,,,,,,,,,,,,,,,,,
PBP04_powder_1,/Users/isaac/Documents/GitHub/PhD_Projects/Eaton-Fire-Ash/Ashes-EDXRF/EXPERT_ENG/WrkExpert/W187U/WORK/Aguilar_Isaac/clay-powders/PBP04_powder_1.prf,PBP04_powder_1,48.789,487890.0,0.076,0.249,2490.0,0.093,21.507,215070.0,0.076,24.779,247790.0,0.057,0.072,720.0,0.003,0.066,660.0,0.002,3.857,38570.0,0.063,,,,0.0358,358.0,0.0025,0.0064,64.0,0.0005,0.555,5550.000000000001,0.002,0.0008,8.0,0.0001,0.0046,46.0,0.0001,0.0025,25.0,0.0001,0.0137,137.0,0.0002,0.033,330.0,0.0002,0.0176,176.0,0.0002,,,,0.0029,29.0,0.0002,0.0024,24.0,0.0001,,,,,,,0.0011,11.0,0.0001,,,,0.0014,14.0,0.0004,,,,,,,,,,,,,,,,,,,,,,,,,,,,0.0012,12.0,0.0004,,,,0.0016,16.0,0.0003,,,,,,,,,,,,,,,,,,,,,,,,,,,,,,,,,,,,,,,,,,,0.0018,18.0,0.0002,,,,,,,,,,,,,,,,,,,,,
050125_PBP01_powder_thick_1,/Users/isaac/Documents/GitHub/PhD_Projects/Eaton-Fire-Ash/Ashes-EDXRF/EXPERT_ENG/WrkExpert/W187U/WORK/Aguilar_Isaac/clay-powders/050125_PBP01_powder_thick_1.prf,050125_PBP01_powder_thick_1,48.787,487870.0,0.063,0.364,3640.0,0.075,21.641,216409.99999999997,0.065,24.638,246380.00000000003,0.047,0.066,660.0,0.002,0.061,610.0,0.001,3.75,37500.0,0.052,,,,0.0265,265.0,0.0021,0.034,340.0,0.0007,0.528,5280.0,0.002,0.0006,6.0,0.0001,0.0045,45.0,0.0001,0.0022,22.0,0.0001,0.013,130.0,0.0002,0.0307,307.0,0.0002,0.0167,167.0,0.0001,0.0009,9.0,0.0001,0.003,30.0,0.0001,0.0022,22.0,0.0001,,,,0.0237,237.0,0.0004,0.0014,14.0,0.0001,,,,0.0013,13.0,0.0003,,,,,,,,,,,,,,,,,,,,,,,,,,,,,,,,,,,,,,,,,,,,,,,,,,,,,,,,,,,,,,,,,,,,,,,,,,,,,,,0.0021,21.0,0.0002,,,,,,,,,,0.0011,11.0,0.0001,,,,,,,,,
PBP03_powder_2,/Users/isaac/Documents/GitHub/PhD_Projects/Eaton-Fire-Ash/Ashes-EDXRF/EXPERT_ENG/WrkExpert/W187U/WORK/Aguilar_Isaac/clay-powders/PBP03_powder_2.prf,PBP03_powder_2,48.501,485010.0,0.091,0.493,4930.0,0.109,20.718,207180.0,0.092,24.89,248900.0,0.068,0.076,760.0,0.004,0.0483,483.0,0.0021,4.326,43259.99999999999,0.078,,,,0.0206,206.0,0.0033,0.0051,51.0,0.0006,0.654,6540.0,0.003,0.0012,12.0,0.0002,0.0057,57.0,0.0002,0.003,30.0,0.0001,0.017,170.0,0.0003,0.0436,436.0,0.0003,0.0238,238.0,0.0002,0.0013,13.0,0.0002,0.004,40.0,0.0002,0.0032,32.0,0.0002,0.0242,242.0,0.0028,0.12,1200.0,0.001,0.0027,27.0,0.0004,,,,0.0032,32.0,0.0006,0.0075,75.0,0.0011,,,,,,,0.0014,14.0,0.0003,,,,,,,,,,,,,,,,,,,,,,0.0024,24.0,0.0005,,,,,,,,,,,,,,,,,,,,,,,,,,,,,,,,,,,,,,,,,,,0.0027,27.0,0.0004,,,,,,,,,,,,,,,,,,,,,
PBP04_powder_2,/Users/isaac/Documents/GitHub/PhD_Projects/Eaton-Fire-Ash/Ashes-EDXRF/EXPERT_ENG/WrkExpert/W187U/WORK/Aguilar_Isaac/clay-powders/PBP04_powder_2.prf,PBP04_powder_2,48.796,487960.0,0.073,0.29,2900.0,0.089,21.571,215710.00000000003,0.074,24.747,247470.0,0.054,0.064,640.0,0.003,0.065,650.0,0.002,3.848,38480.0,0.058,,,,0.024,240.0,0.0021,0.0062,62.0,0.0005,0.519,5190.0,0.002,0.0006,6.0,0.0001,0.0042,42.0,0.0001,0.0024,24.0,0.0001,0.0122,122.0,0.0002,0.0265,265.0,0.0002,0.0139,139.0,0.0001,,,,0.0022,22.0,0.0001,0.0017,17.0,0.0001,,,,0.0031,31.0,0.0003,,,,,,,,,,,,,,,,,,,,,,,,,,,,,,,,,,,,,,,,0.0013,13.0,0.0002,,,,,,,,,,,,,,,,,,,,,,,,,,,,,,,,,,,,,,,,,,,,,,0.0017,17.0,0.0002,,,,,,,,,,,,,,,,,,,,,
PBP04_powder_3,/Users/isaac/Documents/GitHub/PhD_Projects/Eaton-Fire-Ash/Ashes-EDXRF/EXPERT_ENG/WrkExpert/W187U/WORK/Aguilar_Isaac/clay-powders/PBP04_powder_3.prf,PBP04_powder_3,48.893,488930.0,0.079,0.305,3050.0,0.098,21.562,215620.0,0.08,24.908,249080.0,0.059,0.061,610.0,0.003,0.0468,468.0,0.0015,3.636,36360.0,0.058,,,,0.0242,242.0,0.0021,0.0053,53.0,0.0005,0.484,4840.0,0.002,0.0006,6.0,0.0001,0.0039,39.0,0.0001,0.0019,19.0,0.0001,0.0118,118.0,0.0002,0.0283,283.0,0.0002,0.0157,157.0,0.0001,0.0006,6.0,0.0001,0.0026,26.0,0.0001,0.002,20.0,0.0001,,,,0.0021,21.0,0.0003,0.0005,5.0,0.0001,,,,0.0016,16.0,0.0003,,,,,,,,,,,,,,,,,,,,,,,,,,,,,,,,,,,,,,,,,,,,,,,,,,,,,,,,,,,,,,,,,,,,,,,,,,,,,,,0.0018,18.0,0.0002,,,,,,,0.0007,7.0,0.0002,,,,,,,,,,,,
PBP03_powder_3,/Users/isaac/Documents/GitHub/PhD_Projects/Eaton-Fire-Ash/Ashes-EDXRF/EXPERT_ENG/WrkExpert/W187U/WORK/Aguilar_Isaac/clay-powders/PBP03_powder_3.prf,PBP03_powder_3,48.535,485349.99999999994,0.091,0.617,6170.0,0.113,20.756,207560.0,0.091,24.864,248640.0,0.068,0.062,620.0,0.004,0.0487,487.0,0.002,4.265,42650.0,0.075,,,,0.0258,258.0,0.0031,0.0073,73.0,0.0006,0.61,6100.0,0.003,0.0008,8.0,0.0002,0.0051,51.0,0.0002,0.0024,24.0,0.0001,0.0158,158.0,0.0002,0.0405,405.0,0.0003,0.0219,219.0,0.0002,0.0012,12.0,0.0002,0.0035,35.0,0.0002,0.0033,33.0,0.0002,,,,0.11,1100.0,0.001,0.0025,25.0,0.0003,,,,0.0025,25.0,0.0005,,,,,,,,,,,,,,,,,,,,,,,,,,,,,,,,,,,,,,,,,,,,,,,,,,,,,,,,,,,,,,,,,,,,,,,,,,,,,,,,,,,,,,,,,,,,,,,,,,,,,,
PBP02_powder_1,/Users/isaac/Documents/GitHub/PhD_Projects/Eaton-Fire-Ash/Ashes-EDXRF/EXPERT_ENG/WrkExpert/W187U/WORK/Aguilar_Isaac/clay-powders/PBP02_powder_1.prf,PBP02_powder_1,48.568,485680.0,0.089,0.327,3270.0,0.109,20.686,206860.0,0.09,25.082,250820.0,0.066,0.063,630.0,0.004,0.052,520.0,0.002,4.354,43540.0,0.074,,,,0.0281,281.0,0.003,0.0068,68.0,0.0006,0.644,6440.0,0.003,0.0011,11.0,0.0001,0.0053,53.0,0.0002,0.0024,24.0,0.0001,0.0166,166.0,0.0002,0.0377,377.0,0.0003,0.0203,203.0,0.0002,0.001,10.0,0.0002,0.0034,34.0,0.0002,0.0026,26.0,0.0002,,,,0.092,920.0,0.001,0.0039,39.0,0.0003,,,,0.0022,22.0,0.0005,,,,,,,0.0012,12.0,0.0002,,,,,,,,,,,,,,,,,,,,,,,,,,,,,,,,,,,,,,,,,,,,,,,,,,,,,,,,,,,,,,,,,,,,,,,,,,,,,,,,,,,,,,,,,,,,,
050125_PBP02_powder_thick_2,/Users/isaac/Documents/GitHub/PhD_Projects/Eaton-Fire-Ash/Ashes-EDXRF/EXPERT_ENG/WrkExpert/W187U/WORK/Aguilar_Isaac/clay-powders/050125_PBP02_powder_thick_2.prf,050125_PBP02_powder_thick_1,48.552,485520.0,0.074,0.352,3520.0,0.088,21.061,210610.0,0.074,24.778,247780.0,0.055,0.076,760.0,0.003,0.051,509.99999999999994,0.002,4.193,41929.99999999999,0.063,,,,0.0283,283.0,0.0026,0.0075,75.0,0.0005,0.615,6150.0,0.002,0.001,10.0,0.0001,0.0052,52.0,0.0002,0.0027,27.0,0.0001,0.0157,157.0,0.0002,0.0423,423.0,0.0002,0.0235,235.0,0.0002,0.0016,16.0,0.0002,0.0046,46.0,0.0002,0.0033,33.0,0.0002,,,,0.164,1640.0,0.001,0.0036,36.0,0.0003,,,,0.0036,36.0,0.0005,,,,,,,,,,0.001,10.0,0.0002,,,,,,,,,,,,,,,,,,,,,,0.0014,14.0,0.0004,,,,,,,,,,,,,,,,,,,,,,,,,,,,,,,,,,0.0075,75.0,0.0018,,,,,,,0.0029,29.0,0.0004,,,,0.002,20.0,0.0005,,,,,,,0.0009,9.0,0.0003,,,,,,
050125_PBP01_powder_thin_1,/Users/isaac/Documents/GitHub/PhD_Projects/Eaton-Fire-Ash/Ashes-EDXRF/EXPERT_ENG/WrkExpert/W187U/WORK/Aguilar_Isaac/clay-powders/050125_PBP01_powder_thin_1.prf,050125_PBP01_powder_thin_1,48.795,487950.0,0.067,0.338,3380.0,0.084,21.599,215990.0,0.068,24.684,246840.0,0.05,0.068,680.0,0.002,0.073,730.0,0.001,3.788,37880.0,0.051,,,,0.0204,204.0,0.0019,0.0127,127.0,0.0005,0.529,5290.0,0.002,0.0004,4.0,0.0001,0.0042,42.0,0.0001,0.0021,21.0,0.0001,0.0122,122.0,0.0001,0.0255,255.0,0.0002,0.0134,134.0,0.0001,0.0006,6.0,0.0001,0.0023,23.0,0.0001,0.0018,18.0,0.0001,,,,0.0219,219.0,0.0004,0.0013,13.0,0.0001,,,,0.0016,16.0,0.0003,,,,,,,,,,,,,,,,,,,,,,,,,,,,,,,0.0028,28.0,0.0002,0.0016,16.0,0.0003,,,,,,,,,,,,,,,,,,,,,,,,,,,,,,,,,,,,,,,,,,,0.0015,15.0,0.0002,,,,,,,,,,,,,,,,,,,,,
PBP02_powder_3,/Users/isaac/Documents/GitHub/PhD_Projects/Eaton-Fire-Ash/Ashes-EDXRF/EXPERT_ENG/WrkExpert/W187U/WORK/Aguilar_Isaac/clay-powders/PBP02_powder_3.prf,PBP02_powder_3,48.625,486250.0,0.07,,,,20.847,208470.0,0.085,25.194,251940.0,0.059,0.069,690.0000000000001,0.004,0.052,520.0,0.002,4.358,43580.0,0.073,,,,0.0236,236.0,0.0029,0.0067,67.0,0.0006,0.634,6340.0,0.003,0.0008,8.0,0.0001,0.0054,54.0,0.0002,0.0025,25.0,0.0001,0.0157,157.0,0.0002,0.0372,372.0,0.0002,0.02,200.0,0.0002,0.0011,11.0,0.0002,0.0031,31.0,0.0002,0.0028,28.0,0.0002,,,,0.093,930.0,0.001,0.0043,43.0,0.0003,,,,,,,,,,,,,,,,,,,,,,,,,,,,,,,,,,0.002,20.0,0.0005,,,,,,,,,,,,,,,,,,,,,,,,,,,,,,,,,,,,,,,,,,,,,,,,,,,,,,,0.002,20.0,0.0006,,,,,,,,,,,,,,,
PBP02_powder_2,/Users/isaac/Documents/GitHub/PhD_Projects/Eaton-Fire-Ash/Ashes-EDXRF/EXPERT_ENG/WrkExpert/W187U/WORK/Aguilar_Isaac/clay-powders/PBP02_powder_2.prf,PBP02_powder_2,48.55,485500.0,0.09,0.454,4540.0,0.114,20.847,208470.0,0.089,24.878,248780.0,0.066,0.07,700.0000000000001,0.003,0.052,520.0,0.002,4.299,42990.00000000001,0.072,,,,0.0229,229.0,0.0027,0.0057,57.0,0.0006,0.627,6270.0,0.003,0.0007,7.0,0.0001,0.0054,54.0,0.0002,0.0025,25.0,0.0001,0.0146,146.0,0.0002,0.0342,342.0,0.0002,0.0179,179.0,0.0002,0.0008,8.0,0.0002,0.0031,31.0,0.0002,0.0021,21.0,0.0002,0.017,170.0,0.0021,0.087,869.9999999999999,0.001,0.0039,39.0,0.0003,,,,0.0015,15.0,0.0004,,,,,,,,,,,,,,,,,,,,,,,,,,,,,,,,,,0.0013,13.0,0.0004,,,,,,,,,,,,,,,,,,,,,,,,,,,,,,,,,,,,,,,,,,,,,,,,,0.0025,25.0,0.0005,,,,,,,,,,,,,,,
050125_PBP02_powder_thick_1,/Users/isaac/Documents/GitHub/PhD_Projects/Eaton-Fire-Ash/Ashes-EDXRF/EXPERT_ENG/WrkExpert/W187U/WORK/Aguilar_Isaac/clay-powders/050125_PBP02_powder_thick_1.prf,050125_PBP02_powder_thick_1,48.579,485790.0,0.073,0.352,3520.0,0.089,21.041,210410.0,0.073,24.835,248350.0,0.054,0.073,730.0,0.003,0.054,540.0,0.002,4.16,41600.0,0.062,,,,0.0201,201.0,0.0026,0.0079,79.0,0.0005,0.598,5980.0,0.002,0.0012,12.0,0.0001,0.0053,53.0,0.0001,0.0029,29.0,0.0001,0.0156,156.0,0.0002,0.0402,402.0,0.0002,0.022,220.0,0.0002,0.0015,15.0,0.0002,0.004,40.0,0.0002,0.0033,33.0,0.0002,0.0159,159.0,0.0022,0.155,1550.0,0.001,0.0035,35.0,0.0003,,,,0.0026,26.0,0.0004,,,,,,,,,,,,,,,,,,,,,,,,,,,,,,,,,,,,,,,,,,,,,,,,,,,,0.0024,24.0,0.0005,,,,,,,,,,,,,,,,,,,,,,,,,0.0032,32.0,0.0004,,,,,,,,,,0.0009,9.0,0.0002,,,,,,,,,
050125_PBP04_powder_thin_1,/Users/isaac/Documents/GitHub/PhD_Projects/Eaton-Fire-Ash/Ashes-EDXRF/EXPERT_ENG/WrkExpert/W187U/WORK/Aguilar_Isaac/clay-powders/050125_PBP04_powder_thin_1.prf,050125_PBP04_powder_thin_1,48.939,489390.0,0.063,0.249,2490.0,0.077,21.653,216530.0,0.064,24.903,249030.0,0.047,0.064,640.0,0.002,0.065,650.0,0.001,3.578,35780.0,0.046,,,,0.021,210.0,0.0015,0.0049,49.0,0.0003,0.473,4730.0,0.002,0.0006,6.0,0.0001,0.0038,38.0,0.0001,0.0019,19.0,0.0001,0.0095,95.0,0.0001,0.0183,183.0,0.0001,0.0094,94.0,0.0001,,,,0.0014,14.0,0.0001,0.0012,12.0,0.0001,,,,0.002,20.0,0.0002,0.0003,3.0,0.0001,,,,0.0009,9.0,0.0002,,,,,,,,,,,,,,,,,,,,,,,,,,,,,,,,,,,,,,,,,,,,,,,,,,,,,,,,,,,,,,,,,,,,,,,,,,,,,,,0.0014,14.0,0.0001,,,,,,,,,,,,,,,,,,,,,
050125_PBP04_powder_thick_1,/Users/isaac/Documents/GitHub/PhD_Projects/Eaton-Fire-Ash/Ashes-EDXRF/EXPERT_ENG/WrkExpert/W187U/WORK/Aguilar_Isaac/clay-powders/050125_PBP04_powder_thick_1.prf,050125_PBP04_powder_thick_1,48.813,488130.0,0.062,0.402,4020.0000000000005,0.071,21.54,215400.0,0.064,24.734,247340.00000000003,0.046,0.064,640.0,0.002,0.062,620.0,0.001,3.731,37310.0,0.052,,,,0.0238,238.0,0.0021,0.017,170.0,0.0005,0.531,5310.0,0.002,0.0006,6.0,0.0001,0.0044,44.0,0.0001,0.0022,22.0,0.0001,0.0128,128.0,0.0001,0.0308,308.0,0.0002,0.0165,165.0,0.0001,0.0009,9.0,0.0001,0.0029,29.0,0.0001,0.0022,22.0,0.0001,,,,0.0027,27.0,0.0003,0.0004,4.0,0.0001,,,,0.0015,15.0,0.0003,,,,,,,,,,,,,,,,,,,,,,,,,,,,,,,,,,0.0014,14.0,0.0003,,,,,,,,,,,,,,,,,,,,,,,,,,,,,,,,,,,,,,,,,,,0.0021,21.0,0.0002,,,,,,,,,,,,,,,,,,,,,
050125_PBP02_powder_thin_1,/Users/isaac/Documents/GitHub/PhD_Projects/Eaton-Fire-Ash/Ashes-EDXRF/EXPERT_ENG/WrkExpert/W187U/WORK/Aguilar_Isaac/clay-powders/050125_PBP02_powder_thin_1.prf,050125_PBP02_powder_thin_1,48.596,485959.99999999994,0.075,0.457,4570.0,0.094,20.852,208520.0,0.076,24.927,249270.0,0.056,0.076,760.0,0.003,0.056,560.0,0.002,4.247,42470.0,0.056,,,,0.0244,244.0,0.0021,0.0063,63.0,0.0005,0.59,5900.0,0.002,0.0013,13.0,0.0001,0.0047,47.0,0.0001,0.0026,26.0,0.0001,0.0124,124.0,0.0002,0.0239,239.0,0.0002,0.0123,123.0,0.0001,,,,0.0016,16.0,0.0001,0.0014,14.0,0.0001,,,,0.097,970.0,0.001,0.0073,73.0,0.0003,,,,,,,,,,,,,,,,,,,,,,,,,,,,,,,,,,,,,,,,,,,,,,,,,,,,,,,,,,,,,,,,,,,,,,,,,,,,,,,,,,,,,0.0017,17.0,0.0003,,,,0.0027,27.0,0.0004,,,,,,,,,,,,,,,
050125_PBP03_powder_thin_1,/Users/isaac/Documents/GitHub/PhD_Projects/Eaton-Fire-Ash/Ashes-EDXRF/EXPERT_ENG/WrkExpert/W187U/WORK/Aguilar_Isaac/clay-powders/050125_PBP03_powder_thin_1.prf,050125_PBP03_powder_thin_1,48.803,488030.0,0.061,0.377,3770.0,0.07,21.721,217210.0,0.064,24.639,246390.0,0.046,0.067,670.0,0.002,0.057,570.0,0.002,3.589,35890.0,0.047,,,,0.0224,224.0,0.0017,0.0058,58.0,0.0004,0.485,4850.0,0.002,0.0006,6.0,0.0001,0.0039,39.0,0.0001,0.0022,22.0,0.0001,0.0106,106.0,0.0002,0.0221,221.0,0.0001,0.0116,116.0,0.0001,,,,0.0017,17.0,0.0001,0.0019,19.0,0.0001,,,,0.164,1640.0,0.001,0.0078,78.0,0.0003,,,,0.0012,12.0,0.0002,0.0014,14.0,0.0005,,,,,,,,,,,,,,,,,,,,,,,,,0.001,10.0,0.0003,,,,,,,,,,,,,,,,,,,,,,,,,,,,,,,,,,,,,,,,,,,,,,,,,,,,,,,0.0035,35.0,0.0004,,,,0.0005,5.0,0.0001,,,,,,,,,
kaolinite-pellet_PBP08_A,/Users/isaac/Documents/GitHub/PhD_Projects/Eaton-Fire-Ash/Ashes-EDXRF/EXPERT_ENG/WrkExpert/W187U/WORK/Aguilar_Isaac/clay-pellets/kaolinite-pellet_PBP08_A.prf,kaolinite-pellet_17-July_PBP08_A,49.627,496270.0,0.051,,,,16.261,162610.0,0.057,29.836,298360.0,0.044,0.089,890.0,0.003,0.0418,418.0,0.0013,3.318,33180.0,0.059,0.191,1910.0,0.011,0.0179,179.0,0.0026,0.0065,65.0,0.0005,0.466,4660.0,0.002,0.0006,6.0,0.0001,0.0038,38.0,0.0001,0.0025,25.0,0.0001,0.0122,122.0,0.0002,0.035,350.0,0.0002,0.0202,202.0,0.0002,0.0012,12.0,0.0002,0.0044,44.0,0.0002,0.0029,29.0,0.0002,,,,0.062,620.0,0.001,0.0013,13.0,0.0002,,,,,,,,,,,,,,,,,,,,,,,,,,,,,,,,,,,,,,,,,,,,,,,,,,,,,,,,,,,,,,,,,,,,,,,,,,,,,,,,,,,,,,,,,,,,,,,,,,,,,,,,,,,,
kaolinite-pellet_11-July_PBP04_A,/Users/isaac/Documents/GitHub/PhD_Projects/Eaton-Fire-Ash/Ashes-EDXRF/EXPERT_ENG/WrkExpert/W187U/WORK/Aguilar_Isaac/clay-pellets/kaolinite-pellet_11-July_PBP04_A.prf,11-July_PBP04_A,48.63,486300.0,0.068,0.305,3050.0,0.078,20.787,207870.0,0.066,25.076,250760.0,0.05,0.071,709.9999999999999,0.003,0.055,550.0,0.001,4.294,42939.99999999999,0.068,,,,0.024,240.0,0.0029,0.0087,87.0,0.0006,0.647,6470.0,0.002,,,,0.0061,61.0,0.0002,0.0023,23.0,0.0001,0.0166,166.0,0.0002,0.0488,488.0,0.0002,0.0266,266.0,0.0002,,,,,,,0.0041,41.0,0.0002,,,,,,,,,,,,,,,,,,,,,,,,,,,,,,,,,,,,,,,,,,,,,,,,,,,,,,,,,,,,,,,,,,,,,,,,,,,,,,,,,,,,,,,,,,,,,,,,,,,,,,,,,,,,,,,,,,,,,
kaolinite-pellet_15-July_PBP02_A,/Users/isaac/Documents/GitHub/PhD_Projects/Eaton-Fire-Ash/Ashes-EDXRF/EXPERT_ENG/WrkExpert/W187U/WORK/Aguilar_Isaac/clay-pellets/kaolinite-pellet_15-July_PBP02_A.prf,kaolinite-pellets_15-July_PBP02_A,48.47,484700.0,0.068,0.467,4670.0,0.079,20.527,205270.0,0.066,24.984,249840.00000000003,0.05,0.07,700.0000000000001,0.003,0.066,660.0,0.002,4.389,43890.0,0.066,,,,0.0255,255.0,0.0029,0.0081,81.0,0.0006,0.665,6650.0,0.002,0.0028,28.0,0.0002,0.0057,57.0,0.0002,0.0034,34.0,0.0001,0.0172,172.0,0.0002,0.0491,491.0,0.0002,0.026,260.0,0.0002,0.0019,19.0,0.0002,0.0047,47.0,0.0002,0.0039,39.0,0.0002,0.025,250.0,0.0027,0.175,1750.0,0.001,0.0022,22.0,0.0003,,,,0.0028,28.0,0.0005,,,,,,,,,,,,,,,,,,,,,,,,,,,,,,,,,,,,,,,,,,,,,,,,,,,,,,,,,,,,,,,,,,,0.0067,67.0,0.0008,,,,,,,,,,0.0032,32.0,0.0004,,,,,,,,,,,,,,,,,,,,,
kaolinite-pellet_PBP04_B,/Users/isaac/Documents/GitHub/PhD_Projects/Eaton-Fire-Ash/Ashes-EDXRF/EXPERT_ENG/WrkExpert/W187U/WORK/Aguilar_Isaac/clay-pellets/kaolinite-pellet_PBP04_B.prf,kaolinite-pellets_15-July_PBP04_B,49.64,496400.0,0.06,0.395,3950.0,0.069,16.746,167460.0,0.056,29.36,293600.0,0.047,0.058,580.0,0.002,0.054,540.0,0.001,3.164,31640.0,0.058,,,,0.0212,212.0,0.0025,0.0061,61.0,0.0005,0.45,4500.0,0.002,0.0009,9.0,0.0001,0.0039,39.0,0.0001,0.0022,22.0,0.0001,0.0116,116.0,0.0002,0.0328,328.0,0.0002,0.018,180.0,0.0001,0.0013,13.0,0.0002,0.0045,45.0,0.0002,0.0027,27.0,0.0001,0.0177,177.0,0.0021,0.0038,38.0,0.0003,,,,,,,0.0029,29.0,0.0004,,,,,,,0.0006,6.0,0.0002,,,,,,,,,,,,,,,,,,,,,,,,,,,,,,,,,,,,,,,,,,,,,,,,,,,,,,,,,,,,,,,,,,,,,,0.002,20.0,0.0002,,,,,,,,,,,,,,,,,,,,,
kaolinite-pellet_PBP04_C,/Users/isaac/Documents/GitHub/PhD_Projects/Eaton-Fire-Ash/Ashes-EDXRF/EXPERT_ENG/WrkExpert/W187U/WORK/Aguilar_Isaac/clay-pellets/kaolinite-pellet_PBP04_C.prf,kaolinite-pellet_15-July_PBP04_C,49.636,496360.0,0.06,0.274,2740.0,0.069,16.597,165970.0,0.055,29.512,295120.0,0.047,0.054,540.0,0.002,0.062,620.0,0.001,3.242,32420.0,0.06,,,,0.0218,218.0,0.0026,0.0073,73.0,0.0005,0.472,4720.0,0.002,0.0012,12.0,0.0001,0.0041,41.0,0.0001,0.0026,26.0,0.0001,0.0121,121.0,0.0002,0.0352,352.0,0.0002,0.019,190.0,0.0002,0.0014,14.0,0.0002,0.0053,53.0,0.0002,0.0025,25.0,0.0002,0.0169,169.0,0.0024,0.0029,29.0,0.0003,0.0004,4.0,0.0001,,,,0.0022,22.0,0.0004,,,,,,,,,,,,,,,,,,,,,,,,,,,,,,,,,,,,,,,,,,,,,,,,,,,,,,,,,,,,,,,,,,,,,,0.012,120.0,0.0018,,,,,,,0.0023,23.0,0.0002,,,,,,,,,,,,,,,,,,,,,
kaolinite-pellet_PBP06_A,/Users/isaac/Documents/GitHub/PhD_Projects/Eaton-Fire-Ash/Ashes-EDXRF/EXPERT_ENG/WrkExpert/W187U/WORK/Aguilar_Isaac/clay-pellets/kaolinite-pellet_PBP06_A.prf,kaolinite-pellet_17-July_PBP06_A,49.622,496220.0,0.065,0.275,2750.0,0.075,16.208,162079.99999999997,0.06,29.784,297840.0,0.051,0.054,540.0,0.002,0.055,550.0,0.001,3.356,33560.0,0.063,,,,0.0213,213.0,0.0026,0.0072,72.0,0.0005,0.495,4950.0,0.002,0.001,10.0,0.0001,0.0046,46.0,0.0001,0.0027,27.0,0.0001,0.0126,126.0,0.0002,0.0371,371.0,0.0002,0.0201,201.0,0.0002,0.0014,14.0,0.0002,0.0045,45.0,0.0002,0.0031,31.0,0.0002,,,,0.0313,313.0,0.0005,,,,,,,0.0032,32.0,0.0005,,,,,,,,,,,,,,,,,,,,,,,,,,,,,,,,,,,,,,,,,,,,,,,,,,,,,,,,,,,,,,,,,,,,,,,,,,,,,,,,,,,,,,,,,,,,,,,,,,,,,,
kaolinite-pellet_PBP02_B,/Users/isaac/Documents/GitHub/PhD_Projects/Eaton-Fire-Ash/Ashes-EDXRF/EXPERT_ENG/WrkExpert/W187U/WORK/Aguilar_Isaac/clay-pellets/kaolinite-pellet_PBP02_B.prf,kaolinite-pellet_15-July_PBP02_B,48.539,485390.0,0.066,0.524,5240.0,0.077,20.776,207760.0,0.064,24.871,248710.0,0.048,0.068,680.0,0.002,0.065,650.0,0.002,4.17,41700.0,0.065,,,,0.0386,386.0,0.0031,0.0079,79.0,0.0005,0.624,6240.0,0.002,0.0013,13.0,0.0001,0.0055,55.0,0.0002,0.0035,35.0,0.0001,0.0166,166.0,0.0002,0.0476,476.0,0.0002,0.0258,258.0,0.0002,0.0018,18.0,0.0002,0.0046,46.0,0.0002,0.0035,35.0,0.0002,0.0262,262.0,0.0027,0.171,1710.0000000000002,0.001,0.0019,19.0,0.0003,,,,0.0031,31.0,0.0005,,,,,,,,,,0.0009,9.0,0.0003,,,,,,,,,,,,,,,,,,,,,,,,,,,,,,,,,,,,,,,,,,,,,,,,,,,,,,,,,,,,,,,,,,,0.003,30.0,0.0004,,,,,,,,,,,,,,,,,,,,,
kaolinite-pellet_PBP04_D,/Users/isaac/Documents/GitHub/PhD_Projects/Eaton-Fire-Ash/Ashes-EDXRF/EXPERT_ENG/WrkExpert/W187U/WORK/Aguilar_Isaac/clay-pellets/kaolinite-pellet_PBP04_D.prf,kaolinite-pellet_15-July_PBP04_D,49.644,496440.0,0.06,0.376,3760.0,0.067,16.598,165980.0,0.055,29.469,294690.0,0.047,0.057,570.0,0.002,0.059,590.0,0.001,3.205,32050.0,0.059,,,,0.0291,291.0,0.0026,0.0066,66.0,0.0005,0.465,4650.0,0.002,0.0011,11.0,0.0001,0.0039,39.0,0.0001,0.0037,37.0,0.0001,0.0118,118.0,0.0002,0.034,340.0,0.0002,0.0187,187.0,0.0002,0.0011,11.0,0.0002,0.0047,47.0,0.0002,0.0028,28.0,0.0002,,,,0.0019,19.0,0.0003,0.0006,6.0,0.0001,,,,0.0022,22.0,0.0004,,,,,,,,,,,,,,,,,,,,,,,,,,,,,,,,,,,,,,,,,,,,,,,,,,,,0.0025,25.0,0.0005,,,,,,,,,,,,,,,,,,,,,,,,,0.0016,16.0,0.0002,,,,,,,,,,,,,,,,,,,,,
kaolinite-pellet_PBP02_C,/Users/isaac/Documents/GitHub/PhD_Projects/Eaton-Fire-Ash/Ashes-EDXRF/EXPERT_ENG/WrkExpert/W187U/WORK/Aguilar_Isaac/clay-pellets/kaolinite-pellet_PBP02_C.prf,kaolinite-pellet_15-July_PBP02_C,48.514,485140.0,0.065,0.356,3560.0,0.075,20.975,209750.0,0.063,24.779,247790.0,0.047,0.067,670.0,0.002,0.068,680.0,0.001,4.244,42440.0,0.064,,,,0.0283,283.0,0.0028,0.008,80.0,0.0006,0.63,6300.0,0.002,0.0012,12.0,0.0001,0.0063,63.0,0.0002,0.0033,33.0,0.0001,0.0155,155.0,0.0002,0.0475,475.0,0.0002,0.0258,258.0,0.0002,0.0018,18.0,0.0002,0.0048,48.0,0.0002,0.0041,41.0,0.0002,0.0195,195.0,0.0026,0.178,1780.0,0.001,,,,,,,0.0029,29.0,0.0005,,,,,,,0.0011,11.0,0.0002,,,,,,,,,,,,,,,,,,,,,,0.0036,36.0,0.0003,,,,,,,,,,,,,,,,,,,,,,,,,,,,,,,,,,,,,0.0128,128.0,0.0019,,,,,,,,,,,,,0.002,20.0,0.0005,,,,,,,,,,,,,,,
kaolinite-pellet_15-July_PBP01_C,/Users/isaac/Documents/GitHub/PhD_Projects/Eaton-Fire-Ash/Ashes-EDXRF/EXPERT_ENG/WrkExpert/W187U/WORK/Aguilar_Isaac/clay-pellets/kaolinite-pellet_15-July_PBP01_C.prf,kaolinite-pellet_15-July_PBP01_C,48.626,486260.0,0.064,0.449,4490.0,0.073,21.05,210500.0,0.062,24.833,248329.99999999997,0.047,0.067,670.0,0.002,0.052,520.0,0.001,4.136,41360.0,0.063,,,,0.0211,211.0,0.0026,0.0083,83.0,0.0005,0.602,6020.0,0.002,0.0008,8.0,0.0001,0.0051,51.0,0.0001,0.0026,26.0,0.0001,0.0159,159.0,0.0002,0.0458,458.0,0.0002,0.0238,238.0,0.0002,0.0017,17.0,0.0002,0.0046,46.0,0.0002,0.0033,33.0,0.0002,0.01,100.0,0.0024,0.0367,367.0,0.0005,0.0007,7.0,0.0002,,,,0.0023,23.0,0.0005,,,,,,,,,,,,,,,,,,,,,,,,,,,,,,,,,,,,,,,,,,,,,,,,,,,,,,,,,,,,,,,,,,,,,,,,,,,,,,,0.0026,26.0,0.0003,,,,,,,,,,,,,,,,,,,,,
kaolinite-pellet_PBP07_A,/Users/isaac/Documents/GitHub/PhD_Projects/Eaton-Fire-Ash/Ashes-EDXRF/EXPERT_ENG/WrkExpert/W187U/WORK/Aguilar_Isaac/clay-pellets/kaolinite-pellet_PBP07_A.prf,kaolinite-pellet_17-July_PBP07_A,49.7,497000.0,0.064,0.382,3820.0,0.071,16.035,160350.0,0.06,29.977,299770.0,0.051,0.054,540.0,0.002,0.049,490.0,0.0013,3.19,31900.0,0.061,,,,0.0186,186.0,0.0026,0.0053,53.0,0.0005,0.467,4670.0,0.002,0.0006,6.0,0.0001,0.0042,42.0,0.0001,0.0022,22.0,0.0001,0.0122,122.0,0.0002,0.0349,349.0,0.0002,0.0185,185.0,0.0002,0.001,10.0,0.0002,0.0046,46.0,0.0002,0.0029,29.0,0.0002,0.017,170.0,0.0024,0.019,190.0,0.0004,0.0006,6.0,0.0001,,,,0.0034,34.0,0.0004,,,,,,,,,,,,,,,,,,,,,,,,,,,,,,,,,,,,,,,,,,,,,,,,,,,,,,,,,,,,,,,,,,,,,,,,,,,,,,,,,,,,,,,,,,,,,,,,,,,,,,
kaolinite-pellet_11-July_PBP05_A,/Users/isaac/Documents/GitHub/PhD_Projects/Eaton-Fire-Ash/Ashes-EDXRF/EXPERT_ENG/WrkExpert/W187U/WORK/Aguilar_Isaac/clay-pellets/kaolinite-pellet_11-July_PBP05_A.prf,11-July_PBP05_A,48.699,486990.0,0.18,0.292,2920.0,0.081,21.019,210189.99999999997,0.096,25.018,250180.0,0.096,0.072,720.0,0.003,0.056,560.0,0.001,4.122,41220.0,0.067,,,,,,,,,,0.626,6260.0,0.003,,,,0.0056,56.0,0.0002,0.0026,26.0,0.0001,0.0161,161.0,0.0002,0.0466,466.0,0.0003,0.0248,248.0,0.0002,,,,,,,,,,,,,,,,,,,,,,,,,,,,,,,,,,,,,,,,,,,,,,,,,,,,,,,,,,,,,,,,,,,,,,,,,,,,,,,,,,,,,,,,,,,,,,,,,,,,,,,,,,,,,,,,,,,,,,,,,,,,,,
kaolinite-pellet_PBP03_B,/Users/isaac/Documents/GitHub/PhD_Projects/Eaton-Fire-Ash/Ashes-EDXRF/EXPERT_ENG/WrkExpert/W187U/WORK/Aguilar_Isaac/clay-pellets/kaolinite-pellet_PBP03_B.prf,kaolinite-pellet_15-July_PBP03_B,48.51,485100.0,0.064,0.444,4440.0,0.072,20.873,208730.0,0.063,24.795,247950.00000000003,0.047,0.068,680.0,0.002,0.089,890.0,0.002,4.107,41070.0,0.063,,,,0.0361,361.0,0.0027,0.0061,61.0,0.0005,0.6,6000.0,0.002,0.0015,15.0,0.0001,0.0053,53.0,0.0002,0.0036,36.0,0.0001,0.0162,162.0,0.0002,0.0474,474.0,0.0002,0.0252,252.0,0.0002,0.0016,16.0,0.0002,0.0051,51.0,0.0002,0.0039,39.0,0.0002,0.0254,254.0,0.0026,0.302,3020.0,0.001,0.0023,23.0,0.0004,,,,0.0026,26.0,0.0005,,,,,,,0.0006,6.0,0.0002,,,,,,,0.0228,228.0,0.0036,,,,,,,,,,,,,,,,,,,,,,,,,,,,,,,,,,0.0039,39.0,0.0006,,,,,,,,,,,,,,,,,,,,,,,,,0.0028,28.0,0.0004,,,,,,,,,,,,,,,,,,,,,
kaolinite-pellet_PBP03_C,/Users/isaac/Documents/GitHub/PhD_Projects/Eaton-Fire-Ash/Ashes-EDXRF/EXPERT_ENG/WrkExpert/W187U/WORK/Aguilar_Isaac/clay-pellets/kaolinite-pellet_PBP03_C.prf,kaolinite-pellet_15-July_PBP03_C,48.509,485090.0,0.063,0.406,4060.0000000000005,0.072,20.998,209980.0,0.062,24.749,247490.0,0.046,0.069,690.0000000000001,0.002,0.071,709.9999999999999,0.002,4.12,41200.0,0.061,,,,0.0217,217.0,0.0026,0.0079,79.0,0.0005,0.601,6010.0,0.002,0.0012,12.0,0.0001,0.0051,51.0,0.0001,0.0028,28.0,0.0001,0.0156,156.0,0.0002,0.0465,465.0,0.0002,0.0245,245.0,0.0002,0.0011,11.0,0.0002,0.0049,49.0,0.0002,0.0035,35.0,0.0002,0.0177,177.0,0.0025,0.306,3060.0,0.001,0.0026,26.0,0.0004,,,,0.0031,31.0,0.0005,0.0052,52.0,0.001,,,,,,,,,,,,,,,,,,,,,,,,,,,,,,,0.0019,19.0,0.0004,,,,,,,,,,,,,,,,,,,,,,,,,,,,,,,,,,,,,,,,,,,0.0029,29.0,0.0004,,,,,,,0.0009,9.0,0.0002,,,,,,,,,,,,
kaolinite-pellet_PBP01_A,/Users/isaac/Documents/GitHub/PhD_Projects/Eaton-Fire-Ash/Ashes-EDXRF/EXPERT_ENG/WrkExpert/W187U/WORK/Aguilar_Isaac/clay-pellets/kaolinite-pellet_PBP01_A.prf,kaolinite-pellet_15-July_PBP01_A,48.617,486170.0,0.065,0.319,3190.0,0.074,21.076,210760.0,0.063,24.849,248490.0,0.047,0.065,650.0,0.002,0.063,630.0,0.001,4.178,41780.0,0.065,,,,0.0211,211.0,0.0028,0.0077,77.0,0.0006,0.627,6270.0,0.002,0.0011,11.0,0.0001,0.0054,54.0,0.0002,0.0028,28.0,0.0001,0.0161,161.0,0.0002,0.0486,486.0,0.0002,0.0259,259.0,0.0002,0.0018,18.0,0.0002,0.0052,52.0,0.0002,0.0041,41.0,0.0002,,,,0.0392,392.0,0.0005,,,,,,,0.0029,29.0,0.0005,0.0043,43.0,0.001,,,,,,,,,,0.0056,56.0,0.0012,,,,,,,,,,,,,,,,0.003,30.0,0.0003,,,,,,,,,,,,,,,,,,,,,,,,,,,,,,,,,,,,,0.0084,84.0,0.0019,,,,,,,0.0026,26.0,0.0003,,,,,,,,,,,,,,,,,,,,,
kaolinite-pellet_PBP03_A,/Users/isaac/Documents/GitHub/PhD_Projects/Eaton-Fire-Ash/Ashes-EDXRF/EXPERT_ENG/WrkExpert/W187U/WORK/Aguilar_Isaac/clay-pellets/kaolinite-pellet_PBP03_A.prf,kaolinite-pellet_15-July_PBP03_A,48.446,484460.0,0.066,0.442,4420.0,0.077,20.699,206990.00000000003,0.063,24.856,248560.00000000003,0.048,0.067,670.0,0.002,0.077,770.0,0.002,4.319,43190.0,0.064,,,,0.0246,246.0,0.0028,0.0074,74.0,0.0006,0.628,6280.0,0.002,0.0014,14.0,0.0001,0.0054,54.0,0.0002,0.0033,33.0,0.0001,0.016,160.0,0.0002,0.0496,496.0,0.0002,0.0257,257.0,0.0002,0.0016,16.0,0.0002,0.0051,51.0,0.0002,0.0037,37.0,0.0002,,,,0.314,3140.0,0.001,,,,,,,0.0028,28.0,0.0005,,,,,,,,,,,,,,,,,,,,,,,,,,,,,,,,,,,,,,,,,,,,,,,,,,,,,,,,,,,,,,,,,,,0.0025,25.0,0.0008,,,,,,,,,,0.0031,31.0,0.0004,,,,,,,,,,,,,,,,,,,,,
kaolinite-pellet_PBP01_B,/Users/isaac/Documents/GitHub/PhD_Projects/Eaton-Fire-Ash/Ashes-EDXRF/EXPERT_ENG/WrkExpert/W187U/WORK/Aguilar_Isaac/clay-pellets/kaolinite-pellet_PBP01_B.prf,kaolinite-pellet_15-July_PBP01_B,48.599,485989.99999999994,0.055,,,,21.025,210250.0,0.061,25.025,250250.0,0.044,0.065,650.0,0.002,0.053,530.0,0.001,4.38,43800.0,0.067,,,,0.024,240.0,0.0029,0.0077,77.0,0.0006,0.648,6480.0,0.002,0.0012,12.0,0.0001,0.0058,58.0,0.0002,0.0025,25.0,0.0001,0.017,170.0,0.0002,0.0495,495.0,0.0002,0.0262,262.0,0.0002,0.0017,17.0,0.0002,0.005,50.0,0.0002,0.0039,39.0,0.0002,,,,0.0386,386.0,0.0005,0.0009,9.0,0.0002,,,,0.0036,36.0,0.0005,,,,,,,0.0007,7.0,0.0002,,,,,,,,,,,,,,,,,,,,,,0.0018,18.0,0.0003,,,,,,,,,,,,,,,,,,,,,,,,,,,,,,,,,,,,,0.0128,128.0,0.0019,,,,,,,0.0028,28.0,0.0003,,,,,,,,,,,,,,,,,,,,,
PBP_05A04A,/Users/isaac/Documents/GitHub/PhD_Projects/Eaton-Fire-Ash/Ashes-EDXRF/EXPERT_ENG/WrkExpert/W187U/WORK/Aguilar_Isaac/clay-pellets/penny-attenuation/PBP_05A04A.prf,11-July_PBP_05A04A,48.651,486510.00000000006,0.059,,,,21.118,211180.0,0.065,25.026,250260.0,0.047,0.068,680.0,0.003,0.054,540.0,0.001,4.315,43150.00000000001,0.075,,,,,,,,,,0.66,6600.0,0.002,,,,0.0061,61.0,0.0002,0.0027,27.0,0.0001,0.0173,173.0,0.0002,0.053,530.0,0.0,0.0289,289.0,0.0002,,,,,,,,,,,,,,,,,,,,,,,,,,,,,,,,,,,,,,,,,,,,,,,,,,,,,,,,,,,,,,,,,,,,,,,,,,,,,,,,,,,,,,,,,,,,,,,,,,,,,,,,,,,,,,,,,,,,,,,,,,,,,,
11-July_PBP05_AX,/Users/isaac/Documents/GitHub/PhD_Projects/Eaton-Fire-Ash/Ashes-EDXRF/EXPERT_ENG/WrkExpert/W187U/WORK/Aguilar_Isaac/clay-pellets/penny-attenuation/11-July_PBP05_AX.prf,11-July_PBP05_AX,48.653,486530.0,0.177,,,,26.642,266420.0,0.102,50.507,505070.0,0.102,0.213,2130.0,0.008,0.387,3870.0,0.009,52.832,528320.0,0.068,,,,,,,0.158,1580.0,0.015,13.255,132550.0,0.034,,,,0.093,930.0,0.017,0.081,810.0,0.017,0.314,3140.0,0.018,0.049,490.0,0.0003,0.0265,265.0,0.0002,,,,,,,0.0038,38.0,0.0002,,,,,,,,,,,,,,,,,,,,,,,,,,,,,,,,,,,,,,,,,,,,,,,,,,,,,,,,,,,,,,,,,,,,,,,,,,,,,,,,,,,,,,,,,,,,,,,,,,,,,,,,,,,,,,,,,,,,,
11-July_PB04_ABX,/Users/isaac/Documents/GitHub/PhD_Projects/Eaton-Fire-Ash/Ashes-EDXRF/EXPERT_ENG/WrkExpert/W187U/WORK/Aguilar_Isaac/clay-pellets/penny-attenuation/11-July_PB04_ABX.prf,11-July_PBP04_ABX,48.652,486520.0,0.07,0.307,3070.0,0.08,20.743,207430.0,0.067,25.117,251170.0,0.051,0.068,680.0,0.003,0.07,700.0000000000001,0.001,4.262,42619.99999999999,0.072,,,,0.0301,301.0,0.0032,0.007,70.0,0.0006,0.637,6370.0,0.002,,,,0.0059,59.0,0.0002,0.0029,29.0,0.0001,0.0161,161.0,0.0002,0.05,500.0,0.0,0.0272,272.0,0.0002,,,,,,,0.0043,43.0,0.0002,,,,,,,,,,,,,,,,,,,,,,,,,,,,,,,,,,,,,,,,,,,,,,,,,,,,,,,,,,,,,,,,,,,,,,,,,,,,,,,,,,,,,,,,,,,,,,,,,,,,,,,,,,,,,,,,,,,,,
1694,/Users/isaac/Documents/GitHub/PhD_Projects/Eaton-Fire-Ash/Ashes-EDXRF/EXPERT_ENG/WrkExpert/W187U/WORK/Aguilar_Isaac/ash-powders/1694.prf,1694_bkB,43.138,431380.0,0.146,2.187,21870.0,0.276,6.747,67470.0,0.104,23.192,231920.0,0.1,0.111,1110.0,0.009,0.294,2940.0,0.004,7.503,75030.0,0.109,6.826,68260.0,0.053,0.83,8300.0,0.014,0.191,1910.0,0.003,8.533,85330.0,0.032,0.0039,39.0,0.0005,0.0121,121.0,0.0005,0.0303,303.0,0.0006,0.0056,56.0,0.0003,0.0235,235.0,0.0005,0.114,1140.0,0.001,0.0051,51.0,0.0005,0.05,500.0,0.001,0.0022,22.0,0.0005,0.159,1590.0,0.009,0.0094,94.0,0.0011,0.0016,16.0,0.0004,,,,0.0068,68.0,0.0015,,,,,,,,,,,,,,,,,,,,,,,,,,,,,,,,,,,,,,,,,,,,,,,,,,,,,,,,,,,,,,,,0.0244,244.0,0.0057,,,,,,,,,,,,,,,,,,,,,,,,,,,,,,,,,,,,
1680,/Users/isaac/Documents/GitHub/PhD_Projects/Eaton-Fire-Ash/Ashes-EDXRF/EXPERT_ENG/WrkExpert/W187U/WORK/Aguilar_Isaac/ash-powders/1680.prf,1680_bkB,45.219,452190.0,0.152,1.348,13480.0,0.265,8.122,81220.0,0.114,26.6,266000.0,0.112,0.028,280.0,0.0066,0.092,920.0,0.003,6.341,63410.0,0.113,3.252,32519.999999999996,0.039,0.99,9900.0,0.015,0.106,1060.0,0.003,7.462,74620.0,0.028,0.0035,35.0,0.0005,0.0045,45.0,0.0004,0.0223,223.0,0.0005,0.0052,52.0,0.0003,0.0164,164.0,0.0005,0.101,1010.0000000000001,0.001,0.0058,58.0,0.0005,0.0397,397.0,0.0006,0.0025,25.0,0.0005,0.184,1840.0,0.008,0.0082,82.0,0.001,0.0011,11.0,0.0003,,,,0.0056,56.0,0.0014,,,,,,,,,,,,,,,,,,,,,,,,,,,,,,,,,,,,,,,,,,,,,,,,,,,,,,,,,,,,,,,,0.0412,412.0,0.0061,,,,,,,,,,,,,,,,,,,,,,,,,,,,,,,,,,,,
JPL50,/Users/isaac/Documents/GitHub/PhD_Projects/Eaton-Fire-Ash/Ashes-EDXRF/EXPERT_ENG/WrkExpert/W187U/WORK/Aguilar_Isaac/ash-powders/JPL50.prf,JPL50_bkB.S,39.186,391860.0,0.16,2.346,23460.0,0.321,4.732,47320.0,0.097,16.834,168340.0,0.088,0.43,4300.0,0.012,0.386,3860.0,0.005,9.199,91990.0,0.159,16.999,169990.0,0.119,0.881,8810.0,0.024,0.48,4800.0,0.009,8.166,81660.0,0.041,0.0076,76.0,0.0009,0.0255,255.0,0.001,0.094,940.0,0.002,0.0051,51.0,0.0006,0.0204,204.0,0.0008,0.161,1610.0,0.001,0.0034,34.0,0.0008,0.0142,142.0,0.0011,0.0033,33.0,0.0007,,,,0.0242,242.0,0.002,0.0022,22.0,0.0007,,,,,,,,,,,,,,,,,,,,,,,,,,,,,,,,,,,,,,,,,,,,,,,,,,,,,,,,,,,,,,,,,,,,,,,,,,,,,,,,,,,,,,,,,,,,,,,,,,,,,,,,,,,,
XPAH28,/Users/isaac/Documents/GitHub/PhD_Projects/Eaton-Fire-Ash/Ashes-EDXRF/EXPERT_ENG/WrkExpert/W187U/WORK/Aguilar_Isaac/ash-powders/XPAH28.prf,XPAH28_bkB.S,42.249,422490.0,0.122,14.488,144880.0,0.221,2.944,29440.0,0.063,20.263,202630.00000000003,0.077,,,,0.311,3110.0,0.005,2.346,23460.0,0.068,9.615,96150.0,0.055,0.655,6550.0,0.012,0.108,1080.0,0.002,2.829,28290.0,0.011,0.0047,47.0,0.0004,0.422,4220.0,0.002,0.484,4840.0,0.002,,,,0.0116,116.0,0.0005,0.0364,364.0,0.0005,,,,0.0207,207.0,0.0006,0.0024,24.0,0.0004,0.178,1780.0,0.007,2.943,29430.0,0.01,,,,,,,0.0125,125.0,0.0013,,,,,,,,,,,,,,,,,,,,,,,,,,,,,,,,,,,,,,,,,,,,,,,,,,,,0.0082,82.0,0.0014,,,,,,,0.0319,319.0,0.0005,,,,0.011,110.0,0.0018,,,,0.0087,87.0,0.0013,,,,,,,,,,,,,0.0036,36.0,0.0006,,,,,,,0.0138,138.0,0.0024,,,
1620_bkA.s,/Users/isaac/Documents/GitHub/PhD_Projects/Eaton-Fire-Ash/Ashes-EDXRF/EXPERT_ENG/WrkExpert/W187U/WORK/Aguilar_Isaac/ash-powders/1620_bkA.s.prf,Sample 1620 Ungrinded Sieved,43.781,437810.0,0.073,0.997,9970.0,0.118,7.8,78000.0,0.061,24.309,243090.0,0.056,0.121,1210.0,0.005,0.162,1620.0,0.002,8.192,81920.0,0.069,4.529,45290.0,0.027,1.184,11840.0,0.01,0.172,1719.9999999999998,0.002,8.481,84810.0,0.017,0.0071,71.0,0.0003,0.0097,97.0,0.0003,0.038,380.0,0.0004,0.0056,56.0,0.0002,0.0236,236.0,0.0003,0.0466,466.0,0.0003,0.0056,56.0,0.0003,0.0218,218.0,0.0003,0.0023,23.0,0.0003,0.0439,439.0,0.0033,0.0212,212.0,0.0008,0.0024,24.0,0.0003,,,,,,,,,,,,,,,,,,,,,,,,,,,,,,,,,,,,,,,,,,,,,,,,,,,,,,,,,,,,,0.0028,28.0,0.0006,,,,,,,0.0255,255.0,0.0039,0.0166,166.0,0.0014,,,,,,,,,,,,,,,,,,,,,,,,,,,,,,,,,
1683,/Users/isaac/Documents/GitHub/PhD_Projects/Eaton-Fire-Ash/Ashes-EDXRF/EXPERT_ENG/WrkExpert/W187U/WORK/Aguilar_Isaac/ash-powders/1683.prf,1683_bkB,45.748,457480.0,0.134,1.209,12090.0,0.227,8.018,80180.0,0.097,27.965,279650.0,0.1,0.09,900.0,0.006,0.0362,362.0,0.0025,6.741,67410.0,0.106,2.953,29530.0,0.035,0.734,7340.0,0.012,0.108,1080.0,0.002,6.067,60670.0,0.021,0.0036,36.0,0.0004,0.0042,42.0,0.0003,0.0126,126.0,0.0003,0.004,40.0,0.0002,0.0295,295.0,0.0004,0.063,630.0,0.0,0.0049,49.0,0.0004,0.0335,335.0,0.0005,0.0025,25.0,0.0004,0.137,1370.0,0.007,0.0085,85.0,0.0008,,,,,,,0.0063,63.0,0.0012,,,,,,,,,,,,,,,,,,,,,,,,,,,,,,,,,,,,,,,,,,,,,,,,,,,,,,,,,,,,,,,,0.0228,228.0,0.0047,,,,,,,,,,,,,,,,,,,,,,,,,,,,,,,,,,,,
1696,/Users/isaac/Documents/GitHub/PhD_Projects/Eaton-Fire-Ash/Ashes-EDXRF/EXPERT_ENG/WrkExpert/W187U/WORK/Aguilar_Isaac/ash-powders/1696.prf,1696_bkB,44.204,442040.0,0.129,1.628,16279.999999999998,0.234,7.623,76230.0,0.095,25.384,253840.0,0.094,0.0367,367.0,0.0067,0.052,520.0,0.002,8.001,80010.0,0.099,3.437,34370.0,0.034,0.84,8400.0,0.011,0.117,1170.0,0.002,8.335,83350.00000000001,0.027,0.0047,47.0,0.0004,0.0062,62.0,0.0003,0.0208,208.0,0.0004,0.0043,43.0,0.0003,0.0311,311.0,0.0004,0.0452,452.0,0.0004,0.0057,57.0,0.0004,0.065,650.0,0.001,0.0031,31.0,0.0004,0.108,1080.0,0.007,0.0066,66.0,0.0008,0.0015,15.0,0.0002,0.0018,18.0,0.0005,0.0045,45.0,0.0011,,,,,,,,,,,,,,,,,,,,,,,,,,,,,,,,,,,,,,,,,,,,,,,,,,,,,,,,,,,,,,,,0.0217,217.0,0.0047,0.0103,103.0,0.0018,,,,,,,,,,,,,,,,,,,,,,,,,,,,,,,,,
1682,/Users/isaac/Documents/GitHub/PhD_Projects/Eaton-Fire-Ash/Ashes-EDXRF/EXPERT_ENG/WrkExpert/W187U/WORK/Aguilar_Isaac/ash-powders/1682.prf,1682_bkB,43.547,435469.99999999994,0.138,1.862,18620.0,0.262,7.297,72970.0,0.099,23.407,234070.0,0.095,0.111,1110.0,0.008,0.186,1860.0,0.004,6.386,63860.0,0.095,5.61,56100.0,0.044,1.028,10280.0,0.013,0.206,2060.0,0.003,9.971,99710.0,0.034,0.0046,46.0,0.0005,0.0135,135.0,0.0005,0.0289,289.0,0.0005,0.0048,48.0,0.0003,0.0204,204.0,0.0005,0.079,790.0,0.001,0.009,90.0,0.0005,0.068,680.0,0.001,0.0027,27.0,0.0004,0.092,920.0,0.008,0.0105,105.0,0.001,0.0013,13.0,0.0003,,,,0.0076,76.0,0.0013,,,,,,,,,,,,,,,,,,,,,,,,,,,,,,,,,,,,,,,,,,,,,,,,,,,,0.0085,85.0,0.0015,,,,,,,,,,0.0338,338.0,0.0054,,,,,,,,,,,,,,,,,,,,,,,,,,,,0.0026,26.0,0.0007,,,,,,
JPL95,/Users/isaac/Documents/GitHub/PhD_Projects/Eaton-Fire-Ash/Ashes-EDXRF/EXPERT_ENG/WrkExpert/W187U/WORK/Aguilar_Isaac/ash-powders/JPL95.prf,JPL95_bkB.S,41.143,411430.0,0.153,2.083,20830.000000000004,0.285,6.566,65660.0,0.098,19.226,192260.0,0.09,0.329,3290.0,0.01,0.325,3250.0,0.004,8.046,80460.0,0.157,10.535,105350.0,0.094,1.07,10700.0,0.023,0.321,3210.0,0.007,9.921,99210.0,0.044,0.0115,115.0,0.001,0.096,960.0,0.002,0.131,1310.0,0.002,0.0059,59.0,0.0006,0.0217,217.0,0.0008,0.112,1120.0,0.001,0.0054,54.0,0.0009,0.0237,237.0,0.001,,,,,,,0.0242,242.0,0.0022,0.0035,35.0,0.0007,,,,,,,,,,,,,,,,,,,,,,,,,,,,,,,,,,,,,,,,,,,,,,,,,,,,,,,,,,,,,,,,,,,,,,,,,,,,,,,,,,,,,,,,,,,,,,,,,,,,,,,,,,,,
1590_B.S_2,/Users/isaac/Documents/GitHub/PhD_Projects/Eaton-Fire-Ash/Ashes-EDXRF/EXPERT_ENG/WrkExpert/W187U/WORK/Aguilar_Isaac/ash-powders/1590_B.S_2.prf,1590_B.S_2,42.783,427830.0,0.131,1.724,17240.0,0.257,7.914,79140.0,0.096,21.7,217000.0,0.086,0.208,2080.0,0.009,0.191,1910.0,0.003,6.021,60210.0,0.086,7.812,78120.0,0.049,1.033,10330.0,0.013,0.206,2060.0,0.003,9.316,93160.0,0.031,0.009,90.0,0.0005,0.139,1390.0000000000002,0.001,0.214,2140.0,0.001,0.0061,61.0,0.0003,0.0222,222.0,0.0004,0.083,830.0,0.001,0.0033,33.0,0.0004,0.0172,172.0,0.0005,0.0024,24.0,0.0004,0.065,650.0,0.005,0.0196,196.0,0.001,0.0031,31.0,0.0003,,,,0.0047,47.0,0.001,,,,0.431,4310.0,0.003,,,,,,,,,,,,,,,,,,,,,,,,,,,,,,,,,,,,,,,,,,,,,,,,,,,,,,,0.0259,259.0,0.0004,0.0462,462.0,0.0052,,,,,,,,,,,,,,,,,,,,,,,,,,,,,,,,,,,,
1679,/Users/isaac/Documents/GitHub/PhD_Projects/Eaton-Fire-Ash/Ashes-EDXRF/EXPERT_ENG/WrkExpert/W187U/WORK/Aguilar_Isaac/ash-powders/1679.prf,1679_bkB,44.874,448740.0,0.123,1.437,14370.0,0.215,7.868,78680.0,0.089,26.059,260590.0,0.089,0.094,940.0,0.007,0.232,2320.0,0.003,6.968,69680.0,0.099,4.871,48710.00000000001,0.041,0.788,7880.0,0.011,0.136,1360.0,0.002,6.395,63949.99999999999,0.021,0.0034,34.0,0.0004,0.0059,59.0,0.0003,0.017,170.0,0.0004,0.0042,42.0,0.0002,0.0218,218.0,0.0004,0.0458,458.0,0.0004,0.0048,48.0,0.0004,0.0252,252.0,0.0005,0.0017,17.0,0.0004,0.135,1350.0,0.007,0.0113,113.0,0.0008,0.0016,16.0,0.0003,,,,,,,,,,,,,,,,,,,,,,,,,,,,,,,,,,,,,,,,,,,,,,,,,,,,,,,,,,,,,,,,,,,,,,,,,,,,,,,,,,,,,,,,,,,,,,,,,,,,,,,,,,,,
1590_bkB.L,/Users/isaac/Documents/GitHub/PhD_Projects/Eaton-Fire-Ash/Ashes-EDXRF/EXPERT_ENG/WrkExpert/W187U/WORK/Aguilar_Isaac/ash-powders/1590_bkB.L.prf,1590_bkB.L,40.808,408080.0,0.112,2.56,25600.0,0.237,6.696,66960.0,0.077,18.592,185920.0,0.067,0.229,2290.0,0.008,0.357,3570.0,0.003,6.015,60150.0,0.067,11.122,111220.0,0.049,1.143,11430.0,0.011,0.225,2250.0,0.003,10.186,101860.0,0.03,0.0172,172.0,0.0005,0.298,2980.0,0.002,0.23,2300.0,0.001,0.0045,45.0,0.0003,0.0219,219.0,0.0004,0.087,869.9999999999999,0.001,0.0022,22.0,0.0004,0.01,100.0,0.0005,0.0018,18.0,0.0004,0.061,610.0,0.005,0.0182,182.0,0.001,0.0018,18.0,0.0003,,,,,,,,,,1.193,11930.0,0.005,0.0022,22.0,0.0004,,,,,,,,,,,,,,,,,,,,,,,,,,,,,,,,,,,,,,,,,,,0.0048,48.0,0.0011,0.0052,52.0,0.0009,,,,0.055,550.0,0.0,0.0427,427.0,0.0045,0.0115,115.0,0.0017,,,,,,,,,,,,,,,,,,,,,,,,,,,,,,,,,
JPL43,/Users/isaac/Documents/GitHub/PhD_Projects/Eaton-Fire-Ash/Ashes-EDXRF/EXPERT_ENG/WrkExpert/W187U/WORK/Aguilar_Isaac/ash-powders/JPL43.prf,JPL43_bkB.s,42.128,421280.0,0.149,2.268,22679.999999999996,0.263,4.867,48670.0,0.086,22.377,223770.0,0.096,0.323,3230.0,0.01,0.298,2980.0,0.004,8.356,83560.0,0.162,9.495,94949.99999999999,0.089,0.89,8900.0,0.021,0.228,2280.0,0.006,8.459,84590.0,0.037,0.0069,69.0,0.0008,0.059,590.0,0.001,0.058,580.0,0.001,0.0044,44.0,0.0005,0.0159,159.0,0.0007,0.081,810.0,0.001,0.0049,49.0,0.0007,0.0246,246.0,0.0009,0.0039,39.0,0.0006,,,,0.0232,232.0,0.0017,,,,,,,,,,,,,,,,,,,,,,,,,,,,,,,,,,,,,,,,,,,,,,,,,,,,,,,,,,,,,,,,,,,,,,,,,0.029,290.0,0.0088,,,,,,,,,,,,,,,,,,,,,,,,,,,,,,,,,,,,
JPL94,/Users/isaac/Documents/GitHub/PhD_Projects/Eaton-Fire-Ash/Ashes-EDXRF/EXPERT_ENG/WrkExpert/W187U/WORK/Aguilar_Isaac/ash-powders/JPL94.prf,JPL94_bkB.S,41.023,410230.00000000006,0.163,1.946,19460.0,0.304,6.632,66320.0,0.102,19.043,190430.0,0.095,0.269,2690.0,0.01,0.373,3730.0,0.005,8.099,80990.0,0.172,10.612,106120.0,0.101,1.039,10390.0,0.024,0.295,2950.0,0.007,10.211,102110.0,0.048,0.0083,83.0,0.001,0.0315,315.0,0.0012,0.155,1550.0,0.002,0.0065,65.0,0.0007,0.0265,265.0,0.001,0.097,970.0,0.001,0.0094,94.0,0.001,0.0426,426.0,0.0012,,,,,,,0.0319,319.0,0.0024,0.0034,34.0,0.0008,,,,,,,,,,,,,,,,,,,0.0388,388.0,0.0051,,,,,,,,,,,,,,,,,,,,,,,,,,,,,,,,,,,,,,,,,,,,,,,,,,,,,,,,,,0.0074,74.0,0.0023,,,,,,,,,,,,,,,,,,,,,,,,,,,
1590_B.S_3,/Users/isaac/Documents/GitHub/PhD_Projects/Eaton-Fire-Ash/Ashes-EDXRF/EXPERT_ENG/WrkExpert/W187U/WORK/Aguilar_Isaac/ash-powders/1590_B.S_3.prf,1590_B.S_3,44.152,441520.0,0.118,1.936,19360.0,0.212,8.177,81770.0,0.09,24.34,243400.0,0.084,0.167,1670.0,0.008,0.138,1380.0000000000002,0.003,6.49,64900.0,0.085,5.617,56170.0,0.04,0.806,8060.000000000001,0.011,0.151,1510.0,0.002,7.347,73470.0,0.022,0.0057,57.0,0.0004,0.084,840.0,0.001,0.073,730.0,0.001,0.0049,49.0,0.0002,0.0208,208.0,0.0003,0.073,730.0,0.0,0.0031,31.0,0.0003,0.0219,219.0,0.0004,0.0017,17.0,0.0003,0.061,610.0,0.005,0.0153,153.0,0.0008,0.0023,23.0,0.0003,,,,,,,,,,0.285,2849.9999999999995,0.003,,,,,,,,,,,,,,,,,,,,,,,,,,,,,,,,,,,,,,,,,,,,,,,,,,,,,,,,,,0.0256,256.0,0.0045,,,,,,,,,,,,,,,,,,,,,,,,,,,,,,,,,,,,
1630_bkB.L,/Users/isaac/Documents/GitHub/PhD_Projects/Eaton-Fire-Ash/Ashes-EDXRF/EXPERT_ENG/WrkExpert/W187U/WORK/Aguilar_Isaac/ash-powders/1630_bkB.L.prf,1630_bkB.L,43.777,437770.0,0.089,1.86,18600.0,0.163,7.707,77070.0,0.065,23.808,238080.0,0.062,0.128,1280.0,0.005,0.259,2590.0,0.003,7.574,75740.0,0.07,5.21,52100.0,0.03,1.092,10920.0,0.01,0.179,1790.0,0.002,8.088,80879.99999999999,0.019,0.0055,55.0,0.0003,0.0104,104.0,0.0003,0.053,530.0,0.0,0.0047,47.0,0.0002,0.0226,226.0,0.0003,0.054,540.0,0.0,0.006,60.0,0.0003,0.0425,425.0,0.0004,0.0047,47.0,0.0003,0.063,630.0,0.004,0.0192,192.0,0.0007,0.002,20.0,0.0002,,,,,,,,,,,,,,,,,,,,,,,,,,,,,,,,,,,,,,,,,,,,,,,,,,,,,,,,,,,,,,,,,,,,,,0.0184,184.0,0.0037,0.0108,108.0,0.0014,,,,,,,,,,,,,,,,,,,,,,,,,,,,,,,,,
1590_B.S_1,/Users/isaac/Documents/GitHub/PhD_Projects/Eaton-Fire-Ash/Ashes-EDXRF/EXPERT_ENG/WrkExpert/W187U/WORK/Aguilar_Isaac/ash-powders/1590_B.S_1.prf,1590_B.S_1,43.653,436530.0,0.122,1.794,17940.0,0.227,8.038,80380.0,0.092,23.263,232630.00000000003,0.084,0.169,1690.0,0.008,0.172,1719.9999999999998,0.003,5.845,58450.0,0.083,7.041,70410.0,0.044,0.968,9680.0,0.012,0.161,1610.0,0.003,8.095,80950.0,0.025,0.0061,61.0,0.0004,0.113,1130.0,0.001,0.084,840.0,0.001,0.0043,43.0,0.0003,0.0202,202.0,0.0004,0.076,760.0,0.0,0.0039,39.0,0.0004,0.0214,214.0,0.0005,0.0011,11.0,0.0003,0.064,640.0,0.005,0.0185,185.0,0.0009,0.0018,18.0,0.0003,,,,,,,,,,0.328,3280.0,0.003,,,,,,,,,,,,,,,,,,,,,,,,,,,,,,,,,,,,,,,,,,,,,,,,,,,,,,,0.0205,205.0,0.0003,0.0392,392.0,0.0049,,,,,,,,,,,,,,,,,,,,,,,,,,,,,,,,,,,,
1685,/Users/isaac/Documents/GitHub/PhD_Projects/Eaton-Fire-Ash/Ashes-EDXRF/EXPERT_ENG/WrkExpert/W187U/WORK/Aguilar_Isaac/ash-powders/1685.prf,1685_bkB,44.656,446560.0,0.127,1.415,14150.0,0.228,7.258,72580.0,0.094,26.229,262290.0,0.094,0.073,730.0,0.006,0.0493,493.0,0.0024,7.046,70460.0,0.093,3.6,36000.0,0.034,0.886,8860.0,0.011,0.131,1310.0,0.002,8.337,83370.0,0.026,0.0059,59.0,0.0004,0.0064,64.0,0.0003,0.0175,175.0,0.0004,0.004,40.0,0.0003,0.0188,188.0,0.0004,0.058,580.0,0.0,0.0069,69.0,0.0004,0.056,560.0,0.001,0.0025,25.0,0.0003,0.083,830.0,0.006,0.0048,48.0,0.0008,0.0021,21.0,0.0002,,,,,,,0.0121,121.0,0.0022,,,,,,,,,,,,,,,,,,,,,,,,,,,,,,,,,,,,,,,,,,,,,,,,,,,,,,,,,,,,,0.0329,329.0,0.0048,0.0093,93.0,0.0018,,,,,,,,,,,,,,,,,,,,,,,,,,,,,,,,,
JPL40,/Users/isaac/Documents/GitHub/PhD_Projects/Eaton-Fire-Ash/Ashes-EDXRF/EXPERT_ENG/WrkExpert/W187U/WORK/Aguilar_Isaac/ash-powders/JPL40.prf,JPL40_bkB.S,37.672,376719.99999999994,0.165,2.882,28820.0,0.349,4.333,43330.0,0.102,14.009,140090.0,0.081,0.557,5570.000000000001,0.013,0.393,3930.0,0.005,9.826,98260.0,0.159,19.972,199720.0,0.135,1.003,10029.999999999998,0.025,0.399,3990.0,0.008,8.592,85920.0,0.045,0.0102,102.0,0.001,0.0436,436.0,0.0013,0.092,920.0,0.002,0.0057,57.0,0.0006,0.0189,189.0,0.0009,0.145,1450.0,0.001,0.0046,46.0,0.0009,0.0062,62.0,0.0011,,,,,,,0.0317,317.0,0.0023,0.0028,28.0,0.0008,,,,,,,,,,,,,,,,,,,,,,,,,,,,,,,,,,,,,,,,,,,,,,,,,,,,,,,,,,,,,,,,,,,,,,,,,,,,,,,,,,,,,,,,,,,,,,,,,,,,,,,,,,,,
JPL79_bkB.S,/Users/isaac/Documents/GitHub/PhD_Projects/Eaton-Fire-Ash/Ashes-EDXRF/EXPERT_ENG/WrkExpert/W187U/WORK/Aguilar_Isaac/ash-powders/JPL79_bkB.S.prf,JPL79_bkB.S,39.355,393549.99999999994,0.165,1.615,16150.0,0.346,4.548,45480.0,0.1,14.914,149140.0,0.083,0.251,2510.0,0.011,1.301,13010.0,0.009,5.86,58600.0,0.132,20.15,201500.0,0.125,4.818,48179.99999999999,0.05,0.165,1650.0,0.005,4.961,49610.0,0.028,0.0134,134.0,0.001,0.0492,492.0,0.0014,0.737,7370.0,0.005,0.0037,37.0,0.0007,0.0169,169.0,0.0007,0.092,920.0,0.001,0.0051,51.0,0.0008,0.0266,266.0,0.001,,,,0.253,2530.0,0.012,0.254,2540.0,0.004,,,,,,,,,,,,,0.574,5740.0,0.005,0.0039,39.0,0.0008,0.0038,38.0,0.001,,,,,,,,,,,,,,,,,,,,,,,,,,,,,,,,,,,,,,,,,,,,,,,,,,,,,,,0.0271,271.0,0.0041,,,,,,,,,,,,,,,,,,,,,,,,,,,,,,,,,
JPL33,/Users/isaac/Documents/GitHub/PhD_Projects/Eaton-Fire-Ash/Ashes-EDXRF/EXPERT_ENG/WrkExpert/W187U/WORK/Aguilar_Isaac/ash-powders/JPL33.prf,JPL33_bkB.S,40.681,406810.0,0.153,2.265,22650.0,0.29,6.479,64790.0,0.102,17.66,176600.0,0.087,0.328,3280.0,0.011,0.445,4450.0,0.005,7.113,71130.0,0.153,11.326,113260.0,0.097,1.618,16180.000000000002,0.028,0.308,3080.0,0.007,11.371,113710.0,0.05,0.0115,115.0,0.001,0.0284,284.0,0.0011,0.151,1510.0,0.002,0.0073,73.0,0.0006,0.0255,255.0,0.0009,0.106,1060.0,0.001,0.0078,78.0,0.001,0.0355,355.0,0.0011,0.0037,37.0,0.0008,,,,0.0264,264.0,0.0023,0.0029,29.0,0.0008,,,,,,,,,,,,,,,,,,,,,,,,,,,,,,,,,,,,,,,,,,,,,,,,,,,,,,,,,,,,,,,,,,,,,,,,,,,,,,,,,,,,,,,,,,,,,,,,,,,,,,,,,,,,
1620,/Users/isaac/Documents/GitHub/PhD_Projects/Eaton-Fire-Ash/Ashes-EDXRF/EXPERT_ENG/WrkExpert/W187U/WORK/Aguilar_Isaac/ash-powders/1620.prf,1620_bkB.S,43.402,434020.0,0.146,1.64,16400.0,0.241,8.178,81780.00000000001,0.097,22.757,227570.0,0.094,0.165,1650.0,0.009,0.275,2750.0,0.004,7.464,74640.0,0.162,6.161,61609.99999999999,0.075,0.993,9930.0,0.021,0.213,2130.0,0.005,8.554,85540.0,0.036,0.006,60.0,0.0008,0.0165,165.0,0.0008,0.053,530.0,0.001,0.0054,54.0,0.0005,0.0201,201.0,0.0007,0.0442,442.0,0.0007,0.0051,51.0,0.0007,0.0264,264.0,0.0008,0.0021,21.0,0.0006,,,,0.0151,151.0,0.0019,0.0037,37.0,0.0006,,,,,,,,,,,,,,,,,,,,,,,,,,,,,,,,,,,,,,,,,,,,,,,,,,,,,,,,,,,,,,,,,,,,,,,,,,,,,,,,,,,,,,,,,,,,,,,,,,,,,,,,,,,,
JPL52_bkB.S,/Users/isaac/Documents/GitHub/PhD_Projects/Eaton-Fire-Ash/Ashes-EDXRF/EXPERT_ENG/WrkExpert/W187U/WORK/Aguilar_Isaac/ash-powders/JPL52_bkB.S.prf,JPL52_bkB.S,38.192,381920.0,0.17,2.43,24300.0,0.355,4.723,47230.0,0.106,14.666,146660.0,0.086,0.468,4680.0,0.012,0.355,3550.0,0.005,8.609,86090.0,0.164,19.165,191650.0,0.135,1.094,10940.0,0.027,0.475,4750.0,0.009,9.393,93930.0,0.05,0.007,70.0,0.0009,0.0222,222.0,0.0011,0.102,1019.9999999999999,0.002,0.0059,59.0,0.0007,0.0222,222.0,0.001,0.198,1980.0,0.002,0.005,50.0,0.001,0.0433,433.0,0.0014,,,,,,,0.0274,274.0,0.0023,,,,,,,,,,,,,,,,,,,,,,,,,,,,,,,,,,,,,,,,,,,,,,,,,,,,,,,,,,,,,,,,,,,,,,,,,,,,,,,,,,,,,,,,,,,,,,,,,,,,,,,,,,,,,,,
1630_bkA,/Users/isaac/Documents/GitHub/PhD_Projects/Eaton-Fire-Ash/Ashes-EDXRF/EXPERT_ENG/WrkExpert/W187U/WORK/Aguilar_Isaac/ash-powders/1630_bkA.prf,1630_bkA,42.74,427400.0,0.096,1.847,18470.0,0.182,7.78,77800.0,0.071,21.802,218020.0,0.063,0.181,1810.0,0.007,0.339,3390.0000000000005,0.003,8.053,80530.00000000001,0.073,7.07,70700.0,0.036,0.966,9660.0,0.01,0.226,2260.0,0.002,8.54,85399.99999999999,0.021,0.007,70.0,0.0004,0.0185,185.0,0.0004,0.086,859.9999999999999,0.001,0.006,60.0,0.0002,0.0263,263.0,0.0003,0.069,690.0000000000001,0.0,0.0094,94.0,0.0004,0.057,570.0,0.0,0.0036,36.0,0.0003,0.094,940.0,0.005,0.0384,384.0,0.0009,0.0023,23.0,0.0003,,,,,,,0.0076,76.0,0.0019,,,,,,,0.0021,21.0,0.0004,,,,,,,,,,,,,,,,,,,,,,,,,0.0007,7.0,0.0002,,,,,,,,,,,,,,,,0.0055,55.0,0.0008,,,,,,,0.0235,235.0,0.0039,,,,,,,,,,,,,,,,,,,,,,,,,,,,,,,,,,,,
1620_bkA,/Users/isaac/Documents/GitHub/PhD_Projects/Eaton-Fire-Ash/Ashes-EDXRF/EXPERT_ENG/WrkExpert/W187U/WORK/Aguilar_Isaac/ash-powders/1620_bkA.prf,1620_bkA,45.112,451120.0,1.472,,,,,,,32.912,329120.0,2.188,,,,,,,8.258,82579.99999999999,0.278,4.975,49750.0,0.164,0.841,8410.0,0.029,0.16,1600.0,0.006,7.475,74750.0,0.244,0.005,50.0,0.0003,0.0102,102.0,0.0004,0.0492,492.0,0.0017,0.0049,49.0,0.0003,0.0194,194.0,0.0007,0.0443,443.0,0.0015,0.0046,46.0,0.0003,0.0261,261.0,0.0009,0.0021,21.0,0.0002,0.0371,371.0,0.0034,0.0166,166.0,0.0009,0.0025,25.0,0.0002,,,,,,,0.0063,63.0,0.0013,,,,,,,,,,,,,,,,,,,,,,,,,,,,,,,,,,,,,,,,,,,,,,,,,,,,,,,,,,,,,0.0189,189.0,0.0034,0.0195,195.0,0.0015,,,,,,,,,,,,,,,,,,,,,,,,,,,,,,,,,
XPAH20_bkB,/Users/isaac/Documents/GitHub/PhD_Projects/Eaton-Fire-Ash/Ashes-EDXRF/EXPERT_ENG/WrkExpert/W187U/WORK/Aguilar_Isaac/ash-powders/XPAH20_bkB.prf,XPAH20_bkB.S,32.775,327750.0,0.202,1.63,16299.999999999998,0.57,0.373,3730.0,0.125,5.086,50860.0,0.058,,,,1.091,10910.0,0.011,,,,52.883,528830.0,0.324,2.919,29190.0,0.05,0.064,640.0,0.005,1.204,12040.0,0.014,0.0235,235.0,0.0014,,,,0.736,7360.0,0.006,,,,,,,0.0448,448.0,0.0009,,,,0.0085,85.0,0.0009,,,,0.44,4400.0,0.016,0.671,6710.0,0.007,,,,,,,,,,,,,,,,0.0035,35.0,0.0008,,,,,,,,,,,,,,,,,,,,,,,,,,,,,,,,,,,,,,,,,,,,,,,,,,,,,,,,,,0.0476,476.0,0.0055,,,,,,,,,,,,,,,,,,,,,,,,,,,,,,,,,
GPS03,/Users/isaac/Documents/GitHub/PhD_Projects/Eaton-Fire-Ash/Ashes-EDXRF/EXPERT_ENG/WrkExpert/W187U/WORK/Aguilar_Isaac/ash-powders/GPS03.prf,GPS03_bkB.S,40.13,401300.0,0.157,2.404,24040.0,0.313,6.139,61390.0,0.099,17.123,171230.0,0.087,0.36,3600.0,0.012,0.309,3090.0,0.004,6.616,66160.0,0.14,15.653,156530.0,0.111,0.926,9260.0,0.023,0.411,4110.0,0.008,9.492,94920.00000000001,0.045,0.008,80.0,0.001,0.0272,272.0,0.0011,0.088,880.0,0.002,0.0061,61.0,0.0006,0.0248,248.0,0.0008,0.154,1540.0,0.001,0.0071,71.0,0.0009,0.033,330.0,0.0011,0.0032,32.0,0.0008,,,,0.0401,401.0,0.0021,,,,,,,,,,,,,,,,0.0056,56.0,0.0008,,,,,,,,,,,,,,,,,,,,,,0.0087,87.0,0.0013,,,,,,,,,,,,,,,,,,,,,,,,,,,,,,,0.033,330.0,0.01,,,,,,,,,,,,,,,,,,,,,,,,,,,,,,,,,,,,
XPAH29_bkB,/Users/isaac/Documents/GitHub/PhD_Projects/Eaton-Fire-Ash/Ashes-EDXRF/EXPERT_ENG/WrkExpert/W187U/WORK/Aguilar_Isaac/ash-powders/XPAH29_bkB.prf,XPAH29_bkB.S,42.958,429580.0,0.15,0.424,4240.0,0.075,7.357,73570.0,0.091,37.133,371330.0,0.134,0.236,2360.0,0.02,1.36,13600.000000000002,0.022,73.099,730990.0,0.119,150.105,1501050.0,0.169,1.192,11920.0,0.023,2.252,22519.999999999996,0.027,121.006,1210060.0,0.14,0.455,4550.0,0.022,0.156,1560.0,0.02,0.534,5340.0,0.021,0.088,880.0,0.021,0.0291,291.0,0.0008,0.054,540.0,0.001,0.0088,88.0,0.0008,0.268,2680.0,0.023,0.22,2200.0,0.019,,,,0.017,170.0,0.0019,0.0039,39.0,0.0006,,,,,,,,,,,,,,,,,,,,,,,,,,,,,,,,,,,,,,,,,,,,,,,,,,,,,,,,,,,,,,,,,,,,,,,,,,,,,,,,,,,,,,,,,,,,,,,,,,,,,,,,,,,,
1620_bkB.S,/Users/isaac/Documents/GitHub/PhD_Projects/Eaton-Fire-Ash/Ashes-EDXRF/EXPERT_ENG/WrkExpert/W187U/WORK/Aguilar_Isaac/ash-powders/1620_bkB.S.prf,1620_bkB.s,43.888,438880.0,0.089,1.505,15049.999999999998,0.162,8.087,80870.0,0.067,23.835,238350.0,0.062,0.149,1490.0,0.006,0.277,2770.0000000000005,0.003,7.308,73080.0,0.067,5.637,56369.99999999999,0.03,0.964,9640.0,0.009,0.191,1910.0,0.002,7.84,78400.0,0.018,0.0053,53.0,0.0003,0.0119,119.0,0.0003,0.0486,486.0,0.0004,0.005,50.0,0.0002,0.0245,245.0,0.0003,0.062,620.0,0.0,0.0121,121.0,0.0003,0.0278,278.0,0.0004,0.0029,29.0,0.0003,0.07,700.0000000000001,0.004,0.0238,238.0,0.0007,0.0022,22.0,0.0002,,,,0.0033,33.0,0.0008,,,,,,,,,,0.0023,23.0,0.0004,,,,,,,,,,,,,,,,,,,,,,,,,,,,,,,,,,,,,,,,,,,,,,,,,,,,0.0164,164.0,0.0036,,,,,,,,,,,,,,,,,,,,,,,,,,,,,,,,,,,,
XPAH29_bkB.S,/Users/isaac/Documents/GitHub/PhD_Projects/Eaton-Fire-Ash/Ashes-EDXRF/EXPERT_ENG/WrkExpert/W187U/WORK/Aguilar_Isaac/ash-powders/XPAH29_bkB.S.prf,XPAH29_bkB.S,42.958,429580.0,0.15,1.452,14520.0,0.25,9.036,90360.0,0.104,21.609,216090.00000000003,0.095,0.086,859.9999999999999,0.007,0.218,2180.0,0.004,8.07,80700.0,0.169,4.54,45400.0,0.066,1.192,11920.0,0.023,0.22,2200.0,0.005,10.405,104050.0,0.043,0.0067,67.0,0.0009,0.0114,114.0,0.0008,0.0466,466.0,0.0011,0.0064,64.0,0.0005,0.0291,291.0,0.0008,0.054,540.0,0.001,0.0088,88.0,0.0008,0.0256,256.0,0.0009,0.0042,42.0,0.0007,,,,0.017,170.0,0.0019,0.0039,39.0,0.0006,,,,,,,,,,,,,,,,,,,,,,,,,,,,,,,,,,,,,,,,,,,,,,,,,,,,,,,,,,,,,,,,,,,,,,,,,,,,,,,,,,,,,,,,,,,,,,,,,,,,,,,,,,,,
XPAH58,/Users/isaac/Documents/GitHub/PhD_Projects/Eaton-Fire-Ash/Ashes-EDXRF/EXPERT_ENG/WrkExpert/W187U/WORK/Aguilar_Isaac/ash-powders/XPAH58.prf,XPAH58_bkB.S,33.312,333120.0,0.052,,,,0.797,7970.0,0.098,5.539,55390.0,0.047,1.487,14870.000000000002,0.021,0.812,8120.000000000001,0.007,1.103,11030.0,0.039,53.223,532230.0,0.079,0.836,8360.0,0.019,0.086,859.9999999999999,0.003,2.263,22630.0,0.01,0.0142,142.0,0.0008,0.0423,423.0,0.0009,0.172,1719.9999999999998,0.001,,,,0.0052,52.0,0.0005,0.057,570.0,0.001,0.0048,48.0,0.0006,0.0112,112.0,0.0007,0.0024,24.0,0.0005,0.215,2150.0,0.009,0.0105,105.0,0.0012,,,,,,,,,,,,,,,,,,,,,,,,,,,,,,,,,,,,,,,,,,,,,,,,,,,,,,,,,,,,,0.0069,69.0,0.0017,,,,,,,,,,,,,,,,,,,,,,,,,,,,,,,,,,,,,,,,,,,,,,,,
JPL09,/Users/isaac/Documents/GitHub/PhD_Projects/Eaton-Fire-Ash/Ashes-EDXRF/EXPERT_ENG/WrkExpert/W187U/WORK/Aguilar_Isaac/ash-powders/JPL09.prf,JPL09_bkB.S,41.243,412430.0,0.16,1.866,18660.0,0.294,6.713,67130.0,0.1,19.571,195710.00000000003,0.094,0.315,3150.0,0.01,0.318,3180.0,0.004,8.549,85490.0,0.172,10.082,100820.00000000001,0.096,1.027,10270.0,0.024,0.286,2859.9999999999995,0.007,9.68,96800.0,0.045,0.0052,52.0,0.0009,0.0186,186.0,0.001,0.083,830.0,0.002,0.0062,62.0,0.0006,0.0294,294.0,0.0009,0.1,1000.0,0.001,0.0089,89.0,0.0009,0.0481,481.0,0.0012,0.0032,32.0,0.0008,,,,0.0431,431.0,0.0023,0.0032,32.0,0.0008,,,,,,,,,,,,,,,,,,,,,,,,,,,,,,,,,,,,,,,,,,,,,,,,,,,,,,,,,,,,,,,,,,,,,,,,,,,,,,,,,,,,,,,,,,,,,,,,,,,,,,,,,,,,
GPS15_A.S_2,/Users/isaac/Documents/GitHub/PhD_Projects/Eaton-Fire-Ash/Ashes-EDXRF/EXPERT_ENG/WrkExpert/W187U/WORK/Aguilar_Isaac/ash-powders/GPS15_A.S_2.prf,GPS15_A.S_2,39.031,390310.0,0.191,1.938,19380.0,0.455,2.237,22370.0,0.103,9.593,95930.0,0.071,,,,6.716,67160.0,0.036,2.043,20430.0,0.059,22.36,223600.0,0.121,2.218,22180.0,0.023,0.114,1140.0,0.003,3.051,30510.0,0.017,0.0286,286.0,0.0008,0.403,4030.0000000000005,0.003,8.449,84490.0,0.042,,,,0.0095,95.0,0.0005,0.12,1200.0,0.001,,,,0.0191,191.0,0.0007,0.0026,26.0,0.0005,0.536,5360.0,0.011,0.523,5230.0,0.004,,,,,,,0.0157,157.0,0.0016,0.0209,209.0,0.0033,,,,,,,0.0033,33.0,0.0008,,,,,,,,,,,,,,,,,,,,,,,,,,,,,,,,,,,,,,,,0.0162,162.0,0.0018,,,,,,,,,,,,,0.551,5510.0,0.007,,,,,,,,,,,,,,,,,,,,,,,,,,,,,,,,,
XPAH20_A.S_1,/Users/isaac/Documents/GitHub/PhD_Projects/Eaton-Fire-Ash/Ashes-EDXRF/EXPERT_ENG/WrkExpert/W187U/WORK/Aguilar_Isaac/ash-powders/XPAH20_A.S_1.prf,XPAH20_A.S_1,32.303,323030.0,0.036,,,,,,,4.895,48949.99999999999,0.05,,,,1.146,11459.999999999998,0.015,,,,54.754,547540.0,0.054,3.296,32960.0,0.03,0.062,620.0,0.003,1.238,12380.0,0.007,0.0406,406.0,0.001,0.0038,38.0,0.0004,0.845,8450.0,0.003,,,,0.0028,28.0,0.0004,0.051,509.99999999999994,0.001,,,,0.0037,37.0,0.0006,,,,0.552,5520.000000000001,0.011,0.743,7430.0,0.004,,,,,,,,,,,,,,,,,,,,,,,,,,,,,,,,,,,,,,,,,,,,,,,,,,,,,,,,,,,,,,,,,,,,,,,,,,,,0.054,540.0,0.004,,,,,,,,,,,,,,,,,,,,,,,,,,,,,,,0.0096,96.0,0.0025
GPS15_A.S_3,/Users/isaac/Documents/GitHub/PhD_Projects/Eaton-Fire-Ash/Ashes-EDXRF/EXPERT_ENG/WrkExpert/W187U/WORK/Aguilar_Isaac/ash-powders/GPS15_A.S_3.prf,GPS15_A.S_3,38.753,387530.0,0.183,1.914,19140.0,0.438,2.161,21610.0,0.103,9.553,95530.00000000001,0.07,0.152,1520.0,0.007,6.411,64109.99999999999,0.034,2.508,25080.0,0.061,21.489,214890.0,0.114,2.475,24750.0,0.024,0.114,1140.0,0.003,2.98,29800.0,0.016,0.068,680.0,0.001,0.637,6370.0,0.004,8.99,89900.0,0.043,,,,0.0112,112.0,0.0005,0.106,1060.0,0.001,,,,0.0264,264.0,0.0007,0.0024,24.0,0.0005,0.447,4470.0,0.011,0.564,5639.999999999999,0.004,,,,,,,0.0111,111.0,0.0016,,,,,,,0.0069,69.0,0.0006,,,,,,,,,,,,,,,,,,,,,,,,,,,,,,,,,,,,,,,,,,,0.0119,119.0,0.0018,,,,,,,,,,,,,0.608,6080.0,0.007,,,,,,,,,,,,,,,,,,,,,,,,,,,,,,,,,
JPL61_bkB.S,/Users/isaac/Documents/GitHub/PhD_Projects/Eaton-Fire-Ash/Ashes-EDXRF/EXPERT_ENG/WrkExpert/W187U/WORK/Aguilar_Isaac/ash-powders/JPL61_bkB.S.prf,JPL61_bkB.S,41.592,415920.0,0.152,2.037,20370.0,0.265,7.052,70520.0,0.097,19.874,198740.0,0.091,0.252,2520.0,0.01,0.313,3130.0,0.004,8.065,80650.0,0.17,9.739,97390.00000000001,0.093,1.133,11330.0,0.024,0.299,2990.0,0.006,9.313,93130.0,0.041,0.0059,59.0,0.0009,0.0167,167.0,0.0009,0.083,830.0,0.001,0.0065,65.0,0.0006,0.0281,281.0,0.0008,0.084,840.0,0.001,0.0093,93.0,0.0009,0.0365,365.0,0.001,0.0045,45.0,0.0007,,,,0.044,440.0,0.0021,,,,0.0044,44.0,0.0009,,,,,,,,,,,,,,,,,,,,,,,,,,,,,,,,,,0.0084,84.0,0.0013,,,,,,,,,,,,,,,,,,,,,,,,,,,,,,,,,,,,,,,,,,,,,,,,,,,,,,,,,,,,,,,,,,,,,
1590_bkA.L,/Users/isaac/Documents/GitHub/PhD_Projects/Eaton-Fire-Ash/Ashes-EDXRF/EXPERT_ENG/WrkExpert/W187U/WORK/Aguilar_Isaac/ash-powders/1590_bkA.L.prf,Sample 1590 Ungrinded Unsieved,38.545,385450.0,0.092,1.547,15470.0,0.197,4.429,44290.0,0.068,16.037,160370.0,0.057,0.225,2250.0,0.008,0.467,4670.0,0.004,6.377,63770.0,0.074,13.9,139000.0,0.055,1.594,15940.0,0.015,0.359,3590.0,0.004,13.668,136680.0,0.035,0.0183,183.0,0.0007,0.547,5470.0,0.003,0.322,3220.0,0.002,0.0069,69.0,0.0004,0.0261,261.0,0.0006,0.112,1120.0,0.001,0.0053,53.0,0.0005,0.048,480.0,0.0007,0.0018,18.0,0.0005,0.065,650.0,0.006,0.0368,368.0,0.0014,0.0042,42.0,0.0005,,,,,,,,,,1.484,14840.0,0.006,,,,,,,,,,,,,,,,,,,,,,,,,,,,,,,,,,,,,,,,,,,,,,0.0055,55.0,0.0014,,,,,,,0.081,810.0,0.001,0.0435,435.0,0.0059,0.0155,155.0,0.0022,0.0284,284.0,0.0045,,,,,,,,,,,,,,,,,,,,,,,,,,,,,,
1590,/Users/isaac/Documents/GitHub/PhD_Projects/Eaton-Fire-Ash/Ashes-EDXRF/EXPERT_ENG/WrkExpert/W187U/WORK/Aguilar_Isaac/ash-powders/1590.prf,1590_bkB.S,42.337,423370.00000000006,0.149,1.582,15820.0,0.271,7.556,75560.0,0.096,21.131,211310.0,0.092,0.236,2360.0,0.009,0.219,2190.0,0.004,5.982,59820.0,0.148,8.417,84170.0,0.082,1.096,10960.0,0.022,0.232,2320.0,0.006,9.981,99810.0,0.042,0.0111,111.0,0.001,0.214,2140.0,0.003,0.128,1280.0,0.002,0.0062,62.0,0.0006,0.0231,231.0,0.0008,0.094,940.0,0.001,0.0056,56.0,0.0008,0.0262,262.0,0.001,0.0023,23.0,0.0007,,,,0.0305,305.0,0.0019,,,,,,,,,,,,,0.642,6420.0,0.004,,,,,,,,,,,,,,,,,,,,,,,,,,,,,,,,,,,,,,,,,,,,,,,,,,,,,,,0.0466,466.0,0.0009,,,,,,,,,,,,,,,,,,,,,,,,,,,,,,,,,,,,,,,
GPS05,/Users/isaac/Documents/GitHub/PhD_Projects/Eaton-Fire-Ash/Ashes-EDXRF/EXPERT_ENG/WrkExpert/W187U/WORK/Aguilar_Isaac/ash-powders/GPS05.prf,GPS05_bkB.S,34.765,347650.0,0.169,2.326,23260.0,0.394,1.687,16870.0,0.1,11.277,112769.99999999999,0.075,0.906,9060.0,0.016,0.364,3640.0,0.005,13.393,133930.0,0.171,28.958,289580.0,0.173,0.544,5440.0,0.021,0.618,6180.0,0.01,4.857,48570.0,0.031,0.0048,48.0,0.0008,0.0238,238.0,0.001,0.056,560.0,0.001,0.0032,32.0,0.0005,0.0087,87.0,0.0007,0.182,1820.0,0.001,0.0028,28.0,0.0007,,,,,,,,,,0.0194,194.0,0.0019,0.0034,34.0,0.0006,,,,,,,,,,,,,,,,,,,,,,,,,,,,,,,,,,,,,,,,,,,,,,,,,,,,,,,,,,,,,,,,,,,,,,,,,,,,,,,,,,,,,,,,,,,,,,,,,,,,,,,,,,,,
1619,/Users/isaac/Documents/GitHub/PhD_Projects/Eaton-Fire-Ash/Ashes-EDXRF/EXPERT_ENG/WrkExpert/W187U/WORK/Aguilar_Isaac/ash-powders/1619.prf,1619_bkB.S,43.485,434850.0,0.139,1.54,15400.0,0.236,7.935,79350.0,0.094,22.712,227120.0,0.09,0.229,2290.0,0.009,0.249,2490.0,0.004,6.486,64860.0,0.148,5.727,57270.0,0.068,1.134,11339.999999999998,0.021,0.179,1790.0,0.005,10.029,100290.0,0.039,0.0059,59.0,0.0009,0.0196,196.0,0.0009,0.07,700.0000000000001,0.001,0.0069,69.0,0.0005,0.0215,215.0,0.0007,0.063,630.0,0.001,0.0045,45.0,0.0007,0.0279,279.0,0.0009,0.0037,37.0,0.0006,,,,0.03,300.0,0.0018,,,,,,,,,,,,,,,,,,,,,,,,,,,,,,,,,,,,,,,,0.0076,76.0,0.0011,,,,,,,,,,,,,,,,,,,,,,,,,,,,,,,0.0336,336.0,0.0088,,,,,,,,,,,,,,,,,,,,,,,,,,,,,,,,,,,,
GPS15_A.S_1,/Users/isaac/Documents/GitHub/PhD_Projects/Eaton-Fire-Ash/Ashes-EDXRF/EXPERT_ENG/WrkExpert/W187U/WORK/Aguilar_Isaac/ash-powders/GPS15_A.S_1.prf,GPS15_A.S,38.852,388519.99999999994,0.185,1.881,18810.0,0.441,2.209,22090.0,0.103,10.087,100870.0,0.072,,,,6.238,62380.00000000001,0.033,2.526,25259.999999999996,0.061,21.51,215100.00000000003,0.115,2.332,23320.0,0.023,0.114,1140.0,0.004,3.316,33160.0,0.018,0.0467,467.0,0.0009,0.368,3680.0,0.003,8.537,85370.00000000001,0.041,0.0059,59.0,0.0009,0.0112,112.0,0.0005,0.115,1150.0,0.001,,,,0.0219,219.0,0.0007,0.0021,21.0,0.0005,0.5,5000.0,0.012,0.59,5900.0,0.004,,,,,,,0.0132,132.0,0.0016,,,,,,,0.0059,59.0,0.0006,,,,,,,,,,,,,,,,,,,,,,,,,,,,,,,,,,,,,,,,,,,0.0103,103.0,0.0018,0.0067,67.0,0.0014,,,,,,,,,,0.688,6879.999999999999,0.007,,,,,,,,,,,,,,,,0.0087,87.0,0.0018,,,,,,,0.0033,33.0,0.0008,,,,,,
XPAH20_A.S_2,/Users/isaac/Documents/GitHub/PhD_Projects/Eaton-Fire-Ash/Ashes-EDXRF/EXPERT_ENG/WrkExpert/W187U/WORK/Aguilar_Isaac/ash-powders/XPAH20_A.S_2.prf,XPAH20_A.S_2,32.583,325830.0,0.036,,,,,,,5.895,58949.99999999999,0.051,,,,0.914,9140.0,0.008,,,,53.765,537650.0,0.054,3.111,31110.000000000004,0.029,0.06,600.0,0.003,1.227,12270.0,0.007,0.0255,255.0,0.0008,0.0034,34.0,0.0004,0.858,8580.0,0.003,,,,0.0042,42.0,0.0004,0.053,530.0,0.001,,,,0.0049,49.0,0.0006,,,,0.603,6030.0,0.011,0.824,8240.0,0.004,,,,,,,0.005,50.0,0.0015,,,,,,,,,,,,,,,,,,,,,,,,,,,,,,,,,,,,,,,,,,,,,,,,,,,,,,,,,,,,,,,,,,,0.056,560.0,0.003,,,,,,,,,,,,,,,,,,,,,,,,,,,,,,,0.0075,75.0,0.0023
XPAH20_A.S_3,/Users/isaac/Documents/GitHub/PhD_Projects/Eaton-Fire-Ash/Ashes-EDXRF/EXPERT_ENG/WrkExpert/W187U/WORK/Aguilar_Isaac/ash-powders/XPAH20_A.S_3.prf,XPAH20_A.S_3,33.198,331980.0,0.196,1.921,19210.0,0.557,0.298,2980.0,0.122,6.244,62440.0,0.063,,,,0.907,9070.0,0.01,0.713,7130.0,0.033,50.442,504420.0,0.298,2.968,29680.0,0.031,0.058,580.0,0.003,1.362,13620.000000000002,0.01,0.0227,227.0,0.0007,0.0027,27.0,0.0004,0.685,6850.000000000001,0.005,,,,0.0042,42.0,0.0004,0.0427,427.0,0.0005,,,,0.008,80.0,0.0005,0.0021,21.0,0.0004,0.436,4360.0,0.009,0.627,6270.0,0.005,,,,,,,,,,,,,,,,,,,,,,,,,,,,,,,,,,,,,,,,,,,,,,,,,,,,,,,,,,,,,,,,,,,,,,,,,,,,0.051,509.99999999999994,0.003,,,,,,,,,,,,,,,,,,,,,,,,,,,,,,,0.0078,78.0,0.002
1630,/Users/isaac/Documents/GitHub/PhD_Projects/Eaton-Fire-Ash/Ashes-EDXRF/EXPERT_ENG/WrkExpert/W187U/WORK/Aguilar_Isaac/ash-powders/1630.prf,1630_bkB.S,43.356,433560.0,0.143,1.794,17940.0,0.23,7.973,79730.0,0.093,22.806,228060.0,0.093,0.143,1429.9999999999998,0.008,0.312,3120.0,0.004,7.582,75820.0,0.169,6.064,60640.0,0.075,0.925,9250.0,0.021,0.198,1980.0,0.005,8.57,85700.0,0.036,0.0051,51.0,0.0007,0.0164,164.0,0.0008,0.072,720.0,0.001,0.006,60.0,0.0005,0.0276,276.0,0.0007,0.061,610.0,0.001,0.0049,49.0,0.0008,0.03,300.0,0.0009,0.0047,47.0,0.0007,,,,0.0357,357.0,0.0018,,,,,,,,,,,,,,,,,,,,,,,,,,,,,,,,,,,,,,,,0.0081,81.0,0.0011,,,,,,,,,,,,,,,,,,,,,,,,,,,,,,,,,,,,,,,,,,,,,,,,,,,,,,,0.0037,37.0,0.0009,,,,,,,,,,,,
1630_bkA.L,/Users/isaac/Documents/GitHub/PhD_Projects/Eaton-Fire-Ash/Ashes-EDXRF/EXPERT_ENG/WrkExpert/W187U/WORK/Aguilar_Isaac/ash-powders/1630_bkA.L.prf,Sample 1630 Ungrinded Unsieved,40.065,400650.0,0.083,1.151,11510.0,0.159,5.922,59220.0,0.067,17.989,179890.0,0.056,0.193,1930.0,0.008,0.463,4630.0,0.004,8.246,82460.0,0.076,12.667,126670.0,0.05,1.323,13230.0,0.012,0.322,3220.0,0.003,10.861,108610.0,0.025,0.0093,93.0,0.0005,0.0314,314.0,0.0005,0.103,1030.0,0.001,0.0072,72.0,0.0003,0.0322,322.0,0.0004,0.088,880.0,0.001,0.0076,76.0,0.0004,0.0332,332.0,0.0005,0.004,40.0,0.0004,0.085,850.0000000000001,0.006,0.0386,386.0,0.0011,0.0036,36.0,0.0004,,,,0.0051,51.0,0.001,,,,0.306,3060.0,0.002,,,,,,,,,,,,,,,,,,,,,,,,,0.0061,61.0,0.0007,,,,,,,,,,,,,,,,,,,,,,,,,,,,,,,0.0358,358.0,0.0052,,,,,,,,,,,,,,,,,,,,,,,,,,,,,,,,,,,,
GPS09,/Users/isaac/Documents/GitHub/PhD_Projects/Eaton-Fire-Ash/Ashes-EDXRF/EXPERT_ENG/WrkExpert/W187U/WORK/Aguilar_Isaac/ash-powders/GPS09.prf,GPS09_bkB.S,41.074,410740.0,0.155,1.667,16670.0,0.284,6.672,66720.0,0.098,19.455,194549.99999999997,0.092,0.346,3459.9999999999995,0.011,0.291,2910.0,0.004,9.136,91359.99999999999,0.167,9.758,97579.99999999999,0.094,1.117,11170.0,0.024,0.253,2530.0,0.006,9.952,99520.0,0.045,0.0055,55.0,0.0008,0.0147,147.0,0.0008,0.07,700.0000000000001,0.001,0.0056,56.0,0.0006,0.0266,266.0,0.0008,0.079,790.0,0.001,0.0073,73.0,0.0008,0.0266,266.0,0.001,0.004,40.0,0.0007,,,,0.0389,389.0,0.0021,,,,,,,,,,,,,,,,,,,,,,,,,,,,,,,,,,,,,,,,,,,,,,,,,,,,,,,,,,,,,,,,,,,,,,,,,,,,,,,,,,,,,,,,,,,,,,,,,,,,,,,,,,,,,,,
JPL51_bkB.S,/Users/isaac/Documents/GitHub/PhD_Projects/Eaton-Fire-Ash/Ashes-EDXRF/EXPERT_ENG/WrkExpert/W187U/WORK/Aguilar_Isaac/ash-powders/JPL51_bkB.S.prf,JPL51_bkB.S,41.027,410270.0,0.163,1.731,17310.0,0.3,6.292,62920.0,0.099,19.627,196270.0,0.096,0.355,3550.0,0.011,0.364,3640.0,0.005,9.013,90130.0,0.175,12.684,126840.0,0.109,0.884,8840.0,0.023,0.327,3270.0,0.007,7.371,73710.0,0.037,0.0047,47.0,0.0007,0.0123,123.0,0.0008,0.07,700.0000000000001,0.001,0.0058,58.0,0.0005,0.0188,188.0,0.0008,0.123,1230.0,0.001,0.0041,41.0,0.0008,0.051,509.99999999999994,0.001,,,,,,,0.0342,342.0,0.002,0.0028,28.0,0.0007,,,,,,,,,,,,,,,,,,,,,,,,,,,,,,,,,,,,,,,,,,,,,,,,,,,,,,,,,,,,,,,,,,,,,,,,,,,,,,,,,,,,,,,,,,,,,,,,,,,,,,,,,,,,
1638_bkA.LH,/Users/isaac/Documents/GitHub/PhD_Projects/Eaton-Fire-Ash/Ashes-EDXRF/EXPERT_ENG/WrkExpert/W187U/WORK/Aguilar_Isaac/ash-powders/1638_bkA.LH.prf,1638_bkA.LH,35.643,356430.0,0.056,,,,1.732,17320.0,0.094,10.669,106690.0,0.056,,,,1.066,10660.0,0.008,2.963,29630.0,0.053,41.915,419150.0,0.076,2.001,20010.0,0.022,0.083,830.0,0.003,3.364,33640.0,0.012,0.0264,264.0,0.0008,0.014,140.0,0.0005,0.237,2370.0,0.002,0.0024,24.0,0.0004,0.0127,127.0,0.0005,0.054,540.0,0.001,0.0035,35.0,0.0005,0.0211,211.0,0.0006,0.0016,16.0,0.0005,,,,0.084,840.0,0.002,0.0027,27.0,0.0006,,,,,,,,,,,,,0.0024,24.0,0.0005,,,,,,,,,,,,,,,,,,,,,,,,,,,,,,,,,,,,,,,,,,,,,,,,,,,,,,,0.101,1010.0000000000001,0.009,,,,,,,,,,,,,,,,,,,,,,,,,,,,,,,,,,,,
XPAH56,/Users/isaac/Documents/GitHub/PhD_Projects/Eaton-Fire-Ash/Ashes-EDXRF/EXPERT_ENG/WrkExpert/W187U/WORK/Aguilar_Isaac/ash-powders/XPAH56.prf,XPAH56_bkB.S,42.944,429440.0,0.097,1.846,18460.0,0.163,6.281,62810.0,0.077,23.295,232950.00000000003,0.073,0.102,1019.9999999999999,0.009,0.107,1070.0,0.003,7.135,71350.0,0.09,6.952,69520.0,0.045,1.019,10189.999999999998,0.012,0.182,1820.0,0.003,9.712,97120.0,0.026,0.0066,66.0,0.0005,0.0081,81.0,0.0004,0.0354,354.0,0.0006,0.005,50.0,0.0003,0.022,220.0,0.0004,0.062,620.0,0.0,0.0105,105.0,0.0004,0.128,1280.0,0.001,0.0031,31.0,0.0004,0.079,790.0,0.006,0.0142,142.0,0.001,0.0026,26.0,0.0003,,,,,,,0.0124,124.0,0.0023,,,,,,,,,,,,,,,,,,,,,,,,,,,,,,,,,,,,,,,,,,,,,,,,,,,,,,,,,,,,,0.0188,188.0,0.0052,0.0136,136.0,0.002,,,,,,,,,,0.0023,23.0,0.0005,,,,,,,,,,,,,,,,,,,,,
1638_bkA.L,/Users/isaac/Documents/GitHub/PhD_Projects/Eaton-Fire-Ash/Ashes-EDXRF/EXPERT_ENG/WrkExpert/W187U/WORK/Aguilar_Isaac/ash-powders/1638_bkA.L.prf,1638_bkA.LL,41.677,416770.0,0.099,0.487,4870.0,0.184,4.837,48370.0,0.076,22.065,220650.0,0.074,,,,0.514,5140.0,0.005,6.89,68900.0,0.078,17.946,179460.00000000003,0.068,0.816,8159.999999999999,0.012,0.091,910.0,0.002,4.314,43140.0,0.014,0.0211,211.0,0.0006,0.0085,85.0,0.0004,0.135,1350.0,0.001,0.0037,37.0,0.0003,0.0164,164.0,0.0003,0.0271,271.0,0.0003,0.0021,21.0,0.0003,0.0072,72.0,0.0003,,,,,,,0.0456,456.0,0.0011,0.005,50.0,0.0004,,,,,,,,,,,,,,,,0.002,20.0,0.0003,,,,,,,,,,,,,,,,,,,,,,,,,,,,,,,,,,,,,,,,,,,,,,,,,,,,0.057,570.0,0.005,0.0303,303.0,0.0021,,,,,,,,,,,,,,,,,,,,,,,,,0.0013,13.0,0.0004,,,,,,
1620_bkB.L,/Users/isaac/Documents/GitHub/PhD_Projects/Eaton-Fire-Ash/Ashes-EDXRF/EXPERT_ENG/WrkExpert/W187U/WORK/Aguilar_Isaac/ash-powders/1620_bkB.L.prf,1620_bkB.L,42.932,429320.0,0.095,2.016,20160.0,0.178,7.227,72270.0,0.069,22.788,227880.0,0.064,0.156,1560.0,0.007,0.348,3479.9999999999995,0.003,8.645,86450.0,0.073,6.698,66980.0,0.035,0.916,9160.0,0.009,0.188,1880.0,0.002,7.564,75640.0,0.019,0.0098,98.0,0.0003,0.0242,242.0,0.0004,0.101,1010.0000000000001,0.001,0.0048,48.0,0.0002,0.0203,203.0,0.0003,0.0457,457.0,0.0003,0.0035,35.0,0.0003,0.016,160.0,0.0004,0.0018,18.0,0.0003,0.0421,421.0,0.0036,0.0161,161.0,0.0008,0.0026,26.0,0.0002,,,,,,,,,,0.209,2090.0,0.002,,,,,,,,,,,,,,,,,,,,,,,,,,,,,,,,,,,,,,,,,,,,,,,,,,,,,,,,,,0.0122,122.0,0.0039,0.0142,142.0,0.0015,,,,,,,,,,,,,,,,,,,,,,,,,,,,,,,,,
JPL11,/Users/isaac/Documents/GitHub/PhD_Projects/Eaton-Fire-Ash/Ashes-EDXRF/EXPERT_ENG/WrkExpert/W187U/WORK/Aguilar_Isaac/ash-powders/JPL11.prf,JPL11_bkB.S,39.751,397510.0,0.162,1.613,16130.0,0.318,5.679,56790.0,0.099,17.522,175219.99999999997,0.09,0.32,3200.0,0.012,0.407,4069.9999999999995,0.005,9.077,90770.0,0.164,14.819,148190.0,0.114,1.205,12050.0,0.026,0.301,3010.0,0.007,8.827,88270.0,0.043,0.0077,77.0,0.0009,0.0234,234.0,0.001,0.188,1880.0,0.002,0.0055,55.0,0.0006,0.0227,227.0,0.0009,0.133,1330.0,0.001,0.0054,54.0,0.0009,0.0479,479.0,0.0012,0.0027,27.0,0.0008,,,,0.0384,384.0,0.0021,,,,,,,,,,,,,,,,,,,0.0041,41.0,0.0011,,,,,,,,,,,,,,,,,,,,,,,,,,,,,,,,,,,,,,,,,,,,,,,,,,,,,,,,,,,,,,,,,,,,,,,,,,,,,,,,,,,,,,,,,,
1590_bkA,/Users/isaac/Documents/GitHub/PhD_Projects/Eaton-Fire-Ash/Ashes-EDXRF/EXPERT_ENG/WrkExpert/W187U/WORK/Aguilar_Isaac/ash-powders/1590_bkA.prf,1590_bkA,43.427,434270.0,0.094,1.684,16840.0,0.183,7.711,77110.0,0.067,23.037,230370.0,0.063,0.181,1810.0,0.006,0.163,1630.0,0.002,5.425,54250.0,0.057,7.434,74340.0,0.033,0.972,9720.0,0.009,0.187,1870.0,0.002,8.778,87780.0,0.021,0.0082,82.0,0.0003,0.175,1750.0,0.001,0.115,1150.0,0.001,0.0048,48.0,0.0002,0.0176,176.0,0.0003,0.074,740.0,0.0,0.0035,35.0,0.0003,0.0182,182.0,0.0003,0.0015,15.0,0.0002,0.0475,475.0,0.0035,0.0202,202.0,0.0007,0.0013,13.0,0.0002,0.0012,12.0,0.0003,0.003,30.0,0.0007,,,,0.454,4540.0,0.002,,,,,,,,,,,,,,,,,,,,,,,,,,,,,,,,,,,,,,,,,,,,,,,,,,,,,,,0.0325,325.0,0.0003,0.0234,234.0,0.0034,,,,,,,,,,,,,,,,,,,,,,,,,,,,,,,,,,,,
XPAH55,/Users/isaac/Documents/GitHub/PhD_Projects/Eaton-Fire-Ash/Ashes-EDXRF/EXPERT_ENG/WrkExpert/W187U/WORK/Aguilar_Isaac/ash-powders/XPAH55.prf,XPAH55_bkB.S,43.395,433950.00000000006,0.098,1.416,14160.0,0.163,6.455,64550.0,0.079,24.039,240390.00000000003,0.076,0.153,1530.0,0.008,0.104,1040.0,0.003,7.174,71740.0,0.091,6.031,60310.0,0.042,1.277,12770.0,0.014,0.158,1580.0,0.003,9.492,94920.00000000001,0.025,0.0046,46.0,0.0004,0.0056,56.0,0.0004,0.0225,225.0,0.0005,0.0046,46.0,0.0003,0.0186,186.0,0.0004,0.063,630.0,0.0,0.0088,88.0,0.0004,0.062,620.0,0.001,0.004,40.0,0.0004,0.067,670.0,0.005,0.0173,173.0,0.0009,,,,,,,,,,,,,,,,,,,,,,,,,,,,,,,,,,,,,,,,,,,,,,,,,,,,,,,,,,,,,,,,,,,,,,,,,0.0273,273.0,0.0056,,,,,,,,,,,,,,,,,,,,,,,,,,,,,,,,,,,,
1590_bkA.S,/Users/isaac/Documents/GitHub/PhD_Projects/Eaton-Fire-Ash/Ashes-EDXRF/EXPERT_ENG/WrkExpert/W187U/WORK/Aguilar_Isaac/ash-powders/1590_bkA.S.prf,Sample 1590 Ungrinded Sieved,42.585,425850.0,0.072,1.344,13440.0,0.126,6.697,66970.0,0.057,22.405,224050.0,0.053,0.159,1590.0,0.006,0.16,1600.0,0.002,6.56,65600.0,0.063,7.512,75120.0,0.033,1.171,11710.0,0.01,0.212,2120.0,0.002,10.233,102330.0,0.02,0.0089,89.0,0.0004,0.14,1400.0000000000002,0.001,0.1,1000.0,0.001,0.0061,61.0,0.0002,0.0226,226.0,0.0003,0.088,880.0,0.0,0.005,50.0,0.0003,0.022,220.0,0.0004,0.0018,18.0,0.0003,0.056,560.0,0.004,0.0218,218.0,0.0008,0.0022,22.0,0.0003,,,,,,,0.0069,69.0,0.0016,0.427,4270.0,0.002,,,,,,,,,,,,,,,,,,,,,,,,,,,,,,,,,,,,,,,,,,,,,,,,,,,,,,,0.0238,238.0,0.0003,0.0314,314.0,0.0039,,,,,,,,,,,,,,,,,,,,,,,,,,,,,,,,,,,,
XPAH51,/Users/isaac/Documents/GitHub/PhD_Projects/Eaton-Fire-Ash/Ashes-EDXRF/EXPERT_ENG/WrkExpert/W187U/WORK/Aguilar_Isaac/ash-powders/XPAH51.prf,XPAH51_bkB.S,43.669,436689.99999999994,0.097,1.524,15240.0,0.159,6.663,66630.0,0.078,24.533,245330.0,0.075,0.099,990.0,0.006,0.087,869.9999999999999,0.003,7.345,73450.0,0.093,4.547,45470.0,0.037,1.239,12390.000000000002,0.013,0.169,1690.0,0.003,9.828,98280.0,0.025,0.0051,51.0,0.0004,0.0072,72.0,0.0004,0.025,250.0,0.0005,0.0048,48.0,0.0003,0.019,190.0,0.0004,0.069,690.0000000000001,0.0,0.0104,104.0,0.0004,0.055,550.0,0.001,0.004,40.0,0.0004,0.082,820.0,0.006,0.0068,68.0,0.0009,0.0015,15.0,0.0003,,,,0.0038,38.0,0.001,,,,,,,,,,,,,,,,,,,,,,,,,,,,,,,,,,,,,,,,,,,,,,,,,,,,,,,,,,,,,,,,,,,,,,,,,,,,,,,,,,,,,,,,0.0029,29.0,0.0005,,,,,,,,,,,,
JPL28,/Users/isaac/Documents/GitHub/PhD_Projects/Eaton-Fire-Ash/Ashes-EDXRF/EXPERT_ENG/WrkExpert/W187U/WORK/Aguilar_Isaac/ash-powders/JPL28.prf,JPL28_bkB.S,36.382,363820.0,0.109,1.816,18160.0,0.242,3.312,33120.0,0.08,12.942,129420.0,0.063,0.531,5310.0,0.013,0.327,3270.0,0.005,10.742,107420.00000000001,0.097,21.852,218520.0,0.089,1.031,10310.0,0.016,0.514,5140.0,0.006,9.947,99469.99999999999,0.034,0.0105,105.0,0.0006,0.0322,322.0,0.0007,0.093,930.0,0.001,0.0054,54.0,0.0004,0.0234,234.0,0.0006,0.23,2300.0,0.001,0.0046,46.0,0.0006,0.0284,284.0,0.0008,,,,0.074,740.0,0.007,0.0347,347.0,0.0014,0.0016,16.0,0.0005,,,,,,,,,,,,,0.0036,36.0,0.0006,,,,,,,,,,,,,,,,,,,,,,,,,,,,,,,,,,,,,,,,,,,,,,,,,,,,,,,0.0364,364.0,0.0069,,,,0.0265,265.0,0.0047,,,,,,,,,,,,,,,,,,,,,,,,,,,,,,
JPL29,/Users/isaac/Documents/GitHub/PhD_Projects/Eaton-Fire-Ash/Ashes-EDXRF/EXPERT_ENG/WrkExpert/W187U/WORK/Aguilar_Isaac/ash-powders/JPL29.prf,JPL29_bkB.S,37.153,371530.0,0.168,1.783,17830.0,0.368,3.646,36460.0,0.104,13.869,138690.0,0.082,0.534,5340.0,0.014,0.327,3270.0,0.005,9.343,93430.0,0.155,22.76,227600.00000000003,0.145,0.886,8860.0,0.025,0.533,5330.0,0.01,8.804,88040.0,0.048,0.0082,82.0,0.001,0.0269,269.0,0.0011,0.061,610.0,0.001,0.0056,56.0,0.0006,0.019,190.0,0.0009,0.192,1920.0,0.002,0.0041,41.0,0.0009,0.016,160.0,0.0012,,,,,,,0.0286,286.0,0.0023,0.0028,28.0,0.0008,,,,,,,,,,,,,,,,,,,,,,,,,,,,,,,,,,,,,,,,,,,,,,,,,,,,,,,,,,,,,,,,,,,,,,,,,,,,,,,,,,,,,,,,,,,,,,,,,,,,,,,,,,,,
1630_bkA.s,/Users/isaac/Documents/GitHub/PhD_Projects/Eaton-Fire-Ash/Ashes-EDXRF/EXPERT_ENG/WrkExpert/W187U/WORK/Aguilar_Isaac/ash-powders/1630_bkA.s.prf,Sample 1630 Ungrinded Sieved,42.709,427090.00000000006,0.073,1.343,13430.0,0.12,6.827,68270.0,0.058,22.765,227650.0,0.054,0.159,1590.0,0.006,0.259,2590.0,0.003,8.66,86600.0,0.074,5.686,56860.0,0.032,1.049,10490.0,0.01,0.217,2170.0,0.002,9.897,98970.0,0.02,0.0076,76.0,0.0004,0.015,150.0,0.0004,0.083,830.0,0.001,0.0073,73.0,0.0003,0.0322,322.0,0.0004,0.074,740.0,0.0,0.009,90.0,0.0004,0.0423,423.0,0.0005,0.0039,39.0,0.0003,0.076,760.0,0.005,0.0302,302.0,0.0009,0.0026,26.0,0.0003,,,,0.0045,45.0,0.0009,0.0091,91.0,0.002,,,,,,,,,,,,,,,,,,,,,,,,,,,,,,,,,,,,,,,,,,,,,,,,,,,,,,,0.0075,75.0,0.0008,,,,0.0224,224.0,0.0041,,,,,,,0.0031,31.0,0.001,,,,,,,,,,,,,,,,,,,,,,,,,,,
XPAH53,/Users/isaac/Documents/GitHub/PhD_Projects/Eaton-Fire-Ash/Ashes-EDXRF/EXPERT_ENG/WrkExpert/W187U/WORK/Aguilar_Isaac/ash-powders/XPAH53.prf,XPAH53_bkB.S,43.161,431610.0,0.099,1.106,11060.000000000002,0.158,7.007,70070.0,0.081,24.046,240460.0,0.076,0.122,1220.0,0.007,0.08,800.0,0.003,9.186,91860.0,0.103,4.318,43179.99999999999,0.039,1.053,10530.0,0.013,0.169,1690.0,0.003,9.375,93750.0,0.025,0.0069,69.0,0.0005,0.0084,84.0,0.0004,0.026,260.0,0.0005,0.0053,53.0,0.0003,0.0296,296.0,0.0005,0.066,660.0,0.001,0.0107,107.0,0.0005,0.06,600.0,0.001,0.0046,46.0,0.0004,0.1,1000.0,0.007,0.0119,119.0,0.0009,,,,,,,0.0075,75.0,0.0013,,,,,,,,,,,,,,,,,,,,,,,,,,,,,,,0.007,70.0,0.0007,,,,,,,,,,,,,,,,,,,,,,0.0047,47.0,0.0012,,,,,,,0.0286,286.0,0.0055,,,,,,,,,,,,,,,,,,,,,,,,,,,,,,,,,,,,
1689,/Users/isaac/Documents/GitHub/PhD_Projects/Eaton-Fire-Ash/Ashes-EDXRF/EXPERT_ENG/WrkExpert/W187U/WORK/Aguilar_Isaac/ash-powders/1689.prf,1689_bkB,43.54,435400.0,0.134,2.025,20250.0,0.251,8.391,83910.0,0.102,22.823,228230.0,0.092,0.09,900.0,0.007,0.056,560.0,0.002,6.422,64220.0,0.091,5.419,54189.99999999999,0.042,1.036,10360.0,0.013,0.217,2170.0,0.003,9.72,97200.0,0.033,0.0066,66.0,0.0005,0.0116,116.0,0.0004,0.0288,288.0,0.0005,0.0063,63.0,0.0003,0.0205,205.0,0.0004,0.055,550.0,0.0,0.0051,51.0,0.0004,0.0202,202.0,0.0005,0.0033,33.0,0.0004,0.059,590.0,0.006,0.0094,94.0,0.0009,0.0018,18.0,0.0003,,,,0.0048,48.0,0.0011,,,,,,,,,,,,,,,,,,,,,,,,,,,,,,,,,,,,,,,,,,,,,,,,,,,,,,,,,,,,,,,,0.0281,281.0,0.0051,,,,,,,,,,,,,,,,,,,,,,,,,,,,,,,,,,,,
JPL58,/Users/isaac/Documents/GitHub/PhD_Projects/Eaton-Fire-Ash/Ashes-EDXRF/EXPERT_ENG/WrkExpert/W187U/WORK/Aguilar_Isaac/ash-powders/JPL58.prf,JPL58_bkB.S,39.308,393080.0,0.158,2.595,25950.000000000004,0.312,5.697,56970.0,0.101,16.029,160290.0,0.085,0.389,3890.0,0.012,0.422,4220.0,0.005,8.625,86250.0,0.153,17.14,171400.0,0.12,1.539,15390.0,0.029,0.375,3750.0,0.008,7.388,73880.0,0.037,0.0078,78.0,0.0009,0.0261,261.0,0.001,0.224,2240.0,0.003,0.0059,59.0,0.0006,0.0243,243.0,0.0008,0.127,1270.0,0.001,0.0068,68.0,0.0008,0.0265,265.0,0.001,0.0033,33.0,0.0007,,,,0.0411,411.0,0.0022,0.0028,28.0,0.0008,,,,,,,,,,,,,,,,,,,,,,,,,,,,,,,,,,,,,,,,,,,,,,,,,,,,,,,,,,,,,,,,,,,,,,,,,,,,,,,,,,,,,,,,,,,,,,,,,,,,,,,,,,,,
1620_bkA.L,/Users/isaac/Documents/GitHub/PhD_Projects/Eaton-Fire-Ash/Ashes-EDXRF/EXPERT_ENG/WrkExpert/W187U/WORK/Aguilar_Isaac/ash-powders/1620_bkA.L.prf,Sample 1620 Ungrinded Unsieved,38.778,387780.0,0.1,1.399,13990.0,0.203,4.691,46910.0,0.075,16.244,162440.0,0.062,0.298,2980.0,0.009,0.705,7050.0,0.006,9.429,94290.0,0.094,14.541,145410.0,0.065,1.232,12320.0,0.015,0.453,4530.0,0.005,11.241,112410.0,0.033,0.0119,119.0,0.0007,0.0398,398.0,0.0008,0.136,1360.0,0.001,0.0066,66.0,0.0005,0.0273,273.0,0.0006,0.072,720.0,0.001,0.0092,92.0,0.0007,0.0131,131.0,0.0007,,,,0.073,730.0,0.007,0.042,420.0,0.0017,0.0052,52.0,0.0006,,,,,,,,,,0.553,5530.000000000001,0.004,,,,,,,,,,,,,,,,,,,,,,,,,,,,,,,,,,,,,,,,,,,,,,,,,,,,,,,,,,,,,,,,,,,,,,,,,,,,,,,,,,,,,,,,,,,,,,,,
XPAH26,/Users/isaac/Documents/GitHub/PhD_Projects/Eaton-Fire-Ash/Ashes-EDXRF/EXPERT_ENG/WrkExpert/W187U/WORK/Aguilar_Isaac/ash-powders/XPAH26.prf,XPAH26_bkB.S,39.16,391599.99999999994,1.065,2.686,26860.0,0.223,1.448,14480.0,0.07,19.753,197530.0,0.54,,,,1.489,14890.000000000002,0.041,1.746,17460.0,0.069,11.161,111610.0,0.306,0.652,6520.0,0.02,0.058,580.0,0.002,2.372,23720.0,0.065,0.0082,82.0,0.0005,0.075,750.0,0.002,4.725,47250.0,0.129,,,,0.0028,28.0,0.0003,0.0216,216.0,0.0007,0.0013,13.0,0.0003,0.0087,87.0,0.0004,,,,,,,0.0105,105.0,0.0008,,,,,,,0.0088,88.0,0.0009,,,,3.455,34550.0,0.094,0.069,690.0000000000001,0.002,,,,,,,,,,,,,,,,,,,,,,,,,,,,,,,,,,,,,,,,,,,0.0052,52.0,0.0009,,,,,,,0.0379,379.0,0.0011,,,,0.0091,91.0,0.0013,,,,,,,0.0476,476.0,0.0024,0.0158,158.0,0.0007,10.973,109730.00000000001,2.411,,,,,,,,,,,,,,,,,,
JPL63,/Users/isaac/Documents/GitHub/PhD_Projects/Eaton-Fire-Ash/Ashes-EDXRF/EXPERT_ENG/WrkExpert/W187U/WORK/Aguilar_Isaac/ash-powders/JPL63.prf,JPL63_bkB.S,39.785,397849.99999999994,0.158,2.496,24960.0,0.302,5.834,58339.99999999999,0.101,17.18,171800.0,0.087,0.394,3940.0,0.011,0.425,4250.0,0.005,9.393,93930.0,0.166,14.424,144240.0,0.111,1.068,10680.0,0.025,0.402,4020.0000000000005,0.008,8.192,81920.0,0.04,0.0051,51.0,0.0009,0.0235,235.0,0.001,0.133,1330.0,0.002,0.006,60.0,0.0006,0.0276,276.0,0.0008,0.122,1220.0,0.001,0.0079,79.0,0.0009,0.0326,326.0,0.0011,0.0029,29.0,0.0008,,,,0.0439,439.0,0.0023,0.004,40.0,0.0008,,,,,,,,,,,,,,,,,,,,,,,,,,,,,,,,,,,,,,,,,,,,,,,,,,,,,,,,,,,,,,,,,,,,,,,,,,,,,,,,,,,,,,,,,,,,,,,,,,,,,,,,,,,,
JPL77_bkB.S,/Users/isaac/Documents/GitHub/PhD_Projects/Eaton-Fire-Ash/Ashes-EDXRF/EXPERT_ENG/WrkExpert/W187U/WORK/Aguilar_Isaac/ash-powders/JPL77_bkB.S.prf,JPL77,39.866,398660.0,0.158,1.638,16379.999999999998,0.313,5.119,51190.0,0.093,17.035,170350.0,0.086,0.261,2610.0,0.011,1.11,11100.000000000002,0.008,8.298,82980.0,0.152,16.841,168410.0,0.115,2.409,24089.999999999996,0.036,0.197,1970.0,0.006,5.626,56260.0,0.03,0.0067,67.0,0.0008,0.071,709.9999999999999,0.002,0.444,4440.0,0.004,0.0043,43.0,0.0006,0.0194,194.0,0.0007,0.091,910.0,0.001,0.0052,52.0,0.0008,0.0384,384.0,0.001,0.0028,28.0,0.0007,0.203,2030.0000000000002,0.011,0.117,1170.0,0.002,,,,,,,,,,,,,0.506,5060.0,0.004,0.0038,38.0,0.0007,0.0056,56.0,0.0009,,,,,,,,,,,,,,,,,,,,,,,,,,,,,,,,,,,,,,,,,,,,,,,,,,,,0.08,800.0,0.014,,,,,,,,,,,,,,,,,,,,,,,,,,,,,,,,,,,,
1590_bkB.S,/Users/isaac/Documents/GitHub/PhD_Projects/Eaton-Fire-Ash/Ashes-EDXRF/EXPERT_ENG/WrkExpert/W187U/WORK/Aguilar_Isaac/ash-powders/1590_bkB.S.prf,1590_bkB.S,43.725,437250.0,0.089,1.542,15420.0,0.166,8.064,80640.0,0.065,23.37,233700.0,0.061,0.163,1630.0,0.006,0.261,2610.0,0.003,7.071,70710.0,0.064,5.533,55330.0,0.029,1.159,11590.0,0.009,0.198,1980.0,0.002,8.562,85620.0,0.019,0.0054,54.0,0.0003,0.0135,135.0,0.0003,0.066,660.0,0.001,0.005,50.0,0.0002,0.0237,237.0,0.0003,0.058,580.0,0.0,0.0056,56.0,0.0003,0.0336,336.0,0.0004,0.003,30.0,0.0003,0.054,540.0,0.004,0.0306,306.0,0.0007,0.0014,14.0,0.0003,,,,0.0046,46.0,0.0007,0.0092,92.0,0.0014,,,,,,,0.0025,25.0,0.0004,,,,,,,,,,,,,,,,,,,0.0052,52.0,0.0005,,,,,,,,,,,,,,,,,,,,,,,,,,,,,,,0.0227,227.0,0.0036,0.0073,73.0,0.0013,,,,,,,,,,,,,,,,,,,,,,,,,,,,,,,,,
JPL58_B.S_1,/Users/isaac/Documents/GitHub/PhD_Projects/Eaton-Fire-Ash/Ashes-EDXRF/EXPERT_ENG/WrkExpert/W187U/WORK/Aguilar_Isaac/ash-powders/JPL58_B.S_1.prf,JPL58_B.S_1,40.344,403440.0,0.14,2.038,20379.999999999996,0.298,6.245,62450.0,0.097,17.942,179420.0,0.083,0.29,2900.0,0.011,0.479,4790.0,0.005,8.386,83859.99999999999,0.091,14.77,147700.0,0.074,1.322,13220.0,0.015,0.293,2930.0,0.004,7.297,72970.0,0.028,0.0086,86.0,0.0005,0.0204,204.0,0.0005,0.181,1810.0,0.001,0.005,50.0,0.0003,0.0257,257.0,0.0004,0.122,1220.0,0.001,0.0059,59.0,0.0005,0.0241,241.0,0.0006,0.0031,31.0,0.0004,0.114,1140.0,0.006,0.079,790.0,0.001,,,,,,,,,,,,,,,,0.0029,29.0,0.0004,,,,,,,,,,,,,,,,,,,,,,0.0031,31.0,0.0007,,,,,,,,,,,,,,,,,,,,,,,,,,,,,,,,,,,,,,,,,,,,,,,,,,,,,,,,,,,,,,,,,,,,,
JPL89,/Users/isaac/Documents/GitHub/PhD_Projects/Eaton-Fire-Ash/Ashes-EDXRF/EXPERT_ENG/WrkExpert/W187U/WORK/Aguilar_Isaac/ash-powders/JPL89.prf,JPL89_bkB.S,41.492,414920.0,0.15,2.212,22120.000000000004,0.269,6.928,69280.0,0.096,19.548,195479.99999999997,0.089,0.282,2819.9999999999995,0.01,0.43,4300.0,0.005,8.026,80260.0,0.159,10.859,108590.0,0.095,1.295,12950.0,0.026,0.261,2610.0,0.006,8.139,81390.0,0.037,0.0045,45.0,0.0009,0.018,180.0,0.0009,0.167,1670.0,0.002,0.0065,65.0,0.0005,0.0259,259.0,0.0008,0.098,980.0,0.001,0.0082,82.0,0.0008,0.0355,355.0,0.001,0.0024,24.0,0.0007,0.127,1270.0,0.012,0.034,340.0,0.0019,,,,,,,,,,,,,,,,,,,,,,,,,,,,,,,,,,,,,,,,,,,,,,,,,,,,,,,,,,,,,,,,,,,,,,,,,,,,,,,,,,,,,,,,,,,,,,,,,,,,,,,,,,,,,,,
JPL48,/Users/isaac/Documents/GitHub/PhD_Projects/Eaton-Fire-Ash/Ashes-EDXRF/EXPERT_ENG/WrkExpert/W187U/WORK/Aguilar_Isaac/ash-powders/JPL48.prf,JPL48_bkB.S,38.541,385409.99999999994,0.163,1.964,19640.0,0.326,5.051,50510.0,0.101,15.93,159300.0,0.087,0.513,5130.0,0.013,0.296,2960.0,0.004,10.546,105460.0,0.174,16.378,163780.0,0.122,1.069,10690.0,0.025,0.321,3210.0,0.007,8.931,89309.99999999999,0.045,0.0049,49.0,0.0009,0.0242,242.0,0.001,0.064,640.0,0.001,0.0051,51.0,0.0006,0.0162,162.0,0.0007,0.122,1220.0,0.001,0.0041,41.0,0.0008,0.0337,337.0,0.001,,,,,,,0.0186,186.0,0.0019,0.003,30.0,0.0006,,,,,,,,,,0.164,1640.0,0.003,,,,,,,,,,,,,,,,,,,,,,,,,,,,,,,,,,,,,,,,,,,,,,,,,,,,,,,,,,,,,,,,,,,,,,,,,,,,,,,,,,,,,,,,,,,,,,,,
JPL58_B.S_3,/Users/isaac/Documents/GitHub/PhD_Projects/Eaton-Fire-Ash/Ashes-EDXRF/EXPERT_ENG/WrkExpert/W187U/WORK/Aguilar_Isaac/ash-powders/JPL58_B.S_3.prf,JPL58_B.S_3,40.433,404330.0,0.137,2.22,22200.000000000004,0.287,6.212,62120.0,0.096,17.894,178939.99999999997,0.081,0.284,2839.9999999999995,0.011,0.556,5560.000000000001,0.005,8.552,85520.0,0.091,14.152,141520.0,0.071,1.591,15910.0,0.017,0.295,2950.0,0.004,7.255,72550.0,0.027,0.0058,58.0,0.0004,0.0263,263.0,0.0006,0.196,1960.0,0.001,0.0055,55.0,0.0003,0.0237,237.0,0.0004,0.117,1170.0,0.001,0.0048,48.0,0.0004,0.0199,199.0,0.0006,0.0023,23.0,0.0004,0.102,1019.9999999999999,0.006,0.0438,438.0,0.0012,0.0035,35.0,0.0004,0.002,20.0,0.0005,,,,,,,,,,,,,,,,,,,,,,,,,,,,,,,,,,,,,,,,,,,,,,,,,,,,,,,0.0038,38.0,0.0011,,,,,,,,,,,,,,,,,,,,,,,,,,,,,,,,,,,,,,,,,,,,,,,,
1666,/Users/isaac/Documents/GitHub/PhD_Projects/Eaton-Fire-Ash/Ashes-EDXRF/EXPERT_ENG/WrkExpert/W187U/WORK/Aguilar_Isaac/ash-powders/1666.prf,1666,46.069,460690.0,0.138,1.335,13350.0,0.233,7.636,76360.0,0.102,28.466,284660.0,0.105,0.0431,431.0,0.0084,0.064,640.0,0.002,5.366,53660.0,0.103,3.704,37040.0,0.038,0.704,7040.0,0.012,0.09,900.0,0.002,6.083,60830.0,0.021,0.0022,22.0,0.0004,0.0034,34.0,0.0003,0.0086,86.0,0.0003,0.0043,43.0,0.0003,0.0144,144.0,0.0004,0.127,1270.0,0.001,0.0062,62.0,0.0004,0.088,880.0,0.001,0.0021,21.0,0.0004,0.14,1400.0000000000002,0.008,0.0074,74.0,0.0008,,,,,,,0.005,50.0,0.0013,,,,,,,0.0016,16.0,0.0005,,,,,,,,,,,,,,,,,,,,,,0.0046,46.0,0.0006,0.0029,29.0,0.0007,,,,,,,,,,,,,,,,,,,,,,,,,,,,0.0226,226.0,0.0048,,,,,,,,,,,,,,,,,,,,,,,,,,,,,,,,,,,,
JPL58_B.S_2,/Users/isaac/Documents/GitHub/PhD_Projects/Eaton-Fire-Ash/Ashes-EDXRF/EXPERT_ENG/WrkExpert/W187U/WORK/Aguilar_Isaac/ash-powders/JPL58_B.S_2.prf,JPL58_B.S_2,40.709,407090.00000000006,0.136,2.065,20650.0,0.284,6.211,62110.0,0.095,18.416,184160.0,0.082,0.278,2780.0000000000005,0.011,0.429,4290.0,0.005,8.343,83430.0,0.091,13.571,135710.0,0.069,2.128,21280.0,0.019,0.286,2859.9999999999995,0.004,7.039,70390.0,0.027,0.0054,54.0,0.0004,0.0223,223.0,0.0005,0.151,1510.0,0.001,0.0054,54.0,0.0003,0.0231,231.0,0.0004,0.113,1130.0,0.001,0.0053,53.0,0.0004,0.0331,331.0,0.0006,0.0033,33.0,0.0004,0.109,1090.0,0.006,0.0401,401.0,0.0011,0.0017,17.0,0.0004,,,,,,,0.0115,115.0,0.0022,,,,,,,,,,,,,,,,,,,,,,,,,,,,,,,,,,,,,,,,,,,,,,,,,,,,,,,,,,,,,,,,,,,,,,,,,,,,,,,,,,,,,,,,,,,,,,,,,,,
JPL86_bkB.S,/Users/isaac/Documents/GitHub/PhD_Projects/Eaton-Fire-Ash/Ashes-EDXRF/EXPERT_ENG/WrkExpert/W187U/WORK/Aguilar_Isaac/ash-powders/JPL86_bkB.S.prf,JPL86_bkB.S,42.081,420810.00000000006,0.156,1.333,13330.0,0.287,7.067,70670.0,0.099,19.736,197360.0,0.092,0.187,1870.0,0.009,0.786,7860.0,0.007,6.317,63170.0,0.148,12.936,129360.0,0.101,2.412,24120.0,0.034,0.244,2440.0,0.006,6.189,61890.0,0.031,0.0316,316.0,0.0013,0.054,540.0,0.001,0.251,2510.0,0.003,0.0044,44.0,0.0006,0.028,280.0,0.0008,0.079,790.0,0.001,0.0054,54.0,0.0008,0.0368,368.0,0.001,,,,0.163,1630.0,0.012,0.059,590.0,0.002,,,,,,,,,,,,,,,,,,,,,,,,,,,,,,,,,,,,,,,,,,,,,,,,,,,,,,,,,,,,,,,,,,,,,,,,,,,,,,,,,,,,,,,,,,,,,,,,,,,,,,,,,,,,,,,
1630_bkB.S,/Users/isaac/Documents/GitHub/PhD_Projects/Eaton-Fire-Ash/Ashes-EDXRF/EXPERT_ENG/WrkExpert/W187U/WORK/Aguilar_Isaac/ash-powders/1630_bkB.S.prf,1630_bkB.S,43.725,437250.0,0.089,1.542,15420.0,0.166,8.064,80640.0,0.065,23.37,233700.0,0.061,0.163,1630.0,0.006,0.261,2610.0,0.003,7.071,70710.0,0.064,5.533,55330.0,0.029,1.159,11590.0,0.009,0.198,1980.0,0.002,8.562,85620.0,0.019,0.0054,54.0,0.0003,0.0135,135.0,0.0003,0.066,660.0,0.001,0.005,50.0,0.0002,0.0237,237.0,0.0003,0.058,580.0,0.0,0.0056,56.0,0.0003,0.0336,336.0,0.0004,0.003,30.0,0.0003,0.054,540.0,0.004,0.0306,306.0,0.0007,0.0014,14.0,0.0003,,,,0.0046,46.0,0.0007,0.0092,92.0,0.0014,,,,,,,0.0025,25.0,0.0004,,,,,,,,,,,,,,,,,,,0.0052,52.0,0.0005,,,,,,,,,,,,,,,,,,,,,,,,,,,,,,,0.0227,227.0,0.0036,0.0073,73.0,0.0013,,,,,,,,,,,,,,,,,,,,,,,,,,,,,,,,,
