{
  "type": "FeatureCollection",
  "properties": {
    "description": "Synthetic GEDI L2A footprints for pipeline testing",
    "source": "Generated from NASADEM",
    "note": "Replace with real GEDI data when available"
  },
  "features": [
    {
      "type": "Feature",
      "geometry": {
        "type": "Point",
        "coordinates": [
          -70.140025,
          -12.599914
        ]
      },
      "properties": {
        "transect_id": 0,
        "elev_lowestmode": 245.88999938964844,
        "elev_dem": 245.0,
        "rh100": 24.12,
        "quality_flag": 1,
        "beam": "BEAM01"
      }
    },
    {
      "type": "Feature",
      "geometry": {
        "type": "Point",
        "coordinates": [
          -70.139123,
          -12.599463
        ]
      },
      "properties": {
        "transect_id": 0,
        "elev_lowestmode": 244.4600067138672,
        "elev_dem": 244.0,
        "rh100": 26.14,
        "quality_flag": 1,
        "beam": "BEAM01"
      }
    },
    {
      "type": "Feature",
      "geometry": {
        "type": "Point",
        "coordinates": [
          -70.139731,
          -12.599238
        ]
      },
      "properties": {
        "transect_id": 0,
        "elev_lowestmode": 243.82000732421875,
        "elev_dem": 246.0,
        "rh100": 25.53,
        "quality_flag": 1,
        "beam": "BEAM01"
      }
    },
    {
      "type": "Feature",
      "geometry": {
        "type": "Point",
        "coordinates": [
          -70.140068,
          -12.598788
        ]
      },
      "properties": {
        "transect_id": 0,
        "elev_lowestmode": 245.77000427246094,
        "elev_dem": 247.0,
        "rh100": 25.55,
        "quality_flag": 1,
        "beam": "BEAM01"
      }
    },
    {
      "type": "Feature",
      "geometry": {
        "type": "Point",
        "coordinates": [
          -70.139201,
          -12.598562
        ]
      },
      "properties": {
        "transect_id": 0,
        "elev_lowestmode": 247.8000030517578,
        "elev_dem": 247.0,
        "rh100": 24.03,
        "quality_flag": 1,
        "beam": "BEAM01"
      }
    },
    {
      "type": "Feature",
      "geometry": {
        "type": "Point",
        "coordinates": [
          -70.139739,
          -12.597887
        ]
      },
      "properties": {
        "transect_id": 0,
        "elev_lowestmode": 244.2899932861328,
        "elev_dem": 245.0,
        "rh100": 20.09,
        "quality_flag": 1,
        "beam": "BEAM01"
      }
    },
    {
      "type": "Feature",
      "geometry": {
        "type": "Point",
        "coordinates": [
          -70.139834,
          -12.597211
        ]
      },
      "properties": {
        "transect_id": 0,
        "elev_lowestmode": 242.0399932861328,
        "elev_dem": 242.0,
        "rh100": 29.07,
        "quality_flag": 1,
        "beam": "BEAM01"
      }
    },
    {
      "type": "Feature",
      "geometry": {
        "type": "Point",
        "coordinates": [
          -70.139902,
          -12.596986
        ]
      },
      "properties": {
        "transect_id": 0,
        "elev_lowestmode": 243.83999633789062,
        "elev_dem": 243.0,
        "rh100": 26.6,
        "quality_flag": 0,
        "beam": "BEAM01"
      }
    },
    {
      "type": "Feature",
      "geometry": {
        "type": "Point",
        "coordinates": [
          -70.139907,
          -12.596761
        ]
      },
      "properties": {
        "transect_id": 0,
        "elev_lowestmode": 244.97999572753906,
        "elev_dem": 244.0,
        "rh100": 20.79,
        "quality_flag": 1,
        "beam": "BEAM01"
      }
    },
    {
      "type": "Feature",
      "geometry": {
        "type": "Point",
        "coordinates": [
          -70.139569,
          -12.596535
        ]
      },
      "properties": {
        "transect_id": 0,
        "elev_lowestmode": 240.63999938964844,
        "elev_dem": 242.0,
        "rh100": 23.98,
        "quality_flag": 1,
        "beam": "BEAM01"
      }
    },
    {
      "type": "Feature",
      "geometry": {
        "type": "Point",
        "coordinates": [
          -70.139291,
          -12.595634
        ]
      },
      "properties": {
        "transect_id": 0,
        "elev_lowestmode": 231.35000610351562,
        "elev_dem": 232.0,
        "rh100": 26.73,
        "quality_flag": 0,
        "beam": "BEAM01"
      }
    },
    {
      "type": "Feature",
      "geometry": {
        "type": "Point",
        "coordinates": [
          -70.139191,
          -12.594959
        ]
      },
      "properties": {
        "transect_id": 0,
        "elev_lowestmode": 235.19000244140625,
        "elev_dem": 234.0,
        "rh100": 26.44,
        "quality_flag": 1,
        "beam": "BEAM01"
      }
    },
    {
      "type": "Feature",
      "geometry": {
        "type": "Point",
        "coordinates": [
          -70.139917,
          -12.594733
        ]
      },
      "properties": {
        "transect_id": 0,
        "elev_lowestmode": 230.5500030517578,
        "elev_dem": 232.0,
        "rh100": 26.4,
        "quality_flag": 1,
        "beam": "BEAM01"
      }
    },
    {
      "type": "Feature",
      "geometry": {
        "type": "Point",
        "coordinates": [
          -70.139471,
          -12.594058
        ]
      },
      "properties": {
        "transect_id": 0,
        "elev_lowestmode": 231.75,
        "elev_dem": 231.0,
        "rh100": 26.67,
        "quality_flag": 1,
        "beam": "BEAM01"
      }
    },
    {
      "type": "Feature",
      "geometry": {
        "type": "Point",
        "coordinates": [
          -70.13937,
          -12.593833
        ]
      },
      "properties": {
        "transect_id": 0,
        "elev_lowestmode": 229.42999267578125,
        "elev_dem": 229.0,
        "rh100": 26.6,
        "quality_flag": 1,
        "beam": "BEAM01"
      }
    },
    {
      "type": "Feature",
      "geometry": {
        "type": "Point",
        "coordinates": [
          -70.139236,
          -12.592932
        ]
      },
      "properties": {
        "transect_id": 0,
        "elev_lowestmode": 218.22000122070312,
        "elev_dem": 220.0,
        "rh100": 23.89,
        "quality_flag": 1,
        "beam": "BEAM01"
      }
    },
    {
      "type": "Feature",
      "geometry": {
        "type": "Point",
        "coordinates": [
          -70.139447,
          -12.592706
        ]
      },
      "properties": {
        "transect_id": 0,
        "elev_lowestmode": 221.9600067138672,
        "elev_dem": 220.0,
        "rh100": 31.54,
        "quality_flag": 1,
        "beam": "BEAM01"
      }
    },
    {
      "type": "Feature",
      "geometry": {
        "type": "Point",
        "coordinates": [
          -70.13996,
          -12.592481
        ]
      },
      "properties": {
        "transect_id": 0,
        "elev_lowestmode": 222.3300018310547,
        "elev_dem": 221.0,
        "rh100": 25.39,
        "quality_flag": 1,
        "beam": "BEAM01"
      }
    },
    {
      "type": "Feature",
      "geometry": {
        "type": "Point",
        "coordinates": [
          -70.13964,
          -12.592031
        ]
      },
      "properties": {
        "transect_id": 0,
        "elev_lowestmode": 221.05999755859375,
        "elev_dem": 221.0,
        "rh100": 31.64,
        "quality_flag": 1,
        "beam": "BEAM01"
      }
    },
    {
      "type": "Feature",
      "geometry": {
        "type": "Point",
        "coordinates": [
          -70.139153,
          -12.59158
        ]
      },
      "properties": {
        "transect_id": 0,
        "elev_lowestmode": 220.55999755859375,
        "elev_dem": 220.0,
        "rh100": 26.47,
        "quality_flag": 1,
        "beam": "BEAM01"
      }
    },
    {
      "type": "Feature",
      "geometry": {
        "type": "Point",
        "coordinates": [
          -70.1392,
          -12.590905
        ]
      },
      "properties": {
        "transect_id": 0,
        "elev_lowestmode": 227.61000061035156,
        "elev_dem": 228.0,
        "rh100": 34.13,
        "quality_flag": 1,
        "beam": "BEAM01"
      }
    },
    {
      "type": "Feature",
      "geometry": {
        "type": "Point",
        "coordinates": [
          -70.140036,
          -12.590679
        ]
      },
      "properties": {
        "transect_id": 0,
        "elev_lowestmode": 226.6999969482422,
        "elev_dem": 226.0,
        "rh100": 24.19,
        "quality_flag": 1,
        "beam": "BEAM01"
      }
    },
    {
      "type": "Feature",
      "geometry": {
        "type": "Point",
        "coordinates": [
          -70.139872,
          -12.589779
        ]
      },
      "properties": {
        "transect_id": 0,
        "elev_lowestmode": 225.7899932861328,
        "elev_dem": 225.0,
        "rh100": 22.7,
        "quality_flag": 1,
        "beam": "BEAM01"
      }
    },
    {
      "type": "Feature",
      "geometry": {
        "type": "Point",
        "coordinates": [
          -70.139841,
          -12.588878
        ]
      },
      "properties": {
        "transect_id": 0,
        "elev_lowestmode": 240.50999450683594,
        "elev_dem": 241.0,
        "rh100": 30.11,
        "quality_flag": 0,
        "beam": "BEAM01"
      }
    },
    {
      "type": "Feature",
      "geometry": {
        "type": "Point",
        "coordinates": [
          -70.139424,
          -12.588652
        ]
      },
      "properties": {
        "transect_id": 0,
        "elev_lowestmode": 240.30999755859375,
        "elev_dem": 240.0,
        "rh100": 32.33,
        "quality_flag": 1,
        "beam": "BEAM01"
      }
    },
    {
      "type": "Feature",
      "geometry": {
        "type": "Point",
        "coordinates": [
          -70.139408,
          -12.588427
        ]
      },
      "properties": {
        "transect_id": 0,
        "elev_lowestmode": 242.47000122070312,
        "elev_dem": 241.0,
        "rh100": 34.55,
        "quality_flag": 1,
        "beam": "BEAM01"
      }
    },
    {
      "type": "Feature",
      "geometry": {
        "type": "Point",
        "coordinates": [
          -70.139607,
          -12.588202
        ]
      },
      "properties": {
        "transect_id": 0,
        "elev_lowestmode": 239.86000061035156,
        "elev_dem": 240.0,
        "rh100": 31.62,
        "quality_flag": 1,
        "beam": "BEAM01"
      }
    },
    {
      "type": "Feature",
      "geometry": {
        "type": "Point",
        "coordinates": [
          -70.139475,
          -12.587301
        ]
      },
      "properties": {
        "transect_id": 0,
        "elev_lowestmode": 249.35000610351562,
        "elev_dem": 248.0,
        "rh100": 20.29,
        "quality_flag": 1,
        "beam": "BEAM01"
      }
    },
    {
      "type": "Feature",
      "geometry": {
        "type": "Point",
        "coordinates": [
          -70.139248,
          -12.587076
        ]
      },
      "properties": {
        "transect_id": 0,
        "elev_lowestmode": 248.5399932861328,
        "elev_dem": 248.0,
        "rh100": 28.25,
        "quality_flag": 0,
        "beam": "BEAM01"
      }
    },
    {
      "type": "Feature",
      "geometry": {
        "type": "Point",
        "coordinates": [
          -70.139507,
          -12.586851
        ]
      },
      "properties": {
        "transect_id": 0,
        "elev_lowestmode": 244.61000061035156,
        "elev_dem": 246.0,
        "rh100": 28.52,
        "quality_flag": 1,
        "beam": "BEAM01"
      }
    },
    {
      "type": "Feature",
      "geometry": {
        "type": "Point",
        "coordinates": [
          -70.139838,
          -12.586625
        ]
      },
      "properties": {
        "transect_id": 0,
        "elev_lowestmode": 244.66000366210938,
        "elev_dem": 245.0,
        "rh100": 25.01,
        "quality_flag": 1,
        "beam": "BEAM01"
      }
    },
    {
      "type": "Feature",
      "geometry": {
        "type": "Point",
        "coordinates": [
          -70.139993,
          -12.5864
        ]
      },
      "properties": {
        "transect_id": 0,
        "elev_lowestmode": 250.16000366210938,
        "elev_dem": 248.0,
        "rh100": 34.45,
        "quality_flag": 1,
        "beam": "BEAM01"
      }
    },
    {
      "type": "Feature",
      "geometry": {
        "type": "Point",
        "coordinates": [
          -70.139187,
          -12.586175
        ]
      },
      "properties": {
        "transect_id": 0,
        "elev_lowestmode": 250.5399932861328,
        "elev_dem": 250.0,
        "rh100": 28.3,
        "quality_flag": 1,
        "beam": "BEAM01"
      }
    },
    {
      "type": "Feature",
      "geometry": {
        "type": "Point",
        "coordinates": [
          -70.139399,
          -12.585724
        ]
      },
      "properties": {
        "transect_id": 0,
        "elev_lowestmode": 249.32000732421875,
        "elev_dem": 248.0,
        "rh100": 23.13,
        "quality_flag": 0,
        "beam": "BEAM01"
      }
    },
    {
      "type": "Feature",
      "geometry": {
        "type": "Point",
        "coordinates": [
          -70.139941,
          -12.585499
        ]
      },
      "properties": {
        "transect_id": 0,
        "elev_lowestmode": 249.4600067138672,
        "elev_dem": 249.0,
        "rh100": 29.63,
        "quality_flag": 1,
        "beam": "BEAM01"
      }
    },
    {
      "type": "Feature",
      "geometry": {
        "type": "Point",
        "coordinates": [
          -70.139836,
          -12.585274
        ]
      },
      "properties": {
        "transect_id": 0,
        "elev_lowestmode": 248.07000732421875,
        "elev_dem": 248.0,
        "rh100": 30.87,
        "quality_flag": 1,
        "beam": "BEAM01"
      }
    },
    {
      "type": "Feature",
      "geometry": {
        "type": "Point",
        "coordinates": [
          -70.139955,
          -12.585049
        ]
      },
      "properties": {
        "transect_id": 0,
        "elev_lowestmode": 247.22999572753906,
        "elev_dem": 248.0,
        "rh100": 29.91,
        "quality_flag": 1,
        "beam": "BEAM01"
      }
    },
    {
      "type": "Feature",
      "geometry": {
        "type": "Point",
        "coordinates": [
          -70.13967,
          -12.584824
        ]
      },
      "properties": {
        "transect_id": 0,
        "elev_lowestmode": 250.02000427246094,
        "elev_dem": 250.0,
        "rh100": 22.26,
        "quality_flag": 1,
        "beam": "BEAM01"
      }
    },
    {
      "type": "Feature",
      "geometry": {
        "type": "Point",
        "coordinates": [
          -70.139907,
          -12.584598
        ]
      },
      "properties": {
        "transect_id": 0,
        "elev_lowestmode": 246.32000732421875,
        "elev_dem": 249.0,
        "rh100": 29.14,
        "quality_flag": 1,
        "beam": "BEAM01"
      }
    },
    {
      "type": "Feature",
      "geometry": {
        "type": "Point",
        "coordinates": [
          -70.140061,
          -12.584373
        ]
      },
      "properties": {
        "transect_id": 0,
        "elev_lowestmode": 250.64999389648438,
        "elev_dem": 250.0,
        "rh100": 29.08,
        "quality_flag": 1,
        "beam": "BEAM01"
      }
    },
    {
      "type": "Feature",
      "geometry": {
        "type": "Point",
        "coordinates": [
          -70.140138,
          -12.584148
        ]
      },
      "properties": {
        "transect_id": 0,
        "elev_lowestmode": 250.74000549316406,
        "elev_dem": 251.0,
        "rh100": 33.68,
        "quality_flag": 1,
        "beam": "BEAM01"
      }
    },
    {
      "type": "Feature",
      "geometry": {
        "type": "Point",
        "coordinates": [
          -70.139248,
          -12.583247
        ]
      },
      "properties": {
        "transect_id": 0,
        "elev_lowestmode": 235.5399932861328,
        "elev_dem": 236.0,
        "rh100": 24.02,
        "quality_flag": 1,
        "beam": "BEAM01"
      }
    },
    {
      "type": "Feature",
      "geometry": {
        "type": "Point",
        "coordinates": [
          -70.139454,
          -12.583022
        ]
      },
      "properties": {
        "transect_id": 0,
        "elev_lowestmode": 242.97999572753906,
        "elev_dem": 241.0,
        "rh100": 20.82,
        "quality_flag": 1,
        "beam": "BEAM01"
      }
    },
    {
      "type": "Feature",
      "geometry": {
        "type": "Point",
        "coordinates": [
          -70.139401,
          -12.582797
        ]
      },
      "properties": {
        "transect_id": 0,
        "elev_lowestmode": 241.61000061035156,
        "elev_dem": 241.0,
        "rh100": 31.64,
        "quality_flag": 1,
        "beam": "BEAM01"
      }
    },
    {
      "type": "Feature",
      "geometry": {
        "type": "Point",
        "coordinates": [
          -70.139724,
          -12.582346
        ]
      },
      "properties": {
        "transect_id": 0,
        "elev_lowestmode": 246.1199951171875,
        "elev_dem": 245.0,
        "rh100": 27.58,
        "quality_flag": 1,
        "beam": "BEAM01"
      }
    },
    {
      "type": "Feature",
      "geometry": {
        "type": "Point",
        "coordinates": [
          -70.139464,
          -12.581445
        ]
      },
      "properties": {
        "transect_id": 0,
        "elev_lowestmode": 242.47999572753906,
        "elev_dem": 242.0,
        "rh100": 32.0,
        "quality_flag": 1,
        "beam": "BEAM01"
      }
    },
    {
      "type": "Feature",
      "geometry": {
        "type": "Point",
        "coordinates": [
          -70.139884,
          -12.58122
        ]
      },
      "properties": {
        "transect_id": 0,
        "elev_lowestmode": 242.9199981689453,
        "elev_dem": 242.0,
        "rh100": 24.19,
        "quality_flag": 1,
        "beam": "BEAM01"
      }
    },
    {
      "type": "Feature",
      "geometry": {
        "type": "Point",
        "coordinates": [
          -70.139427,
          -12.580995
        ]
      },
      "properties": {
        "transect_id": 0,
        "elev_lowestmode": 235.66000366210938,
        "elev_dem": 237.0,
        "rh100": 23.14,
        "quality_flag": 1,
        "beam": "BEAM01"
      }
    },
    {
      "type": "Feature",
      "geometry": {
        "type": "Point",
        "coordinates": [
          -70.14009,
          -12.580319
        ]
      },
      "properties": {
        "transect_id": 0,
        "elev_lowestmode": 221.27000427246094,
        "elev_dem": 221.0,
        "rh100": 26.54,
        "quality_flag": 1,
        "beam": "BEAM01"
      }
    },
    {
      "type": "Feature",
      "geometry": {
        "type": "Point",
        "coordinates": [
          -70.139393,
          -12.579643
        ]
      },
      "properties": {
        "transect_id": 0,
        "elev_lowestmode": 220.6300048828125,
        "elev_dem": 221.0,
        "rh100": 30.12,
        "quality_flag": 1,
        "beam": "BEAM01"
      }
    },
    {
      "type": "Feature",
      "geometry": {
        "type": "Point",
        "coordinates": [
          -70.139747,
          -12.579418
        ]
      },
      "properties": {
        "transect_id": 0,
        "elev_lowestmode": 221.83999633789062,
        "elev_dem": 221.0,
        "rh100": 20.83,
        "quality_flag": 1,
        "beam": "BEAM01"
      }
    },
    {
      "type": "Feature",
      "geometry": {
        "type": "Point",
        "coordinates": [
          -70.139923,
          -12.578517
        ]
      },
      "properties": {
        "transect_id": 0,
        "elev_lowestmode": 220.6300048828125,
        "elev_dem": 221.0,
        "rh100": 28.8,
        "quality_flag": 1,
        "beam": "BEAM01"
      }
    },
    {
      "type": "Feature",
      "geometry": {
        "type": "Point",
        "coordinates": [
          -70.139833,
          -12.578292
        ]
      },
      "properties": {
        "transect_id": 0,
        "elev_lowestmode": 220.5800018310547,
        "elev_dem": 221.0,
        "rh100": 28.19,
        "quality_flag": 1,
        "beam": "BEAM01"
      }
    },
    {
      "type": "Feature",
      "geometry": {
        "type": "Point",
        "coordinates": [
          -70.140031,
          -12.577842
        ]
      },
      "properties": {
        "transect_id": 0,
        "elev_lowestmode": 219.94000244140625,
        "elev_dem": 221.0,
        "rh100": 28.44,
        "quality_flag": 1,
        "beam": "BEAM01"
      }
    },
    {
      "type": "Feature",
      "geometry": {
        "type": "Point",
        "coordinates": [
          -70.139114,
          -12.577391
        ]
      },
      "properties": {
        "transect_id": 0,
        "elev_lowestmode": 234.72000122070312,
        "elev_dem": 235.0,
        "rh100": 22.37,
        "quality_flag": 1,
        "beam": "BEAM01"
      }
    },
    {
      "type": "Feature",
      "geometry": {
        "type": "Point",
        "coordinates": [
          -70.139731,
          -12.577166
        ]
      },
      "properties": {
        "transect_id": 0,
        "elev_lowestmode": 240.14999389648438,
        "elev_dem": 238.0,
        "rh100": 24.15,
        "quality_flag": 1,
        "beam": "BEAM01"
      }
    },
    {
      "type": "Feature",
      "geometry": {
        "type": "Point",
        "coordinates": [
          -70.140127,
          -12.57604
        ]
      },
      "properties": {
        "transect_id": 0,
        "elev_lowestmode": 248.47999572753906,
        "elev_dem": 248.0,
        "rh100": 33.12,
        "quality_flag": 1,
        "beam": "BEAM01"
      }
    },
    {
      "type": "Feature",
      "geometry": {
        "type": "Point",
        "coordinates": [
          -70.139463,
          -12.575815
        ]
      },
      "properties": {
        "transect_id": 0,
        "elev_lowestmode": 247.8800048828125,
        "elev_dem": 247.0,
        "rh100": 33.34,
        "quality_flag": 1,
        "beam": "BEAM01"
      }
    },
    {
      "type": "Feature",
      "geometry": {
        "type": "Point",
        "coordinates": [
          -70.13916,
          -12.575589
        ]
      },
      "properties": {
        "transect_id": 0,
        "elev_lowestmode": 249.35000610351562,
        "elev_dem": 248.0,
        "rh100": 28.6,
        "quality_flag": 1,
        "beam": "BEAM01"
      }
    },
    {
      "type": "Feature",
      "geometry": {
        "type": "Point",
        "coordinates": [
          -70.139153,
          -12.575364
        ]
      },
      "properties": {
        "transect_id": 0,
        "elev_lowestmode": 247.58999633789062,
        "elev_dem": 247.0,
        "rh100": 31.54,
        "quality_flag": 1,
        "beam": "BEAM01"
      }
    },
    {
      "type": "Feature",
      "geometry": {
        "type": "Point",
        "coordinates": [
          -70.139955,
          -12.575139
        ]
      },
      "properties": {
        "transect_id": 0,
        "elev_lowestmode": 245.89999389648438,
        "elev_dem": 246.0,
        "rh100": 33.52,
        "quality_flag": 1,
        "beam": "BEAM01"
      }
    },
    {
      "type": "Feature",
      "geometry": {
        "type": "Point",
        "coordinates": [
          -70.139543,
          -12.574914
        ]
      },
      "properties": {
        "transect_id": 0,
        "elev_lowestmode": 245.3699951171875,
        "elev_dem": 246.0,
        "rh100": 23.45,
        "quality_flag": 1,
        "beam": "BEAM01"
      }
    },
    {
      "type": "Feature",
      "geometry": {
        "type": "Point",
        "coordinates": [
          -70.139444,
          -12.574688
        ]
      },
      "properties": {
        "transect_id": 0,
        "elev_lowestmode": 243.52999877929688,
        "elev_dem": 244.0,
        "rh100": 32.8,
        "quality_flag": 1,
        "beam": "BEAM01"
      }
    },
    {
      "type": "Feature",
      "geometry": {
        "type": "Point",
        "coordinates": [
          -70.139521,
          -12.573788
        ]
      },
      "properties": {
        "transect_id": 0,
        "elev_lowestmode": 245.4199981689453,
        "elev_dem": 245.0,
        "rh100": 31.48,
        "quality_flag": 1,
        "beam": "BEAM01"
      }
    },
    {
      "type": "Feature",
      "geometry": {
        "type": "Point",
        "coordinates": [
          -70.139448,
          -12.573337
        ]
      },
      "properties": {
        "transect_id": 0,
        "elev_lowestmode": 247.42999267578125,
        "elev_dem": 249.0,
        "rh100": 32.9,
        "quality_flag": 1,
        "beam": "BEAM01"
      }
    },
    {
      "type": "Feature",
      "geometry": {
        "type": "Point",
        "coordinates": [
          -70.139256,
          -12.573112
        ]
      },
      "properties": {
        "transect_id": 0,
        "elev_lowestmode": 245.4600067138672,
        "elev_dem": 245.0,
        "rh100": 20.53,
        "quality_flag": 1,
        "beam": "BEAM01"
      }
    },
    {
      "type": "Feature",
      "geometry": {
        "type": "Point",
        "coordinates": [
          -70.139544,
          -12.572887
        ]
      },
      "properties": {
        "transect_id": 0,
        "elev_lowestmode": 245.07000732421875,
        "elev_dem": 245.0,
        "rh100": 34.2,
        "quality_flag": 1,
        "beam": "BEAM01"
      }
    },
    {
      "type": "Feature",
      "geometry": {
        "type": "Point",
        "coordinates": [
          -70.139705,
          -12.572661
        ]
      },
      "properties": {
        "transect_id": 0,
        "elev_lowestmode": 246.1699981689453,
        "elev_dem": 247.0,
        "rh100": 33.08,
        "quality_flag": 1,
        "beam": "BEAM01"
      }
    },
    {
      "type": "Feature",
      "geometry": {
        "type": "Point",
        "coordinates": [
          -70.14003,
          -12.572211
        ]
      },
      "properties": {
        "transect_id": 0,
        "elev_lowestmode": 245.57000732421875,
        "elev_dem": 244.0,
        "rh100": 24.73,
        "quality_flag": 1,
        "beam": "BEAM01"
      }
    },
    {
      "type": "Feature",
      "geometry": {
        "type": "Point",
        "coordinates": [
          -70.13913,
          -12.571986
        ]
      },
      "properties": {
        "transect_id": 0,
        "elev_lowestmode": 241.0,
        "elev_dem": 241.0,
        "rh100": 27.3,
        "quality_flag": 1,
        "beam": "BEAM01"
      }
    },
    {
      "type": "Feature",
      "geometry": {
        "type": "Point",
        "coordinates": [
          -70.139373,
          -12.571085
        ]
      },
      "properties": {
        "transect_id": 0,
        "elev_lowestmode": 235.5399932861328,
        "elev_dem": 236.0,
        "rh100": 20.25,
        "quality_flag": 1,
        "beam": "BEAM01"
      }
    },
    {
      "type": "Feature",
      "geometry": {
        "type": "Point",
        "coordinates": [
          -70.139885,
          -12.57086
        ]
      },
      "properties": {
        "transect_id": 0,
        "elev_lowestmode": 241.05999755859375,
        "elev_dem": 241.0,
        "rh100": 23.74,
        "quality_flag": 1,
        "beam": "BEAM01"
      }
    },
    {
      "type": "Feature",
      "geometry": {
        "type": "Point",
        "coordinates": [
          -70.140131,
          -12.570409
        ]
      },
      "properties": {
        "transect_id": 0,
        "elev_lowestmode": 221.02999877929688,
        "elev_dem": 221.0,
        "rh100": 29.53,
        "quality_flag": 1,
        "beam": "BEAM01"
      }
    },
    {
      "type": "Feature",
      "geometry": {
        "type": "Point",
        "coordinates": [
          -70.139267,
          -12.569508
        ]
      },
      "properties": {
        "transect_id": 0,
        "elev_lowestmode": 220.82000732421875,
        "elev_dem": 221.0,
        "rh100": 34.71,
        "quality_flag": 1,
        "beam": "BEAM01"
      }
    },
    {
      "type": "Feature",
      "geometry": {
        "type": "Point",
        "coordinates": [
          -70.139491,
          -12.569283
        ]
      },
      "properties": {
        "transect_id": 0,
        "elev_lowestmode": 220.6300048828125,
        "elev_dem": 221.0,
        "rh100": 33.04,
        "quality_flag": 1,
        "beam": "BEAM01"
      }
    },
    {
      "type": "Feature",
      "geometry": {
        "type": "Point",
        "coordinates": [
          -70.13971,
          -12.568833
        ]
      },
      "properties": {
        "transect_id": 0,
        "elev_lowestmode": 223.00999450683594,
        "elev_dem": 221.0,
        "rh100": 34.63,
        "quality_flag": 1,
        "beam": "BEAM01"
      }
    },
    {
      "type": "Feature",
      "geometry": {
        "type": "Point",
        "coordinates": [
          -70.139528,
          -12.568607
        ]
      },
      "properties": {
        "transect_id": 0,
        "elev_lowestmode": 221.17999267578125,
        "elev_dem": 221.0,
        "rh100": 31.93,
        "quality_flag": 1,
        "beam": "BEAM01"
      }
    },
    {
      "type": "Feature",
      "geometry": {
        "type": "Point",
        "coordinates": [
          -70.14006,
          -12.568382
        ]
      },
      "properties": {
        "transect_id": 0,
        "elev_lowestmode": 222.1300048828125,
        "elev_dem": 221.0,
        "rh100": 24.5,
        "quality_flag": 1,
        "beam": "BEAM01"
      }
    },
    {
      "type": "Feature",
      "geometry": {
        "type": "Point",
        "coordinates": [
          -70.13958,
          -12.567706
        ]
      },
      "properties": {
        "transect_id": 0,
        "elev_lowestmode": 221.0800018310547,
        "elev_dem": 221.0,
        "rh100": 21.55,
        "quality_flag": 1,
        "beam": "BEAM01"
      }
    },
    {
      "type": "Feature",
      "geometry": {
        "type": "Point",
        "coordinates": [
          -70.140128,
          -12.567481
        ]
      },
      "properties": {
        "transect_id": 0,
        "elev_lowestmode": 237.42999267578125,
        "elev_dem": 237.0,
        "rh100": 32.09,
        "quality_flag": 1,
        "beam": "BEAM01"
      }
    },
    {
      "type": "Feature",
      "geometry": {
        "type": "Point",
        "coordinates": [
          -70.140011,
          -12.567031
        ]
      },
      "properties": {
        "transect_id": 0,
        "elev_lowestmode": 237.82000732421875,
        "elev_dem": 239.0,
        "rh100": 32.91,
        "quality_flag": 1,
        "beam": "BEAM01"
      }
    },
    {
      "type": "Feature",
      "geometry": {
        "type": "Point",
        "coordinates": [
          -70.139572,
          -12.566806
        ]
      },
      "properties": {
        "transect_id": 0,
        "elev_lowestmode": 220.41000366210938,
        "elev_dem": 221.0,
        "rh100": 21.54,
        "quality_flag": 1,
        "beam": "BEAM01"
      }
    },
    {
      "type": "Feature",
      "geometry": {
        "type": "Point",
        "coordinates": [
          -70.139133,
          -12.56658
        ]
      },
      "properties": {
        "transect_id": 0,
        "elev_lowestmode": 220.7100067138672,
        "elev_dem": 221.0,
        "rh100": 31.64,
        "quality_flag": 1,
        "beam": "BEAM01"
      }
    },
    {
      "type": "Feature",
      "geometry": {
        "type": "Point",
        "coordinates": [
          -70.139563,
          -12.565905
        ]
      },
      "properties": {
        "transect_id": 0,
        "elev_lowestmode": 221.69000244140625,
        "elev_dem": 221.0,
        "rh100": 29.11,
        "quality_flag": 1,
        "beam": "BEAM01"
      }
    },
    {
      "type": "Feature",
      "geometry": {
        "type": "Point",
        "coordinates": [
          -70.139576,
          -12.565229
        ]
      },
      "properties": {
        "transect_id": 0,
        "elev_lowestmode": 234.00999450683594,
        "elev_dem": 235.0,
        "rh100": 31.27,
        "quality_flag": 1,
        "beam": "BEAM01"
      }
    },
    {
      "type": "Feature",
      "geometry": {
        "type": "Point",
        "coordinates": [
          -70.139499,
          -12.565004
        ]
      },
      "properties": {
        "transect_id": 0,
        "elev_lowestmode": 234.3000030517578,
        "elev_dem": 234.0,
        "rh100": 32.36,
        "quality_flag": 1,
        "beam": "BEAM01"
      }
    },
    {
      "type": "Feature",
      "geometry": {
        "type": "Point",
        "coordinates": [
          -70.13998,
          -12.564779
        ]
      },
      "properties": {
        "transect_id": 0,
        "elev_lowestmode": 231.25999450683594,
        "elev_dem": 231.0,
        "rh100": 31.89,
        "quality_flag": 1,
        "beam": "BEAM01"
      }
    },
    {
      "type": "Feature",
      "geometry": {
        "type": "Point",
        "coordinates": [
          -70.139973,
          -12.564553
        ]
      },
      "properties": {
        "transect_id": 0,
        "elev_lowestmode": 232.16000366210938,
        "elev_dem": 232.0,
        "rh100": 30.38,
        "quality_flag": 1,
        "beam": "BEAM01"
      }
    },
    {
      "type": "Feature",
      "geometry": {
        "type": "Point",
        "coordinates": [
          -70.140035,
          -12.564328
        ]
      },
      "properties": {
        "transect_id": 0,
        "elev_lowestmode": 232.8300018310547,
        "elev_dem": 232.0,
        "rh100": 24.36,
        "quality_flag": 1,
        "beam": "BEAM01"
      }
    },
    {
      "type": "Feature",
      "geometry": {
        "type": "Point",
        "coordinates": [
          -70.139344,
          -12.564103
        ]
      },
      "properties": {
        "transect_id": 0,
        "elev_lowestmode": 237.1699981689453,
        "elev_dem": 238.0,
        "rh100": 30.51,
        "quality_flag": 1,
        "beam": "BEAM01"
      }
    },
    {
      "type": "Feature",
      "geometry": {
        "type": "Point",
        "coordinates": [
          -70.139258,
          -12.563878
        ]
      },
      "properties": {
        "transect_id": 0,
        "elev_lowestmode": 245.0399932861328,
        "elev_dem": 245.0,
        "rh100": 34.42,
        "quality_flag": 1,
        "beam": "BEAM01"
      }
    },
    {
      "type": "Feature",
      "geometry": {
        "type": "Point",
        "coordinates": [
          -70.139737,
          -12.563202
        ]
      },
      "properties": {
        "transect_id": 0,
        "elev_lowestmode": 238.7100067138672,
        "elev_dem": 240.0,
        "rh100": 22.14,
        "quality_flag": 1,
        "beam": "BEAM01"
      }
    },
    {
      "type": "Feature",
      "geometry": {
        "type": "Point",
        "coordinates": [
          -70.139611,
          -12.562977
        ]
      },
      "properties": {
        "transect_id": 0,
        "elev_lowestmode": 239.6999969482422,
        "elev_dem": 239.0,
        "rh100": 25.13,
        "quality_flag": 1,
        "beam": "BEAM01"
      }
    },
    {
      "type": "Feature",
      "geometry": {
        "type": "Point",
        "coordinates": [
          -70.139697,
          -12.562526
        ]
      },
      "properties": {
        "transect_id": 0,
        "elev_lowestmode": 239.69000244140625,
        "elev_dem": 239.0,
        "rh100": 21.91,
        "quality_flag": 1,
        "beam": "BEAM01"
      }
    },
    {
      "type": "Feature",
      "geometry": {
        "type": "Point",
        "coordinates": [
          -70.139403,
          -12.562301
        ]
      },
      "properties": {
        "transect_id": 0,
        "elev_lowestmode": 242.0500030517578,
        "elev_dem": 242.0,
        "rh100": 20.23,
        "quality_flag": 1,
        "beam": "BEAM01"
      }
    },
    {
      "type": "Feature",
      "geometry": {
        "type": "Point",
        "coordinates": [
          -70.139885,
          -12.561851
        ]
      },
      "properties": {
        "transect_id": 0,
        "elev_lowestmode": 242.7899932861328,
        "elev_dem": 242.0,
        "rh100": 24.44,
        "quality_flag": 1,
        "beam": "BEAM01"
      }
    },
    {
      "type": "Feature",
      "geometry": {
        "type": "Point",
        "coordinates": [
          -70.140134,
          -12.560274
        ]
      },
      "properties": {
        "transect_id": 0,
        "elev_lowestmode": 252.08999633789062,
        "elev_dem": 250.0,
        "rh100": 22.66,
        "quality_flag": 0,
        "beam": "BEAM01"
      }
    },
    {
      "type": "Feature",
      "geometry": {
        "type": "Point",
        "coordinates": [
          -70.140044,
          -12.559824
        ]
      },
      "properties": {
        "transect_id": 0,
        "elev_lowestmode": 251.17999267578125,
        "elev_dem": 251.0,
        "rh100": 25.12,
        "quality_flag": 1,
        "beam": "BEAM01"
      }
    },
    {
      "type": "Feature",
      "geometry": {
        "type": "Point",
        "coordinates": [
          -70.139478,
          -12.558923
        ]
      },
      "properties": {
        "transect_id": 0,
        "elev_lowestmode": 276.8599853515625,
        "elev_dem": 276.0,
        "rh100": 30.6,
        "quality_flag": 1,
        "beam": "BEAM01"
      }
    },
    {
      "type": "Feature",
      "geometry": {
        "type": "Point",
        "coordinates": [
          -70.139987,
          -12.558247
        ]
      },
      "properties": {
        "transect_id": 0,
        "elev_lowestmode": 271.9599914550781,
        "elev_dem": 273.0,
        "rh100": 26.5,
        "quality_flag": 1,
        "beam": "BEAM01"
      }
    },
    {
      "type": "Feature",
      "geometry": {
        "type": "Point",
        "coordinates": [
          -70.139642,
          -12.557797
        ]
      },
      "properties": {
        "transect_id": 0,
        "elev_lowestmode": 285.30999755859375,
        "elev_dem": 287.0,
        "rh100": 22.39,
        "quality_flag": 0,
        "beam": "BEAM01"
      }
    },
    {
      "type": "Feature",
      "geometry": {
        "type": "Point",
        "coordinates": [
          -70.139728,
          -12.557571
        ]
      },
      "properties": {
        "transect_id": 0,
        "elev_lowestmode": 290.1199951171875,
        "elev_dem": 289.0,
        "rh100": 24.61,
        "quality_flag": 1,
        "beam": "BEAM01"
      }
    },
    {
      "type": "Feature",
      "geometry": {
        "type": "Point",
        "coordinates": [
          -70.139188,
          -12.557121
        ]
      },
      "properties": {
        "transect_id": 0,
        "elev_lowestmode": 288.8299865722656,
        "elev_dem": 289.0,
        "rh100": 27.04,
        "quality_flag": 1,
        "beam": "BEAM01"
      }
    },
    {
      "type": "Feature",
      "geometry": {
        "type": "Point",
        "coordinates": [
          -70.13945,
          -12.556896
        ]
      },
      "properties": {
        "transect_id": 0,
        "elev_lowestmode": 284.7900085449219,
        "elev_dem": 286.0,
        "rh100": 27.96,
        "quality_flag": 1,
        "beam": "BEAM01"
      }
    },
    {
      "type": "Feature",
      "geometry": {
        "type": "Point",
        "coordinates": [
          -70.13942,
          -12.55667
        ]
      },
      "properties": {
        "transect_id": 0,
        "elev_lowestmode": 285.3399963378906,
        "elev_dem": 287.0,
        "rh100": 25.69,
        "quality_flag": 1,
        "beam": "BEAM01"
      }
    },
    {
      "type": "Feature",
      "geometry": {
        "type": "Point",
        "coordinates": [
          -70.139859,
          -12.55622
        ]
      },
      "properties": {
        "transect_id": 0,
        "elev_lowestmode": 286.4200134277344,
        "elev_dem": 287.0,
        "rh100": 20.83,
        "quality_flag": 1,
        "beam": "BEAM01"
      }
    },
    {
      "type": "Feature",
      "geometry": {
        "type": "Point",
        "coordinates": [
          -70.139277,
          -12.55577
        ]
      },
      "properties": {
        "transect_id": 0,
        "elev_lowestmode": 291.92999267578125,
        "elev_dem": 291.0,
        "rh100": 26.67,
        "quality_flag": 1,
        "beam": "BEAM01"
      }
    },
    {
      "type": "Feature",
      "geometry": {
        "type": "Point",
        "coordinates": [
          -70.139467,
          -12.555544
        ]
      },
      "properties": {
        "transect_id": 0,
        "elev_lowestmode": 288.9800109863281,
        "elev_dem": 289.0,
        "rh100": 26.47,
        "quality_flag": 1,
        "beam": "BEAM01"
      }
    },
    {
      "type": "Feature",
      "geometry": {
        "type": "Point",
        "coordinates": [
          -70.139399,
          -12.555319
        ]
      },
      "properties": {
        "transect_id": 0,
        "elev_lowestmode": 288.6700134277344,
        "elev_dem": 289.0,
        "rh100": 31.49,
        "quality_flag": 1,
        "beam": "BEAM01"
      }
    },
    {
      "type": "Feature",
      "geometry": {
        "type": "Point",
        "coordinates": [
          -70.139153,
          -12.554869
        ]
      },
      "properties": {
        "transect_id": 0,
        "elev_lowestmode": 287.0299987792969,
        "elev_dem": 287.0,
        "rh100": 33.27,
        "quality_flag": 1,
        "beam": "BEAM01"
      }
    },
    {
      "type": "Feature",
      "geometry": {
        "type": "Point",
        "coordinates": [
          -70.139825,
          -12.554643
        ]
      },
      "properties": {
        "transect_id": 0,
        "elev_lowestmode": 286.4800109863281,
        "elev_dem": 287.0,
        "rh100": 31.01,
        "quality_flag": 1,
        "beam": "BEAM01"
      }
    },
    {
      "type": "Feature",
      "geometry": {
        "type": "Point",
        "coordinates": [
          -70.139678,
          -12.554193
        ]
      },
      "properties": {
        "transect_id": 0,
        "elev_lowestmode": 283.5199890136719,
        "elev_dem": 283.0,
        "rh100": 22.39,
        "quality_flag": 1,
        "beam": "BEAM01"
      }
    },
    {
      "type": "Feature",
      "geometry": {
        "type": "Point",
        "coordinates": [
          -70.139974,
          -12.553968
        ]
      },
      "properties": {
        "transect_id": 0,
        "elev_lowestmode": 285.79998779296875,
        "elev_dem": 285.0,
        "rh100": 23.08,
        "quality_flag": 1,
        "beam": "BEAM01"
      }
    },
    {
      "type": "Feature",
      "geometry": {
        "type": "Point",
        "coordinates": [
          -70.140054,
          -12.553517
        ]
      },
      "properties": {
        "transect_id": 0,
        "elev_lowestmode": 287.1099853515625,
        "elev_dem": 287.0,
        "rh100": 24.24,
        "quality_flag": 0,
        "beam": "BEAM01"
      }
    },
    {
      "type": "Feature",
      "geometry": {
        "type": "Point",
        "coordinates": [
          -70.139617,
          -12.552842
        ]
      },
      "properties": {
        "transect_id": 0,
        "elev_lowestmode": 292.7099914550781,
        "elev_dem": 293.0,
        "rh100": 32.93,
        "quality_flag": 1,
        "beam": "BEAM01"
      }
    },
    {
      "type": "Feature",
      "geometry": {
        "type": "Point",
        "coordinates": [
          -70.13987,
          -12.552391
        ]
      },
      "properties": {
        "transect_id": 0,
        "elev_lowestmode": 293.3800048828125,
        "elev_dem": 292.0,
        "rh100": 26.29,
        "quality_flag": 1,
        "beam": "BEAM01"
      }
    },
    {
      "type": "Feature",
      "geometry": {
        "type": "Point",
        "coordinates": [
          -70.13927,
          -12.551715
        ]
      },
      "properties": {
        "transect_id": 0,
        "elev_lowestmode": 299.82000732421875,
        "elev_dem": 300.0,
        "rh100": 21.99,
        "quality_flag": 1,
        "beam": "BEAM01"
      }
    },
    {
      "type": "Feature",
      "geometry": {
        "type": "Point",
        "coordinates": [
          -70.139915,
          -12.550815
        ]
      },
      "properties": {
        "transect_id": 0,
        "elev_lowestmode": 301.6199951171875,
        "elev_dem": 301.0,
        "rh100": 20.38,
        "quality_flag": 1,
        "beam": "BEAM01"
      }
    },
    {
      "type": "Feature",
      "geometry": {
        "type": "Point",
        "coordinates": [
          -70.139719,
          -12.549914
        ]
      },
      "properties": {
        "transect_id": 0,
        "elev_lowestmode": 296.9800109863281,
        "elev_dem": 297.0,
        "rh100": 30.27,
        "quality_flag": 1,
        "beam": "BEAM01"
      }
    },
    {
      "type": "Feature",
      "geometry": {
        "type": "Point",
        "coordinates": [
          -70.139553,
          -12.549688
        ]
      },
      "properties": {
        "transect_id": 0,
        "elev_lowestmode": 297.9200134277344,
        "elev_dem": 298.0,
        "rh100": 27.18,
        "quality_flag": 1,
        "beam": "BEAM01"
      }
    },
    {
      "type": "Feature",
      "geometry": {
        "type": "Point",
        "coordinates": [
          -70.139387,
          -12.549463
        ]
      },
      "properties": {
        "transect_id": 0,
        "elev_lowestmode": 295.4100036621094,
        "elev_dem": 297.0,
        "rh100": 26.93,
        "quality_flag": 1,
        "beam": "BEAM01"
      }
    },
    {
      "type": "Feature",
      "geometry": {
        "type": "Point",
        "coordinates": [
          -70.140059,
          -12.549238
        ]
      },
      "properties": {
        "transect_id": 0,
        "elev_lowestmode": 296.5199890136719,
        "elev_dem": 298.0,
        "rh100": 32.44,
        "quality_flag": 1,
        "beam": "BEAM01"
      }
    },
    {
      "type": "Feature",
      "geometry": {
        "type": "Point",
        "coordinates": [
          -70.139319,
          -12.548112
        ]
      },
      "properties": {
        "transect_id": 0,
        "elev_lowestmode": 301.3500061035156,
        "elev_dem": 301.0,
        "rh100": 21.43,
        "quality_flag": 1,
        "beam": "BEAM01"
      }
    },
    {
      "type": "Feature",
      "geometry": {
        "type": "Point",
        "coordinates": [
          -70.139164,
          -12.547661
        ]
      },
      "properties": {
        "transect_id": 0,
        "elev_lowestmode": 299.75,
        "elev_dem": 300.0,
        "rh100": 22.63,
        "quality_flag": 1,
        "beam": "BEAM01"
      }
    },
    {
      "type": "Feature",
      "geometry": {
        "type": "Point",
        "coordinates": [
          -70.139362,
          -12.547211
        ]
      },
      "properties": {
        "transect_id": 0,
        "elev_lowestmode": 298.3500061035156,
        "elev_dem": 298.0,
        "rh100": 25.81,
        "quality_flag": 1,
        "beam": "BEAM01"
      }
    },
    {
      "type": "Feature",
      "geometry": {
        "type": "Point",
        "coordinates": [
          -70.139216,
          -12.546986
        ]
      },
      "properties": {
        "transect_id": 0,
        "elev_lowestmode": 295.6400146484375,
        "elev_dem": 296.0,
        "rh100": 34.82,
        "quality_flag": 1,
        "beam": "BEAM01"
      }
    },
    {
      "type": "Feature",
      "geometry": {
        "type": "Point",
        "coordinates": [
          -70.139804,
          -12.546761
        ]
      },
      "properties": {
        "transect_id": 0,
        "elev_lowestmode": 297.3299865722656,
        "elev_dem": 298.0,
        "rh100": 30.55,
        "quality_flag": 1,
        "beam": "BEAM01"
      }
    },
    {
      "type": "Feature",
      "geometry": {
        "type": "Point",
        "coordinates": [
          -70.139233,
          -12.546535
        ]
      },
      "properties": {
        "transect_id": 0,
        "elev_lowestmode": 293.8599853515625,
        "elev_dem": 294.0,
        "rh100": 31.88,
        "quality_flag": 1,
        "beam": "BEAM01"
      }
    },
    {
      "type": "Feature",
      "geometry": {
        "type": "Point",
        "coordinates": [
          -70.139246,
          -12.54586
        ]
      },
      "properties": {
        "transect_id": 0,
        "elev_lowestmode": 293.2699890136719,
        "elev_dem": 295.0,
        "rh100": 34.8,
        "quality_flag": 1,
        "beam": "BEAM01"
      }
    },
    {
      "type": "Feature",
      "geometry": {
        "type": "Point",
        "coordinates": [
          -70.139196,
          -12.545634
        ]
      },
      "properties": {
        "transect_id": 0,
        "elev_lowestmode": 293.69000244140625,
        "elev_dem": 293.0,
        "rh100": 33.18,
        "quality_flag": 1,
        "beam": "BEAM01"
      }
    },
    {
      "type": "Feature",
      "geometry": {
        "type": "Point",
        "coordinates": [
          -70.139888,
          -12.544733
        ]
      },
      "properties": {
        "transect_id": 0,
        "elev_lowestmode": 295.6499938964844,
        "elev_dem": 297.0,
        "rh100": 20.73,
        "quality_flag": 1,
        "beam": "BEAM01"
      }
    },
    {
      "type": "Feature",
      "geometry": {
        "type": "Point",
        "coordinates": [
          -70.139851,
          -12.544508
        ]
      },
      "properties": {
        "transect_id": 0,
        "elev_lowestmode": 299.5899963378906,
        "elev_dem": 299.0,
        "rh100": 32.42,
        "quality_flag": 1,
        "beam": "BEAM01"
      }
    },
    {
      "type": "Feature",
      "geometry": {
        "type": "Point",
        "coordinates": [
          -70.139289,
          -12.544283
        ]
      },
      "properties": {
        "transect_id": 0,
        "elev_lowestmode": 299.8800048828125,
        "elev_dem": 299.0,
        "rh100": 30.38,
        "quality_flag": 0,
        "beam": "BEAM01"
      }
    },
    {
      "type": "Feature",
      "geometry": {
        "type": "Point",
        "coordinates": [
          -70.139704,
          -12.544058
        ]
      },
      "properties": {
        "transect_id": 0,
        "elev_lowestmode": 297.29998779296875,
        "elev_dem": 296.0,
        "rh100": 24.98,
        "quality_flag": 1,
        "beam": "BEAM01"
      }
    },
    {
      "type": "Feature",
      "geometry": {
        "type": "Point",
        "coordinates": [
          -70.139475,
          -12.543833
        ]
      },
      "properties": {
        "transect_id": 0,
        "elev_lowestmode": 296.1099853515625,
        "elev_dem": 297.0,
        "rh100": 34.27,
        "quality_flag": 1,
        "beam": "BEAM01"
      }
    },
    {
      "type": "Feature",
      "geometry": {
        "type": "Point",
        "coordinates": [
          -70.139102,
          -12.543382
        ]
      },
      "properties": {
        "transect_id": 0,
        "elev_lowestmode": 295.29998779296875,
        "elev_dem": 295.0,
        "rh100": 28.08,
        "quality_flag": 1,
        "beam": "BEAM01"
      }
    },
    {
      "type": "Feature",
      "geometry": {
        "type": "Point",
        "coordinates": [
          -70.139858,
          -12.543157
        ]
      },
      "properties": {
        "transect_id": 0,
        "elev_lowestmode": 295.1499938964844,
        "elev_dem": 295.0,
        "rh100": 27.49,
        "quality_flag": 1,
        "beam": "BEAM01"
      }
    },
    {
      "type": "Feature",
      "geometry": {
        "type": "Point",
        "coordinates": [
          -70.13925,
          -12.542932
        ]
      },
      "properties": {
        "transect_id": 0,
        "elev_lowestmode": 295.32000732421875,
        "elev_dem": 296.0,
        "rh100": 28.06,
        "quality_flag": 1,
        "beam": "BEAM01"
      }
    },
    {
      "type": "Feature",
      "geometry": {
        "type": "Point",
        "coordinates": [
          -70.140075,
          -12.542031
        ]
      },
      "properties": {
        "transect_id": 0,
        "elev_lowestmode": 295.55999755859375,
        "elev_dem": 297.0,
        "rh100": 34.27,
        "quality_flag": 1,
        "beam": "BEAM01"
      }
    },
    {
      "type": "Feature",
      "geometry": {
        "type": "Point",
        "coordinates": [
          -70.139614,
          -12.541355
        ]
      },
      "properties": {
        "transect_id": 0,
        "elev_lowestmode": 300.07000732421875,
        "elev_dem": 299.0,
        "rh100": 29.12,
        "quality_flag": 1,
        "beam": "BEAM01"
      }
    },
    {
      "type": "Feature",
      "geometry": {
        "type": "Point",
        "coordinates": [
          -70.139929,
          -12.540679
        ]
      },
      "properties": {
        "transect_id": 0,
        "elev_lowestmode": 301.55999755859375,
        "elev_dem": 302.0,
        "rh100": 29.58,
        "quality_flag": 1,
        "beam": "BEAM01"
      }
    },
    {
      "type": "Feature",
      "geometry": {
        "type": "Point",
        "coordinates": [
          -70.139612,
          -12.540229
        ]
      },
      "properties": {
        "transect_id": 0,
        "elev_lowestmode": 301.75,
        "elev_dem": 302.0,
        "rh100": 30.81,
        "quality_flag": 0,
        "beam": "BEAM01"
      }
    },
    {
      "type": "Feature",
      "geometry": {
        "type": "Point",
        "coordinates": [
          -70.129393,
          -12.599914
        ]
      },
      "properties": {
        "transect_id": 1,
        "elev_lowestmode": 237.77999877929688,
        "elev_dem": 237.0,
        "rh100": 32.16,
        "quality_flag": 1,
        "beam": "BEAM02"
      }
    },
    {
      "type": "Feature",
      "geometry": {
        "type": "Point",
        "coordinates": [
          -70.127843,
          -12.599688
        ]
      },
      "properties": {
        "transect_id": 1,
        "elev_lowestmode": 230.58999633789062,
        "elev_dem": 231.0,
        "rh100": 26.88,
        "quality_flag": 1,
        "beam": "BEAM02"
      }
    },
    {
      "type": "Feature",
      "geometry": {
        "type": "Point",
        "coordinates": [
          -70.129278,
          -12.599463
        ]
      },
      "properties": {
        "transect_id": 1,
        "elev_lowestmode": 229.14999389648438,
        "elev_dem": 230.0,
        "rh100": 33.74,
        "quality_flag": 1,
        "beam": "BEAM02"
      }
    },
    {
      "type": "Feature",
      "geometry": {
        "type": "Point",
        "coordinates": [
          -70.128323,
          -12.599238
        ]
      },
      "properties": {
        "transect_id": 1,
        "elev_lowestmode": 236.72999572753906,
        "elev_dem": 237.0,
        "rh100": 29.89,
        "quality_flag": 1,
        "beam": "BEAM02"
      }
    },
    {
      "type": "Feature",
      "geometry": {
        "type": "Point",
        "coordinates": [
          -70.128816,
          -12.599013
        ]
      },
      "properties": {
        "transect_id": 1,
        "elev_lowestmode": 230.9600067138672,
        "elev_dem": 229.0,
        "rh100": 29.6,
        "quality_flag": 1,
        "beam": "BEAM02"
      }
    },
    {
      "type": "Feature",
      "geometry": {
        "type": "Point",
        "coordinates": [
          -70.129437,
          -12.598788
        ]
      },
      "properties": {
        "transect_id": 1,
        "elev_lowestmode": 230.25,
        "elev_dem": 230.0,
        "rh100": 20.55,
        "quality_flag": 1,
        "beam": "BEAM02"
      }
    },
    {
      "type": "Feature",
      "geometry": {
        "type": "Point",
        "coordinates": [
          -70.127823,
          -12.598562
        ]
      },
      "properties": {
        "transect_id": 1,
        "elev_lowestmode": 241.10000610351562,
        "elev_dem": 240.0,
        "rh100": 20.36,
        "quality_flag": 1,
        "beam": "BEAM02"
      }
    },
    {
      "type": "Feature",
      "geometry": {
        "type": "Point",
        "coordinates": [
          -70.127954,
          -12.598337
        ]
      },
      "properties": {
        "transect_id": 1,
        "elev_lowestmode": 239.14999389648438,
        "elev_dem": 240.0,
        "rh100": 22.06,
        "quality_flag": 1,
        "beam": "BEAM02"
      }
    },
    {
      "type": "Feature",
      "geometry": {
        "type": "Point",
        "coordinates": [
          -70.127605,
          -12.598112
        ]
      },
      "properties": {
        "transect_id": 1,
        "elev_lowestmode": 244.08999633789062,
        "elev_dem": 244.0,
        "rh100": 31.92,
        "quality_flag": 1,
        "beam": "BEAM02"
      }
    },
    {
      "type": "Feature",
      "geometry": {
        "type": "Point",
        "coordinates": [
          -70.128988,
          -12.597887
        ]
      },
      "properties": {
        "transect_id": 1,
        "elev_lowestmode": 231.32000732421875,
        "elev_dem": 231.0,
        "rh100": 32.16,
        "quality_flag": 1,
        "beam": "BEAM02"
      }
    },
    {
      "type": "Feature",
      "geometry": {
        "type": "Point",
        "coordinates": [
          -70.128708,
          -12.597661
        ]
      },
      "properties": {
        "transect_id": 1,
        "elev_lowestmode": 235.17999267578125,
        "elev_dem": 234.0,
        "rh100": 23.98,
        "quality_flag": 1,
        "beam": "BEAM02"
      }
    },
    {
      "type": "Feature",
      "geometry": {
        "type": "Point",
        "coordinates": [
          -70.128909,
          -12.597436
        ]
      },
      "properties": {
        "transect_id": 1,
        "elev_lowestmode": 235.52999877929688,
        "elev_dem": 235.0,
        "rh100": 31.55,
        "quality_flag": 1,
        "beam": "BEAM02"
      }
    },
    {
      "type": "Feature",
      "geometry": {
        "type": "Point",
        "coordinates": [
          -70.128996,
          -12.597211
        ]
      },
      "properties": {
        "transect_id": 1,
        "elev_lowestmode": 237.52999877929688,
        "elev_dem": 236.0,
        "rh100": 33.11,
        "quality_flag": 1,
        "beam": "BEAM02"
      }
    },
    {
      "type": "Feature",
      "geometry": {
        "type": "Point",
        "coordinates": [
          -70.128824,
          -12.596986
        ]
      },
      "properties": {
        "transect_id": 1,
        "elev_lowestmode": 236.7899932861328,
        "elev_dem": 237.0,
        "rh100": 27.74,
        "quality_flag": 1,
        "beam": "BEAM02"
      }
    },
    {
      "type": "Feature",
      "geometry": {
        "type": "Point",
        "coordinates": [
          -70.128615,
          -12.596761
        ]
      },
      "properties": {
        "transect_id": 1,
        "elev_lowestmode": 242.58999633789062,
        "elev_dem": 243.0,
        "rh100": 21.86,
        "quality_flag": 0,
        "beam": "BEAM02"
      }
    },
    {
      "type": "Feature",
      "geometry": {
        "type": "Point",
        "coordinates": [
          -70.128316,
          -12.596535
        ]
      },
      "properties": {
        "transect_id": 1,
        "elev_lowestmode": 244.8000030517578,
        "elev_dem": 244.0,
        "rh100": 31.67,
        "quality_flag": 1,
        "beam": "BEAM02"
      }
    },
    {
      "type": "Feature",
      "geometry": {
        "type": "Point",
        "coordinates": [
          -70.127761,
          -12.59631
        ]
      },
      "properties": {
        "transect_id": 1,
        "elev_lowestmode": 244.66000366210938,
        "elev_dem": 245.0,
        "rh100": 29.57,
        "quality_flag": 0,
        "beam": "BEAM02"
      }
    },
    {
      "type": "Feature",
      "geometry": {
        "type": "Point",
        "coordinates": [
          -70.128086,
          -12.596085
        ]
      },
      "properties": {
        "transect_id": 1,
        "elev_lowestmode": 245.52000427246094,
        "elev_dem": 244.0,
        "rh100": 20.43,
        "quality_flag": 1,
        "beam": "BEAM02"
      }
    },
    {
      "type": "Feature",
      "geometry": {
        "type": "Point",
        "coordinates": [
          -70.129483,
          -12.59586
        ]
      },
      "properties": {
        "transect_id": 1,
        "elev_lowestmode": 245.8800048828125,
        "elev_dem": 244.0,
        "rh100": 31.46,
        "quality_flag": 1,
        "beam": "BEAM02"
      }
    },
    {
      "type": "Feature",
      "geometry": {
        "type": "Point",
        "coordinates": [
          -70.128411,
          -12.595634
        ]
      },
      "properties": {
        "transect_id": 1,
        "elev_lowestmode": 244.0500030517578,
        "elev_dem": 243.0,
        "rh100": 31.41,
        "quality_flag": 1,
        "beam": "BEAM02"
      }
    },
    {
      "type": "Feature",
      "geometry": {
        "type": "Point",
        "coordinates": [
          -70.128901,
          -12.595409
        ]
      },
      "properties": {
        "transect_id": 1,
        "elev_lowestmode": 246.64999389648438,
        "elev_dem": 246.0,
        "rh100": 22.23,
        "quality_flag": 1,
        "beam": "BEAM02"
      }
    },
    {
      "type": "Feature",
      "geometry": {
        "type": "Point",
        "coordinates": [
          -70.128561,
          -12.595184
        ]
      },
      "properties": {
        "transect_id": 1,
        "elev_lowestmode": 243.9600067138672,
        "elev_dem": 245.0,
        "rh100": 30.31,
        "quality_flag": 1,
        "beam": "BEAM02"
      }
    },
    {
      "type": "Feature",
      "geometry": {
        "type": "Point",
        "coordinates": [
          -70.128029,
          -12.594959
        ]
      },
      "properties": {
        "transect_id": 1,
        "elev_lowestmode": 244.75,
        "elev_dem": 245.0,
        "rh100": 29.45,
        "quality_flag": 1,
        "beam": "BEAM02"
      }
    },
    {
      "type": "Feature",
      "geometry": {
        "type": "Point",
        "coordinates": [
          -70.129052,
          -12.594733
        ]
      },
      "properties": {
        "transect_id": 1,
        "elev_lowestmode": 242.08999633789062,
        "elev_dem": 241.0,
        "rh100": 20.74,
        "quality_flag": 0,
        "beam": "BEAM02"
      }
    },
    {
      "type": "Feature",
      "geometry": {
        "type": "Point",
        "coordinates": [
          -70.127635,
          -12.594508
        ]
      },
      "properties": {
        "transect_id": 1,
        "elev_lowestmode": 242.60000610351562,
        "elev_dem": 243.0,
        "rh100": 23.91,
        "quality_flag": 1,
        "beam": "BEAM02"
      }
    },
    {
      "type": "Feature",
      "geometry": {
        "type": "Point",
        "coordinates": [
          -70.127985,
          -12.594283
        ]
      },
      "properties": {
        "transect_id": 1,
        "elev_lowestmode": 237.83999633789062,
        "elev_dem": 239.0,
        "rh100": 27.01,
        "quality_flag": 1,
        "beam": "BEAM02"
      }
    },
    {
      "type": "Feature",
      "geometry": {
        "type": "Point",
        "coordinates": [
          -70.128694,
          -12.594058
        ]
      },
      "properties": {
        "transect_id": 1,
        "elev_lowestmode": 242.1199951171875,
        "elev_dem": 243.0,
        "rh100": 30.65,
        "quality_flag": 0,
        "beam": "BEAM02"
      }
    },
    {
      "type": "Feature",
      "geometry": {
        "type": "Point",
        "coordinates": [
          -70.128156,
          -12.593833
        ]
      },
      "properties": {
        "transect_id": 1,
        "elev_lowestmode": 239.60000610351562,
        "elev_dem": 240.0,
        "rh100": 22.39,
        "quality_flag": 1,
        "beam": "BEAM02"
      }
    },
    {
      "type": "Feature",
      "geometry": {
        "type": "Point",
        "coordinates": [
          -70.129157,
          -12.593607
        ]
      },
      "properties": {
        "transect_id": 1,
        "elev_lowestmode": 241.0500030517578,
        "elev_dem": 242.0,
        "rh100": 29.34,
        "quality_flag": 1,
        "beam": "BEAM02"
      }
    },
    {
      "type": "Feature",
      "geometry": {
        "type": "Point",
        "coordinates": [
          -70.1281,
          -12.593382
        ]
      },
      "properties": {
        "transect_id": 1,
        "elev_lowestmode": 237.72000122070312,
        "elev_dem": 237.0,
        "rh100": 24.42,
        "quality_flag": 0,
        "beam": "BEAM02"
      }
    },
    {
      "type": "Feature",
      "geometry": {
        "type": "Point",
        "coordinates": [
          -70.129021,
          -12.593157
        ]
      },
      "properties": {
        "transect_id": 1,
        "elev_lowestmode": 242.13999938964844,
        "elev_dem": 243.0,
        "rh100": 22.58,
        "quality_flag": 1,
        "beam": "BEAM02"
      }
    },
    {
      "type": "Feature",
      "geometry": {
        "type": "Point",
        "coordinates": [
          -70.128505,
          -12.592932
        ]
      },
      "properties": {
        "transect_id": 1,
        "elev_lowestmode": 238.52999877929688,
        "elev_dem": 240.0,
        "rh100": 21.26,
        "quality_flag": 1,
        "beam": "BEAM02"
      }
    },
    {
      "type": "Feature",
      "geometry": {
        "type": "Point",
        "coordinates": [
          -70.127919,
          -12.592706
        ]
      },
      "properties": {
        "transect_id": 1,
        "elev_lowestmode": 238.2100067138672,
        "elev_dem": 237.0,
        "rh100": 21.52,
        "quality_flag": 1,
        "beam": "BEAM02"
      }
    },
    {
      "type": "Feature",
      "geometry": {
        "type": "Point",
        "coordinates": [
          -70.129066,
          -12.592481
        ]
      },
      "properties": {
        "transect_id": 1,
        "elev_lowestmode": 247.57000732421875,
        "elev_dem": 246.0,
        "rh100": 32.66,
        "quality_flag": 1,
        "beam": "BEAM02"
      }
    },
    {
      "type": "Feature",
      "geometry": {
        "type": "Point",
        "coordinates": [
          -70.129421,
          -12.592256
        ]
      },
      "properties": {
        "transect_id": 1,
        "elev_lowestmode": 242.82000732421875,
        "elev_dem": 244.0,
        "rh100": 32.29,
        "quality_flag": 1,
        "beam": "BEAM02"
      }
    },
    {
      "type": "Feature",
      "geometry": {
        "type": "Point",
        "coordinates": [
          -70.127652,
          -12.592031
        ]
      },
      "properties": {
        "transect_id": 1,
        "elev_lowestmode": 239.49000549316406,
        "elev_dem": 240.0,
        "rh100": 24.12,
        "quality_flag": 1,
        "beam": "BEAM02"
      }
    },
    {
      "type": "Feature",
      "geometry": {
        "type": "Point",
        "coordinates": [
          -70.128725,
          -12.591806
        ]
      },
      "properties": {
        "transect_id": 1,
        "elev_lowestmode": 239.97000122070312,
        "elev_dem": 239.0,
        "rh100": 33.96,
        "quality_flag": 1,
        "beam": "BEAM02"
      }
    },
    {
      "type": "Feature",
      "geometry": {
        "type": "Point",
        "coordinates": [
          -70.129352,
          -12.59158
        ]
      },
      "properties": {
        "transect_id": 1,
        "elev_lowestmode": 244.47000122070312,
        "elev_dem": 244.0,
        "rh100": 32.05,
        "quality_flag": 1,
        "beam": "BEAM02"
      }
    },
    {
      "type": "Feature",
      "geometry": {
        "type": "Point",
        "coordinates": [
          -70.128933,
          -12.591355
        ]
      },
      "properties": {
        "transect_id": 1,
        "elev_lowestmode": 233.94000244140625,
        "elev_dem": 235.0,
        "rh100": 25.62,
        "quality_flag": 0,
        "beam": "BEAM02"
      }
    },
    {
      "type": "Feature",
      "geometry": {
        "type": "Point",
        "coordinates": [
          -70.128815,
          -12.59113
        ]
      },
      "properties": {
        "transect_id": 1,
        "elev_lowestmode": 233.25,
        "elev_dem": 232.0,
        "rh100": 25.8,
        "quality_flag": 0,
        "beam": "BEAM02"
      }
    },
    {
      "type": "Feature",
      "geometry": {
        "type": "Point",
        "coordinates": [
          -70.127611,
          -12.590905
        ]
      },
      "properties": {
        "transect_id": 1,
        "elev_lowestmode": 230.77999877929688,
        "elev_dem": 230.0,
        "rh100": 23.21,
        "quality_flag": 1,
        "beam": "BEAM02"
      }
    },
    {
      "type": "Feature",
      "geometry": {
        "type": "Point",
        "coordinates": [
          -70.129366,
          -12.590679
        ]
      },
      "properties": {
        "transect_id": 1,
        "elev_lowestmode": 235.9199981689453,
        "elev_dem": 235.0,
        "rh100": 29.91,
        "quality_flag": 1,
        "beam": "BEAM02"
      }
    },
    {
      "type": "Feature",
      "geometry": {
        "type": "Point",
        "coordinates": [
          -70.128316,
          -12.590454
        ]
      },
      "properties": {
        "transect_id": 1,
        "elev_lowestmode": 229.88999938964844,
        "elev_dem": 231.0,
        "rh100": 20.01,
        "quality_flag": 1,
        "beam": "BEAM02"
      }
    },
    {
      "type": "Feature",
      "geometry": {
        "type": "Point",
        "coordinates": [
          -70.128801,
          -12.590229
        ]
      },
      "properties": {
        "transect_id": 1,
        "elev_lowestmode": 229.8699951171875,
        "elev_dem": 231.0,
        "rh100": 21.13,
        "quality_flag": 1,
        "beam": "BEAM02"
      }
    },
    {
      "type": "Feature",
      "geometry": {
        "type": "Point",
        "coordinates": [
          -70.128288,
          -12.590004
        ]
      },
      "properties": {
        "transect_id": 1,
        "elev_lowestmode": 232.13999938964844,
        "elev_dem": 233.0,
        "rh100": 30.3,
        "quality_flag": 1,
        "beam": "BEAM02"
      }
    },
    {
      "type": "Feature",
      "geometry": {
        "type": "Point",
        "coordinates": [
          -70.128171,
          -12.589779
        ]
      },
      "properties": {
        "transect_id": 1,
        "elev_lowestmode": 238.38999938964844,
        "elev_dem": 238.0,
        "rh100": 29.59,
        "quality_flag": 1,
        "beam": "BEAM02"
      }
    },
    {
      "type": "Feature",
      "geometry": {
        "type": "Point",
        "coordinates": [
          -70.129473,
          -12.589553
        ]
      },
      "properties": {
        "transect_id": 1,
        "elev_lowestmode": 242.80999755859375,
        "elev_dem": 242.0,
        "rh100": 25.87,
        "quality_flag": 1,
        "beam": "BEAM02"
      }
    },
    {
      "type": "Feature",
      "geometry": {
        "type": "Point",
        "coordinates": [
          -70.128264,
          -12.589328
        ]
      },
      "properties": {
        "transect_id": 1,
        "elev_lowestmode": 239.67999267578125,
        "elev_dem": 241.0,
        "rh100": 25.15,
        "quality_flag": 1,
        "beam": "BEAM02"
      }
    },
    {
      "type": "Feature",
      "geometry": {
        "type": "Point",
        "coordinates": [
          -70.127684,
          -12.589103
        ]
      },
      "properties": {
        "transect_id": 1,
        "elev_lowestmode": 243.92999267578125,
        "elev_dem": 246.0,
        "rh100": 30.56,
        "quality_flag": 1,
        "beam": "BEAM02"
      }
    },
    {
      "type": "Feature",
      "geometry": {
        "type": "Point",
        "coordinates": [
          -70.129256,
          -12.588878
        ]
      },
      "properties": {
        "transect_id": 1,
        "elev_lowestmode": 240.4499969482422,
        "elev_dem": 243.0,
        "rh100": 27.43,
        "quality_flag": 1,
        "beam": "BEAM02"
      }
    },
    {
      "type": "Feature",
      "geometry": {
        "type": "Point",
        "coordinates": [
          -70.128452,
          -12.588652
        ]
      },
      "properties": {
        "transect_id": 1,
        "elev_lowestmode": 239.14999389648438,
        "elev_dem": 242.0,
        "rh100": 26.75,
        "quality_flag": 1,
        "beam": "BEAM02"
      }
    },
    {
      "type": "Feature",
      "geometry": {
        "type": "Point",
        "coordinates": [
          -70.128814,
          -12.588427
        ]
      },
      "properties": {
        "transect_id": 1,
        "elev_lowestmode": 244.41000366210938,
        "elev_dem": 245.0,
        "rh100": 23.84,
        "quality_flag": 1,
        "beam": "BEAM02"
      }
    },
    {
      "type": "Feature",
      "geometry": {
        "type": "Point",
        "coordinates": [
          -70.12926,
          -12.588202
        ]
      },
      "properties": {
        "transect_id": 1,
        "elev_lowestmode": 245.6999969482422,
        "elev_dem": 246.0,
        "rh100": 28.87,
        "quality_flag": 1,
        "beam": "BEAM02"
      }
    },
    {
      "type": "Feature",
      "geometry": {
        "type": "Point",
        "coordinates": [
          -70.128561,
          -12.587977
        ]
      },
      "properties": {
        "transect_id": 1,
        "elev_lowestmode": 242.22000122070312,
        "elev_dem": 241.0,
        "rh100": 28.64,
        "quality_flag": 1,
        "beam": "BEAM02"
      }
    },
    {
      "type": "Feature",
      "geometry": {
        "type": "Point",
        "coordinates": [
          -70.128292,
          -12.587752
        ]
      },
      "properties": {
        "transect_id": 1,
        "elev_lowestmode": 241.72000122070312,
        "elev_dem": 242.0,
        "rh100": 22.04,
        "quality_flag": 1,
        "beam": "BEAM02"
      }
    },
    {
      "type": "Feature",
      "geometry": {
        "type": "Point",
        "coordinates": [
          -70.128058,
          -12.587526
        ]
      },
      "properties": {
        "transect_id": 1,
        "elev_lowestmode": 241.82000732421875,
        "elev_dem": 242.0,
        "rh100": 27.79,
        "quality_flag": 1,
        "beam": "BEAM02"
      }
    },
    {
      "type": "Feature",
      "geometry": {
        "type": "Point",
        "coordinates": [
          -70.129528,
          -12.587301
        ]
      },
      "properties": {
        "transect_id": 1,
        "elev_lowestmode": 243.2899932861328,
        "elev_dem": 244.0,
        "rh100": 21.38,
        "quality_flag": 1,
        "beam": "BEAM02"
      }
    },
    {
      "type": "Feature",
      "geometry": {
        "type": "Point",
        "coordinates": [
          -70.12949,
          -12.587076
        ]
      },
      "properties": {
        "transect_id": 1,
        "elev_lowestmode": 245.75999450683594,
        "elev_dem": 245.0,
        "rh100": 23.37,
        "quality_flag": 1,
        "beam": "BEAM02"
      }
    },
    {
      "type": "Feature",
      "geometry": {
        "type": "Point",
        "coordinates": [
          -70.128743,
          -12.586851
        ]
      },
      "properties": {
        "transect_id": 1,
        "elev_lowestmode": 242.89999389648438,
        "elev_dem": 242.0,
        "rh100": 30.7,
        "quality_flag": 1,
        "beam": "BEAM02"
      }
    },
    {
      "type": "Feature",
      "geometry": {
        "type": "Point",
        "coordinates": [
          -70.12951,
          -12.586625
        ]
      },
      "properties": {
        "transect_id": 1,
        "elev_lowestmode": 245.13999938964844,
        "elev_dem": 245.0,
        "rh100": 27.64,
        "quality_flag": 1,
        "beam": "BEAM02"
      }
    },
    {
      "type": "Feature",
      "geometry": {
        "type": "Point",
        "coordinates": [
          -70.129123,
          -12.5864
        ]
      },
      "properties": {
        "transect_id": 1,
        "elev_lowestmode": 246.02999877929688,
        "elev_dem": 246.0,
        "rh100": 27.35,
        "quality_flag": 1,
        "beam": "BEAM02"
      }
    },
    {
      "type": "Feature",
      "geometry": {
        "type": "Point",
        "coordinates": [
          -70.128831,
          -12.586175
        ]
      },
      "properties": {
        "transect_id": 1,
        "elev_lowestmode": 246.66000366210938,
        "elev_dem": 247.0,
        "rh100": 31.18,
        "quality_flag": 1,
        "beam": "BEAM02"
      }
    },
    {
      "type": "Feature",
      "geometry": {
        "type": "Point",
        "coordinates": [
          -70.129247,
          -12.58595
        ]
      },
      "properties": {
        "transect_id": 1,
        "elev_lowestmode": 244.32000732421875,
        "elev_dem": 244.0,
        "rh100": 31.12,
        "quality_flag": 1,
        "beam": "BEAM02"
      }
    },
    {
      "type": "Feature",
      "geometry": {
        "type": "Point",
        "coordinates": [
          -70.129385,
          -12.585724
        ]
      },
      "properties": {
        "transect_id": 1,
        "elev_lowestmode": 243.6300048828125,
        "elev_dem": 244.0,
        "rh100": 28.89,
        "quality_flag": 1,
        "beam": "BEAM02"
      }
    },
    {
      "type": "Feature",
      "geometry": {
        "type": "Point",
        "coordinates": [
          -70.128794,
          -12.585499
        ]
      },
      "properties": {
        "transect_id": 1,
        "elev_lowestmode": 244.36000061035156,
        "elev_dem": 244.0,
        "rh100": 20.65,
        "quality_flag": 1,
        "beam": "BEAM02"
      }
    },
    {
      "type": "Feature",
      "geometry": {
        "type": "Point",
        "coordinates": [
          -70.12916,
          -12.585274
        ]
      },
      "properties": {
        "transect_id": 1,
        "elev_lowestmode": 242.85000610351562,
        "elev_dem": 241.0,
        "rh100": 26.94,
        "quality_flag": 1,
        "beam": "BEAM02"
      }
    },
    {
      "type": "Feature",
      "geometry": {
        "type": "Point",
        "coordinates": [
          -70.129256,
          -12.585049
        ]
      },
      "properties": {
        "transect_id": 1,
        "elev_lowestmode": 240.0399932861328,
        "elev_dem": 240.0,
        "rh100": 23.15,
        "quality_flag": 1,
        "beam": "BEAM02"
      }
    },
    {
      "type": "Feature",
      "geometry": {
        "type": "Point",
        "coordinates": [
          -70.128109,
          -12.584824
        ]
      },
      "properties": {
        "transect_id": 1,
        "elev_lowestmode": 240.8000030517578,
        "elev_dem": 241.0,
        "rh100": 29.11,
        "quality_flag": 0,
        "beam": "BEAM02"
      }
    },
    {
      "type": "Feature",
      "geometry": {
        "type": "Point",
        "coordinates": [
          -70.128446,
          -12.584598
        ]
      },
      "properties": {
        "transect_id": 1,
        "elev_lowestmode": 240.08999633789062,
        "elev_dem": 240.0,
        "rh100": 33.14,
        "quality_flag": 1,
        "beam": "BEAM02"
      }
    },
    {
      "type": "Feature",
      "geometry": {
        "type": "Point",
        "coordinates": [
          -70.128807,
          -12.584373
        ]
      },
      "properties": {
        "transect_id": 1,
        "elev_lowestmode": 242.39999389648438,
        "elev_dem": 243.0,
        "rh100": 34.61,
        "quality_flag": 1,
        "beam": "BEAM02"
      }
    },
    {
      "type": "Feature",
      "geometry": {
        "type": "Point",
        "coordinates": [
          -70.127568,
          -12.584148
        ]
      },
      "properties": {
        "transect_id": 1,
        "elev_lowestmode": 248.97999572753906,
        "elev_dem": 248.0,
        "rh100": 33.57,
        "quality_flag": 0,
        "beam": "BEAM02"
      }
    },
    {
      "type": "Feature",
      "geometry": {
        "type": "Point",
        "coordinates": [
          -70.128707,
          -12.583923
        ]
      },
      "properties": {
        "transect_id": 1,
        "elev_lowestmode": 245.44000244140625,
        "elev_dem": 244.0,
        "rh100": 25.1,
        "quality_flag": 1,
        "beam": "BEAM02"
      }
    },
    {
      "type": "Feature",
      "geometry": {
        "type": "Point",
        "coordinates": [
          -70.12758,
          -12.583697
        ]
      },
      "properties": {
        "transect_id": 1,
        "elev_lowestmode": 248.97999572753906,
        "elev_dem": 247.0,
        "rh100": 34.26,
        "quality_flag": 1,
        "beam": "BEAM02"
      }
    },
    {
      "type": "Feature",
      "geometry": {
        "type": "Point",
        "coordinates": [
          -70.127848,
          -12.583472
        ]
      },
      "properties": {
        "transect_id": 1,
        "elev_lowestmode": 243.16000366210938,
        "elev_dem": 242.0,
        "rh100": 29.07,
        "quality_flag": 1,
        "beam": "BEAM02"
      }
    },
    {
      "type": "Feature",
      "geometry": {
        "type": "Point",
        "coordinates": [
          -70.128892,
          -12.583247
        ]
      },
      "properties": {
        "transect_id": 1,
        "elev_lowestmode": 240.05999755859375,
        "elev_dem": 241.0,
        "rh100": 33.93,
        "quality_flag": 1,
        "beam": "BEAM02"
      }
    },
    {
      "type": "Feature",
      "geometry": {
        "type": "Point",
        "coordinates": [
          -70.128256,
          -12.583022
        ]
      },
      "properties": {
        "transect_id": 1,
        "elev_lowestmode": 244.69000244140625,
        "elev_dem": 245.0,
        "rh100": 22.65,
        "quality_flag": 0,
        "beam": "BEAM02"
      }
    },
    {
      "type": "Feature",
      "geometry": {
        "type": "Point",
        "coordinates": [
          -70.128332,
          -12.582797
        ]
      },
      "properties": {
        "transect_id": 1,
        "elev_lowestmode": 246.77000427246094,
        "elev_dem": 247.0,
        "rh100": 27.89,
        "quality_flag": 1,
        "beam": "BEAM02"
      }
    },
    {
      "type": "Feature",
      "geometry": {
        "type": "Point",
        "coordinates": [
          -70.129392,
          -12.582571
        ]
      },
      "properties": {
        "transect_id": 1,
        "elev_lowestmode": 244.27999877929688,
        "elev_dem": 245.0,
        "rh100": 23.9,
        "quality_flag": 1,
        "beam": "BEAM02"
      }
    },
    {
      "type": "Feature",
      "geometry": {
        "type": "Point",
        "coordinates": [
          -70.127858,
          -12.582346
        ]
      },
      "properties": {
        "transect_id": 1,
        "elev_lowestmode": 242.80999755859375,
        "elev_dem": 242.0,
        "rh100": 21.33,
        "quality_flag": 1,
        "beam": "BEAM02"
      }
    },
    {
      "type": "Feature",
      "geometry": {
        "type": "Point",
        "coordinates": [
          -70.128186,
          -12.582121
        ]
      },
      "properties": {
        "transect_id": 1,
        "elev_lowestmode": 241.9199981689453,
        "elev_dem": 242.0,
        "rh100": 29.86,
        "quality_flag": 1,
        "beam": "BEAM02"
      }
    },
    {
      "type": "Feature",
      "geometry": {
        "type": "Point",
        "coordinates": [
          -70.127819,
          -12.581896
        ]
      },
      "properties": {
        "transect_id": 1,
        "elev_lowestmode": 243.3300018310547,
        "elev_dem": 243.0,
        "rh100": 23.23,
        "quality_flag": 1,
        "beam": "BEAM02"
      }
    },
    {
      "type": "Feature",
      "geometry": {
        "type": "Point",
        "coordinates": [
          -70.127549,
          -12.58167
        ]
      },
      "properties": {
        "transect_id": 1,
        "elev_lowestmode": 247.50999450683594,
        "elev_dem": 246.0,
        "rh100": 28.73,
        "quality_flag": 1,
        "beam": "BEAM02"
      }
    },
    {
      "type": "Feature",
      "geometry": {
        "type": "Point",
        "coordinates": [
          -70.129463,
          -12.581445
        ]
      },
      "properties": {
        "transect_id": 1,
        "elev_lowestmode": 240.5500030517578,
        "elev_dem": 241.0,
        "rh100": 23.78,
        "quality_flag": 1,
        "beam": "BEAM02"
      }
    },
    {
      "type": "Feature",
      "geometry": {
        "type": "Point",
        "coordinates": [
          -70.127769,
          -12.58122
        ]
      },
      "properties": {
        "transect_id": 1,
        "elev_lowestmode": 240.5800018310547,
        "elev_dem": 240.0,
        "rh100": 22.16,
        "quality_flag": 1,
        "beam": "BEAM02"
      }
    },
    {
      "type": "Feature",
      "geometry": {
        "type": "Point",
        "coordinates": [
          -70.129336,
          -12.580995
        ]
      },
      "properties": {
        "transect_id": 1,
        "elev_lowestmode": 239.38999938964844,
        "elev_dem": 240.0,
        "rh100": 34.71,
        "quality_flag": 1,
        "beam": "BEAM02"
      }
    },
    {
      "type": "Feature",
      "geometry": {
        "type": "Point",
        "coordinates": [
          -70.128917,
          -12.58077
        ]
      },
      "properties": {
        "transect_id": 1,
        "elev_lowestmode": 245.52999877929688,
        "elev_dem": 244.0,
        "rh100": 32.89,
        "quality_flag": 1,
        "beam": "BEAM02"
      }
    },
    {
      "type": "Feature",
      "geometry": {
        "type": "Point",
        "coordinates": [
          -70.128933,
          -12.580544
        ]
      },
      "properties": {
        "transect_id": 1,
        "elev_lowestmode": 246.4600067138672,
        "elev_dem": 246.0,
        "rh100": 20.53,
        "quality_flag": 1,
        "beam": "BEAM02"
      }
    },
    {
      "type": "Feature",
      "geometry": {
        "type": "Point",
        "coordinates": [
          -70.129252,
          -12.580319
        ]
      },
      "properties": {
        "transect_id": 1,
        "elev_lowestmode": 243.47999572753906,
        "elev_dem": 245.0,
        "rh100": 26.53,
        "quality_flag": 1,
        "beam": "BEAM02"
      }
    },
    {
      "type": "Feature",
      "geometry": {
        "type": "Point",
        "coordinates": [
          -70.128632,
          -12.580094
        ]
      },
      "properties": {
        "transect_id": 1,
        "elev_lowestmode": 246.32000732421875,
        "elev_dem": 245.0,
        "rh100": 31.25,
        "quality_flag": 1,
        "beam": "BEAM02"
      }
    },
    {
      "type": "Feature",
      "geometry": {
        "type": "Point",
        "coordinates": [
          -70.1289,
          -12.579869
        ]
      },
      "properties": {
        "transect_id": 1,
        "elev_lowestmode": 245.41000366210938,
        "elev_dem": 244.0,
        "rh100": 30.44,
        "quality_flag": 1,
        "beam": "BEAM02"
      }
    },
    {
      "type": "Feature",
      "geometry": {
        "type": "Point",
        "coordinates": [
          -70.127756,
          -12.579643
        ]
      },
      "properties": {
        "transect_id": 1,
        "elev_lowestmode": 244.74000549316406,
        "elev_dem": 243.0,
        "rh100": 25.15,
        "quality_flag": 1,
        "beam": "BEAM02"
      }
    },
    {
      "type": "Feature",
      "geometry": {
        "type": "Point",
        "coordinates": [
          -70.127592,
          -12.579418
        ]
      },
      "properties": {
        "transect_id": 1,
        "elev_lowestmode": 241.3800048828125,
        "elev_dem": 242.0,
        "rh100": 30.53,
        "quality_flag": 0,
        "beam": "BEAM02"
      }
    },
    {
      "type": "Feature",
      "geometry": {
        "type": "Point",
        "coordinates": [
          -70.128756,
          -12.579193
        ]
      },
      "properties": {
        "transect_id": 1,
        "elev_lowestmode": 240.05999755859375,
        "elev_dem": 240.0,
        "rh100": 27.41,
        "quality_flag": 1,
        "beam": "BEAM02"
      }
    },
    {
      "type": "Feature",
      "geometry": {
        "type": "Point",
        "coordinates": [
          -70.128361,
          -12.578968
        ]
      },
      "properties": {
        "transect_id": 1,
        "elev_lowestmode": 243.0,
        "elev_dem": 243.0,
        "rh100": 25.21,
        "quality_flag": 1,
        "beam": "BEAM02"
      }
    },
    {
      "type": "Feature",
      "geometry": {
        "type": "Point",
        "coordinates": [
          -70.127842,
          -12.578742
        ]
      },
      "properties": {
        "transect_id": 1,
        "elev_lowestmode": 243.3300018310547,
        "elev_dem": 243.0,
        "rh100": 23.05,
        "quality_flag": 1,
        "beam": "BEAM02"
      }
    },
    {
      "type": "Feature",
      "geometry": {
        "type": "Point",
        "coordinates": [
          -70.129177,
          -12.578517
        ]
      },
      "properties": {
        "transect_id": 1,
        "elev_lowestmode": 233.55999755859375,
        "elev_dem": 233.0,
        "rh100": 25.09,
        "quality_flag": 1,
        "beam": "BEAM02"
      }
    },
    {
      "type": "Feature",
      "geometry": {
        "type": "Point",
        "coordinates": [
          -70.127877,
          -12.578292
        ]
      },
      "properties": {
        "transect_id": 1,
        "elev_lowestmode": 236.5500030517578,
        "elev_dem": 237.0,
        "rh100": 24.23,
        "quality_flag": 1,
        "beam": "BEAM02"
      }
    },
    {
      "type": "Feature",
      "geometry": {
        "type": "Point",
        "coordinates": [
          -70.128892,
          -12.578067
        ]
      },
      "properties": {
        "transect_id": 1,
        "elev_lowestmode": 229.7899932861328,
        "elev_dem": 231.0,
        "rh100": 26.61,
        "quality_flag": 1,
        "beam": "BEAM02"
      }
    },
    {
      "type": "Feature",
      "geometry": {
        "type": "Point",
        "coordinates": [
          -70.129354,
          -12.577842
        ]
      },
      "properties": {
        "transect_id": 1,
        "elev_lowestmode": 230.4499969482422,
        "elev_dem": 230.0,
        "rh100": 25.4,
        "quality_flag": 1,
        "beam": "BEAM02"
      }
    },
    {
      "type": "Feature",
      "geometry": {
        "type": "Point",
        "coordinates": [
          -70.127783,
          -12.577616
        ]
      },
      "properties": {
        "transect_id": 1,
        "elev_lowestmode": 234.4199981689453,
        "elev_dem": 234.0,
        "rh100": 32.41,
        "quality_flag": 1,
        "beam": "BEAM02"
      }
    },
    {
      "type": "Feature",
      "geometry": {
        "type": "Point",
        "coordinates": [
          -70.128517,
          -12.577391
        ]
      },
      "properties": {
        "transect_id": 1,
        "elev_lowestmode": 231.05999755859375,
        "elev_dem": 231.0,
        "rh100": 26.31,
        "quality_flag": 1,
        "beam": "BEAM02"
      }
    },
    {
      "type": "Feature",
      "geometry": {
        "type": "Point",
        "coordinates": [
          -70.128295,
          -12.577166
        ]
      },
      "properties": {
        "transect_id": 1,
        "elev_lowestmode": 231.75,
        "elev_dem": 232.0,
        "rh100": 34.62,
        "quality_flag": 1,
        "beam": "BEAM02"
      }
    },
    {
      "type": "Feature",
      "geometry": {
        "type": "Point",
        "coordinates": [
          -70.128325,
          -12.576941
        ]
      },
      "properties": {
        "transect_id": 1,
        "elev_lowestmode": 232.27999877929688,
        "elev_dem": 233.0,
        "rh100": 25.65,
        "quality_flag": 1,
        "beam": "BEAM02"
      }
    },
    {
      "type": "Feature",
      "geometry": {
        "type": "Point",
        "coordinates": [
          -70.129141,
          -12.576715
        ]
      },
      "properties": {
        "transect_id": 1,
        "elev_lowestmode": 227.6300048828125,
        "elev_dem": 228.0,
        "rh100": 28.96,
        "quality_flag": 1,
        "beam": "BEAM02"
      }
    },
    {
      "type": "Feature",
      "geometry": {
        "type": "Point",
        "coordinates": [
          -70.127887,
          -12.57649
        ]
      },
      "properties": {
        "transect_id": 1,
        "elev_lowestmode": 233.25999450683594,
        "elev_dem": 233.0,
        "rh100": 23.96,
        "quality_flag": 1,
        "beam": "BEAM02"
      }
    },
    {
      "type": "Feature",
      "geometry": {
        "type": "Point",
        "coordinates": [
          -70.12857,
          -12.576265
        ]
      },
      "properties": {
        "transect_id": 1,
        "elev_lowestmode": 230.0,
        "elev_dem": 230.0,
        "rh100": 29.11,
        "quality_flag": 1,
        "beam": "BEAM02"
      }
    },
    {
      "type": "Feature",
      "geometry": {
        "type": "Point",
        "coordinates": [
          -70.128576,
          -12.57604
        ]
      },
      "properties": {
        "transect_id": 1,
        "elev_lowestmode": 232.7100067138672,
        "elev_dem": 232.0,
        "rh100": 23.28,
        "quality_flag": 1,
        "beam": "BEAM02"
      }
    },
    {
      "type": "Feature",
      "geometry": {
        "type": "Point",
        "coordinates": [
          -70.127678,
          -12.575815
        ]
      },
      "properties": {
        "transect_id": 1,
        "elev_lowestmode": 234.50999450683594,
        "elev_dem": 235.0,
        "rh100": 33.87,
        "quality_flag": 1,
        "beam": "BEAM02"
      }
    },
    {
      "type": "Feature",
      "geometry": {
        "type": "Point",
        "coordinates": [
          -70.128963,
          -12.575589
        ]
      },
      "properties": {
        "transect_id": 1,
        "elev_lowestmode": 235.60000610351562,
        "elev_dem": 235.0,
        "rh100": 31.6,
        "quality_flag": 1,
        "beam": "BEAM02"
      }
    },
    {
      "type": "Feature",
      "geometry": {
        "type": "Point",
        "coordinates": [
          -70.12762,
          -12.575364
        ]
      },
      "properties": {
        "transect_id": 1,
        "elev_lowestmode": 233.39999389648438,
        "elev_dem": 232.0,
        "rh100": 32.11,
        "quality_flag": 0,
        "beam": "BEAM02"
      }
    },
    {
      "type": "Feature",
      "geometry": {
        "type": "Point",
        "coordinates": [
          -70.129108,
          -12.575139
        ]
      },
      "properties": {
        "transect_id": 1,
        "elev_lowestmode": 241.5399932861328,
        "elev_dem": 240.0,
        "rh100": 24.76,
        "quality_flag": 1,
        "beam": "BEAM02"
      }
    },
    {
      "type": "Feature",
      "geometry": {
        "type": "Point",
        "coordinates": [
          -70.128455,
          -12.574914
        ]
      },
      "properties": {
        "transect_id": 1,
        "elev_lowestmode": 233.52999877929688,
        "elev_dem": 234.0,
        "rh100": 33.09,
        "quality_flag": 1,
        "beam": "BEAM02"
      }
    },
    {
      "type": "Feature",
      "geometry": {
        "type": "Point",
        "coordinates": [
          -70.12846,
          -12.574688
        ]
      },
      "properties": {
        "transect_id": 1,
        "elev_lowestmode": 233.61000061035156,
        "elev_dem": 235.0,
        "rh100": 30.23,
        "quality_flag": 1,
        "beam": "BEAM02"
      }
    },
    {
      "type": "Feature",
      "geometry": {
        "type": "Point",
        "coordinates": [
          -70.127962,
          -12.574463
        ]
      },
      "properties": {
        "transect_id": 1,
        "elev_lowestmode": 233.83999633789062,
        "elev_dem": 234.0,
        "rh100": 33.13,
        "quality_flag": 1,
        "beam": "BEAM02"
      }
    },
    {
      "type": "Feature",
      "geometry": {
        "type": "Point",
        "coordinates": [
          -70.129134,
          -12.574238
        ]
      },
      "properties": {
        "transect_id": 1,
        "elev_lowestmode": 239.7100067138672,
        "elev_dem": 241.0,
        "rh100": 31.19,
        "quality_flag": 1,
        "beam": "BEAM02"
      }
    },
    {
      "type": "Feature",
      "geometry": {
        "type": "Point",
        "coordinates": [
          -70.128054,
          -12.574013
        ]
      },
      "properties": {
        "transect_id": 1,
        "elev_lowestmode": 235.10000610351562,
        "elev_dem": 236.0,
        "rh100": 34.37,
        "quality_flag": 1,
        "beam": "BEAM02"
      }
    },
    {
      "type": "Feature",
      "geometry": {
        "type": "Point",
        "coordinates": [
          -70.127605,
          -12.573788
        ]
      },
      "properties": {
        "transect_id": 1,
        "elev_lowestmode": 232.44000244140625,
        "elev_dem": 233.0,
        "rh100": 29.39,
        "quality_flag": 1,
        "beam": "BEAM02"
      }
    },
    {
      "type": "Feature",
      "geometry": {
        "type": "Point",
        "coordinates": [
          -70.129306,
          -12.573562
        ]
      },
      "properties": {
        "transect_id": 1,
        "elev_lowestmode": 241.60000610351562,
        "elev_dem": 243.0,
        "rh100": 24.06,
        "quality_flag": 1,
        "beam": "BEAM02"
      }
    },
    {
      "type": "Feature",
      "geometry": {
        "type": "Point",
        "coordinates": [
          -70.128513,
          -12.573337
        ]
      },
      "properties": {
        "transect_id": 1,
        "elev_lowestmode": 242.75,
        "elev_dem": 242.0,
        "rh100": 34.28,
        "quality_flag": 1,
        "beam": "BEAM02"
      }
    },
    {
      "type": "Feature",
      "geometry": {
        "type": "Point",
        "coordinates": [
          -70.128204,
          -12.573112
        ]
      },
      "properties": {
        "transect_id": 1,
        "elev_lowestmode": 242.14999389648438,
        "elev_dem": 243.0,
        "rh100": 21.65,
        "quality_flag": 1,
        "beam": "BEAM02"
      }
    },
    {
      "type": "Feature",
      "geometry": {
        "type": "Point",
        "coordinates": [
          -70.127652,
          -12.572887
        ]
      },
      "properties": {
        "transect_id": 1,
        "elev_lowestmode": 243.30999755859375,
        "elev_dem": 245.0,
        "rh100": 34.45,
        "quality_flag": 1,
        "beam": "BEAM02"
      }
    },
    {
      "type": "Feature",
      "geometry": {
        "type": "Point",
        "coordinates": [
          -70.129156,
          -12.572661
        ]
      },
      "properties": {
        "transect_id": 1,
        "elev_lowestmode": 245.42999267578125,
        "elev_dem": 245.0,
        "rh100": 21.64,
        "quality_flag": 1,
        "beam": "BEAM02"
      }
    },
    {
      "type": "Feature",
      "geometry": {
        "type": "Point",
        "coordinates": [
          -70.128892,
          -12.572436
        ]
      },
      "properties": {
        "transect_id": 1,
        "elev_lowestmode": 243.69000244140625,
        "elev_dem": 243.0,
        "rh100": 24.85,
        "quality_flag": 0,
        "beam": "BEAM02"
      }
    },
    {
      "type": "Feature",
      "geometry": {
        "type": "Point",
        "coordinates": [
          -70.128485,
          -12.572211
        ]
      },
      "properties": {
        "transect_id": 1,
        "elev_lowestmode": 242.64999389648438,
        "elev_dem": 242.0,
        "rh100": 29.24,
        "quality_flag": 1,
        "beam": "BEAM02"
      }
    },
    {
      "type": "Feature",
      "geometry": {
        "type": "Point",
        "coordinates": [
          -70.128203,
          -12.571986
        ]
      },
      "properties": {
        "transect_id": 1,
        "elev_lowestmode": 239.6300048828125,
        "elev_dem": 240.0,
        "rh100": 27.11,
        "quality_flag": 1,
        "beam": "BEAM02"
      }
    },
    {
      "type": "Feature",
      "geometry": {
        "type": "Point",
        "coordinates": [
          -70.128438,
          -12.571761
        ]
      },
      "properties": {
        "transect_id": 1,
        "elev_lowestmode": 240.27999877929688,
        "elev_dem": 241.0,
        "rh100": 27.67,
        "quality_flag": 1,
        "beam": "BEAM02"
      }
    },
    {
      "type": "Feature",
      "geometry": {
        "type": "Point",
        "coordinates": [
          -70.127925,
          -12.571535
        ]
      },
      "properties": {
        "transect_id": 1,
        "elev_lowestmode": 239.91000366210938,
        "elev_dem": 240.0,
        "rh100": 31.13,
        "quality_flag": 1,
        "beam": "BEAM02"
      }
    },
    {
      "type": "Feature",
      "geometry": {
        "type": "Point",
        "coordinates": [
          -70.12839,
          -12.57131
        ]
      },
      "properties": {
        "transect_id": 1,
        "elev_lowestmode": 242.35000610351562,
        "elev_dem": 241.0,
        "rh100": 23.1,
        "quality_flag": 1,
        "beam": "BEAM02"
      }
    },
    {
      "type": "Feature",
      "geometry": {
        "type": "Point",
        "coordinates": [
          -70.128514,
          -12.571085
        ]
      },
      "properties": {
        "transect_id": 1,
        "elev_lowestmode": 236.97000122070312,
        "elev_dem": 237.0,
        "rh100": 28.35,
        "quality_flag": 1,
        "beam": "BEAM02"
      }
    },
    {
      "type": "Feature",
      "geometry": {
        "type": "Point",
        "coordinates": [
          -70.127742,
          -12.57086
        ]
      },
      "properties": {
        "transect_id": 1,
        "elev_lowestmode": 228.47999572753906,
        "elev_dem": 228.0,
        "rh100": 21.54,
        "quality_flag": 1,
        "beam": "BEAM02"
      }
    },
    {
      "type": "Feature",
      "geometry": {
        "type": "Point",
        "coordinates": [
          -70.127868,
          -12.570634
        ]
      },
      "properties": {
        "transect_id": 1,
        "elev_lowestmode": 226.3000030517578,
        "elev_dem": 225.0,
        "rh100": 20.65,
        "quality_flag": 1,
        "beam": "BEAM02"
      }
    },
    {
      "type": "Feature",
      "geometry": {
        "type": "Point",
        "coordinates": [
          -70.128612,
          -12.570409
        ]
      },
      "properties": {
        "transect_id": 1,
        "elev_lowestmode": 232.97000122070312,
        "elev_dem": 232.0,
        "rh100": 25.33,
        "quality_flag": 1,
        "beam": "BEAM02"
      }
    },
    {
      "type": "Feature",
      "geometry": {
        "type": "Point",
        "coordinates": [
          -70.128521,
          -12.570184
        ]
      },
      "properties": {
        "transect_id": 1,
        "elev_lowestmode": 231.5500030517578,
        "elev_dem": 232.0,
        "rh100": 28.71,
        "quality_flag": 1,
        "beam": "BEAM02"
      }
    },
    {
      "type": "Feature",
      "geometry": {
        "type": "Point",
        "coordinates": [
          -70.129459,
          -12.569959
        ]
      },
      "properties": {
        "transect_id": 1,
        "elev_lowestmode": 237.97999572753906,
        "elev_dem": 239.0,
        "rh100": 21.17,
        "quality_flag": 1,
        "beam": "BEAM02"
      }
    },
    {
      "type": "Feature",
      "geometry": {
        "type": "Point",
        "coordinates": [
          -70.12843,
          -12.569733
        ]
      },
      "properties": {
        "transect_id": 1,
        "elev_lowestmode": 231.0500030517578,
        "elev_dem": 231.0,
        "rh100": 31.63,
        "quality_flag": 1,
        "beam": "BEAM02"
      }
    },
    {
      "type": "Feature",
      "geometry": {
        "type": "Point",
        "coordinates": [
          -70.12904,
          -12.569508
        ]
      },
      "properties": {
        "transect_id": 1,
        "elev_lowestmode": 239.1199951171875,
        "elev_dem": 240.0,
        "rh100": 23.08,
        "quality_flag": 1,
        "beam": "BEAM02"
      }
    },
    {
      "type": "Feature",
      "geometry": {
        "type": "Point",
        "coordinates": [
          -70.128081,
          -12.569283
        ]
      },
      "properties": {
        "transect_id": 1,
        "elev_lowestmode": 233.9600067138672,
        "elev_dem": 235.0,
        "rh100": 31.45,
        "quality_flag": 1,
        "beam": "BEAM02"
      }
    },
    {
      "type": "Feature",
      "geometry": {
        "type": "Point",
        "coordinates": [
          -70.128056,
          -12.569058
        ]
      },
      "properties": {
        "transect_id": 1,
        "elev_lowestmode": 235.61000061035156,
        "elev_dem": 235.0,
        "rh100": 20.42,
        "quality_flag": 1,
        "beam": "BEAM02"
      }
    },
    {
      "type": "Feature",
      "geometry": {
        "type": "Point",
        "coordinates": [
          -70.129338,
          -12.568833
        ]
      },
      "properties": {
        "transect_id": 1,
        "elev_lowestmode": 240.77999877929688,
        "elev_dem": 240.0,
        "rh100": 30.48,
        "quality_flag": 1,
        "beam": "BEAM02"
      }
    },
    {
      "type": "Feature",
      "geometry": {
        "type": "Point",
        "coordinates": [
          -70.127905,
          -12.568607
        ]
      },
      "properties": {
        "transect_id": 1,
        "elev_lowestmode": 235.63999938964844,
        "elev_dem": 236.0,
        "rh100": 22.96,
        "quality_flag": 1,
        "beam": "BEAM02"
      }
    },
    {
      "type": "Feature",
      "geometry": {
        "type": "Point",
        "coordinates": [
          -70.128789,
          -12.568382
        ]
      },
      "properties": {
        "transect_id": 1,
        "elev_lowestmode": 241.67999267578125,
        "elev_dem": 241.0,
        "rh100": 31.56,
        "quality_flag": 1,
        "beam": "BEAM02"
      }
    },
    {
      "type": "Feature",
      "geometry": {
        "type": "Point",
        "coordinates": [
          -70.128727,
          -12.568157
        ]
      },
      "properties": {
        "transect_id": 1,
        "elev_lowestmode": 242.5800018310547,
        "elev_dem": 243.0,
        "rh100": 33.29,
        "quality_flag": 1,
        "beam": "BEAM02"
      }
    },
    {
      "type": "Feature",
      "geometry": {
        "type": "Point",
        "coordinates": [
          -70.129445,
          -12.567932
        ]
      },
      "properties": {
        "transect_id": 1,
        "elev_lowestmode": 243.24000549316406,
        "elev_dem": 243.0,
        "rh100": 20.07,
        "quality_flag": 1,
        "beam": "BEAM02"
      }
    },
    {
      "type": "Feature",
      "geometry": {
        "type": "Point",
        "coordinates": [
          -70.128868,
          -12.567706
        ]
      },
      "properties": {
        "transect_id": 1,
        "elev_lowestmode": 242.38999938964844,
        "elev_dem": 243.0,
        "rh100": 22.33,
        "quality_flag": 1,
        "beam": "BEAM02"
      }
    },
    {
      "type": "Feature",
      "geometry": {
        "type": "Point",
        "coordinates": [
          -70.128504,
          -12.567481
        ]
      },
      "properties": {
        "transect_id": 1,
        "elev_lowestmode": 241.77999877929688,
        "elev_dem": 241.0,
        "rh100": 24.97,
        "quality_flag": 1,
        "beam": "BEAM02"
      }
    },
    {
      "type": "Feature",
      "geometry": {
        "type": "Point",
        "coordinates": [
          -70.129085,
          -12.567256
        ]
      },
      "properties": {
        "transect_id": 1,
        "elev_lowestmode": 242.60000610351562,
        "elev_dem": 244.0,
        "rh100": 25.07,
        "quality_flag": 1,
        "beam": "BEAM02"
      }
    },
    {
      "type": "Feature",
      "geometry": {
        "type": "Point",
        "coordinates": [
          -70.129131,
          -12.567031
        ]
      },
      "properties": {
        "transect_id": 1,
        "elev_lowestmode": 243.14999389648438,
        "elev_dem": 243.0,
        "rh100": 27.24,
        "quality_flag": 1,
        "beam": "BEAM02"
      }
    },
    {
      "type": "Feature",
      "geometry": {
        "type": "Point",
        "coordinates": [
          -70.127784,
          -12.566806
        ]
      },
      "properties": {
        "transect_id": 1,
        "elev_lowestmode": 241.07000732421875,
        "elev_dem": 241.0,
        "rh100": 23.9,
        "quality_flag": 1,
        "beam": "BEAM02"
      }
    },
    {
      "type": "Feature",
      "geometry": {
        "type": "Point",
        "coordinates": [
          -70.129472,
          -12.56658
        ]
      },
      "properties": {
        "transect_id": 1,
        "elev_lowestmode": 246.22000122070312,
        "elev_dem": 245.0,
        "rh100": 30.46,
        "quality_flag": 1,
        "beam": "BEAM02"
      }
    },
    {
      "type": "Feature",
      "geometry": {
        "type": "Point",
        "coordinates": [
          -70.129539,
          -12.566355
        ]
      },
      "properties": {
        "transect_id": 1,
        "elev_lowestmode": 241.88999938964844,
        "elev_dem": 243.0,
        "rh100": 34.16,
        "quality_flag": 1,
        "beam": "BEAM02"
      }
    },
    {
      "type": "Feature",
      "geometry": {
        "type": "Point",
        "coordinates": [
          -70.128695,
          -12.56613
        ]
      },
      "properties": {
        "transect_id": 1,
        "elev_lowestmode": 238.83999633789062,
        "elev_dem": 240.0,
        "rh100": 29.82,
        "quality_flag": 1,
        "beam": "BEAM02"
      }
    },
    {
      "type": "Feature",
      "geometry": {
        "type": "Point",
        "coordinates": [
          -70.127711,
          -12.565905
        ]
      },
      "properties": {
        "transect_id": 1,
        "elev_lowestmode": 242.4199981689453,
        "elev_dem": 242.0,
        "rh100": 31.49,
        "quality_flag": 1,
        "beam": "BEAM02"
      }
    },
    {
      "type": "Feature",
      "geometry": {
        "type": "Point",
        "coordinates": [
          -70.127787,
          -12.565679
        ]
      },
      "properties": {
        "transect_id": 1,
        "elev_lowestmode": 243.6199951171875,
        "elev_dem": 243.0,
        "rh100": 28.07,
        "quality_flag": 1,
        "beam": "BEAM02"
      }
    },
    {
      "type": "Feature",
      "geometry": {
        "type": "Point",
        "coordinates": [
          -70.128515,
          -12.565454
        ]
      },
      "properties": {
        "transect_id": 1,
        "elev_lowestmode": 244.14999389648438,
        "elev_dem": 243.0,
        "rh100": 33.39,
        "quality_flag": 1,
        "beam": "BEAM02"
      }
    },
    {
      "type": "Feature",
      "geometry": {
        "type": "Point",
        "coordinates": [
          -70.129519,
          -12.565229
        ]
      },
      "properties": {
        "transect_id": 1,
        "elev_lowestmode": 241.4499969482422,
        "elev_dem": 241.0,
        "rh100": 21.22,
        "quality_flag": 1,
        "beam": "BEAM02"
      }
    },
    {
      "type": "Feature",
      "geometry": {
        "type": "Point",
        "coordinates": [
          -70.128292,
          -12.565004
        ]
      },
      "properties": {
        "transect_id": 1,
        "elev_lowestmode": 248.82000732421875,
        "elev_dem": 247.0,
        "rh100": 25.21,
        "quality_flag": 1,
        "beam": "BEAM02"
      }
    },
    {
      "type": "Feature",
      "geometry": {
        "type": "Point",
        "coordinates": [
          -70.128941,
          -12.564779
        ]
      },
      "properties": {
        "transect_id": 1,
        "elev_lowestmode": 245.80999755859375,
        "elev_dem": 246.0,
        "rh100": 21.52,
        "quality_flag": 1,
        "beam": "BEAM02"
      }
    },
    {
      "type": "Feature",
      "geometry": {
        "type": "Point",
        "coordinates": [
          -70.127658,
          -12.564553
        ]
      },
      "properties": {
        "transect_id": 1,
        "elev_lowestmode": 247.02000427246094,
        "elev_dem": 247.0,
        "rh100": 30.27,
        "quality_flag": 0,
        "beam": "BEAM02"
      }
    },
    {
      "type": "Feature",
      "geometry": {
        "type": "Point",
        "coordinates": [
          -70.128372,
          -12.564328
        ]
      },
      "properties": {
        "transect_id": 1,
        "elev_lowestmode": 249.5500030517578,
        "elev_dem": 248.0,
        "rh100": 27.16,
        "quality_flag": 1,
        "beam": "BEAM02"
      }
    },
    {
      "type": "Feature",
      "geometry": {
        "type": "Point",
        "coordinates": [
          -70.127816,
          -12.564103
        ]
      },
      "properties": {
        "transect_id": 1,
        "elev_lowestmode": 247.00999450683594,
        "elev_dem": 247.0,
        "rh100": 31.63,
        "quality_flag": 1,
        "beam": "BEAM02"
      }
    },
    {
      "type": "Feature",
      "geometry": {
        "type": "Point",
        "coordinates": [
          -70.127814,
          -12.563878
        ]
      },
      "properties": {
        "transect_id": 1,
        "elev_lowestmode": 247.32000732421875,
        "elev_dem": 248.0,
        "rh100": 20.67,
        "quality_flag": 1,
        "beam": "BEAM02"
      }
    },
    {
      "type": "Feature",
      "geometry": {
        "type": "Point",
        "coordinates": [
          -70.128866,
          -12.563652
        ]
      },
      "properties": {
        "transect_id": 1,
        "elev_lowestmode": 245.6199951171875,
        "elev_dem": 246.0,
        "rh100": 23.46,
        "quality_flag": 1,
        "beam": "BEAM02"
      }
    },
    {
      "type": "Feature",
      "geometry": {
        "type": "Point",
        "coordinates": [
          -70.129137,
          -12.563427
        ]
      },
      "properties": {
        "transect_id": 1,
        "elev_lowestmode": 247.24000549316406,
        "elev_dem": 245.0,
        "rh100": 22.88,
        "quality_flag": 1,
        "beam": "BEAM02"
      }
    },
    {
      "type": "Feature",
      "geometry": {
        "type": "Point",
        "coordinates": [
          -70.128365,
          -12.563202
        ]
      },
      "properties": {
        "transect_id": 1,
        "elev_lowestmode": 245.02000427246094,
        "elev_dem": 244.0,
        "rh100": 32.74,
        "quality_flag": 1,
        "beam": "BEAM02"
      }
    },
    {
      "type": "Feature",
      "geometry": {
        "type": "Point",
        "coordinates": [
          -70.128673,
          -12.562977
        ]
      },
      "properties": {
        "transect_id": 1,
        "elev_lowestmode": 245.4600067138672,
        "elev_dem": 246.0,
        "rh100": 21.57,
        "quality_flag": 1,
        "beam": "BEAM02"
      }
    },
    {
      "type": "Feature",
      "geometry": {
        "type": "Point",
        "coordinates": [
          -70.128427,
          -12.562752
        ]
      },
      "properties": {
        "transect_id": 1,
        "elev_lowestmode": 245.3699951171875,
        "elev_dem": 245.0,
        "rh100": 26.53,
        "quality_flag": 1,
        "beam": "BEAM02"
      }
    },
    {
      "type": "Feature",
      "geometry": {
        "type": "Point",
        "coordinates": [
          -70.12891,
          -12.562526
        ]
      },
      "properties": {
        "transect_id": 1,
        "elev_lowestmode": 245.74000549316406,
        "elev_dem": 246.0,
        "rh100": 24.56,
        "quality_flag": 0,
        "beam": "BEAM02"
      }
    },
    {
      "type": "Feature",
      "geometry": {
        "type": "Point",
        "coordinates": [
          -70.128626,
          -12.562301
        ]
      },
      "properties": {
        "transect_id": 1,
        "elev_lowestmode": 244.13999938964844,
        "elev_dem": 244.0,
        "rh100": 27.72,
        "quality_flag": 1,
        "beam": "BEAM02"
      }
    },
    {
      "type": "Feature",
      "geometry": {
        "type": "Point",
        "coordinates": [
          -70.128943,
          -12.562076
        ]
      },
      "properties": {
        "transect_id": 1,
        "elev_lowestmode": 243.52999877929688,
        "elev_dem": 243.0,
        "rh100": 28.54,
        "quality_flag": 1,
        "beam": "BEAM02"
      }
    },
    {
      "type": "Feature",
      "geometry": {
        "type": "Point",
        "coordinates": [
          -70.128134,
          -12.561851
        ]
      },
      "properties": {
        "transect_id": 1,
        "elev_lowestmode": 237.13999938964844,
        "elev_dem": 238.0,
        "rh100": 27.44,
        "quality_flag": 1,
        "beam": "BEAM02"
      }
    },
    {
      "type": "Feature",
      "geometry": {
        "type": "Point",
        "coordinates": [
          -70.127583,
          -12.561625
        ]
      },
      "properties": {
        "transect_id": 1,
        "elev_lowestmode": 240.8000030517578,
        "elev_dem": 240.0,
        "rh100": 20.61,
        "quality_flag": 1,
        "beam": "BEAM02"
      }
    },
    {
      "type": "Feature",
      "geometry": {
        "type": "Point",
        "coordinates": [
          -70.127738,
          -12.5614
        ]
      },
      "properties": {
        "transect_id": 1,
        "elev_lowestmode": 241.3800048828125,
        "elev_dem": 241.0,
        "rh100": 24.8,
        "quality_flag": 1,
        "beam": "BEAM02"
      }
    },
    {
      "type": "Feature",
      "geometry": {
        "type": "Point",
        "coordinates": [
          -70.128232,
          -12.561175
        ]
      },
      "properties": {
        "transect_id": 1,
        "elev_lowestmode": 236.94000244140625,
        "elev_dem": 237.0,
        "rh100": 25.93,
        "quality_flag": 1,
        "beam": "BEAM02"
      }
    },
    {
      "type": "Feature",
      "geometry": {
        "type": "Point",
        "coordinates": [
          -70.127741,
          -12.56095
        ]
      },
      "properties": {
        "transect_id": 1,
        "elev_lowestmode": 238.82000732421875,
        "elev_dem": 238.0,
        "rh100": 22.66,
        "quality_flag": 1,
        "beam": "BEAM02"
      }
    },
    {
      "type": "Feature",
      "geometry": {
        "type": "Point",
        "coordinates": [
          -70.129516,
          -12.560724
        ]
      },
      "properties": {
        "transect_id": 1,
        "elev_lowestmode": 242.27000427246094,
        "elev_dem": 239.0,
        "rh100": 29.45,
        "quality_flag": 1,
        "beam": "BEAM02"
      }
    },
    {
      "type": "Feature",
      "geometry": {
        "type": "Point",
        "coordinates": [
          -70.12858,
          -12.560499
        ]
      },
      "properties": {
        "transect_id": 1,
        "elev_lowestmode": 237.7899932861328,
        "elev_dem": 237.0,
        "rh100": 24.54,
        "quality_flag": 1,
        "beam": "BEAM02"
      }
    },
    {
      "type": "Feature",
      "geometry": {
        "type": "Point",
        "coordinates": [
          -70.129388,
          -12.560274
        ]
      },
      "properties": {
        "transect_id": 1,
        "elev_lowestmode": 239.19000244140625,
        "elev_dem": 239.0,
        "rh100": 31.93,
        "quality_flag": 1,
        "beam": "BEAM02"
      }
    },
    {
      "type": "Feature",
      "geometry": {
        "type": "Point",
        "coordinates": [
          -70.12902,
          -12.560049
        ]
      },
      "properties": {
        "transect_id": 1,
        "elev_lowestmode": 236.1199951171875,
        "elev_dem": 237.0,
        "rh100": 21.31,
        "quality_flag": 1,
        "beam": "BEAM02"
      }
    },
    {
      "type": "Feature",
      "geometry": {
        "type": "Point",
        "coordinates": [
          -70.129418,
          -12.559824
        ]
      },
      "properties": {
        "transect_id": 1,
        "elev_lowestmode": 240.6999969482422,
        "elev_dem": 242.0,
        "rh100": 26.96,
        "quality_flag": 1,
        "beam": "BEAM02"
      }
    },
    {
      "type": "Feature",
      "geometry": {
        "type": "Point",
        "coordinates": [
          -70.128553,
          -12.559598
        ]
      },
      "properties": {
        "transect_id": 1,
        "elev_lowestmode": 238.33999633789062,
        "elev_dem": 237.0,
        "rh100": 25.16,
        "quality_flag": 1,
        "beam": "BEAM02"
      }
    },
    {
      "type": "Feature",
      "geometry": {
        "type": "Point",
        "coordinates": [
          -70.129296,
          -12.559373
        ]
      },
      "properties": {
        "transect_id": 1,
        "elev_lowestmode": 243.50999450683594,
        "elev_dem": 243.0,
        "rh100": 30.4,
        "quality_flag": 1,
        "beam": "BEAM02"
      }
    },
    {
      "type": "Feature",
      "geometry": {
        "type": "Point",
        "coordinates": [
          -70.129329,
          -12.559148
        ]
      },
      "properties": {
        "transect_id": 1,
        "elev_lowestmode": 244.55999755859375,
        "elev_dem": 244.0,
        "rh100": 29.73,
        "quality_flag": 1,
        "beam": "BEAM02"
      }
    },
    {
      "type": "Feature",
      "geometry": {
        "type": "Point",
        "coordinates": [
          -70.129224,
          -12.558923
        ]
      },
      "properties": {
        "transect_id": 1,
        "elev_lowestmode": 249.8300018310547,
        "elev_dem": 248.0,
        "rh100": 33.46,
        "quality_flag": 1,
        "beam": "BEAM02"
      }
    },
    {
      "type": "Feature",
      "geometry": {
        "type": "Point",
        "coordinates": [
          -70.128466,
          -12.558697
        ]
      },
      "properties": {
        "transect_id": 1,
        "elev_lowestmode": 243.60000610351562,
        "elev_dem": 242.0,
        "rh100": 34.98,
        "quality_flag": 1,
        "beam": "BEAM02"
      }
    },
    {
      "type": "Feature",
      "geometry": {
        "type": "Point",
        "coordinates": [
          -70.128972,
          -12.558472
        ]
      },
      "properties": {
        "transect_id": 1,
        "elev_lowestmode": 247.49000549316406,
        "elev_dem": 247.0,
        "rh100": 21.93,
        "quality_flag": 1,
        "beam": "BEAM02"
      }
    },
    {
      "type": "Feature",
      "geometry": {
        "type": "Point",
        "coordinates": [
          -70.12927,
          -12.558247
        ]
      },
      "properties": {
        "transect_id": 1,
        "elev_lowestmode": 250.3000030517578,
        "elev_dem": 249.0,
        "rh100": 23.15,
        "quality_flag": 1,
        "beam": "BEAM02"
      }
    },
    {
      "type": "Feature",
      "geometry": {
        "type": "Point",
        "coordinates": [
          -70.128146,
          -12.558022
        ]
      },
      "properties": {
        "transect_id": 1,
        "elev_lowestmode": 243.0800018310547,
        "elev_dem": 242.0,
        "rh100": 31.9,
        "quality_flag": 1,
        "beam": "BEAM02"
      }
    },
    {
      "type": "Feature",
      "geometry": {
        "type": "Point",
        "coordinates": [
          -70.12879,
          -12.557797
        ]
      },
      "properties": {
        "transect_id": 1,
        "elev_lowestmode": 245.9199981689453,
        "elev_dem": 247.0,
        "rh100": 25.43,
        "quality_flag": 1,
        "beam": "BEAM02"
      }
    },
    {
      "type": "Feature",
      "geometry": {
        "type": "Point",
        "coordinates": [
          -70.129176,
          -12.557571
        ]
      },
      "properties": {
        "transect_id": 1,
        "elev_lowestmode": 247.60000610351562,
        "elev_dem": 248.0,
        "rh100": 28.75,
        "quality_flag": 0,
        "beam": "BEAM02"
      }
    },
    {
      "type": "Feature",
      "geometry": {
        "type": "Point",
        "coordinates": [
          -70.127776,
          -12.557346
        ]
      },
      "properties": {
        "transect_id": 1,
        "elev_lowestmode": 243.05999755859375,
        "elev_dem": 243.0,
        "rh100": 33.36,
        "quality_flag": 0,
        "beam": "BEAM02"
      }
    },
    {
      "type": "Feature",
      "geometry": {
        "type": "Point",
        "coordinates": [
          -70.128087,
          -12.557121
        ]
      },
      "properties": {
        "transect_id": 1,
        "elev_lowestmode": 245.47999572753906,
        "elev_dem": 245.0,
        "rh100": 22.37,
        "quality_flag": 1,
        "beam": "BEAM02"
      }
    },
    {
      "type": "Feature",
      "geometry": {
        "type": "Point",
        "coordinates": [
          -70.129043,
          -12.556896
        ]
      },
      "properties": {
        "transect_id": 1,
        "elev_lowestmode": 244.89999389648438,
        "elev_dem": 246.0,
        "rh100": 27.34,
        "quality_flag": 1,
        "beam": "BEAM02"
      }
    },
    {
      "type": "Feature",
      "geometry": {
        "type": "Point",
        "coordinates": [
          -70.128208,
          -12.55667
        ]
      },
      "properties": {
        "transect_id": 1,
        "elev_lowestmode": 245.8000030517578,
        "elev_dem": 248.0,
        "rh100": 30.41,
        "quality_flag": 1,
        "beam": "BEAM02"
      }
    },
    {
      "type": "Feature",
      "geometry": {
        "type": "Point",
        "coordinates": [
          -70.128563,
          -12.556445
        ]
      },
      "properties": {
        "transect_id": 1,
        "elev_lowestmode": 246.69000244140625,
        "elev_dem": 247.0,
        "rh100": 24.63,
        "quality_flag": 1,
        "beam": "BEAM02"
      }
    },
    {
      "type": "Feature",
      "geometry": {
        "type": "Point",
        "coordinates": [
          -70.129387,
          -12.55622
        ]
      },
      "properties": {
        "transect_id": 1,
        "elev_lowestmode": 251.60000610351562,
        "elev_dem": 252.0,
        "rh100": 28.68,
        "quality_flag": 0,
        "beam": "BEAM02"
      }
    },
    {
      "type": "Feature",
      "geometry": {
        "type": "Point",
        "coordinates": [
          -70.12889,
          -12.555995
        ]
      },
      "properties": {
        "transect_id": 1,
        "elev_lowestmode": 249.5500030517578,
        "elev_dem": 250.0,
        "rh100": 20.33,
        "quality_flag": 1,
        "beam": "BEAM02"
      }
    },
    {
      "type": "Feature",
      "geometry": {
        "type": "Point",
        "coordinates": [
          -70.128161,
          -12.55577
        ]
      },
      "properties": {
        "transect_id": 1,
        "elev_lowestmode": 247.0,
        "elev_dem": 247.0,
        "rh100": 28.71,
        "quality_flag": 0,
        "beam": "BEAM02"
      }
    },
    {
      "type": "Feature",
      "geometry": {
        "type": "Point",
        "coordinates": [
          -70.128639,
          -12.555544
        ]
      },
      "properties": {
        "transect_id": 1,
        "elev_lowestmode": 249.8699951171875,
        "elev_dem": 250.0,
        "rh100": 34.44,
        "quality_flag": 1,
        "beam": "BEAM02"
      }
    },
    {
      "type": "Feature",
      "geometry": {
        "type": "Point",
        "coordinates": [
          -70.12765,
          -12.555319
        ]
      },
      "properties": {
        "transect_id": 1,
        "elev_lowestmode": 247.4199981689453,
        "elev_dem": 248.0,
        "rh100": 21.69,
        "quality_flag": 1,
        "beam": "BEAM02"
      }
    },
    {
      "type": "Feature",
      "geometry": {
        "type": "Point",
        "coordinates": [
          -70.128689,
          -12.555094
        ]
      },
      "properties": {
        "transect_id": 1,
        "elev_lowestmode": 258.5400085449219,
        "elev_dem": 259.0,
        "rh100": 20.55,
        "quality_flag": 1,
        "beam": "BEAM02"
      }
    },
    {
      "type": "Feature",
      "geometry": {
        "type": "Point",
        "coordinates": [
          -70.12894,
          -12.554869
        ]
      },
      "properties": {
        "transect_id": 1,
        "elev_lowestmode": 263.8800048828125,
        "elev_dem": 262.0,
        "rh100": 33.54,
        "quality_flag": 1,
        "beam": "BEAM02"
      }
    },
    {
      "type": "Feature",
      "geometry": {
        "type": "Point",
        "coordinates": [
          -70.129183,
          -12.554643
        ]
      },
      "properties": {
        "transect_id": 1,
        "elev_lowestmode": 274.70001220703125,
        "elev_dem": 274.0,
        "rh100": 20.28,
        "quality_flag": 1,
        "beam": "BEAM02"
      }
    },
    {
      "type": "Feature",
      "geometry": {
        "type": "Point",
        "coordinates": [
          -70.12863,
          -12.554418
        ]
      },
      "properties": {
        "transect_id": 1,
        "elev_lowestmode": 275.45001220703125,
        "elev_dem": 276.0,
        "rh100": 27.97,
        "quality_flag": 1,
        "beam": "BEAM02"
      }
    },
    {
      "type": "Feature",
      "geometry": {
        "type": "Point",
        "coordinates": [
          -70.128855,
          -12.554193
        ]
      },
      "properties": {
        "transect_id": 1,
        "elev_lowestmode": 287.8299865722656,
        "elev_dem": 287.0,
        "rh100": 21.89,
        "quality_flag": 1,
        "beam": "BEAM02"
      }
    },
    {
      "type": "Feature",
      "geometry": {
        "type": "Point",
        "coordinates": [
          -70.12819,
          -12.553968
        ]
      },
      "properties": {
        "transect_id": 1,
        "elev_lowestmode": 282.17999267578125,
        "elev_dem": 283.0,
        "rh100": 33.92,
        "quality_flag": 1,
        "beam": "BEAM02"
      }
    },
    {
      "type": "Feature",
      "geometry": {
        "type": "Point",
        "coordinates": [
          -70.128045,
          -12.553742
        ]
      },
      "properties": {
        "transect_id": 1,
        "elev_lowestmode": 285.6499938964844,
        "elev_dem": 287.0,
        "rh100": 31.67,
        "quality_flag": 1,
        "beam": "BEAM02"
      }
    },
    {
      "type": "Feature",
      "geometry": {
        "type": "Point",
        "coordinates": [
          -70.129226,
          -12.553517
        ]
      },
      "properties": {
        "transect_id": 1,
        "elev_lowestmode": 286.6099853515625,
        "elev_dem": 286.0,
        "rh100": 23.21,
        "quality_flag": 1,
        "beam": "BEAM02"
      }
    },
    {
      "type": "Feature",
      "geometry": {
        "type": "Point",
        "coordinates": [
          -70.127722,
          -12.553292
        ]
      },
      "properties": {
        "transect_id": 1,
        "elev_lowestmode": 289.05999755859375,
        "elev_dem": 289.0,
        "rh100": 21.9,
        "quality_flag": 1,
        "beam": "BEAM02"
      }
    },
    {
      "type": "Feature",
      "geometry": {
        "type": "Point",
        "coordinates": [
          -70.127769,
          -12.553067
        ]
      },
      "properties": {
        "transect_id": 1,
        "elev_lowestmode": 289.54998779296875,
        "elev_dem": 290.0,
        "rh100": 20.52,
        "quality_flag": 1,
        "beam": "BEAM02"
      }
    },
    {
      "type": "Feature",
      "geometry": {
        "type": "Point",
        "coordinates": [
          -70.129479,
          -12.552842
        ]
      },
      "properties": {
        "transect_id": 1,
        "elev_lowestmode": 292.82000732421875,
        "elev_dem": 294.0,
        "rh100": 21.25,
        "quality_flag": 1,
        "beam": "BEAM02"
      }
    },
    {
      "type": "Feature",
      "geometry": {
        "type": "Point",
        "coordinates": [
          -70.127859,
          -12.552616
        ]
      },
      "properties": {
        "transect_id": 1,
        "elev_lowestmode": 287.5899963378906,
        "elev_dem": 287.0,
        "rh100": 31.54,
        "quality_flag": 1,
        "beam": "BEAM02"
      }
    },
    {
      "type": "Feature",
      "geometry": {
        "type": "Point",
        "coordinates": [
          -70.128884,
          -12.552391
        ]
      },
      "properties": {
        "transect_id": 1,
        "elev_lowestmode": 286.8399963378906,
        "elev_dem": 287.0,
        "rh100": 31.69,
        "quality_flag": 1,
        "beam": "BEAM02"
      }
    },
    {
      "type": "Feature",
      "geometry": {
        "type": "Point",
        "coordinates": [
          -70.127993,
          -12.552166
        ]
      },
      "properties": {
        "transect_id": 1,
        "elev_lowestmode": 290.20001220703125,
        "elev_dem": 290.0,
        "rh100": 31.02,
        "quality_flag": 1,
        "beam": "BEAM02"
      }
    },
    {
      "type": "Feature",
      "geometry": {
        "type": "Point",
        "coordinates": [
          -70.128309,
          -12.551941
        ]
      },
      "properties": {
        "transect_id": 1,
        "elev_lowestmode": 285.9700012207031,
        "elev_dem": 285.0,
        "rh100": 33.66,
        "quality_flag": 1,
        "beam": "BEAM02"
      }
    },
    {
      "type": "Feature",
      "geometry": {
        "type": "Point",
        "coordinates": [
          -70.129191,
          -12.551715
        ]
      },
      "properties": {
        "transect_id": 1,
        "elev_lowestmode": 276.989990234375,
        "elev_dem": 278.0,
        "rh100": 22.34,
        "quality_flag": 1,
        "beam": "BEAM02"
      }
    },
    {
      "type": "Feature",
      "geometry": {
        "type": "Point",
        "coordinates": [
          -70.128846,
          -12.55149
        ]
      },
      "properties": {
        "transect_id": 1,
        "elev_lowestmode": 273.29998779296875,
        "elev_dem": 273.0,
        "rh100": 32.3,
        "quality_flag": 1,
        "beam": "BEAM02"
      }
    },
    {
      "type": "Feature",
      "geometry": {
        "type": "Point",
        "coordinates": [
          -70.12788,
          -12.551265
        ]
      },
      "properties": {
        "transect_id": 1,
        "elev_lowestmode": 277.9599914550781,
        "elev_dem": 276.0,
        "rh100": 32.92,
        "quality_flag": 1,
        "beam": "BEAM02"
      }
    },
    {
      "type": "Feature",
      "geometry": {
        "type": "Point",
        "coordinates": [
          -70.128541,
          -12.55104
        ]
      },
      "properties": {
        "transect_id": 1,
        "elev_lowestmode": 275.95001220703125,
        "elev_dem": 275.0,
        "rh100": 34.62,
        "quality_flag": 1,
        "beam": "BEAM02"
      }
    },
    {
      "type": "Feature",
      "geometry": {
        "type": "Point",
        "coordinates": [
          -70.129123,
          -12.550815
        ]
      },
      "properties": {
        "transect_id": 1,
        "elev_lowestmode": 278.42999267578125,
        "elev_dem": 278.0,
        "rh100": 29.39,
        "quality_flag": 1,
        "beam": "BEAM02"
      }
    },
    {
      "type": "Feature",
      "geometry": {
        "type": "Point",
        "coordinates": [
          -70.12932,
          -12.550589
        ]
      },
      "properties": {
        "transect_id": 1,
        "elev_lowestmode": 282.25,
        "elev_dem": 282.0,
        "rh100": 22.04,
        "quality_flag": 0,
        "beam": "BEAM02"
      }
    },
    {
      "type": "Feature",
      "geometry": {
        "type": "Point",
        "coordinates": [
          -70.127565,
          -12.550364
        ]
      },
      "properties": {
        "transect_id": 1,
        "elev_lowestmode": 275.0199890136719,
        "elev_dem": 273.0,
        "rh100": 21.79,
        "quality_flag": 1,
        "beam": "BEAM02"
      }
    },
    {
      "type": "Feature",
      "geometry": {
        "type": "Point",
        "coordinates": [
          -70.128896,
          -12.550139
        ]
      },
      "properties": {
        "transect_id": 1,
        "elev_lowestmode": 290.44000244140625,
        "elev_dem": 290.0,
        "rh100": 33.47,
        "quality_flag": 1,
        "beam": "BEAM02"
      }
    },
    {
      "type": "Feature",
      "geometry": {
        "type": "Point",
        "coordinates": [
          -70.127588,
          -12.549914
        ]
      },
      "properties": {
        "transect_id": 1,
        "elev_lowestmode": 274.67999267578125,
        "elev_dem": 274.0,
        "rh100": 23.06,
        "quality_flag": 1,
        "beam": "BEAM02"
      }
    },
    {
      "type": "Feature",
      "geometry": {
        "type": "Point",
        "coordinates": [
          -70.129209,
          -12.549688
        ]
      },
      "properties": {
        "transect_id": 1,
        "elev_lowestmode": 293.70001220703125,
        "elev_dem": 292.0,
        "rh100": 27.83,
        "quality_flag": 0,
        "beam": "BEAM02"
      }
    },
    {
      "type": "Feature",
      "geometry": {
        "type": "Point",
        "coordinates": [
          -70.128278,
          -12.549463
        ]
      },
      "properties": {
        "transect_id": 1,
        "elev_lowestmode": 285.07000732421875,
        "elev_dem": 288.0,
        "rh100": 31.12,
        "quality_flag": 1,
        "beam": "BEAM02"
      }
    },
    {
      "type": "Feature",
      "geometry": {
        "type": "Point",
        "coordinates": [
          -70.127992,
          -12.549238
        ]
      },
      "properties": {
        "transect_id": 1,
        "elev_lowestmode": 278.7900085449219,
        "elev_dem": 280.0,
        "rh100": 22.99,
        "quality_flag": 1,
        "beam": "BEAM02"
      }
    },
    {
      "type": "Feature",
      "geometry": {
        "type": "Point",
        "coordinates": [
          -70.129071,
          -12.549013
        ]
      },
      "properties": {
        "transect_id": 1,
        "elev_lowestmode": 293.510009765625,
        "elev_dem": 292.0,
        "rh100": 32.95,
        "quality_flag": 1,
        "beam": "BEAM02"
      }
    },
    {
      "type": "Feature",
      "geometry": {
        "type": "Point",
        "coordinates": [
          -70.12781,
          -12.548788
        ]
      },
      "properties": {
        "transect_id": 1,
        "elev_lowestmode": 276.0,
        "elev_dem": 275.0,
        "rh100": 21.14,
        "quality_flag": 1,
        "beam": "BEAM02"
      }
    },
    {
      "type": "Feature",
      "geometry": {
        "type": "Point",
        "coordinates": [
          -70.128813,
          -12.548562
        ]
      },
      "properties": {
        "transect_id": 1,
        "elev_lowestmode": 288.1400146484375,
        "elev_dem": 288.0,
        "rh100": 33.28,
        "quality_flag": 1,
        "beam": "BEAM02"
      }
    },
    {
      "type": "Feature",
      "geometry": {
        "type": "Point",
        "coordinates": [
          -70.12883,
          -12.548337
        ]
      },
      "properties": {
        "transect_id": 1,
        "elev_lowestmode": 286.32000732421875,
        "elev_dem": 286.0,
        "rh100": 30.31,
        "quality_flag": 1,
        "beam": "BEAM02"
      }
    },
    {
      "type": "Feature",
      "geometry": {
        "type": "Point",
        "coordinates": [
          -70.127571,
          -12.548112
        ]
      },
      "properties": {
        "transect_id": 1,
        "elev_lowestmode": 277.9100036621094,
        "elev_dem": 278.0,
        "rh100": 20.9,
        "quality_flag": 1,
        "beam": "BEAM02"
      }
    },
    {
      "type": "Feature",
      "geometry": {
        "type": "Point",
        "coordinates": [
          -70.128042,
          -12.547887
        ]
      },
      "properties": {
        "transect_id": 1,
        "elev_lowestmode": 282.0,
        "elev_dem": 282.0,
        "rh100": 23.18,
        "quality_flag": 1,
        "beam": "BEAM02"
      }
    },
    {
      "type": "Feature",
      "geometry": {
        "type": "Point",
        "coordinates": [
          -70.128872,
          -12.547661
        ]
      },
      "properties": {
        "transect_id": 1,
        "elev_lowestmode": 286.8800048828125,
        "elev_dem": 288.0,
        "rh100": 25.81,
        "quality_flag": 1,
        "beam": "BEAM02"
      }
    },
    {
      "type": "Feature",
      "geometry": {
        "type": "Point",
        "coordinates": [
          -70.129265,
          -12.547436
        ]
      },
      "properties": {
        "transect_id": 1,
        "elev_lowestmode": 291.32000732421875,
        "elev_dem": 291.0,
        "rh100": 25.74,
        "quality_flag": 0,
        "beam": "BEAM02"
      }
    },
    {
      "type": "Feature",
      "geometry": {
        "type": "Point",
        "coordinates": [
          -70.129192,
          -12.547211
        ]
      },
      "properties": {
        "transect_id": 1,
        "elev_lowestmode": 292.9800109863281,
        "elev_dem": 292.0,
        "rh100": 21.74,
        "quality_flag": 1,
        "beam": "BEAM02"
      }
    },
    {
      "type": "Feature",
      "geometry": {
        "type": "Point",
        "coordinates": [
          -70.128436,
          -12.546986
        ]
      },
      "properties": {
        "transect_id": 1,
        "elev_lowestmode": 284.239990234375,
        "elev_dem": 285.0,
        "rh100": 33.33,
        "quality_flag": 1,
        "beam": "BEAM02"
      }
    },
    {
      "type": "Feature",
      "geometry": {
        "type": "Point",
        "coordinates": [
          -70.128003,
          -12.546761
        ]
      },
      "properties": {
        "transect_id": 1,
        "elev_lowestmode": 284.1199951171875,
        "elev_dem": 283.0,
        "rh100": 28.74,
        "quality_flag": 1,
        "beam": "BEAM02"
      }
    },
    {
      "type": "Feature",
      "geometry": {
        "type": "Point",
        "coordinates": [
          -70.128757,
          -12.546535
        ]
      },
      "properties": {
        "transect_id": 1,
        "elev_lowestmode": 285.5400085449219,
        "elev_dem": 287.0,
        "rh100": 25.59,
        "quality_flag": 1,
        "beam": "BEAM02"
      }
    },
    {
      "type": "Feature",
      "geometry": {
        "type": "Point",
        "coordinates": [
          -70.128522,
          -12.54631
        ]
      },
      "properties": {
        "transect_id": 1,
        "elev_lowestmode": 286.5400085449219,
        "elev_dem": 285.0,
        "rh100": 22.49,
        "quality_flag": 1,
        "beam": "BEAM02"
      }
    },
    {
      "type": "Feature",
      "geometry": {
        "type": "Point",
        "coordinates": [
          -70.128659,
          -12.546085
        ]
      },
      "properties": {
        "transect_id": 1,
        "elev_lowestmode": 286.010009765625,
        "elev_dem": 286.0,
        "rh100": 25.23,
        "quality_flag": 1,
        "beam": "BEAM02"
      }
    },
    {
      "type": "Feature",
      "geometry": {
        "type": "Point",
        "coordinates": [
          -70.128583,
          -12.54586
        ]
      },
      "properties": {
        "transect_id": 1,
        "elev_lowestmode": 283.6700134277344,
        "elev_dem": 283.0,
        "rh100": 21.48,
        "quality_flag": 1,
        "beam": "BEAM02"
      }
    },
    {
      "type": "Feature",
      "geometry": {
        "type": "Point",
        "coordinates": [
          -70.129028,
          -12.545634
        ]
      },
      "properties": {
        "transect_id": 1,
        "elev_lowestmode": 282.04998779296875,
        "elev_dem": 283.0,
        "rh100": 27.36,
        "quality_flag": 1,
        "beam": "BEAM02"
      }
    },
    {
      "type": "Feature",
      "geometry": {
        "type": "Point",
        "coordinates": [
          -70.129344,
          -12.545409
        ]
      },
      "properties": {
        "transect_id": 1,
        "elev_lowestmode": 282.79998779296875,
        "elev_dem": 284.0,
        "rh100": 27.84,
        "quality_flag": 1,
        "beam": "BEAM02"
      }
    },
    {
      "type": "Feature",
      "geometry": {
        "type": "Point",
        "coordinates": [
          -70.129361,
          -12.545184
        ]
      },
      "properties": {
        "transect_id": 1,
        "elev_lowestmode": 283.9200134277344,
        "elev_dem": 284.0,
        "rh100": 22.11,
        "quality_flag": 1,
        "beam": "BEAM02"
      }
    },
    {
      "type": "Feature",
      "geometry": {
        "type": "Point",
        "coordinates": [
          -70.128559,
          -12.544959
        ]
      },
      "properties": {
        "transect_id": 1,
        "elev_lowestmode": 286.29998779296875,
        "elev_dem": 285.0,
        "rh100": 20.84,
        "quality_flag": 1,
        "beam": "BEAM02"
      }
    },
    {
      "type": "Feature",
      "geometry": {
        "type": "Point",
        "coordinates": [
          -70.128145,
          -12.544733
        ]
      },
      "properties": {
        "transect_id": 1,
        "elev_lowestmode": 292.1600036621094,
        "elev_dem": 292.0,
        "rh100": 33.5,
        "quality_flag": 1,
        "beam": "BEAM02"
      }
    },
    {
      "type": "Feature",
      "geometry": {
        "type": "Point",
        "coordinates": [
          -70.128744,
          -12.544508
        ]
      },
      "properties": {
        "transect_id": 1,
        "elev_lowestmode": 288.17999267578125,
        "elev_dem": 290.0,
        "rh100": 24.66,
        "quality_flag": 1,
        "beam": "BEAM02"
      }
    },
    {
      "type": "Feature",
      "geometry": {
        "type": "Point",
        "coordinates": [
          -70.128372,
          -12.544283
        ]
      },
      "properties": {
        "transect_id": 1,
        "elev_lowestmode": 290.6000061035156,
        "elev_dem": 293.0,
        "rh100": 28.74,
        "quality_flag": 1,
        "beam": "BEAM02"
      }
    },
    {
      "type": "Feature",
      "geometry": {
        "type": "Point",
        "coordinates": [
          -70.127915,
          -12.544058
        ]
      },
      "properties": {
        "transect_id": 1,
        "elev_lowestmode": 292.4599914550781,
        "elev_dem": 293.0,
        "rh100": 32.59,
        "quality_flag": 1,
        "beam": "BEAM02"
      }
    },
    {
      "type": "Feature",
      "geometry": {
        "type": "Point",
        "coordinates": [
          -70.128816,
          -12.543833
        ]
      },
      "properties": {
        "transect_id": 1,
        "elev_lowestmode": 284.3500061035156,
        "elev_dem": 286.0,
        "rh100": 31.02,
        "quality_flag": 1,
        "beam": "BEAM02"
      }
    },
    {
      "type": "Feature",
      "geometry": {
        "type": "Point",
        "coordinates": [
          -70.129262,
          -12.543607
        ]
      },
      "properties": {
        "transect_id": 1,
        "elev_lowestmode": 290.3299865722656,
        "elev_dem": 291.0,
        "rh100": 32.71,
        "quality_flag": 1,
        "beam": "BEAM02"
      }
    },
    {
      "type": "Feature",
      "geometry": {
        "type": "Point",
        "coordinates": [
          -70.129386,
          -12.543382
        ]
      },
      "properties": {
        "transect_id": 1,
        "elev_lowestmode": 297.7699890136719,
        "elev_dem": 296.0,
        "rh100": 28.07,
        "quality_flag": 1,
        "beam": "BEAM02"
      }
    },
    {
      "type": "Feature",
      "geometry": {
        "type": "Point",
        "coordinates": [
          -70.128693,
          -12.543157
        ]
      },
      "properties": {
        "transect_id": 1,
        "elev_lowestmode": 291.25,
        "elev_dem": 292.0,
        "rh100": 24.57,
        "quality_flag": 1,
        "beam": "BEAM02"
      }
    },
    {
      "type": "Feature",
      "geometry": {
        "type": "Point",
        "coordinates": [
          -70.127952,
          -12.542932
        ]
      },
      "properties": {
        "transect_id": 1,
        "elev_lowestmode": 293.04998779296875,
        "elev_dem": 294.0,
        "rh100": 21.44,
        "quality_flag": 1,
        "beam": "BEAM02"
      }
    },
    {
      "type": "Feature",
      "geometry": {
        "type": "Point",
        "coordinates": [
          -70.128337,
          -12.542706
        ]
      },
      "properties": {
        "transect_id": 1,
        "elev_lowestmode": 294.70001220703125,
        "elev_dem": 295.0,
        "rh100": 24.81,
        "quality_flag": 1,
        "beam": "BEAM02"
      }
    },
    {
      "type": "Feature",
      "geometry": {
        "type": "Point",
        "coordinates": [
          -70.128045,
          -12.542481
        ]
      },
      "properties": {
        "transect_id": 1,
        "elev_lowestmode": 294.92999267578125,
        "elev_dem": 295.0,
        "rh100": 31.15,
        "quality_flag": 1,
        "beam": "BEAM02"
      }
    },
    {
      "type": "Feature",
      "geometry": {
        "type": "Point",
        "coordinates": [
          -70.128404,
          -12.542256
        ]
      },
      "properties": {
        "transect_id": 1,
        "elev_lowestmode": 296.0799865722656,
        "elev_dem": 296.0,
        "rh100": 29.05,
        "quality_flag": 0,
        "beam": "BEAM02"
      }
    },
    {
      "type": "Feature",
      "geometry": {
        "type": "Point",
        "coordinates": [
          -70.127739,
          -12.542031
        ]
      },
      "properties": {
        "transect_id": 1,
        "elev_lowestmode": 296.010009765625,
        "elev_dem": 295.0,
        "rh100": 22.65,
        "quality_flag": 1,
        "beam": "BEAM02"
      }
    },
    {
      "type": "Feature",
      "geometry": {
        "type": "Point",
        "coordinates": [
          -70.128268,
          -12.541806
        ]
      },
      "properties": {
        "transect_id": 1,
        "elev_lowestmode": 296.4800109863281,
        "elev_dem": 296.0,
        "rh100": 33.13,
        "quality_flag": 1,
        "beam": "BEAM02"
      }
    },
    {
      "type": "Feature",
      "geometry": {
        "type": "Point",
        "coordinates": [
          -70.12767,
          -12.54158
        ]
      },
      "properties": {
        "transect_id": 1,
        "elev_lowestmode": 294.4800109863281,
        "elev_dem": 294.0,
        "rh100": 27.14,
        "quality_flag": 0,
        "beam": "BEAM02"
      }
    },
    {
      "type": "Feature",
      "geometry": {
        "type": "Point",
        "coordinates": [
          -70.12906,
          -12.541355
        ]
      },
      "properties": {
        "transect_id": 1,
        "elev_lowestmode": 298.3900146484375,
        "elev_dem": 297.0,
        "rh100": 34.34,
        "quality_flag": 1,
        "beam": "BEAM02"
      }
    },
    {
      "type": "Feature",
      "geometry": {
        "type": "Point",
        "coordinates": [
          -70.128821,
          -12.54113
        ]
      },
      "properties": {
        "transect_id": 1,
        "elev_lowestmode": 296.1000061035156,
        "elev_dem": 296.0,
        "rh100": 31.45,
        "quality_flag": 1,
        "beam": "BEAM02"
      }
    },
    {
      "type": "Feature",
      "geometry": {
        "type": "Point",
        "coordinates": [
          -70.129421,
          -12.540905
        ]
      },
      "properties": {
        "transect_id": 1,
        "elev_lowestmode": 296.9800109863281,
        "elev_dem": 296.0,
        "rh100": 33.03,
        "quality_flag": 1,
        "beam": "BEAM02"
      }
    },
    {
      "type": "Feature",
      "geometry": {
        "type": "Point",
        "coordinates": [
          -70.128346,
          -12.540679
        ]
      },
      "properties": {
        "transect_id": 1,
        "elev_lowestmode": 292.2300109863281,
        "elev_dem": 292.0,
        "rh100": 25.17,
        "quality_flag": 1,
        "beam": "BEAM02"
      }
    },
    {
      "type": "Feature",
      "geometry": {
        "type": "Point",
        "coordinates": [
          -70.129271,
          -12.540454
        ]
      },
      "properties": {
        "transect_id": 1,
        "elev_lowestmode": 297.54998779296875,
        "elev_dem": 295.0,
        "rh100": 31.83,
        "quality_flag": 1,
        "beam": "BEAM02"
      }
    },
    {
      "type": "Feature",
      "geometry": {
        "type": "Point",
        "coordinates": [
          -70.128686,
          -12.540229
        ]
      },
      "properties": {
        "transect_id": 1,
        "elev_lowestmode": 292.8599853515625,
        "elev_dem": 293.0,
        "rh100": 22.71,
        "quality_flag": 1,
        "beam": "BEAM02"
      }
    },
    {
      "type": "Feature",
      "geometry": {
        "type": "Point",
        "coordinates": [
          -70.127907,
          -12.540004
        ]
      },
      "properties": {
        "transect_id": 1,
        "elev_lowestmode": 286.1300048828125,
        "elev_dem": 286.0,
        "rh100": 32.38,
        "quality_flag": 1,
        "beam": "BEAM02"
      }
    },
    {
      "type": "Feature",
      "geometry": {
        "type": "Point",
        "coordinates": [
          -70.120358,
          -12.599914
        ]
      },
      "properties": {
        "transect_id": 2,
        "elev_lowestmode": 235.82000732421875,
        "elev_dem": 237.0,
        "rh100": 24.13,
        "quality_flag": 1,
        "beam": "BEAM03"
      }
    },
    {
      "type": "Feature",
      "geometry": {
        "type": "Point",
        "coordinates": [
          -70.119016,
          -12.599688
        ]
      },
      "properties": {
        "transect_id": 2,
        "elev_lowestmode": 226.08999633789062,
        "elev_dem": 227.0,
        "rh100": 26.82,
        "quality_flag": 1,
        "beam": "BEAM03"
      }
    },
    {
      "type": "Feature",
      "geometry": {
        "type": "Point",
        "coordinates": [
          -70.11983,
          -12.599463
        ]
      },
      "properties": {
        "transect_id": 2,
        "elev_lowestmode": 239.3000030517578,
        "elev_dem": 238.0,
        "rh100": 23.45,
        "quality_flag": 1,
        "beam": "BEAM03"
      }
    },
    {
      "type": "Feature",
      "geometry": {
        "type": "Point",
        "coordinates": [
          -70.120165,
          -12.599238
        ]
      },
      "properties": {
        "transect_id": 2,
        "elev_lowestmode": 241.5800018310547,
        "elev_dem": 242.0,
        "rh100": 31.7,
        "quality_flag": 1,
        "beam": "BEAM03"
      }
    },
    {
      "type": "Feature",
      "geometry": {
        "type": "Point",
        "coordinates": [
          -70.119136,
          -12.599013
        ]
      },
      "properties": {
        "transect_id": 2,
        "elev_lowestmode": 237.8000030517578,
        "elev_dem": 239.0,
        "rh100": 22.95,
        "quality_flag": 1,
        "beam": "BEAM03"
      }
    },
    {
      "type": "Feature",
      "geometry": {
        "type": "Point",
        "coordinates": [
          -70.118891,
          -12.598788
        ]
      },
      "properties": {
        "transect_id": 2,
        "elev_lowestmode": 238.6300048828125,
        "elev_dem": 239.0,
        "rh100": 34.38,
        "quality_flag": 1,
        "beam": "BEAM03"
      }
    },
    {
      "type": "Feature",
      "geometry": {
        "type": "Point",
        "coordinates": [
          -70.119772,
          -12.598562
        ]
      },
      "properties": {
        "transect_id": 2,
        "elev_lowestmode": 242.30999755859375,
        "elev_dem": 243.0,
        "rh100": 34.01,
        "quality_flag": 1,
        "beam": "BEAM03"
      }
    },
    {
      "type": "Feature",
      "geometry": {
        "type": "Point",
        "coordinates": [
          -70.119312,
          -12.598337
        ]
      },
      "properties": {
        "transect_id": 2,
        "elev_lowestmode": 242.9499969482422,
        "elev_dem": 242.0,
        "rh100": 31.3,
        "quality_flag": 0,
        "beam": "BEAM03"
      }
    },
    {
      "type": "Feature",
      "geometry": {
        "type": "Point",
        "coordinates": [
          -70.11965,
          -12.598112
        ]
      },
      "properties": {
        "transect_id": 2,
        "elev_lowestmode": 247.05999755859375,
        "elev_dem": 246.0,
        "rh100": 30.5,
        "quality_flag": 0,
        "beam": "BEAM03"
      }
    },
    {
      "type": "Feature",
      "geometry": {
        "type": "Point",
        "coordinates": [
          -70.119775,
          -12.597887
        ]
      },
      "properties": {
        "transect_id": 2,
        "elev_lowestmode": 245.17999267578125,
        "elev_dem": 246.0,
        "rh100": 27.08,
        "quality_flag": 1,
        "beam": "BEAM03"
      }
    },
    {
      "type": "Feature",
      "geometry": {
        "type": "Point",
        "coordinates": [
          -70.120207,
          -12.597661
        ]
      },
      "properties": {
        "transect_id": 2,
        "elev_lowestmode": 247.66000366210938,
        "elev_dem": 248.0,
        "rh100": 22.38,
        "quality_flag": 1,
        "beam": "BEAM03"
      }
    },
    {
      "type": "Feature",
      "geometry": {
        "type": "Point",
        "coordinates": [
          -70.120217,
          -12.597436
        ]
      },
      "properties": {
        "transect_id": 2,
        "elev_lowestmode": 248.77999877929688,
        "elev_dem": 247.0,
        "rh100": 34.5,
        "quality_flag": 1,
        "beam": "BEAM03"
      }
    },
    {
      "type": "Feature",
      "geometry": {
        "type": "Point",
        "coordinates": [
          -70.120272,
          -12.597211
        ]
      },
      "properties": {
        "transect_id": 2,
        "elev_lowestmode": 243.8300018310547,
        "elev_dem": 245.0,
        "rh100": 28.67,
        "quality_flag": 0,
        "beam": "BEAM03"
      }
    },
    {
      "type": "Feature",
      "geometry": {
        "type": "Point",
        "coordinates": [
          -70.118457,
          -12.596986
        ]
      },
      "properties": {
        "transect_id": 2,
        "elev_lowestmode": 228.13999938964844,
        "elev_dem": 230.0,
        "rh100": 24.66,
        "quality_flag": 0,
        "beam": "BEAM03"
      }
    },
    {
      "type": "Feature",
      "geometry": {
        "type": "Point",
        "coordinates": [
          -70.119113,
          -12.596761
        ]
      },
      "properties": {
        "transect_id": 2,
        "elev_lowestmode": 232.77999877929688,
        "elev_dem": 233.0,
        "rh100": 31.36,
        "quality_flag": 1,
        "beam": "BEAM03"
      }
    },
    {
      "type": "Feature",
      "geometry": {
        "type": "Point",
        "coordinates": [
          -70.119593,
          -12.596535
        ]
      },
      "properties": {
        "transect_id": 2,
        "elev_lowestmode": 236.85000610351562,
        "elev_dem": 237.0,
        "rh100": 20.55,
        "quality_flag": 1,
        "beam": "BEAM03"
      }
    },
    {
      "type": "Feature",
      "geometry": {
        "type": "Point",
        "coordinates": [
          -70.118785,
          -12.59631
        ]
      },
      "properties": {
        "transect_id": 2,
        "elev_lowestmode": 236.17999267578125,
        "elev_dem": 235.0,
        "rh100": 28.7,
        "quality_flag": 1,
        "beam": "BEAM03"
      }
    },
    {
      "type": "Feature",
      "geometry": {
        "type": "Point",
        "coordinates": [
          -70.118659,
          -12.596085
        ]
      },
      "properties": {
        "transect_id": 2,
        "elev_lowestmode": 237.91000366210938,
        "elev_dem": 240.0,
        "rh100": 34.7,
        "quality_flag": 1,
        "beam": "BEAM03"
      }
    },
    {
      "type": "Feature",
      "geometry": {
        "type": "Point",
        "coordinates": [
          -70.118845,
          -12.59586
        ]
      },
      "properties": {
        "transect_id": 2,
        "elev_lowestmode": 245.05999755859375,
        "elev_dem": 246.0,
        "rh100": 27.56,
        "quality_flag": 1,
        "beam": "BEAM03"
      }
    },
    {
      "type": "Feature",
      "geometry": {
        "type": "Point",
        "coordinates": [
          -70.119501,
          -12.595634
        ]
      },
      "properties": {
        "transect_id": 2,
        "elev_lowestmode": 243.13999938964844,
        "elev_dem": 245.0,
        "rh100": 24.94,
        "quality_flag": 1,
        "beam": "BEAM03"
      }
    },
    {
      "type": "Feature",
      "geometry": {
        "type": "Point",
        "coordinates": [
          -70.119241,
          -12.595409
        ]
      },
      "properties": {
        "transect_id": 2,
        "elev_lowestmode": 243.25999450683594,
        "elev_dem": 244.0,
        "rh100": 30.87,
        "quality_flag": 1,
        "beam": "BEAM03"
      }
    },
    {
      "type": "Feature",
      "geometry": {
        "type": "Point",
        "coordinates": [
          -70.119188,
          -12.595184
        ]
      },
      "properties": {
        "transect_id": 2,
        "elev_lowestmode": 245.6699981689453,
        "elev_dem": 244.0,
        "rh100": 33.0,
        "quality_flag": 1,
        "beam": "BEAM03"
      }
    },
    {
      "type": "Feature",
      "geometry": {
        "type": "Point",
        "coordinates": [
          -70.120419,
          -12.594959
        ]
      },
      "properties": {
        "transect_id": 2,
        "elev_lowestmode": 242.44000244140625,
        "elev_dem": 242.0,
        "rh100": 31.87,
        "quality_flag": 1,
        "beam": "BEAM03"
      }
    },
    {
      "type": "Feature",
      "geometry": {
        "type": "Point",
        "coordinates": [
          -70.120228,
          -12.594733
        ]
      },
      "properties": {
        "transect_id": 2,
        "elev_lowestmode": 243.08999633789062,
        "elev_dem": 243.0,
        "rh100": 34.35,
        "quality_flag": 1,
        "beam": "BEAM03"
      }
    },
    {
      "type": "Feature",
      "geometry": {
        "type": "Point",
        "coordinates": [
          -70.119958,
          -12.594508
        ]
      },
      "properties": {
        "transect_id": 2,
        "elev_lowestmode": 244.1300048828125,
        "elev_dem": 245.0,
        "rh100": 34.16,
        "quality_flag": 1,
        "beam": "BEAM03"
      }
    },
    {
      "type": "Feature",
      "geometry": {
        "type": "Point",
        "coordinates": [
          -70.118507,
          -12.594283
        ]
      },
      "properties": {
        "transect_id": 2,
        "elev_lowestmode": 245.7899932861328,
        "elev_dem": 246.0,
        "rh100": 27.22,
        "quality_flag": 1,
        "beam": "BEAM03"
      }
    },
    {
      "type": "Feature",
      "geometry": {
        "type": "Point",
        "coordinates": [
          -70.12042,
          -12.594058
        ]
      },
      "properties": {
        "transect_id": 2,
        "elev_lowestmode": 242.64999389648438,
        "elev_dem": 243.0,
        "rh100": 20.5,
        "quality_flag": 1,
        "beam": "BEAM03"
      }
    },
    {
      "type": "Feature",
      "geometry": {
        "type": "Point",
        "coordinates": [
          -70.119631,
          -12.593833
        ]
      },
      "properties": {
        "transect_id": 2,
        "elev_lowestmode": 240.32000732421875,
        "elev_dem": 241.0,
        "rh100": 22.56,
        "quality_flag": 1,
        "beam": "BEAM03"
      }
    },
    {
      "type": "Feature",
      "geometry": {
        "type": "Point",
        "coordinates": [
          -70.120301,
          -12.593607
        ]
      },
      "properties": {
        "transect_id": 2,
        "elev_lowestmode": 237.91000366210938,
        "elev_dem": 240.0,
        "rh100": 21.78,
        "quality_flag": 1,
        "beam": "BEAM03"
      }
    },
    {
      "type": "Feature",
      "geometry": {
        "type": "Point",
        "coordinates": [
          -70.119979,
          -12.593382
        ]
      },
      "properties": {
        "transect_id": 2,
        "elev_lowestmode": 237.86000061035156,
        "elev_dem": 239.0,
        "rh100": 27.12,
        "quality_flag": 1,
        "beam": "BEAM03"
      }
    },
    {
      "type": "Feature",
      "geometry": {
        "type": "Point",
        "coordinates": [
          -70.120401,
          -12.593157
        ]
      },
      "properties": {
        "transect_id": 2,
        "elev_lowestmode": 239.9499969482422,
        "elev_dem": 240.0,
        "rh100": 24.03,
        "quality_flag": 1,
        "beam": "BEAM03"
      }
    },
    {
      "type": "Feature",
      "geometry": {
        "type": "Point",
        "coordinates": [
          -70.118481,
          -12.592932
        ]
      },
      "properties": {
        "transect_id": 2,
        "elev_lowestmode": 240.36000061035156,
        "elev_dem": 241.0,
        "rh100": 28.75,
        "quality_flag": 1,
        "beam": "BEAM03"
      }
    },
    {
      "type": "Feature",
      "geometry": {
        "type": "Point",
        "coordinates": [
          -70.120209,
          -12.592706
        ]
      },
      "properties": {
        "transect_id": 2,
        "elev_lowestmode": 238.1999969482422,
        "elev_dem": 238.0,
        "rh100": 28.04,
        "quality_flag": 1,
        "beam": "BEAM03"
      }
    },
    {
      "type": "Feature",
      "geometry": {
        "type": "Point",
        "coordinates": [
          -70.119389,
          -12.592481
        ]
      },
      "properties": {
        "transect_id": 2,
        "elev_lowestmode": 235.80999755859375,
        "elev_dem": 236.0,
        "rh100": 27.65,
        "quality_flag": 1,
        "beam": "BEAM03"
      }
    },
    {
      "type": "Feature",
      "geometry": {
        "type": "Point",
        "coordinates": [
          -70.120035,
          -12.592256
        ]
      },
      "properties": {
        "transect_id": 2,
        "elev_lowestmode": 240.66000366210938,
        "elev_dem": 240.0,
        "rh100": 31.24,
        "quality_flag": 1,
        "beam": "BEAM03"
      }
    },
    {
      "type": "Feature",
      "geometry": {
        "type": "Point",
        "coordinates": [
          -70.11944,
          -12.592031
        ]
      },
      "properties": {
        "transect_id": 2,
        "elev_lowestmode": 234.1699981689453,
        "elev_dem": 237.0,
        "rh100": 24.98,
        "quality_flag": 1,
        "beam": "BEAM03"
      }
    },
    {
      "type": "Feature",
      "geometry": {
        "type": "Point",
        "coordinates": [
          -70.120373,
          -12.591806
        ]
      },
      "properties": {
        "transect_id": 2,
        "elev_lowestmode": 242.57000732421875,
        "elev_dem": 244.0,
        "rh100": 24.6,
        "quality_flag": 1,
        "beam": "BEAM03"
      }
    },
    {
      "type": "Feature",
      "geometry": {
        "type": "Point",
        "coordinates": [
          -70.120401,
          -12.59158
        ]
      },
      "properties": {
        "transect_id": 2,
        "elev_lowestmode": 241.6699981689453,
        "elev_dem": 244.0,
        "rh100": 24.38,
        "quality_flag": 1,
        "beam": "BEAM03"
      }
    },
    {
      "type": "Feature",
      "geometry": {
        "type": "Point",
        "coordinates": [
          -70.118611,
          -12.591355
        ]
      },
      "properties": {
        "transect_id": 2,
        "elev_lowestmode": 239.4499969482422,
        "elev_dem": 238.0,
        "rh100": 24.66,
        "quality_flag": 1,
        "beam": "BEAM03"
      }
    },
    {
      "type": "Feature",
      "geometry": {
        "type": "Point",
        "coordinates": [
          -70.119959,
          -12.59113
        ]
      },
      "properties": {
        "transect_id": 2,
        "elev_lowestmode": 243.17999267578125,
        "elev_dem": 242.0,
        "rh100": 33.71,
        "quality_flag": 0,
        "beam": "BEAM03"
      }
    },
    {
      "type": "Feature",
      "geometry": {
        "type": "Point",
        "coordinates": [
          -70.119999,
          -12.590905
        ]
      },
      "properties": {
        "transect_id": 2,
        "elev_lowestmode": 243.8800048828125,
        "elev_dem": 244.0,
        "rh100": 33.78,
        "quality_flag": 1,
        "beam": "BEAM03"
      }
    },
    {
      "type": "Feature",
      "geometry": {
        "type": "Point",
        "coordinates": [
          -70.120102,
          -12.590679
        ]
      },
      "properties": {
        "transect_id": 2,
        "elev_lowestmode": 243.86000061035156,
        "elev_dem": 244.0,
        "rh100": 29.39,
        "quality_flag": 1,
        "beam": "BEAM03"
      }
    },
    {
      "type": "Feature",
      "geometry": {
        "type": "Point",
        "coordinates": [
          -70.120274,
          -12.590454
        ]
      },
      "properties": {
        "transect_id": 2,
        "elev_lowestmode": 245.39999389648438,
        "elev_dem": 245.0,
        "rh100": 21.65,
        "quality_flag": 1,
        "beam": "BEAM03"
      }
    },
    {
      "type": "Feature",
      "geometry": {
        "type": "Point",
        "coordinates": [
          -70.120285,
          -12.590229
        ]
      },
      "properties": {
        "transect_id": 2,
        "elev_lowestmode": 243.74000549316406,
        "elev_dem": 244.0,
        "rh100": 22.98,
        "quality_flag": 1,
        "beam": "BEAM03"
      }
    },
    {
      "type": "Feature",
      "geometry": {
        "type": "Point",
        "coordinates": [
          -70.119769,
          -12.590004
        ]
      },
      "properties": {
        "transect_id": 2,
        "elev_lowestmode": 236.66000366210938,
        "elev_dem": 236.0,
        "rh100": 27.35,
        "quality_flag": 1,
        "beam": "BEAM03"
      }
    },
    {
      "type": "Feature",
      "geometry": {
        "type": "Point",
        "coordinates": [
          -70.120213,
          -12.589779
        ]
      },
      "properties": {
        "transect_id": 2,
        "elev_lowestmode": 238.8699951171875,
        "elev_dem": 237.0,
        "rh100": 32.72,
        "quality_flag": 1,
        "beam": "BEAM03"
      }
    },
    {
      "type": "Feature",
      "geometry": {
        "type": "Point",
        "coordinates": [
          -70.120347,
          -12.589553
        ]
      },
      "properties": {
        "transect_id": 2,
        "elev_lowestmode": 236.6999969482422,
        "elev_dem": 237.0,
        "rh100": 25.23,
        "quality_flag": 1,
        "beam": "BEAM03"
      }
    },
    {
      "type": "Feature",
      "geometry": {
        "type": "Point",
        "coordinates": [
          -70.119054,
          -12.589328
        ]
      },
      "properties": {
        "transect_id": 2,
        "elev_lowestmode": 239.42999267578125,
        "elev_dem": 240.0,
        "rh100": 27.94,
        "quality_flag": 1,
        "beam": "BEAM03"
      }
    },
    {
      "type": "Feature",
      "geometry": {
        "type": "Point",
        "coordinates": [
          -70.119057,
          -12.589103
        ]
      },
      "properties": {
        "transect_id": 2,
        "elev_lowestmode": 243.6999969482422,
        "elev_dem": 242.0,
        "rh100": 25.36,
        "quality_flag": 1,
        "beam": "BEAM03"
      }
    },
    {
      "type": "Feature",
      "geometry": {
        "type": "Point",
        "coordinates": [
          -70.119972,
          -12.588878
        ]
      },
      "properties": {
        "transect_id": 2,
        "elev_lowestmode": 239.3800048828125,
        "elev_dem": 240.0,
        "rh100": 22.36,
        "quality_flag": 0,
        "beam": "BEAM03"
      }
    },
    {
      "type": "Feature",
      "geometry": {
        "type": "Point",
        "coordinates": [
          -70.119788,
          -12.588652
        ]
      },
      "properties": {
        "transect_id": 2,
        "elev_lowestmode": 242.0399932861328,
        "elev_dem": 242.0,
        "rh100": 34.67,
        "quality_flag": 1,
        "beam": "BEAM03"
      }
    },
    {
      "type": "Feature",
      "geometry": {
        "type": "Point",
        "coordinates": [
          -70.118864,
          -12.588427
        ]
      },
      "properties": {
        "transect_id": 2,
        "elev_lowestmode": 243.67999267578125,
        "elev_dem": 244.0,
        "rh100": 22.06,
        "quality_flag": 0,
        "beam": "BEAM03"
      }
    },
    {
      "type": "Feature",
      "geometry": {
        "type": "Point",
        "coordinates": [
          -70.118739,
          -12.588202
        ]
      },
      "properties": {
        "transect_id": 2,
        "elev_lowestmode": 241.4199981689453,
        "elev_dem": 241.0,
        "rh100": 29.21,
        "quality_flag": 1,
        "beam": "BEAM03"
      }
    },
    {
      "type": "Feature",
      "geometry": {
        "type": "Point",
        "coordinates": [
          -70.118892,
          -12.587977
        ]
      },
      "properties": {
        "transect_id": 2,
        "elev_lowestmode": 242.82000732421875,
        "elev_dem": 243.0,
        "rh100": 30.62,
        "quality_flag": 1,
        "beam": "BEAM03"
      }
    },
    {
      "type": "Feature",
      "geometry": {
        "type": "Point",
        "coordinates": [
          -70.120143,
          -12.587752
        ]
      },
      "properties": {
        "transect_id": 2,
        "elev_lowestmode": 231.38999938964844,
        "elev_dem": 233.0,
        "rh100": 29.99,
        "quality_flag": 1,
        "beam": "BEAM03"
      }
    },
    {
      "type": "Feature",
      "geometry": {
        "type": "Point",
        "coordinates": [
          -70.118796,
          -12.587526
        ]
      },
      "properties": {
        "transect_id": 2,
        "elev_lowestmode": 240.7100067138672,
        "elev_dem": 241.0,
        "rh100": 21.14,
        "quality_flag": 1,
        "beam": "BEAM03"
      }
    },
    {
      "type": "Feature",
      "geometry": {
        "type": "Point",
        "coordinates": [
          -70.120272,
          -12.587301
        ]
      },
      "properties": {
        "transect_id": 2,
        "elev_lowestmode": 230.2899932861328,
        "elev_dem": 230.0,
        "rh100": 32.59,
        "quality_flag": 1,
        "beam": "BEAM03"
      }
    },
    {
      "type": "Feature",
      "geometry": {
        "type": "Point",
        "coordinates": [
          -70.119246,
          -12.587076
        ]
      },
      "properties": {
        "transect_id": 2,
        "elev_lowestmode": 236.6999969482422,
        "elev_dem": 236.0,
        "rh100": 23.86,
        "quality_flag": 1,
        "beam": "BEAM03"
      }
    },
    {
      "type": "Feature",
      "geometry": {
        "type": "Point",
        "coordinates": [
          -70.119399,
          -12.586851
        ]
      },
      "properties": {
        "transect_id": 2,
        "elev_lowestmode": 232.5399932861328,
        "elev_dem": 233.0,
        "rh100": 25.56,
        "quality_flag": 1,
        "beam": "BEAM03"
      }
    },
    {
      "type": "Feature",
      "geometry": {
        "type": "Point",
        "coordinates": [
          -70.118908,
          -12.586625
        ]
      },
      "properties": {
        "transect_id": 2,
        "elev_lowestmode": 231.69000244140625,
        "elev_dem": 233.0,
        "rh100": 27.5,
        "quality_flag": 1,
        "beam": "BEAM03"
      }
    },
    {
      "type": "Feature",
      "geometry": {
        "type": "Point",
        "coordinates": [
          -70.119617,
          -12.5864
        ]
      },
      "properties": {
        "transect_id": 2,
        "elev_lowestmode": 230.17999267578125,
        "elev_dem": 229.0,
        "rh100": 22.83,
        "quality_flag": 0,
        "beam": "BEAM03"
      }
    },
    {
      "type": "Feature",
      "geometry": {
        "type": "Point",
        "coordinates": [
          -70.12039,
          -12.586175
        ]
      },
      "properties": {
        "transect_id": 2,
        "elev_lowestmode": 222.3800048828125,
        "elev_dem": 226.0,
        "rh100": 26.43,
        "quality_flag": 1,
        "beam": "BEAM03"
      }
    },
    {
      "type": "Feature",
      "geometry": {
        "type": "Point",
        "coordinates": [
          -70.118805,
          -12.58595
        ]
      },
      "properties": {
        "transect_id": 2,
        "elev_lowestmode": 227.4600067138672,
        "elev_dem": 228.0,
        "rh100": 20.8,
        "quality_flag": 1,
        "beam": "BEAM03"
      }
    },
    {
      "type": "Feature",
      "geometry": {
        "type": "Point",
        "coordinates": [
          -70.119526,
          -12.585724
        ]
      },
      "properties": {
        "transect_id": 2,
        "elev_lowestmode": 228.0800018310547,
        "elev_dem": 227.0,
        "rh100": 24.47,
        "quality_flag": 1,
        "beam": "BEAM03"
      }
    },
    {
      "type": "Feature",
      "geometry": {
        "type": "Point",
        "coordinates": [
          -70.119664,
          -12.585499
        ]
      },
      "properties": {
        "transect_id": 2,
        "elev_lowestmode": 228.97999572753906,
        "elev_dem": 228.0,
        "rh100": 30.09,
        "quality_flag": 1,
        "beam": "BEAM03"
      }
    },
    {
      "type": "Feature",
      "geometry": {
        "type": "Point",
        "coordinates": [
          -70.11973,
          -12.585274
        ]
      },
      "properties": {
        "transect_id": 2,
        "elev_lowestmode": 228.3300018310547,
        "elev_dem": 229.0,
        "rh100": 28.98,
        "quality_flag": 1,
        "beam": "BEAM03"
      }
    },
    {
      "type": "Feature",
      "geometry": {
        "type": "Point",
        "coordinates": [
          -70.11931,
          -12.585049
        ]
      },
      "properties": {
        "transect_id": 2,
        "elev_lowestmode": 227.25999450683594,
        "elev_dem": 228.0,
        "rh100": 25.47,
        "quality_flag": 1,
        "beam": "BEAM03"
      }
    },
    {
      "type": "Feature",
      "geometry": {
        "type": "Point",
        "coordinates": [
          -70.119405,
          -12.584824
        ]
      },
      "properties": {
        "transect_id": 2,
        "elev_lowestmode": 227.6199951171875,
        "elev_dem": 228.0,
        "rh100": 34.57,
        "quality_flag": 0,
        "beam": "BEAM03"
      }
    },
    {
      "type": "Feature",
      "geometry": {
        "type": "Point",
        "coordinates": [
          -70.119044,
          -12.584598
        ]
      },
      "properties": {
        "transect_id": 2,
        "elev_lowestmode": 227.7100067138672,
        "elev_dem": 228.0,
        "rh100": 33.79,
        "quality_flag": 1,
        "beam": "BEAM03"
      }
    },
    {
      "type": "Feature",
      "geometry": {
        "type": "Point",
        "coordinates": [
          -70.118446,
          -12.584373
        ]
      },
      "properties": {
        "transect_id": 2,
        "elev_lowestmode": 225.50999450683594,
        "elev_dem": 227.0,
        "rh100": 34.84,
        "quality_flag": 1,
        "beam": "BEAM03"
      }
    },
    {
      "type": "Feature",
      "geometry": {
        "type": "Point",
        "coordinates": [
          -70.119467,
          -12.584148
        ]
      },
      "properties": {
        "transect_id": 2,
        "elev_lowestmode": 233.99000549316406,
        "elev_dem": 234.0,
        "rh100": 25.41,
        "quality_flag": 1,
        "beam": "BEAM03"
      }
    },
    {
      "type": "Feature",
      "geometry": {
        "type": "Point",
        "coordinates": [
          -70.119116,
          -12.583923
        ]
      },
      "properties": {
        "transect_id": 2,
        "elev_lowestmode": 231.85000610351562,
        "elev_dem": 233.0,
        "rh100": 25.16,
        "quality_flag": 1,
        "beam": "BEAM03"
      }
    },
    {
      "type": "Feature",
      "geometry": {
        "type": "Point",
        "coordinates": [
          -70.12025,
          -12.583697
        ]
      },
      "properties": {
        "transect_id": 2,
        "elev_lowestmode": 233.92999267578125,
        "elev_dem": 233.0,
        "rh100": 21.78,
        "quality_flag": 1,
        "beam": "BEAM03"
      }
    },
    {
      "type": "Feature",
      "geometry": {
        "type": "Point",
        "coordinates": [
          -70.118865,
          -12.583472
        ]
      },
      "properties": {
        "transect_id": 2,
        "elev_lowestmode": 236.0500030517578,
        "elev_dem": 236.0,
        "rh100": 26.86,
        "quality_flag": 1,
        "beam": "BEAM03"
      }
    },
    {
      "type": "Feature",
      "geometry": {
        "type": "Point",
        "coordinates": [
          -70.120357,
          -12.583247
        ]
      },
      "properties": {
        "transect_id": 2,
        "elev_lowestmode": 233.35000610351562,
        "elev_dem": 234.0,
        "rh100": 30.02,
        "quality_flag": 1,
        "beam": "BEAM03"
      }
    },
    {
      "type": "Feature",
      "geometry": {
        "type": "Point",
        "coordinates": [
          -70.120135,
          -12.583022
        ]
      },
      "properties": {
        "transect_id": 2,
        "elev_lowestmode": 235.3800048828125,
        "elev_dem": 234.0,
        "rh100": 33.25,
        "quality_flag": 1,
        "beam": "BEAM03"
      }
    },
    {
      "type": "Feature",
      "geometry": {
        "type": "Point",
        "coordinates": [
          -70.119579,
          -12.582797
        ]
      },
      "properties": {
        "transect_id": 2,
        "elev_lowestmode": 238.22000122070312,
        "elev_dem": 238.0,
        "rh100": 32.4,
        "quality_flag": 0,
        "beam": "BEAM03"
      }
    },
    {
      "type": "Feature",
      "geometry": {
        "type": "Point",
        "coordinates": [
          -70.11984,
          -12.582571
        ]
      },
      "properties": {
        "transect_id": 2,
        "elev_lowestmode": 240.24000549316406,
        "elev_dem": 239.0,
        "rh100": 20.15,
        "quality_flag": 1,
        "beam": "BEAM03"
      }
    },
    {
      "type": "Feature",
      "geometry": {
        "type": "Point",
        "coordinates": [
          -70.119842,
          -12.582346
        ]
      },
      "properties": {
        "transect_id": 2,
        "elev_lowestmode": 238.7899932861328,
        "elev_dem": 238.0,
        "rh100": 25.92,
        "quality_flag": 0,
        "beam": "BEAM03"
      }
    },
    {
      "type": "Feature",
      "geometry": {
        "type": "Point",
        "coordinates": [
          -70.119118,
          -12.582121
        ]
      },
      "properties": {
        "transect_id": 2,
        "elev_lowestmode": 238.80999755859375,
        "elev_dem": 240.0,
        "rh100": 25.18,
        "quality_flag": 1,
        "beam": "BEAM03"
      }
    },
    {
      "type": "Feature",
      "geometry": {
        "type": "Point",
        "coordinates": [
          -70.118973,
          -12.581896
        ]
      },
      "properties": {
        "transect_id": 2,
        "elev_lowestmode": 239.27999877929688,
        "elev_dem": 239.0,
        "rh100": 31.11,
        "quality_flag": 1,
        "beam": "BEAM03"
      }
    },
    {
      "type": "Feature",
      "geometry": {
        "type": "Point",
        "coordinates": [
          -70.118513,
          -12.58167
        ]
      },
      "properties": {
        "transect_id": 2,
        "elev_lowestmode": 241.47000122070312,
        "elev_dem": 240.0,
        "rh100": 33.08,
        "quality_flag": 1,
        "beam": "BEAM03"
      }
    },
    {
      "type": "Feature",
      "geometry": {
        "type": "Point",
        "coordinates": [
          -70.120219,
          -12.581445
        ]
      },
      "properties": {
        "transect_id": 2,
        "elev_lowestmode": 241.58999633789062,
        "elev_dem": 242.0,
        "rh100": 20.99,
        "quality_flag": 1,
        "beam": "BEAM03"
      }
    },
    {
      "type": "Feature",
      "geometry": {
        "type": "Point",
        "coordinates": [
          -70.120137,
          -12.58122
        ]
      },
      "properties": {
        "transect_id": 2,
        "elev_lowestmode": 239.27000427246094,
        "elev_dem": 239.0,
        "rh100": 29.23,
        "quality_flag": 1,
        "beam": "BEAM03"
      }
    },
    {
      "type": "Feature",
      "geometry": {
        "type": "Point",
        "coordinates": [
          -70.120316,
          -12.580995
        ]
      },
      "properties": {
        "transect_id": 2,
        "elev_lowestmode": 241.64999389648438,
        "elev_dem": 241.0,
        "rh100": 22.13,
        "quality_flag": 1,
        "beam": "BEAM03"
      }
    },
    {
      "type": "Feature",
      "geometry": {
        "type": "Point",
        "coordinates": [
          -70.11984,
          -12.58077
        ]
      },
      "properties": {
        "transect_id": 2,
        "elev_lowestmode": 238.19000244140625,
        "elev_dem": 237.0,
        "rh100": 30.06,
        "quality_flag": 1,
        "beam": "BEAM03"
      }
    },
    {
      "type": "Feature",
      "geometry": {
        "type": "Point",
        "coordinates": [
          -70.120168,
          -12.580544
        ]
      },
      "properties": {
        "transect_id": 2,
        "elev_lowestmode": 241.8699951171875,
        "elev_dem": 240.0,
        "rh100": 20.9,
        "quality_flag": 1,
        "beam": "BEAM03"
      }
    },
    {
      "type": "Feature",
      "geometry": {
        "type": "Point",
        "coordinates": [
          -70.119991,
          -12.580319
        ]
      },
      "properties": {
        "transect_id": 2,
        "elev_lowestmode": 236.47000122070312,
        "elev_dem": 238.0,
        "rh100": 28.66,
        "quality_flag": 1,
        "beam": "BEAM03"
      }
    },
    {
      "type": "Feature",
      "geometry": {
        "type": "Point",
        "coordinates": [
          -70.118969,
          -12.580094
        ]
      },
      "properties": {
        "transect_id": 2,
        "elev_lowestmode": 239.83999633789062,
        "elev_dem": 241.0,
        "rh100": 23.61,
        "quality_flag": 1,
        "beam": "BEAM03"
      }
    },
    {
      "type": "Feature",
      "geometry": {
        "type": "Point",
        "coordinates": [
          -70.119912,
          -12.579869
        ]
      },
      "properties": {
        "transect_id": 2,
        "elev_lowestmode": 238.7100067138672,
        "elev_dem": 238.0,
        "rh100": 29.31,
        "quality_flag": 0,
        "beam": "BEAM03"
      }
    },
    {
      "type": "Feature",
      "geometry": {
        "type": "Point",
        "coordinates": [
          -70.119016,
          -12.579643
        ]
      },
      "properties": {
        "transect_id": 2,
        "elev_lowestmode": 244.83999633789062,
        "elev_dem": 244.0,
        "rh100": 29.98,
        "quality_flag": 1,
        "beam": "BEAM03"
      }
    },
    {
      "type": "Feature",
      "geometry": {
        "type": "Point",
        "coordinates": [
          -70.118618,
          -12.579418
        ]
      },
      "properties": {
        "transect_id": 2,
        "elev_lowestmode": 241.02999877929688,
        "elev_dem": 241.0,
        "rh100": 26.54,
        "quality_flag": 1,
        "beam": "BEAM03"
      }
    },
    {
      "type": "Feature",
      "geometry": {
        "type": "Point",
        "coordinates": [
          -70.118577,
          -12.579193
        ]
      },
      "properties": {
        "transect_id": 2,
        "elev_lowestmode": 242.25,
        "elev_dem": 242.0,
        "rh100": 25.78,
        "quality_flag": 1,
        "beam": "BEAM03"
      }
    },
    {
      "type": "Feature",
      "geometry": {
        "type": "Point",
        "coordinates": [
          -70.118484,
          -12.578968
        ]
      },
      "properties": {
        "transect_id": 2,
        "elev_lowestmode": 243.17999267578125,
        "elev_dem": 241.0,
        "rh100": 21.77,
        "quality_flag": 1,
        "beam": "BEAM03"
      }
    },
    {
      "type": "Feature",
      "geometry": {
        "type": "Point",
        "coordinates": [
          -70.118759,
          -12.578742
        ]
      },
      "properties": {
        "transect_id": 2,
        "elev_lowestmode": 236.72000122070312,
        "elev_dem": 237.0,
        "rh100": 22.5,
        "quality_flag": 1,
        "beam": "BEAM03"
      }
    },
    {
      "type": "Feature",
      "geometry": {
        "type": "Point",
        "coordinates": [
          -70.120234,
          -12.578517
        ]
      },
      "properties": {
        "transect_id": 2,
        "elev_lowestmode": 242.1699981689453,
        "elev_dem": 242.0,
        "rh100": 26.83,
        "quality_flag": 1,
        "beam": "BEAM03"
      }
    },
    {
      "type": "Feature",
      "geometry": {
        "type": "Point",
        "coordinates": [
          -70.119995,
          -12.578292
        ]
      },
      "properties": {
        "transect_id": 2,
        "elev_lowestmode": 241.08999633789062,
        "elev_dem": 240.0,
        "rh100": 20.47,
        "quality_flag": 1,
        "beam": "BEAM03"
      }
    },
    {
      "type": "Feature",
      "geometry": {
        "type": "Point",
        "coordinates": [
          -70.119497,
          -12.578067
        ]
      },
      "properties": {
        "transect_id": 2,
        "elev_lowestmode": 239.4199981689453,
        "elev_dem": 240.0,
        "rh100": 27.91,
        "quality_flag": 1,
        "beam": "BEAM03"
      }
    },
    {
      "type": "Feature",
      "geometry": {
        "type": "Point",
        "coordinates": [
          -70.11895,
          -12.577842
        ]
      },
      "properties": {
        "transect_id": 2,
        "elev_lowestmode": 239.44000244140625,
        "elev_dem": 239.0,
        "rh100": 26.07,
        "quality_flag": 1,
        "beam": "BEAM03"
      }
    },
    {
      "type": "Feature",
      "geometry": {
        "type": "Point",
        "coordinates": [
          -70.118489,
          -12.577616
        ]
      },
      "properties": {
        "transect_id": 2,
        "elev_lowestmode": 232.63999938964844,
        "elev_dem": 233.0,
        "rh100": 24.19,
        "quality_flag": 0,
        "beam": "BEAM03"
      }
    },
    {
      "type": "Feature",
      "geometry": {
        "type": "Point",
        "coordinates": [
          -70.120295,
          -12.577391
        ]
      },
      "properties": {
        "transect_id": 2,
        "elev_lowestmode": 236.6699981689453,
        "elev_dem": 238.0,
        "rh100": 22.61,
        "quality_flag": 1,
        "beam": "BEAM03"
      }
    },
    {
      "type": "Feature",
      "geometry": {
        "type": "Point",
        "coordinates": [
          -70.119669,
          -12.577166
        ]
      },
      "properties": {
        "transect_id": 2,
        "elev_lowestmode": 238.27999877929688,
        "elev_dem": 238.0,
        "rh100": 31.83,
        "quality_flag": 1,
        "beam": "BEAM03"
      }
    },
    {
      "type": "Feature",
      "geometry": {
        "type": "Point",
        "coordinates": [
          -70.118456,
          -12.576941
        ]
      },
      "properties": {
        "transect_id": 2,
        "elev_lowestmode": 232.3800048828125,
        "elev_dem": 232.0,
        "rh100": 33.46,
        "quality_flag": 1,
        "beam": "BEAM03"
      }
    },
    {
      "type": "Feature",
      "geometry": {
        "type": "Point",
        "coordinates": [
          -70.120057,
          -12.576715
        ]
      },
      "properties": {
        "transect_id": 2,
        "elev_lowestmode": 239.49000549316406,
        "elev_dem": 240.0,
        "rh100": 24.57,
        "quality_flag": 1,
        "beam": "BEAM03"
      }
    },
    {
      "type": "Feature",
      "geometry": {
        "type": "Point",
        "coordinates": [
          -70.119197,
          -12.57649
        ]
      },
      "properties": {
        "transect_id": 2,
        "elev_lowestmode": 237.22999572753906,
        "elev_dem": 238.0,
        "rh100": 29.46,
        "quality_flag": 1,
        "beam": "BEAM03"
      }
    },
    {
      "type": "Feature",
      "geometry": {
        "type": "Point",
        "coordinates": [
          -70.120036,
          -12.576265
        ]
      },
      "properties": {
        "transect_id": 2,
        "elev_lowestmode": 243.82000732421875,
        "elev_dem": 244.0,
        "rh100": 31.66,
        "quality_flag": 1,
        "beam": "BEAM03"
      }
    },
    {
      "type": "Feature",
      "geometry": {
        "type": "Point",
        "coordinates": [
          -70.119672,
          -12.57604
        ]
      },
      "properties": {
        "transect_id": 2,
        "elev_lowestmode": 244.24000549316406,
        "elev_dem": 245.0,
        "rh100": 20.95,
        "quality_flag": 1,
        "beam": "BEAM03"
      }
    },
    {
      "type": "Feature",
      "geometry": {
        "type": "Point",
        "coordinates": [
          -70.119477,
          -12.575815
        ]
      },
      "properties": {
        "transect_id": 2,
        "elev_lowestmode": 241.60000610351562,
        "elev_dem": 243.0,
        "rh100": 28.16,
        "quality_flag": 1,
        "beam": "BEAM03"
      }
    },
    {
      "type": "Feature",
      "geometry": {
        "type": "Point",
        "coordinates": [
          -70.119827,
          -12.575589
        ]
      },
      "properties": {
        "transect_id": 2,
        "elev_lowestmode": 243.0,
        "elev_dem": 242.0,
        "rh100": 24.64,
        "quality_flag": 1,
        "beam": "BEAM03"
      }
    },
    {
      "type": "Feature",
      "geometry": {
        "type": "Point",
        "coordinates": [
          -70.118715,
          -12.575364
        ]
      },
      "properties": {
        "transect_id": 2,
        "elev_lowestmode": 244.77999877929688,
        "elev_dem": 246.0,
        "rh100": 32.85,
        "quality_flag": 1,
        "beam": "BEAM03"
      }
    },
    {
      "type": "Feature",
      "geometry": {
        "type": "Point",
        "coordinates": [
          -70.119491,
          -12.575139
        ]
      },
      "properties": {
        "transect_id": 2,
        "elev_lowestmode": 243.02999877929688,
        "elev_dem": 242.0,
        "rh100": 24.52,
        "quality_flag": 1,
        "beam": "BEAM03"
      }
    },
    {
      "type": "Feature",
      "geometry": {
        "type": "Point",
        "coordinates": [
          -70.120397,
          -12.574914
        ]
      },
      "properties": {
        "transect_id": 2,
        "elev_lowestmode": 238.3300018310547,
        "elev_dem": 239.0,
        "rh100": 30.16,
        "quality_flag": 1,
        "beam": "BEAM03"
      }
    },
    {
      "type": "Feature",
      "geometry": {
        "type": "Point",
        "coordinates": [
          -70.120212,
          -12.574688
        ]
      },
      "properties": {
        "transect_id": 2,
        "elev_lowestmode": 236.4199981689453,
        "elev_dem": 237.0,
        "rh100": 25.64,
        "quality_flag": 1,
        "beam": "BEAM03"
      }
    },
    {
      "type": "Feature",
      "geometry": {
        "type": "Point",
        "coordinates": [
          -70.119327,
          -12.574463
        ]
      },
      "properties": {
        "transect_id": 2,
        "elev_lowestmode": 235.25,
        "elev_dem": 236.0,
        "rh100": 24.38,
        "quality_flag": 1,
        "beam": "BEAM03"
      }
    },
    {
      "type": "Feature",
      "geometry": {
        "type": "Point",
        "coordinates": [
          -70.118472,
          -12.574238
        ]
      },
      "properties": {
        "transect_id": 2,
        "elev_lowestmode": 240.89999389648438,
        "elev_dem": 240.0,
        "rh100": 29.81,
        "quality_flag": 1,
        "beam": "BEAM03"
      }
    },
    {
      "type": "Feature",
      "geometry": {
        "type": "Point",
        "coordinates": [
          -70.118547,
          -12.574013
        ]
      },
      "properties": {
        "transect_id": 2,
        "elev_lowestmode": 237.7100067138672,
        "elev_dem": 239.0,
        "rh100": 22.63,
        "quality_flag": 1,
        "beam": "BEAM03"
      }
    },
    {
      "type": "Feature",
      "geometry": {
        "type": "Point",
        "coordinates": [
          -70.118946,
          -12.573788
        ]
      },
      "properties": {
        "transect_id": 2,
        "elev_lowestmode": 240.3699951171875,
        "elev_dem": 239.0,
        "rh100": 33.69,
        "quality_flag": 1,
        "beam": "BEAM03"
      }
    },
    {
      "type": "Feature",
      "geometry": {
        "type": "Point",
        "coordinates": [
          -70.119316,
          -12.573562
        ]
      },
      "properties": {
        "transect_id": 2,
        "elev_lowestmode": 237.25999450683594,
        "elev_dem": 237.0,
        "rh100": 21.42,
        "quality_flag": 1,
        "beam": "BEAM03"
      }
    },
    {
      "type": "Feature",
      "geometry": {
        "type": "Point",
        "coordinates": [
          -70.119785,
          -12.573337
        ]
      },
      "properties": {
        "transect_id": 2,
        "elev_lowestmode": 237.86000061035156,
        "elev_dem": 237.0,
        "rh100": 32.54,
        "quality_flag": 1,
        "beam": "BEAM03"
      }
    },
    {
      "type": "Feature",
      "geometry": {
        "type": "Point",
        "coordinates": [
          -70.119394,
          -12.573112
        ]
      },
      "properties": {
        "transect_id": 2,
        "elev_lowestmode": 243.36000061035156,
        "elev_dem": 243.0,
        "rh100": 25.47,
        "quality_flag": 1,
        "beam": "BEAM03"
      }
    },
    {
      "type": "Feature",
      "geometry": {
        "type": "Point",
        "coordinates": [
          -70.119975,
          -12.572887
        ]
      },
      "properties": {
        "transect_id": 2,
        "elev_lowestmode": 238.1300048828125,
        "elev_dem": 238.0,
        "rh100": 26.14,
        "quality_flag": 1,
        "beam": "BEAM03"
      }
    },
    {
      "type": "Feature",
      "geometry": {
        "type": "Point",
        "coordinates": [
          -70.118675,
          -12.572661
        ]
      },
      "properties": {
        "transect_id": 2,
        "elev_lowestmode": 241.11000061035156,
        "elev_dem": 242.0,
        "rh100": 28.74,
        "quality_flag": 1,
        "beam": "BEAM03"
      }
    },
    {
      "type": "Feature",
      "geometry": {
        "type": "Point",
        "coordinates": [
          -70.119223,
          -12.572436
        ]
      },
      "properties": {
        "transect_id": 2,
        "elev_lowestmode": 238.1300048828125,
        "elev_dem": 238.0,
        "rh100": 26.5,
        "quality_flag": 1,
        "beam": "BEAM03"
      }
    },
    {
      "type": "Feature",
      "geometry": {
        "type": "Point",
        "coordinates": [
          -70.118945,
          -12.572211
        ]
      },
      "properties": {
        "transect_id": 2,
        "elev_lowestmode": 237.3000030517578,
        "elev_dem": 238.0,
        "rh100": 30.94,
        "quality_flag": 1,
        "beam": "BEAM03"
      }
    },
    {
      "type": "Feature",
      "geometry": {
        "type": "Point",
        "coordinates": [
          -70.118528,
          -12.571986
        ]
      },
      "properties": {
        "transect_id": 2,
        "elev_lowestmode": 237.24000549316406,
        "elev_dem": 237.0,
        "rh100": 30.77,
        "quality_flag": 1,
        "beam": "BEAM03"
      }
    },
    {
      "type": "Feature",
      "geometry": {
        "type": "Point",
        "coordinates": [
          -70.120343,
          -12.571761
        ]
      },
      "properties": {
        "transect_id": 2,
        "elev_lowestmode": 235.16000366210938,
        "elev_dem": 236.0,
        "rh100": 30.99,
        "quality_flag": 1,
        "beam": "BEAM03"
      }
    },
    {
      "type": "Feature",
      "geometry": {
        "type": "Point",
        "coordinates": [
          -70.119053,
          -12.571535
        ]
      },
      "properties": {
        "transect_id": 2,
        "elev_lowestmode": 231.16000366210938,
        "elev_dem": 231.0,
        "rh100": 29.96,
        "quality_flag": 1,
        "beam": "BEAM03"
      }
    },
    {
      "type": "Feature",
      "geometry": {
        "type": "Point",
        "coordinates": [
          -70.119501,
          -12.57131
        ]
      },
      "properties": {
        "transect_id": 2,
        "elev_lowestmode": 228.72000122070312,
        "elev_dem": 231.0,
        "rh100": 30.31,
        "quality_flag": 1,
        "beam": "BEAM03"
      }
    },
    {
      "type": "Feature",
      "geometry": {
        "type": "Point",
        "coordinates": [
          -70.120258,
          -12.571085
        ]
      },
      "properties": {
        "transect_id": 2,
        "elev_lowestmode": 230.9600067138672,
        "elev_dem": 232.0,
        "rh100": 21.06,
        "quality_flag": 1,
        "beam": "BEAM03"
      }
    },
    {
      "type": "Feature",
      "geometry": {
        "type": "Point",
        "coordinates": [
          -70.119349,
          -12.57086
        ]
      },
      "properties": {
        "transect_id": 2,
        "elev_lowestmode": 226.33999633789062,
        "elev_dem": 225.0,
        "rh100": 27.76,
        "quality_flag": 1,
        "beam": "BEAM03"
      }
    },
    {
      "type": "Feature",
      "geometry": {
        "type": "Point",
        "coordinates": [
          -70.11975,
          -12.570634
        ]
      },
      "properties": {
        "transect_id": 2,
        "elev_lowestmode": 226.38999938964844,
        "elev_dem": 226.0,
        "rh100": 31.44,
        "quality_flag": 1,
        "beam": "BEAM03"
      }
    },
    {
      "type": "Feature",
      "geometry": {
        "type": "Point",
        "coordinates": [
          -70.120256,
          -12.570409
        ]
      },
      "properties": {
        "transect_id": 2,
        "elev_lowestmode": 233.72000122070312,
        "elev_dem": 234.0,
        "rh100": 28.45,
        "quality_flag": 1,
        "beam": "BEAM03"
      }
    },
    {
      "type": "Feature",
      "geometry": {
        "type": "Point",
        "coordinates": [
          -70.118876,
          -12.570184
        ]
      },
      "properties": {
        "transect_id": 2,
        "elev_lowestmode": 240.3800048828125,
        "elev_dem": 240.0,
        "rh100": 33.37,
        "quality_flag": 1,
        "beam": "BEAM03"
      }
    },
    {
      "type": "Feature",
      "geometry": {
        "type": "Point",
        "coordinates": [
          -70.119112,
          -12.569959
        ]
      },
      "properties": {
        "transect_id": 2,
        "elev_lowestmode": 242.47000122070312,
        "elev_dem": 241.0,
        "rh100": 24.65,
        "quality_flag": 0,
        "beam": "BEAM03"
      }
    },
    {
      "type": "Feature",
      "geometry": {
        "type": "Point",
        "coordinates": [
          -70.119918,
          -12.569733
        ]
      },
      "properties": {
        "transect_id": 2,
        "elev_lowestmode": 244.1999969482422,
        "elev_dem": 245.0,
        "rh100": 21.23,
        "quality_flag": 1,
        "beam": "BEAM03"
      }
    },
    {
      "type": "Feature",
      "geometry": {
        "type": "Point",
        "coordinates": [
          -70.118974,
          -12.569508
        ]
      },
      "properties": {
        "transect_id": 2,
        "elev_lowestmode": 239.57000732421875,
        "elev_dem": 242.0,
        "rh100": 33.67,
        "quality_flag": 1,
        "beam": "BEAM03"
      }
    },
    {
      "type": "Feature",
      "geometry": {
        "type": "Point",
        "coordinates": [
          -70.119634,
          -12.569283
        ]
      },
      "properties": {
        "transect_id": 2,
        "elev_lowestmode": 246.2899932861328,
        "elev_dem": 246.0,
        "rh100": 34.71,
        "quality_flag": 0,
        "beam": "BEAM03"
      }
    },
    {
      "type": "Feature",
      "geometry": {
        "type": "Point",
        "coordinates": [
          -70.118628,
          -12.569058
        ]
      },
      "properties": {
        "transect_id": 2,
        "elev_lowestmode": 240.97000122070312,
        "elev_dem": 242.0,
        "rh100": 31.46,
        "quality_flag": 1,
        "beam": "BEAM03"
      }
    },
    {
      "type": "Feature",
      "geometry": {
        "type": "Point",
        "coordinates": [
          -70.119444,
          -12.568833
        ]
      },
      "properties": {
        "transect_id": 2,
        "elev_lowestmode": 246.6999969482422,
        "elev_dem": 247.0,
        "rh100": 28.02,
        "quality_flag": 1,
        "beam": "BEAM03"
      }
    },
    {
      "type": "Feature",
      "geometry": {
        "type": "Point",
        "coordinates": [
          -70.119144,
          -12.568607
        ]
      },
      "properties": {
        "transect_id": 2,
        "elev_lowestmode": 244.38999938964844,
        "elev_dem": 246.0,
        "rh100": 26.84,
        "quality_flag": 1,
        "beam": "BEAM03"
      }
    },
    {
      "type": "Feature",
      "geometry": {
        "type": "Point",
        "coordinates": [
          -70.118703,
          -12.568382
        ]
      },
      "properties": {
        "transect_id": 2,
        "elev_lowestmode": 246.9199981689453,
        "elev_dem": 247.0,
        "rh100": 27.94,
        "quality_flag": 1,
        "beam": "BEAM03"
      }
    },
    {
      "type": "Feature",
      "geometry": {
        "type": "Point",
        "coordinates": [
          -70.120182,
          -12.568157
        ]
      },
      "properties": {
        "transect_id": 2,
        "elev_lowestmode": 242.5800018310547,
        "elev_dem": 241.0,
        "rh100": 33.11,
        "quality_flag": 1,
        "beam": "BEAM03"
      }
    },
    {
      "type": "Feature",
      "geometry": {
        "type": "Point",
        "coordinates": [
          -70.119209,
          -12.567932
        ]
      },
      "properties": {
        "transect_id": 2,
        "elev_lowestmode": 248.9199981689453,
        "elev_dem": 248.0,
        "rh100": 31.67,
        "quality_flag": 1,
        "beam": "BEAM03"
      }
    },
    {
      "type": "Feature",
      "geometry": {
        "type": "Point",
        "coordinates": [
          -70.119091,
          -12.567706
        ]
      },
      "properties": {
        "transect_id": 2,
        "elev_lowestmode": 246.58999633789062,
        "elev_dem": 248.0,
        "rh100": 34.09,
        "quality_flag": 1,
        "beam": "BEAM03"
      }
    },
    {
      "type": "Feature",
      "geometry": {
        "type": "Point",
        "coordinates": [
          -70.119523,
          -12.567481
        ]
      },
      "properties": {
        "transect_id": 2,
        "elev_lowestmode": 250.02000427246094,
        "elev_dem": 249.0,
        "rh100": 20.45,
        "quality_flag": 1,
        "beam": "BEAM03"
      }
    },
    {
      "type": "Feature",
      "geometry": {
        "type": "Point",
        "coordinates": [
          -70.119966,
          -12.567256
        ]
      },
      "properties": {
        "transect_id": 2,
        "elev_lowestmode": 247.3699951171875,
        "elev_dem": 247.0,
        "rh100": 24.67,
        "quality_flag": 1,
        "beam": "BEAM03"
      }
    },
    {
      "type": "Feature",
      "geometry": {
        "type": "Point",
        "coordinates": [
          -70.11947,
          -12.567031
        ]
      },
      "properties": {
        "transect_id": 2,
        "elev_lowestmode": 250.52999877929688,
        "elev_dem": 251.0,
        "rh100": 26.67,
        "quality_flag": 1,
        "beam": "BEAM03"
      }
    },
    {
      "type": "Feature",
      "geometry": {
        "type": "Point",
        "coordinates": [
          -70.118625,
          -12.566806
        ]
      },
      "properties": {
        "transect_id": 2,
        "elev_lowestmode": 244.60000610351562,
        "elev_dem": 246.0,
        "rh100": 29.09,
        "quality_flag": 1,
        "beam": "BEAM03"
      }
    },
    {
      "type": "Feature",
      "geometry": {
        "type": "Point",
        "coordinates": [
          -70.118989,
          -12.56658
        ]
      },
      "properties": {
        "transect_id": 2,
        "elev_lowestmode": 247.13999938964844,
        "elev_dem": 247.0,
        "rh100": 32.49,
        "quality_flag": 1,
        "beam": "BEAM03"
      }
    },
    {
      "type": "Feature",
      "geometry": {
        "type": "Point",
        "coordinates": [
          -70.120043,
          -12.566355
        ]
      },
      "properties": {
        "transect_id": 2,
        "elev_lowestmode": 247.47000122070312,
        "elev_dem": 248.0,
        "rh100": 32.78,
        "quality_flag": 1,
        "beam": "BEAM03"
      }
    },
    {
      "type": "Feature",
      "geometry": {
        "type": "Point",
        "coordinates": [
          -70.119172,
          -12.56613
        ]
      },
      "properties": {
        "transect_id": 2,
        "elev_lowestmode": 244.24000549316406,
        "elev_dem": 244.0,
        "rh100": 30.19,
        "quality_flag": 1,
        "beam": "BEAM03"
      }
    },
    {
      "type": "Feature",
      "geometry": {
        "type": "Point",
        "coordinates": [
          -70.119689,
          -12.565905
        ]
      },
      "properties": {
        "transect_id": 2,
        "elev_lowestmode": 243.36000061035156,
        "elev_dem": 245.0,
        "rh100": 27.31,
        "quality_flag": 0,
        "beam": "BEAM03"
      }
    },
    {
      "type": "Feature",
      "geometry": {
        "type": "Point",
        "coordinates": [
          -70.119874,
          -12.565679
        ]
      },
      "properties": {
        "transect_id": 2,
        "elev_lowestmode": 243.11000061035156,
        "elev_dem": 244.0,
        "rh100": 23.09,
        "quality_flag": 1,
        "beam": "BEAM03"
      }
    },
    {
      "type": "Feature",
      "geometry": {
        "type": "Point",
        "coordinates": [
          -70.120034,
          -12.565454
        ]
      },
      "properties": {
        "transect_id": 2,
        "elev_lowestmode": 244.3300018310547,
        "elev_dem": 244.0,
        "rh100": 31.01,
        "quality_flag": 1,
        "beam": "BEAM03"
      }
    },
    {
      "type": "Feature",
      "geometry": {
        "type": "Point",
        "coordinates": [
          -70.119789,
          -12.565229
        ]
      },
      "properties": {
        "transect_id": 2,
        "elev_lowestmode": 246.17999267578125,
        "elev_dem": 246.0,
        "rh100": 29.8,
        "quality_flag": 1,
        "beam": "BEAM03"
      }
    },
    {
      "type": "Feature",
      "geometry": {
        "type": "Point",
        "coordinates": [
          -70.11847,
          -12.565004
        ]
      },
      "properties": {
        "transect_id": 2,
        "elev_lowestmode": 242.60000610351562,
        "elev_dem": 243.0,
        "rh100": 30.58,
        "quality_flag": 0,
        "beam": "BEAM03"
      }
    },
    {
      "type": "Feature",
      "geometry": {
        "type": "Point",
        "coordinates": [
          -70.119136,
          -12.564779
        ]
      },
      "properties": {
        "transect_id": 2,
        "elev_lowestmode": 240.22999572753906,
        "elev_dem": 241.0,
        "rh100": 34.03,
        "quality_flag": 1,
        "beam": "BEAM03"
      }
    },
    {
      "type": "Feature",
      "geometry": {
        "type": "Point",
        "coordinates": [
          -70.119029,
          -12.564553
        ]
      },
      "properties": {
        "transect_id": 2,
        "elev_lowestmode": 240.5399932861328,
        "elev_dem": 240.0,
        "rh100": 21.83,
        "quality_flag": 1,
        "beam": "BEAM03"
      }
    },
    {
      "type": "Feature",
      "geometry": {
        "type": "Point",
        "coordinates": [
          -70.119028,
          -12.564328
        ]
      },
      "properties": {
        "transect_id": 2,
        "elev_lowestmode": 240.38999938964844,
        "elev_dem": 240.0,
        "rh100": 29.22,
        "quality_flag": 1,
        "beam": "BEAM03"
      }
    },
    {
      "type": "Feature",
      "geometry": {
        "type": "Point",
        "coordinates": [
          -70.120308,
          -12.564103
        ]
      },
      "properties": {
        "transect_id": 2,
        "elev_lowestmode": 243.14999389648438,
        "elev_dem": 243.0,
        "rh100": 30.85,
        "quality_flag": 0,
        "beam": "BEAM03"
      }
    },
    {
      "type": "Feature",
      "geometry": {
        "type": "Point",
        "coordinates": [
          -70.118459,
          -12.563878
        ]
      },
      "properties": {
        "transect_id": 2,
        "elev_lowestmode": 238.55999755859375,
        "elev_dem": 238.0,
        "rh100": 24.29,
        "quality_flag": 1,
        "beam": "BEAM03"
      }
    },
    {
      "type": "Feature",
      "geometry": {
        "type": "Point",
        "coordinates": [
          -70.1195,
          -12.563652
        ]
      },
      "properties": {
        "transect_id": 2,
        "elev_lowestmode": 243.72000122070312,
        "elev_dem": 244.0,
        "rh100": 29.76,
        "quality_flag": 1,
        "beam": "BEAM03"
      }
    },
    {
      "type": "Feature",
      "geometry": {
        "type": "Point",
        "coordinates": [
          -70.119898,
          -12.563427
        ]
      },
      "properties": {
        "transect_id": 2,
        "elev_lowestmode": 237.3000030517578,
        "elev_dem": 238.0,
        "rh100": 30.28,
        "quality_flag": 1,
        "beam": "BEAM03"
      }
    },
    {
      "type": "Feature",
      "geometry": {
        "type": "Point",
        "coordinates": [
          -70.119205,
          -12.563202
        ]
      },
      "properties": {
        "transect_id": 2,
        "elev_lowestmode": 243.1699981689453,
        "elev_dem": 243.0,
        "rh100": 28.46,
        "quality_flag": 1,
        "beam": "BEAM03"
      }
    },
    {
      "type": "Feature",
      "geometry": {
        "type": "Point",
        "coordinates": [
          -70.12034,
          -12.562977
        ]
      },
      "properties": {
        "transect_id": 2,
        "elev_lowestmode": 236.19000244140625,
        "elev_dem": 237.0,
        "rh100": 23.69,
        "quality_flag": 0,
        "beam": "BEAM03"
      }
    },
    {
      "type": "Feature",
      "geometry": {
        "type": "Point",
        "coordinates": [
          -70.118905,
          -12.562752
        ]
      },
      "properties": {
        "transect_id": 2,
        "elev_lowestmode": 240.25999450683594,
        "elev_dem": 240.0,
        "rh100": 22.03,
        "quality_flag": 1,
        "beam": "BEAM03"
      }
    },
    {
      "type": "Feature",
      "geometry": {
        "type": "Point",
        "coordinates": [
          -70.11991,
          -12.562526
        ]
      },
      "properties": {
        "transect_id": 2,
        "elev_lowestmode": 242.38999938964844,
        "elev_dem": 242.0,
        "rh100": 27.55,
        "quality_flag": 1,
        "beam": "BEAM03"
      }
    },
    {
      "type": "Feature",
      "geometry": {
        "type": "Point",
        "coordinates": [
          -70.119525,
          -12.562301
        ]
      },
      "properties": {
        "transect_id": 2,
        "elev_lowestmode": 240.3300018310547,
        "elev_dem": 239.0,
        "rh100": 20.3,
        "quality_flag": 1,
        "beam": "BEAM03"
      }
    },
    {
      "type": "Feature",
      "geometry": {
        "type": "Point",
        "coordinates": [
          -70.119826,
          -12.562076
        ]
      },
      "properties": {
        "transect_id": 2,
        "elev_lowestmode": 239.52999877929688,
        "elev_dem": 239.0,
        "rh100": 31.19,
        "quality_flag": 1,
        "beam": "BEAM03"
      }
    },
    {
      "type": "Feature",
      "geometry": {
        "type": "Point",
        "coordinates": [
          -70.119059,
          -12.561851
        ]
      },
      "properties": {
        "transect_id": 2,
        "elev_lowestmode": 239.74000549316406,
        "elev_dem": 239.0,
        "rh100": 31.91,
        "quality_flag": 1,
        "beam": "BEAM03"
      }
    },
    {
      "type": "Feature",
      "geometry": {
        "type": "Point",
        "coordinates": [
          -70.119688,
          -12.561625
        ]
      },
      "properties": {
        "transect_id": 2,
        "elev_lowestmode": 238.4199981689453,
        "elev_dem": 238.0,
        "rh100": 21.59,
        "quality_flag": 1,
        "beam": "BEAM03"
      }
    },
    {
      "type": "Feature",
      "geometry": {
        "type": "Point",
        "coordinates": [
          -70.11862,
          -12.5614
        ]
      },
      "properties": {
        "transect_id": 2,
        "elev_lowestmode": 237.58999633789062,
        "elev_dem": 239.0,
        "rh100": 22.31,
        "quality_flag": 1,
        "beam": "BEAM03"
      }
    },
    {
      "type": "Feature",
      "geometry": {
        "type": "Point",
        "coordinates": [
          -70.118539,
          -12.561175
        ]
      },
      "properties": {
        "transect_id": 2,
        "elev_lowestmode": 238.0,
        "elev_dem": 239.0,
        "rh100": 26.58,
        "quality_flag": 1,
        "beam": "BEAM03"
      }
    },
    {
      "type": "Feature",
      "geometry": {
        "type": "Point",
        "coordinates": [
          -70.119271,
          -12.56095
        ]
      },
      "properties": {
        "transect_id": 2,
        "elev_lowestmode": 241.6699981689453,
        "elev_dem": 240.0,
        "rh100": 27.36,
        "quality_flag": 1,
        "beam": "BEAM03"
      }
    },
    {
      "type": "Feature",
      "geometry": {
        "type": "Point",
        "coordinates": [
          -70.119555,
          -12.560724
        ]
      },
      "properties": {
        "transect_id": 2,
        "elev_lowestmode": 241.1300048828125,
        "elev_dem": 241.0,
        "rh100": 27.1,
        "quality_flag": 1,
        "beam": "BEAM03"
      }
    },
    {
      "type": "Feature",
      "geometry": {
        "type": "Point",
        "coordinates": [
          -70.120112,
          -12.560499
        ]
      },
      "properties": {
        "transect_id": 2,
        "elev_lowestmode": 239.8300018310547,
        "elev_dem": 239.0,
        "rh100": 20.65,
        "quality_flag": 0,
        "beam": "BEAM03"
      }
    },
    {
      "type": "Feature",
      "geometry": {
        "type": "Point",
        "coordinates": [
          -70.118725,
          -12.560274
        ]
      },
      "properties": {
        "transect_id": 2,
        "elev_lowestmode": 237.75999450683594,
        "elev_dem": 239.0,
        "rh100": 26.85,
        "quality_flag": 1,
        "beam": "BEAM03"
      }
    },
    {
      "type": "Feature",
      "geometry": {
        "type": "Point",
        "coordinates": [
          -70.119761,
          -12.560049
        ]
      },
      "properties": {
        "transect_id": 2,
        "elev_lowestmode": 237.36000061035156,
        "elev_dem": 237.0,
        "rh100": 32.83,
        "quality_flag": 0,
        "beam": "BEAM03"
      }
    },
    {
      "type": "Feature",
      "geometry": {
        "type": "Point",
        "coordinates": [
          -70.11951,
          -12.559824
        ]
      },
      "properties": {
        "transect_id": 2,
        "elev_lowestmode": 238.36000061035156,
        "elev_dem": 237.0,
        "rh100": 21.5,
        "quality_flag": 1,
        "beam": "BEAM03"
      }
    },
    {
      "type": "Feature",
      "geometry": {
        "type": "Point",
        "coordinates": [
          -70.11867,
          -12.559598
        ]
      },
      "properties": {
        "transect_id": 2,
        "elev_lowestmode": 237.57000732421875,
        "elev_dem": 238.0,
        "rh100": 25.75,
        "quality_flag": 1,
        "beam": "BEAM03"
      }
    },
    {
      "type": "Feature",
      "geometry": {
        "type": "Point",
        "coordinates": [
          -70.120017,
          -12.559373
        ]
      },
      "properties": {
        "transect_id": 2,
        "elev_lowestmode": 233.7100067138672,
        "elev_dem": 234.0,
        "rh100": 22.56,
        "quality_flag": 1,
        "beam": "BEAM03"
      }
    },
    {
      "type": "Feature",
      "geometry": {
        "type": "Point",
        "coordinates": [
          -70.119691,
          -12.559148
        ]
      },
      "properties": {
        "transect_id": 2,
        "elev_lowestmode": 235.75999450683594,
        "elev_dem": 235.0,
        "rh100": 23.19,
        "quality_flag": 1,
        "beam": "BEAM03"
      }
    },
    {
      "type": "Feature",
      "geometry": {
        "type": "Point",
        "coordinates": [
          -70.119441,
          -12.558923
        ]
      },
      "properties": {
        "transect_id": 2,
        "elev_lowestmode": 238.57000732421875,
        "elev_dem": 237.0,
        "rh100": 21.95,
        "quality_flag": 0,
        "beam": "BEAM03"
      }
    },
    {
      "type": "Feature",
      "geometry": {
        "type": "Point",
        "coordinates": [
          -70.11919,
          -12.558697
        ]
      },
      "properties": {
        "transect_id": 2,
        "elev_lowestmode": 238.08999633789062,
        "elev_dem": 239.0,
        "rh100": 20.41,
        "quality_flag": 0,
        "beam": "BEAM03"
      }
    },
    {
      "type": "Feature",
      "geometry": {
        "type": "Point",
        "coordinates": [
          -70.120227,
          -12.558472
        ]
      },
      "properties": {
        "transect_id": 2,
        "elev_lowestmode": 236.63999938964844,
        "elev_dem": 237.0,
        "rh100": 27.71,
        "quality_flag": 0,
        "beam": "BEAM03"
      }
    },
    {
      "type": "Feature",
      "geometry": {
        "type": "Point",
        "coordinates": [
          -70.119365,
          -12.558247
        ]
      },
      "properties": {
        "transect_id": 2,
        "elev_lowestmode": 239.0399932861328,
        "elev_dem": 238.0,
        "rh100": 34.2,
        "quality_flag": 0,
        "beam": "BEAM03"
      }
    },
    {
      "type": "Feature",
      "geometry": {
        "type": "Point",
        "coordinates": [
          -70.12043,
          -12.558022
        ]
      },
      "properties": {
        "transect_id": 2,
        "elev_lowestmode": 233.4600067138672,
        "elev_dem": 234.0,
        "rh100": 24.47,
        "quality_flag": 1,
        "beam": "BEAM03"
      }
    },
    {
      "type": "Feature",
      "geometry": {
        "type": "Point",
        "coordinates": [
          -70.118604,
          -12.557797
        ]
      },
      "properties": {
        "transect_id": 2,
        "elev_lowestmode": 242.52000427246094,
        "elev_dem": 241.0,
        "rh100": 29.44,
        "quality_flag": 1,
        "beam": "BEAM03"
      }
    },
    {
      "type": "Feature",
      "geometry": {
        "type": "Point",
        "coordinates": [
          -70.119402,
          -12.557571
        ]
      },
      "properties": {
        "transect_id": 2,
        "elev_lowestmode": 237.69000244140625,
        "elev_dem": 238.0,
        "rh100": 28.31,
        "quality_flag": 1,
        "beam": "BEAM03"
      }
    },
    {
      "type": "Feature",
      "geometry": {
        "type": "Point",
        "coordinates": [
          -70.119463,
          -12.557346
        ]
      },
      "properties": {
        "transect_id": 2,
        "elev_lowestmode": 237.8800048828125,
        "elev_dem": 238.0,
        "rh100": 32.88,
        "quality_flag": 1,
        "beam": "BEAM03"
      }
    },
    {
      "type": "Feature",
      "geometry": {
        "type": "Point",
        "coordinates": [
          -70.119104,
          -12.557121
        ]
      },
      "properties": {
        "transect_id": 2,
        "elev_lowestmode": 238.57000732421875,
        "elev_dem": 238.0,
        "rh100": 21.55,
        "quality_flag": 1,
        "beam": "BEAM03"
      }
    },
    {
      "type": "Feature",
      "geometry": {
        "type": "Point",
        "coordinates": [
          -70.119986,
          -12.556896
        ]
      },
      "properties": {
        "transect_id": 2,
        "elev_lowestmode": 241.9499969482422,
        "elev_dem": 242.0,
        "rh100": 31.11,
        "quality_flag": 1,
        "beam": "BEAM03"
      }
    },
    {
      "type": "Feature",
      "geometry": {
        "type": "Point",
        "coordinates": [
          -70.119827,
          -12.55667
        ]
      },
      "properties": {
        "transect_id": 2,
        "elev_lowestmode": 245.16000366210938,
        "elev_dem": 244.0,
        "rh100": 30.89,
        "quality_flag": 1,
        "beam": "BEAM03"
      }
    },
    {
      "type": "Feature",
      "geometry": {
        "type": "Point",
        "coordinates": [
          -70.120102,
          -12.556445
        ]
      },
      "properties": {
        "transect_id": 2,
        "elev_lowestmode": 243.08999633789062,
        "elev_dem": 244.0,
        "rh100": 29.34,
        "quality_flag": 0,
        "beam": "BEAM03"
      }
    },
    {
      "type": "Feature",
      "geometry": {
        "type": "Point",
        "coordinates": [
          -70.118576,
          -12.55622
        ]
      },
      "properties": {
        "transect_id": 2,
        "elev_lowestmode": 244.33999633789062,
        "elev_dem": 244.0,
        "rh100": 20.67,
        "quality_flag": 1,
        "beam": "BEAM03"
      }
    },
    {
      "type": "Feature",
      "geometry": {
        "type": "Point",
        "coordinates": [
          -70.118531,
          -12.555995
        ]
      },
      "properties": {
        "transect_id": 2,
        "elev_lowestmode": 245.63999938964844,
        "elev_dem": 244.0,
        "rh100": 31.88,
        "quality_flag": 1,
        "beam": "BEAM03"
      }
    },
    {
      "type": "Feature",
      "geometry": {
        "type": "Point",
        "coordinates": [
          -70.119477,
          -12.55577
        ]
      },
      "properties": {
        "transect_id": 2,
        "elev_lowestmode": 245.39999389648438,
        "elev_dem": 246.0,
        "rh100": 20.52,
        "quality_flag": 1,
        "beam": "BEAM03"
      }
    },
    {
      "type": "Feature",
      "geometry": {
        "type": "Point",
        "coordinates": [
          -70.119085,
          -12.555544
        ]
      },
      "properties": {
        "transect_id": 2,
        "elev_lowestmode": 244.60000610351562,
        "elev_dem": 244.0,
        "rh100": 32.53,
        "quality_flag": 1,
        "beam": "BEAM03"
      }
    },
    {
      "type": "Feature",
      "geometry": {
        "type": "Point",
        "coordinates": [
          -70.12026,
          -12.555319
        ]
      },
      "properties": {
        "transect_id": 2,
        "elev_lowestmode": 244.86000061035156,
        "elev_dem": 245.0,
        "rh100": 27.54,
        "quality_flag": 1,
        "beam": "BEAM03"
      }
    },
    {
      "type": "Feature",
      "geometry": {
        "type": "Point",
        "coordinates": [
          -70.119703,
          -12.555094
        ]
      },
      "properties": {
        "transect_id": 2,
        "elev_lowestmode": 248.3000030517578,
        "elev_dem": 247.0,
        "rh100": 25.57,
        "quality_flag": 1,
        "beam": "BEAM03"
      }
    },
    {
      "type": "Feature",
      "geometry": {
        "type": "Point",
        "coordinates": [
          -70.118503,
          -12.554869
        ]
      },
      "properties": {
        "transect_id": 2,
        "elev_lowestmode": 252.89999389648438,
        "elev_dem": 251.0,
        "rh100": 26.9,
        "quality_flag": 0,
        "beam": "BEAM03"
      }
    },
    {
      "type": "Feature",
      "geometry": {
        "type": "Point",
        "coordinates": [
          -70.118465,
          -12.554643
        ]
      },
      "properties": {
        "transect_id": 2,
        "elev_lowestmode": 257.79998779296875,
        "elev_dem": 258.0,
        "rh100": 29.94,
        "quality_flag": 1,
        "beam": "BEAM03"
      }
    },
    {
      "type": "Feature",
      "geometry": {
        "type": "Point",
        "coordinates": [
          -70.119026,
          -12.554418
        ]
      },
      "properties": {
        "transect_id": 2,
        "elev_lowestmode": 259.989990234375,
        "elev_dem": 259.0,
        "rh100": 23.84,
        "quality_flag": 0,
        "beam": "BEAM03"
      }
    },
    {
      "type": "Feature",
      "geometry": {
        "type": "Point",
        "coordinates": [
          -70.119089,
          -12.554193
        ]
      },
      "properties": {
        "transect_id": 2,
        "elev_lowestmode": 265.2699890136719,
        "elev_dem": 265.0,
        "rh100": 24.48,
        "quality_flag": 1,
        "beam": "BEAM03"
      }
    },
    {
      "type": "Feature",
      "geometry": {
        "type": "Point",
        "coordinates": [
          -70.120144,
          -12.553968
        ]
      },
      "properties": {
        "transect_id": 2,
        "elev_lowestmode": 263.54998779296875,
        "elev_dem": 263.0,
        "rh100": 22.38,
        "quality_flag": 1,
        "beam": "BEAM03"
      }
    },
    {
      "type": "Feature",
      "geometry": {
        "type": "Point",
        "coordinates": [
          -70.120189,
          -12.553742
        ]
      },
      "properties": {
        "transect_id": 2,
        "elev_lowestmode": 270.75,
        "elev_dem": 270.0,
        "rh100": 33.97,
        "quality_flag": 1,
        "beam": "BEAM03"
      }
    },
    {
      "type": "Feature",
      "geometry": {
        "type": "Point",
        "coordinates": [
          -70.118459,
          -12.553517
        ]
      },
      "properties": {
        "transect_id": 2,
        "elev_lowestmode": 279.6300048828125,
        "elev_dem": 279.0,
        "rh100": 32.88,
        "quality_flag": 1,
        "beam": "BEAM03"
      }
    },
    {
      "type": "Feature",
      "geometry": {
        "type": "Point",
        "coordinates": [
          -70.120221,
          -12.553292
        ]
      },
      "properties": {
        "transect_id": 2,
        "elev_lowestmode": 279.4800109863281,
        "elev_dem": 280.0,
        "rh100": 33.84,
        "quality_flag": 1,
        "beam": "BEAM03"
      }
    },
    {
      "type": "Feature",
      "geometry": {
        "type": "Point",
        "coordinates": [
          -70.11894,
          -12.553067
        ]
      },
      "properties": {
        "transect_id": 2,
        "elev_lowestmode": 288.19000244140625,
        "elev_dem": 287.0,
        "rh100": 32.62,
        "quality_flag": 1,
        "beam": "BEAM03"
      }
    },
    {
      "type": "Feature",
      "geometry": {
        "type": "Point",
        "coordinates": [
          -70.11983,
          -12.552842
        ]
      },
      "properties": {
        "transect_id": 2,
        "elev_lowestmode": 289.7099914550781,
        "elev_dem": 290.0,
        "rh100": 23.69,
        "quality_flag": 1,
        "beam": "BEAM03"
      }
    },
    {
      "type": "Feature",
      "geometry": {
        "type": "Point",
        "coordinates": [
          -70.119194,
          -12.552616
        ]
      },
      "properties": {
        "transect_id": 2,
        "elev_lowestmode": 295.45001220703125,
        "elev_dem": 295.0,
        "rh100": 26.72,
        "quality_flag": 0,
        "beam": "BEAM03"
      }
    },
    {
      "type": "Feature",
      "geometry": {
        "type": "Point",
        "coordinates": [
          -70.118782,
          -12.552391
        ]
      },
      "properties": {
        "transect_id": 2,
        "elev_lowestmode": 294.2200012207031,
        "elev_dem": 295.0,
        "rh100": 23.56,
        "quality_flag": 1,
        "beam": "BEAM03"
      }
    },
    {
      "type": "Feature",
      "geometry": {
        "type": "Point",
        "coordinates": [
          -70.120048,
          -12.552166
        ]
      },
      "properties": {
        "transect_id": 2,
        "elev_lowestmode": 290.55999755859375,
        "elev_dem": 292.0,
        "rh100": 32.01,
        "quality_flag": 1,
        "beam": "BEAM03"
      }
    },
    {
      "type": "Feature",
      "geometry": {
        "type": "Point",
        "coordinates": [
          -70.118722,
          -12.551941
        ]
      },
      "properties": {
        "transect_id": 2,
        "elev_lowestmode": 290.5,
        "elev_dem": 290.0,
        "rh100": 34.89,
        "quality_flag": 1,
        "beam": "BEAM03"
      }
    },
    {
      "type": "Feature",
      "geometry": {
        "type": "Point",
        "coordinates": [
          -70.119009,
          -12.551715
        ]
      },
      "properties": {
        "transect_id": 2,
        "elev_lowestmode": 287.2300109863281,
        "elev_dem": 286.0,
        "rh100": 20.44,
        "quality_flag": 0,
        "beam": "BEAM03"
      }
    },
    {
      "type": "Feature",
      "geometry": {
        "type": "Point",
        "coordinates": [
          -70.120331,
          -12.55149
        ]
      },
      "properties": {
        "transect_id": 2,
        "elev_lowestmode": 292.1000061035156,
        "elev_dem": 293.0,
        "rh100": 21.16,
        "quality_flag": 1,
        "beam": "BEAM03"
      }
    },
    {
      "type": "Feature",
      "geometry": {
        "type": "Point",
        "coordinates": [
          -70.119253,
          -12.551265
        ]
      },
      "properties": {
        "transect_id": 2,
        "elev_lowestmode": 280.8699951171875,
        "elev_dem": 281.0,
        "rh100": 29.51,
        "quality_flag": 1,
        "beam": "BEAM03"
      }
    },
    {
      "type": "Feature",
      "geometry": {
        "type": "Point",
        "coordinates": [
          -70.118669,
          -12.55104
        ]
      },
      "properties": {
        "transect_id": 2,
        "elev_lowestmode": 284.1700134277344,
        "elev_dem": 284.0,
        "rh100": 25.64,
        "quality_flag": 1,
        "beam": "BEAM03"
      }
    },
    {
      "type": "Feature",
      "geometry": {
        "type": "Point",
        "coordinates": [
          -70.118479,
          -12.550815
        ]
      },
      "properties": {
        "transect_id": 2,
        "elev_lowestmode": 281.79998779296875,
        "elev_dem": 282.0,
        "rh100": 28.85,
        "quality_flag": 1,
        "beam": "BEAM03"
      }
    },
    {
      "type": "Feature",
      "geometry": {
        "type": "Point",
        "coordinates": [
          -70.120008,
          -12.550589
        ]
      },
      "properties": {
        "transect_id": 2,
        "elev_lowestmode": 297.989990234375,
        "elev_dem": 297.0,
        "rh100": 32.86,
        "quality_flag": 1,
        "beam": "BEAM03"
      }
    },
    {
      "type": "Feature",
      "geometry": {
        "type": "Point",
        "coordinates": [
          -70.119055,
          -12.550364
        ]
      },
      "properties": {
        "transect_id": 2,
        "elev_lowestmode": 287.95001220703125,
        "elev_dem": 288.0,
        "rh100": 20.47,
        "quality_flag": 1,
        "beam": "BEAM03"
      }
    },
    {
      "type": "Feature",
      "geometry": {
        "type": "Point",
        "coordinates": [
          -70.118639,
          -12.550139
        ]
      },
      "properties": {
        "transect_id": 2,
        "elev_lowestmode": 283.8699951171875,
        "elev_dem": 284.0,
        "rh100": 34.02,
        "quality_flag": 0,
        "beam": "BEAM03"
      }
    },
    {
      "type": "Feature",
      "geometry": {
        "type": "Point",
        "coordinates": [
          -70.119357,
          -12.549914
        ]
      },
      "properties": {
        "transect_id": 2,
        "elev_lowestmode": 296.2900085449219,
        "elev_dem": 295.0,
        "rh100": 30.82,
        "quality_flag": 1,
        "beam": "BEAM03"
      }
    },
    {
      "type": "Feature",
      "geometry": {
        "type": "Point",
        "coordinates": [
          -70.120245,
          -12.549688
        ]
      },
      "properties": {
        "transect_id": 2,
        "elev_lowestmode": 292.8900146484375,
        "elev_dem": 292.0,
        "rh100": 32.74,
        "quality_flag": 0,
        "beam": "BEAM03"
      }
    },
    {
      "type": "Feature",
      "geometry": {
        "type": "Point",
        "coordinates": [
          -70.119123,
          -12.549463
        ]
      },
      "properties": {
        "transect_id": 2,
        "elev_lowestmode": 291.95001220703125,
        "elev_dem": 294.0,
        "rh100": 33.82,
        "quality_flag": 1,
        "beam": "BEAM03"
      }
    },
    {
      "type": "Feature",
      "geometry": {
        "type": "Point",
        "coordinates": [
          -70.11975,
          -12.549238
        ]
      },
      "properties": {
        "transect_id": 2,
        "elev_lowestmode": 293.9100036621094,
        "elev_dem": 292.0,
        "rh100": 21.18,
        "quality_flag": 1,
        "beam": "BEAM03"
      }
    },
    {
      "type": "Feature",
      "geometry": {
        "type": "Point",
        "coordinates": [
          -70.120431,
          -12.549013
        ]
      },
      "properties": {
        "transect_id": 2,
        "elev_lowestmode": 294.92999267578125,
        "elev_dem": 294.0,
        "rh100": 32.75,
        "quality_flag": 1,
        "beam": "BEAM03"
      }
    },
    {
      "type": "Feature",
      "geometry": {
        "type": "Point",
        "coordinates": [
          -70.120124,
          -12.548788
        ]
      },
      "properties": {
        "transect_id": 2,
        "elev_lowestmode": 292.1099853515625,
        "elev_dem": 293.0,
        "rh100": 23.75,
        "quality_flag": 1,
        "beam": "BEAM03"
      }
    },
    {
      "type": "Feature",
      "geometry": {
        "type": "Point",
        "coordinates": [
          -70.118661,
          -12.548562
        ]
      },
      "properties": {
        "transect_id": 2,
        "elev_lowestmode": 290.739990234375,
        "elev_dem": 290.0,
        "rh100": 22.54,
        "quality_flag": 1,
        "beam": "BEAM03"
      }
    },
    {
      "type": "Feature",
      "geometry": {
        "type": "Point",
        "coordinates": [
          -70.119722,
          -12.548337
        ]
      },
      "properties": {
        "transect_id": 2,
        "elev_lowestmode": 297.2099914550781,
        "elev_dem": 296.0,
        "rh100": 21.61,
        "quality_flag": 1,
        "beam": "BEAM03"
      }
    },
    {
      "type": "Feature",
      "geometry": {
        "type": "Point",
        "coordinates": [
          -70.120031,
          -12.548112
        ]
      },
      "properties": {
        "transect_id": 2,
        "elev_lowestmode": 297.989990234375,
        "elev_dem": 298.0,
        "rh100": 22.02,
        "quality_flag": 0,
        "beam": "BEAM03"
      }
    },
    {
      "type": "Feature",
      "geometry": {
        "type": "Point",
        "coordinates": [
          -70.119026,
          -12.547887
        ]
      },
      "properties": {
        "transect_id": 2,
        "elev_lowestmode": 290.1700134277344,
        "elev_dem": 290.0,
        "rh100": 20.43,
        "quality_flag": 1,
        "beam": "BEAM03"
      }
    },
    {
      "type": "Feature",
      "geometry": {
        "type": "Point",
        "coordinates": [
          -70.118561,
          -12.547661
        ]
      },
      "properties": {
        "transect_id": 2,
        "elev_lowestmode": 289.55999755859375,
        "elev_dem": 291.0,
        "rh100": 24.78,
        "quality_flag": 0,
        "beam": "BEAM03"
      }
    },
    {
      "type": "Feature",
      "geometry": {
        "type": "Point",
        "coordinates": [
          -70.118651,
          -12.547436
        ]
      },
      "properties": {
        "transect_id": 2,
        "elev_lowestmode": 290.6700134277344,
        "elev_dem": 290.0,
        "rh100": 22.76,
        "quality_flag": 1,
        "beam": "BEAM03"
      }
    },
    {
      "type": "Feature",
      "geometry": {
        "type": "Point",
        "coordinates": [
          -70.120352,
          -12.547211
        ]
      },
      "properties": {
        "transect_id": 2,
        "elev_lowestmode": 292.6300048828125,
        "elev_dem": 293.0,
        "rh100": 21.67,
        "quality_flag": 1,
        "beam": "BEAM03"
      }
    },
    {
      "type": "Feature",
      "geometry": {
        "type": "Point",
        "coordinates": [
          -70.119255,
          -12.546986
        ]
      },
      "properties": {
        "transect_id": 2,
        "elev_lowestmode": 295.5299987792969,
        "elev_dem": 296.0,
        "rh100": 24.32,
        "quality_flag": 1,
        "beam": "BEAM03"
      }
    },
    {
      "type": "Feature",
      "geometry": {
        "type": "Point",
        "coordinates": [
          -70.120374,
          -12.546761
        ]
      },
      "properties": {
        "transect_id": 2,
        "elev_lowestmode": 290.3800048828125,
        "elev_dem": 291.0,
        "rh100": 21.4,
        "quality_flag": 1,
        "beam": "BEAM03"
      }
    },
    {
      "type": "Feature",
      "geometry": {
        "type": "Point",
        "coordinates": [
          -70.12042,
          -12.546535
        ]
      },
      "properties": {
        "transect_id": 2,
        "elev_lowestmode": 293.04998779296875,
        "elev_dem": 292.0,
        "rh100": 24.35,
        "quality_flag": 1,
        "beam": "BEAM03"
      }
    },
    {
      "type": "Feature",
      "geometry": {
        "type": "Point",
        "coordinates": [
          -70.119824,
          -12.54631
        ]
      },
      "properties": {
        "transect_id": 2,
        "elev_lowestmode": 290.20001220703125,
        "elev_dem": 292.0,
        "rh100": 26.76,
        "quality_flag": 1,
        "beam": "BEAM03"
      }
    },
    {
      "type": "Feature",
      "geometry": {
        "type": "Point",
        "coordinates": [
          -70.11858,
          -12.546085
        ]
      },
      "properties": {
        "transect_id": 2,
        "elev_lowestmode": 298.8599853515625,
        "elev_dem": 298.0,
        "rh100": 25.34,
        "quality_flag": 1,
        "beam": "BEAM03"
      }
    },
    {
      "type": "Feature",
      "geometry": {
        "type": "Point",
        "coordinates": [
          -70.119579,
          -12.54586
        ]
      },
      "properties": {
        "transect_id": 2,
        "elev_lowestmode": 297.67999267578125,
        "elev_dem": 298.0,
        "rh100": 20.26,
        "quality_flag": 1,
        "beam": "BEAM03"
      }
    },
    {
      "type": "Feature",
      "geometry": {
        "type": "Point",
        "coordinates": [
          -70.119158,
          -12.545634
        ]
      },
      "properties": {
        "transect_id": 2,
        "elev_lowestmode": 297.04998779296875,
        "elev_dem": 298.0,
        "rh100": 27.73,
        "quality_flag": 1,
        "beam": "BEAM03"
      }
    },
    {
      "type": "Feature",
      "geometry": {
        "type": "Point",
        "coordinates": [
          -70.119854,
          -12.545409
        ]
      },
      "properties": {
        "transect_id": 2,
        "elev_lowestmode": 297.30999755859375,
        "elev_dem": 296.0,
        "rh100": 22.56,
        "quality_flag": 0,
        "beam": "BEAM03"
      }
    },
    {
      "type": "Feature",
      "geometry": {
        "type": "Point",
        "coordinates": [
          -70.120041,
          -12.545184
        ]
      },
      "properties": {
        "transect_id": 2,
        "elev_lowestmode": 295.489990234375,
        "elev_dem": 295.0,
        "rh100": 29.04,
        "quality_flag": 1,
        "beam": "BEAM03"
      }
    },
    {
      "type": "Feature",
      "geometry": {
        "type": "Point",
        "coordinates": [
          -70.119022,
          -12.544959
        ]
      },
      "properties": {
        "transect_id": 2,
        "elev_lowestmode": 293.82000732421875,
        "elev_dem": 295.0,
        "rh100": 34.65,
        "quality_flag": 1,
        "beam": "BEAM03"
      }
    },
    {
      "type": "Feature",
      "geometry": {
        "type": "Point",
        "coordinates": [
          -70.119502,
          -12.544733
        ]
      },
      "properties": {
        "transect_id": 2,
        "elev_lowestmode": 286.20001220703125,
        "elev_dem": 288.0,
        "rh100": 20.48,
        "quality_flag": 1,
        "beam": "BEAM03"
      }
    },
    {
      "type": "Feature",
      "geometry": {
        "type": "Point",
        "coordinates": [
          -70.119,
          -12.544508
        ]
      },
      "properties": {
        "transect_id": 2,
        "elev_lowestmode": 290.010009765625,
        "elev_dem": 290.0,
        "rh100": 26.56,
        "quality_flag": 1,
        "beam": "BEAM03"
      }
    },
    {
      "type": "Feature",
      "geometry": {
        "type": "Point",
        "coordinates": [
          -70.120236,
          -12.544283
        ]
      },
      "properties": {
        "transect_id": 2,
        "elev_lowestmode": 286.2799987792969,
        "elev_dem": 285.0,
        "rh100": 32.27,
        "quality_flag": 0,
        "beam": "BEAM03"
      }
    },
    {
      "type": "Feature",
      "geometry": {
        "type": "Point",
        "coordinates": [
          -70.119825,
          -12.544058
        ]
      },
      "properties": {
        "transect_id": 2,
        "elev_lowestmode": 285.2300109863281,
        "elev_dem": 286.0,
        "rh100": 29.11,
        "quality_flag": 1,
        "beam": "BEAM03"
      }
    },
    {
      "type": "Feature",
      "geometry": {
        "type": "Point",
        "coordinates": [
          -70.120126,
          -12.543833
        ]
      },
      "properties": {
        "transect_id": 2,
        "elev_lowestmode": 284.3599853515625,
        "elev_dem": 285.0,
        "rh100": 20.1,
        "quality_flag": 0,
        "beam": "BEAM03"
      }
    },
    {
      "type": "Feature",
      "geometry": {
        "type": "Point",
        "coordinates": [
          -70.12043,
          -12.543607
        ]
      },
      "properties": {
        "transect_id": 2,
        "elev_lowestmode": 274.8500061035156,
        "elev_dem": 274.0,
        "rh100": 25.98,
        "quality_flag": 1,
        "beam": "BEAM03"
      }
    },
    {
      "type": "Feature",
      "geometry": {
        "type": "Point",
        "coordinates": [
          -70.120247,
          -12.543382
        ]
      },
      "properties": {
        "transect_id": 2,
        "elev_lowestmode": 274.7200012207031,
        "elev_dem": 274.0,
        "rh100": 33.24,
        "quality_flag": 0,
        "beam": "BEAM03"
      }
    },
    {
      "type": "Feature",
      "geometry": {
        "type": "Point",
        "coordinates": [
          -70.119195,
          -12.543157
        ]
      },
      "properties": {
        "transect_id": 2,
        "elev_lowestmode": 278.989990234375,
        "elev_dem": 280.0,
        "rh100": 20.86,
        "quality_flag": 1,
        "beam": "BEAM03"
      }
    },
    {
      "type": "Feature",
      "geometry": {
        "type": "Point",
        "coordinates": [
          -70.119441,
          -12.542932
        ]
      },
      "properties": {
        "transect_id": 2,
        "elev_lowestmode": 277.95001220703125,
        "elev_dem": 279.0,
        "rh100": 28.92,
        "quality_flag": 1,
        "beam": "BEAM03"
      }
    },
    {
      "type": "Feature",
      "geometry": {
        "type": "Point",
        "coordinates": [
          -70.120041,
          -12.542706
        ]
      },
      "properties": {
        "transect_id": 2,
        "elev_lowestmode": 267.8299865722656,
        "elev_dem": 268.0,
        "rh100": 20.97,
        "quality_flag": 0,
        "beam": "BEAM03"
      }
    },
    {
      "type": "Feature",
      "geometry": {
        "type": "Point",
        "coordinates": [
          -70.119808,
          -12.542481
        ]
      },
      "properties": {
        "transect_id": 2,
        "elev_lowestmode": 265.19000244140625,
        "elev_dem": 266.0,
        "rh100": 21.46,
        "quality_flag": 1,
        "beam": "BEAM03"
      }
    },
    {
      "type": "Feature",
      "geometry": {
        "type": "Point",
        "coordinates": [
          -70.119772,
          -12.542256
        ]
      },
      "properties": {
        "transect_id": 2,
        "elev_lowestmode": 263.3299865722656,
        "elev_dem": 263.0,
        "rh100": 31.79,
        "quality_flag": 1,
        "beam": "BEAM03"
      }
    },
    {
      "type": "Feature",
      "geometry": {
        "type": "Point",
        "coordinates": [
          -70.118809,
          -12.542031
        ]
      },
      "properties": {
        "transect_id": 2,
        "elev_lowestmode": 277.45001220703125,
        "elev_dem": 277.0,
        "rh100": 30.42,
        "quality_flag": 0,
        "beam": "BEAM03"
      }
    },
    {
      "type": "Feature",
      "geometry": {
        "type": "Point",
        "coordinates": [
          -70.119813,
          -12.541806
        ]
      },
      "properties": {
        "transect_id": 2,
        "elev_lowestmode": 270.6000061035156,
        "elev_dem": 271.0,
        "rh100": 24.26,
        "quality_flag": 1,
        "beam": "BEAM03"
      }
    },
    {
      "type": "Feature",
      "geometry": {
        "type": "Point",
        "coordinates": [
          -70.120279,
          -12.54158
        ]
      },
      "properties": {
        "transect_id": 2,
        "elev_lowestmode": 261.8599853515625,
        "elev_dem": 262.0,
        "rh100": 32.23,
        "quality_flag": 0,
        "beam": "BEAM03"
      }
    },
    {
      "type": "Feature",
      "geometry": {
        "type": "Point",
        "coordinates": [
          -70.11941,
          -12.541355
        ]
      },
      "properties": {
        "transect_id": 2,
        "elev_lowestmode": 274.57000732421875,
        "elev_dem": 274.0,
        "rh100": 30.82,
        "quality_flag": 1,
        "beam": "BEAM03"
      }
    },
    {
      "type": "Feature",
      "geometry": {
        "type": "Point",
        "coordinates": [
          -70.119454,
          -12.54113
        ]
      },
      "properties": {
        "transect_id": 2,
        "elev_lowestmode": 269.69000244140625,
        "elev_dem": 270.0,
        "rh100": 30.94,
        "quality_flag": 1,
        "beam": "BEAM03"
      }
    },
    {
      "type": "Feature",
      "geometry": {
        "type": "Point",
        "coordinates": [
          -70.119493,
          -12.540905
        ]
      },
      "properties": {
        "transect_id": 2,
        "elev_lowestmode": 264.8999938964844,
        "elev_dem": 264.0,
        "rh100": 29.31,
        "quality_flag": 1,
        "beam": "BEAM03"
      }
    },
    {
      "type": "Feature",
      "geometry": {
        "type": "Point",
        "coordinates": [
          -70.119221,
          -12.540679
        ]
      },
      "properties": {
        "transect_id": 2,
        "elev_lowestmode": 259.5199890136719,
        "elev_dem": 261.0,
        "rh100": 33.94,
        "quality_flag": 1,
        "beam": "BEAM03"
      }
    },
    {
      "type": "Feature",
      "geometry": {
        "type": "Point",
        "coordinates": [
          -70.119546,
          -12.540454
        ]
      },
      "properties": {
        "transect_id": 2,
        "elev_lowestmode": 258.0400085449219,
        "elev_dem": 258.0,
        "rh100": 21.43,
        "quality_flag": 1,
        "beam": "BEAM03"
      }
    },
    {
      "type": "Feature",
      "geometry": {
        "type": "Point",
        "coordinates": [
          -70.11976,
          -12.540229
        ]
      },
      "properties": {
        "transect_id": 2,
        "elev_lowestmode": 256.8699951171875,
        "elev_dem": 257.0,
        "rh100": 30.46,
        "quality_flag": 1,
        "beam": "BEAM03"
      }
    },
    {
      "type": "Feature",
      "geometry": {
        "type": "Point",
        "coordinates": [
          -70.120256,
          -12.540004
        ]
      },
      "properties": {
        "transect_id": 2,
        "elev_lowestmode": 284.8999938964844,
        "elev_dem": 283.0,
        "rh100": 32.5,
        "quality_flag": 1,
        "beam": "BEAM03"
      }
    },
    {
      "type": "Feature",
      "geometry": {
        "type": "Point",
        "coordinates": [
          -70.112709,
          -12.599914
        ]
      },
      "properties": {
        "transect_id": 3,
        "elev_lowestmode": 229.07000732421875,
        "elev_dem": 229.0,
        "rh100": 23.67,
        "quality_flag": 1,
        "beam": "BEAM04"
      }
    },
    {
      "type": "Feature",
      "geometry": {
        "type": "Point",
        "coordinates": [
          -70.112159,
          -12.599688
        ]
      },
      "properties": {
        "transect_id": 3,
        "elev_lowestmode": 236.4600067138672,
        "elev_dem": 236.0,
        "rh100": 27.98,
        "quality_flag": 1,
        "beam": "BEAM04"
      }
    },
    {
      "type": "Feature",
      "geometry": {
        "type": "Point",
        "coordinates": [
          -70.112308,
          -12.599463
        ]
      },
      "properties": {
        "transect_id": 3,
        "elev_lowestmode": 237.4600067138672,
        "elev_dem": 237.0,
        "rh100": 25.95,
        "quality_flag": 1,
        "beam": "BEAM04"
      }
    },
    {
      "type": "Feature",
      "geometry": {
        "type": "Point",
        "coordinates": [
          -70.113938,
          -12.599238
        ]
      },
      "properties": {
        "transect_id": 3,
        "elev_lowestmode": 217.69000244140625,
        "elev_dem": 218.0,
        "rh100": 29.48,
        "quality_flag": 1,
        "beam": "BEAM04"
      }
    },
    {
      "type": "Feature",
      "geometry": {
        "type": "Point",
        "coordinates": [
          -70.112449,
          -12.599013
        ]
      },
      "properties": {
        "transect_id": 3,
        "elev_lowestmode": 227.35000610351562,
        "elev_dem": 227.0,
        "rh100": 20.32,
        "quality_flag": 1,
        "beam": "BEAM04"
      }
    },
    {
      "type": "Feature",
      "geometry": {
        "type": "Point",
        "coordinates": [
          -70.112061,
          -12.598788
        ]
      },
      "properties": {
        "transect_id": 3,
        "elev_lowestmode": 231.69000244140625,
        "elev_dem": 232.0,
        "rh100": 27.97,
        "quality_flag": 1,
        "beam": "BEAM04"
      }
    },
    {
      "type": "Feature",
      "geometry": {
        "type": "Point",
        "coordinates": [
          -70.112444,
          -12.598562
        ]
      },
      "properties": {
        "transect_id": 3,
        "elev_lowestmode": 223.74000549316406,
        "elev_dem": 225.0,
        "rh100": 30.1,
        "quality_flag": 1,
        "beam": "BEAM04"
      }
    },
    {
      "type": "Feature",
      "geometry": {
        "type": "Point",
        "coordinates": [
          -70.112683,
          -12.598337
        ]
      },
      "properties": {
        "transect_id": 3,
        "elev_lowestmode": 218.36000061035156,
        "elev_dem": 218.0,
        "rh100": 21.75,
        "quality_flag": 1,
        "beam": "BEAM04"
      }
    },
    {
      "type": "Feature",
      "geometry": {
        "type": "Point",
        "coordinates": [
          -70.112202,
          -12.598112
        ]
      },
      "properties": {
        "transect_id": 3,
        "elev_lowestmode": 218.02000427246094,
        "elev_dem": 218.0,
        "rh100": 33.13,
        "quality_flag": 1,
        "beam": "BEAM04"
      }
    },
    {
      "type": "Feature",
      "geometry": {
        "type": "Point",
        "coordinates": [
          -70.11334,
          -12.597887
        ]
      },
      "properties": {
        "transect_id": 3,
        "elev_lowestmode": 216.86000061035156,
        "elev_dem": 218.0,
        "rh100": 21.58,
        "quality_flag": 1,
        "beam": "BEAM04"
      }
    },
    {
      "type": "Feature",
      "geometry": {
        "type": "Point",
        "coordinates": [
          -70.113264,
          -12.597661
        ]
      },
      "properties": {
        "transect_id": 3,
        "elev_lowestmode": 217.97999572753906,
        "elev_dem": 218.0,
        "rh100": 31.84,
        "quality_flag": 1,
        "beam": "BEAM04"
      }
    },
    {
      "type": "Feature",
      "geometry": {
        "type": "Point",
        "coordinates": [
          -70.11372,
          -12.597436
        ]
      },
      "properties": {
        "transect_id": 3,
        "elev_lowestmode": 216.88999938964844,
        "elev_dem": 218.0,
        "rh100": 30.73,
        "quality_flag": 1,
        "beam": "BEAM04"
      }
    },
    {
      "type": "Feature",
      "geometry": {
        "type": "Point",
        "coordinates": [
          -70.113024,
          -12.597211
        ]
      },
      "properties": {
        "transect_id": 3,
        "elev_lowestmode": 218.75999450683594,
        "elev_dem": 218.0,
        "rh100": 31.65,
        "quality_flag": 1,
        "beam": "BEAM04"
      }
    },
    {
      "type": "Feature",
      "geometry": {
        "type": "Point",
        "coordinates": [
          -70.113772,
          -12.596986
        ]
      },
      "properties": {
        "transect_id": 3,
        "elev_lowestmode": 218.33999633789062,
        "elev_dem": 218.0,
        "rh100": 23.33,
        "quality_flag": 1,
        "beam": "BEAM04"
      }
    },
    {
      "type": "Feature",
      "geometry": {
        "type": "Point",
        "coordinates": [
          -70.113274,
          -12.596761
        ]
      },
      "properties": {
        "transect_id": 3,
        "elev_lowestmode": 218.9199981689453,
        "elev_dem": 218.0,
        "rh100": 22.32,
        "quality_flag": 1,
        "beam": "BEAM04"
      }
    },
    {
      "type": "Feature",
      "geometry": {
        "type": "Point",
        "coordinates": [
          -70.112767,
          -12.596535
        ]
      },
      "properties": {
        "transect_id": 3,
        "elev_lowestmode": 218.75999450683594,
        "elev_dem": 218.0,
        "rh100": 33.37,
        "quality_flag": 0,
        "beam": "BEAM04"
      }
    },
    {
      "type": "Feature",
      "geometry": {
        "type": "Point",
        "coordinates": [
          -70.11365,
          -12.59631
        ]
      },
      "properties": {
        "transect_id": 3,
        "elev_lowestmode": 217.3800048828125,
        "elev_dem": 218.0,
        "rh100": 21.77,
        "quality_flag": 1,
        "beam": "BEAM04"
      }
    },
    {
      "type": "Feature",
      "geometry": {
        "type": "Point",
        "coordinates": [
          -70.113537,
          -12.596085
        ]
      },
      "properties": {
        "transect_id": 3,
        "elev_lowestmode": 217.57000732421875,
        "elev_dem": 218.0,
        "rh100": 31.88,
        "quality_flag": 1,
        "beam": "BEAM04"
      }
    },
    {
      "type": "Feature",
      "geometry": {
        "type": "Point",
        "coordinates": [
          -70.113519,
          -12.59586
        ]
      },
      "properties": {
        "transect_id": 3,
        "elev_lowestmode": 229.7899932861328,
        "elev_dem": 229.0,
        "rh100": 23.02,
        "quality_flag": 1,
        "beam": "BEAM04"
      }
    },
    {
      "type": "Feature",
      "geometry": {
        "type": "Point",
        "coordinates": [
          -70.112209,
          -12.595634
        ]
      },
      "properties": {
        "transect_id": 3,
        "elev_lowestmode": 216.39999389648438,
        "elev_dem": 217.0,
        "rh100": 33.44,
        "quality_flag": 1,
        "beam": "BEAM04"
      }
    },
    {
      "type": "Feature",
      "geometry": {
        "type": "Point",
        "coordinates": [
          -70.113132,
          -12.595409
        ]
      },
      "properties": {
        "transect_id": 3,
        "elev_lowestmode": 234.02999877929688,
        "elev_dem": 234.0,
        "rh100": 22.55,
        "quality_flag": 1,
        "beam": "BEAM04"
      }
    },
    {
      "type": "Feature",
      "geometry": {
        "type": "Point",
        "coordinates": [
          -70.112144,
          -12.595184
        ]
      },
      "properties": {
        "transect_id": 3,
        "elev_lowestmode": 230.35000610351562,
        "elev_dem": 231.0,
        "rh100": 30.22,
        "quality_flag": 1,
        "beam": "BEAM04"
      }
    },
    {
      "type": "Feature",
      "geometry": {
        "type": "Point",
        "coordinates": [
          -70.113887,
          -12.594959
        ]
      },
      "properties": {
        "transect_id": 3,
        "elev_lowestmode": 239.82000732421875,
        "elev_dem": 240.0,
        "rh100": 30.42,
        "quality_flag": 1,
        "beam": "BEAM04"
      }
    },
    {
      "type": "Feature",
      "geometry": {
        "type": "Point",
        "coordinates": [
          -70.112913,
          -12.594733
        ]
      },
      "properties": {
        "transect_id": 3,
        "elev_lowestmode": 241.8300018310547,
        "elev_dem": 241.0,
        "rh100": 26.19,
        "quality_flag": 1,
        "beam": "BEAM04"
      }
    },
    {
      "type": "Feature",
      "geometry": {
        "type": "Point",
        "coordinates": [
          -70.112253,
          -12.594508
        ]
      },
      "properties": {
        "transect_id": 3,
        "elev_lowestmode": 239.38999938964844,
        "elev_dem": 239.0,
        "rh100": 33.81,
        "quality_flag": 1,
        "beam": "BEAM04"
      }
    },
    {
      "type": "Feature",
      "geometry": {
        "type": "Point",
        "coordinates": [
          -70.113436,
          -12.594283
        ]
      },
      "properties": {
        "transect_id": 3,
        "elev_lowestmode": 243.5,
        "elev_dem": 243.0,
        "rh100": 34.68,
        "quality_flag": 1,
        "beam": "BEAM04"
      }
    },
    {
      "type": "Feature",
      "geometry": {
        "type": "Point",
        "coordinates": [
          -70.113476,
          -12.594058
        ]
      },
      "properties": {
        "transect_id": 3,
        "elev_lowestmode": 243.75,
        "elev_dem": 244.0,
        "rh100": 27.27,
        "quality_flag": 1,
        "beam": "BEAM04"
      }
    },
    {
      "type": "Feature",
      "geometry": {
        "type": "Point",
        "coordinates": [
          -70.113888,
          -12.593833
        ]
      },
      "properties": {
        "transect_id": 3,
        "elev_lowestmode": 241.9499969482422,
        "elev_dem": 242.0,
        "rh100": 23.75,
        "quality_flag": 1,
        "beam": "BEAM04"
      }
    },
    {
      "type": "Feature",
      "geometry": {
        "type": "Point",
        "coordinates": [
          -70.113268,
          -12.593607
        ]
      },
      "properties": {
        "transect_id": 3,
        "elev_lowestmode": 245.69000244140625,
        "elev_dem": 244.0,
        "rh100": 21.7,
        "quality_flag": 1,
        "beam": "BEAM04"
      }
    },
    {
      "type": "Feature",
      "geometry": {
        "type": "Point",
        "coordinates": [
          -70.113395,
          -12.593382
        ]
      },
      "properties": {
        "transect_id": 3,
        "elev_lowestmode": 246.27000427246094,
        "elev_dem": 246.0,
        "rh100": 22.3,
        "quality_flag": 1,
        "beam": "BEAM04"
      }
    },
    {
      "type": "Feature",
      "geometry": {
        "type": "Point",
        "coordinates": [
          -70.112977,
          -12.593157
        ]
      },
      "properties": {
        "transect_id": 3,
        "elev_lowestmode": 247.6699981689453,
        "elev_dem": 249.0,
        "rh100": 27.64,
        "quality_flag": 0,
        "beam": "BEAM04"
      }
    },
    {
      "type": "Feature",
      "geometry": {
        "type": "Point",
        "coordinates": [
          -70.112972,
          -12.592932
        ]
      },
      "properties": {
        "transect_id": 3,
        "elev_lowestmode": 249.6199951171875,
        "elev_dem": 249.0,
        "rh100": 33.96,
        "quality_flag": 1,
        "beam": "BEAM04"
      }
    },
    {
      "type": "Feature",
      "geometry": {
        "type": "Point",
        "coordinates": [
          -70.113423,
          -12.592706
        ]
      },
      "properties": {
        "transect_id": 3,
        "elev_lowestmode": 245.16000366210938,
        "elev_dem": 247.0,
        "rh100": 26.21,
        "quality_flag": 1,
        "beam": "BEAM04"
      }
    },
    {
      "type": "Feature",
      "geometry": {
        "type": "Point",
        "coordinates": [
          -70.112022,
          -12.592481
        ]
      },
      "properties": {
        "transect_id": 3,
        "elev_lowestmode": 241.97000122070312,
        "elev_dem": 241.0,
        "rh100": 20.08,
        "quality_flag": 1,
        "beam": "BEAM04"
      }
    },
    {
      "type": "Feature",
      "geometry": {
        "type": "Point",
        "coordinates": [
          -70.112145,
          -12.592256
        ]
      },
      "properties": {
        "transect_id": 3,
        "elev_lowestmode": 241.75999450683594,
        "elev_dem": 242.0,
        "rh100": 22.3,
        "quality_flag": 0,
        "beam": "BEAM04"
      }
    },
    {
      "type": "Feature",
      "geometry": {
        "type": "Point",
        "coordinates": [
          -70.113908,
          -12.592031
        ]
      },
      "properties": {
        "transect_id": 3,
        "elev_lowestmode": 242.47999572753906,
        "elev_dem": 242.0,
        "rh100": 28.85,
        "quality_flag": 1,
        "beam": "BEAM04"
      }
    },
    {
      "type": "Feature",
      "geometry": {
        "type": "Point",
        "coordinates": [
          -70.113959,
          -12.591806
        ]
      },
      "properties": {
        "transect_id": 3,
        "elev_lowestmode": 241.6999969482422,
        "elev_dem": 242.0,
        "rh100": 26.98,
        "quality_flag": 1,
        "beam": "BEAM04"
      }
    },
    {
      "type": "Feature",
      "geometry": {
        "type": "Point",
        "coordinates": [
          -70.113321,
          -12.59158
        ]
      },
      "properties": {
        "transect_id": 3,
        "elev_lowestmode": 242.91000366210938,
        "elev_dem": 243.0,
        "rh100": 29.57,
        "quality_flag": 1,
        "beam": "BEAM04"
      }
    },
    {
      "type": "Feature",
      "geometry": {
        "type": "Point",
        "coordinates": [
          -70.112059,
          -12.591355
        ]
      },
      "properties": {
        "transect_id": 3,
        "elev_lowestmode": 228.33999633789062,
        "elev_dem": 228.0,
        "rh100": 26.17,
        "quality_flag": 1,
        "beam": "BEAM04"
      }
    },
    {
      "type": "Feature",
      "geometry": {
        "type": "Point",
        "coordinates": [
          -70.112309,
          -12.59113
        ]
      },
      "properties": {
        "transect_id": 3,
        "elev_lowestmode": 236.39999389648438,
        "elev_dem": 235.0,
        "rh100": 32.08,
        "quality_flag": 1,
        "beam": "BEAM04"
      }
    },
    {
      "type": "Feature",
      "geometry": {
        "type": "Point",
        "coordinates": [
          -70.112315,
          -12.590905
        ]
      },
      "properties": {
        "transect_id": 3,
        "elev_lowestmode": 236.0,
        "elev_dem": 237.0,
        "rh100": 26.26,
        "quality_flag": 1,
        "beam": "BEAM04"
      }
    },
    {
      "type": "Feature",
      "geometry": {
        "type": "Point",
        "coordinates": [
          -70.112481,
          -12.590679
        ]
      },
      "properties": {
        "transect_id": 3,
        "elev_lowestmode": 242.4199981689453,
        "elev_dem": 242.0,
        "rh100": 24.82,
        "quality_flag": 0,
        "beam": "BEAM04"
      }
    },
    {
      "type": "Feature",
      "geometry": {
        "type": "Point",
        "coordinates": [
          -70.113682,
          -12.590454
        ]
      },
      "properties": {
        "transect_id": 3,
        "elev_lowestmode": 242.83999633789062,
        "elev_dem": 242.0,
        "rh100": 31.4,
        "quality_flag": 1,
        "beam": "BEAM04"
      }
    },
    {
      "type": "Feature",
      "geometry": {
        "type": "Point",
        "coordinates": [
          -70.111999,
          -12.590229
        ]
      },
      "properties": {
        "transect_id": 3,
        "elev_lowestmode": 236.8000030517578,
        "elev_dem": 236.0,
        "rh100": 27.85,
        "quality_flag": 1,
        "beam": "BEAM04"
      }
    },
    {
      "type": "Feature",
      "geometry": {
        "type": "Point",
        "coordinates": [
          -70.112196,
          -12.590004
        ]
      },
      "properties": {
        "transect_id": 3,
        "elev_lowestmode": 238.9600067138672,
        "elev_dem": 240.0,
        "rh100": 22.16,
        "quality_flag": 1,
        "beam": "BEAM04"
      }
    },
    {
      "type": "Feature",
      "geometry": {
        "type": "Point",
        "coordinates": [
          -70.112718,
          -12.589779
        ]
      },
      "properties": {
        "transect_id": 3,
        "elev_lowestmode": 239.47000122070312,
        "elev_dem": 241.0,
        "rh100": 20.95,
        "quality_flag": 1,
        "beam": "BEAM04"
      }
    },
    {
      "type": "Feature",
      "geometry": {
        "type": "Point",
        "coordinates": [
          -70.113259,
          -12.589553
        ]
      },
      "properties": {
        "transect_id": 3,
        "elev_lowestmode": 245.02999877929688,
        "elev_dem": 244.0,
        "rh100": 27.96,
        "quality_flag": 1,
        "beam": "BEAM04"
      }
    },
    {
      "type": "Feature",
      "geometry": {
        "type": "Point",
        "coordinates": [
          -70.112739,
          -12.589328
        ]
      },
      "properties": {
        "transect_id": 3,
        "elev_lowestmode": 240.92999267578125,
        "elev_dem": 240.0,
        "rh100": 28.69,
        "quality_flag": 0,
        "beam": "BEAM04"
      }
    },
    {
      "type": "Feature",
      "geometry": {
        "type": "Point",
        "coordinates": [
          -70.113265,
          -12.589103
        ]
      },
      "properties": {
        "transect_id": 3,
        "elev_lowestmode": 242.52000427246094,
        "elev_dem": 243.0,
        "rh100": 29.65,
        "quality_flag": 1,
        "beam": "BEAM04"
      }
    },
    {
      "type": "Feature",
      "geometry": {
        "type": "Point",
        "coordinates": [
          -70.113891,
          -12.588878
        ]
      },
      "properties": {
        "transect_id": 3,
        "elev_lowestmode": 244.9499969482422,
        "elev_dem": 245.0,
        "rh100": 20.81,
        "quality_flag": 1,
        "beam": "BEAM04"
      }
    },
    {
      "type": "Feature",
      "geometry": {
        "type": "Point",
        "coordinates": [
          -70.112581,
          -12.588652
        ]
      },
      "properties": {
        "transect_id": 3,
        "elev_lowestmode": 238.1199951171875,
        "elev_dem": 239.0,
        "rh100": 33.67,
        "quality_flag": 1,
        "beam": "BEAM04"
      }
    },
    {
      "type": "Feature",
      "geometry": {
        "type": "Point",
        "coordinates": [
          -70.113339,
          -12.588427
        ]
      },
      "properties": {
        "transect_id": 3,
        "elev_lowestmode": 245.35000610351562,
        "elev_dem": 244.0,
        "rh100": 30.05,
        "quality_flag": 0,
        "beam": "BEAM04"
      }
    },
    {
      "type": "Feature",
      "geometry": {
        "type": "Point",
        "coordinates": [
          -70.112335,
          -12.588202
        ]
      },
      "properties": {
        "transect_id": 3,
        "elev_lowestmode": 237.5399932861328,
        "elev_dem": 237.0,
        "rh100": 33.89,
        "quality_flag": 1,
        "beam": "BEAM04"
      }
    },
    {
      "type": "Feature",
      "geometry": {
        "type": "Point",
        "coordinates": [
          -70.112644,
          -12.587977
        ]
      },
      "properties": {
        "transect_id": 3,
        "elev_lowestmode": 238.3800048828125,
        "elev_dem": 239.0,
        "rh100": 22.27,
        "quality_flag": 1,
        "beam": "BEAM04"
      }
    },
    {
      "type": "Feature",
      "geometry": {
        "type": "Point",
        "coordinates": [
          -70.112274,
          -12.587752
        ]
      },
      "properties": {
        "transect_id": 3,
        "elev_lowestmode": 235.69000244140625,
        "elev_dem": 234.0,
        "rh100": 29.99,
        "quality_flag": 0,
        "beam": "BEAM04"
      }
    },
    {
      "type": "Feature",
      "geometry": {
        "type": "Point",
        "coordinates": [
          -70.112704,
          -12.587526
        ]
      },
      "properties": {
        "transect_id": 3,
        "elev_lowestmode": 234.3300018310547,
        "elev_dem": 236.0,
        "rh100": 27.88,
        "quality_flag": 1,
        "beam": "BEAM04"
      }
    },
    {
      "type": "Feature",
      "geometry": {
        "type": "Point",
        "coordinates": [
          -70.112256,
          -12.587301
        ]
      },
      "properties": {
        "transect_id": 3,
        "elev_lowestmode": 226.3699951171875,
        "elev_dem": 227.0,
        "rh100": 28.07,
        "quality_flag": 1,
        "beam": "BEAM04"
      }
    },
    {
      "type": "Feature",
      "geometry": {
        "type": "Point",
        "coordinates": [
          -70.112645,
          -12.587076
        ]
      },
      "properties": {
        "transect_id": 3,
        "elev_lowestmode": 229.86000061035156,
        "elev_dem": 231.0,
        "rh100": 34.79,
        "quality_flag": 1,
        "beam": "BEAM04"
      }
    },
    {
      "type": "Feature",
      "geometry": {
        "type": "Point",
        "coordinates": [
          -70.112631,
          -12.586851
        ]
      },
      "properties": {
        "transect_id": 3,
        "elev_lowestmode": 228.77000427246094,
        "elev_dem": 228.0,
        "rh100": 29.07,
        "quality_flag": 1,
        "beam": "BEAM04"
      }
    },
    {
      "type": "Feature",
      "geometry": {
        "type": "Point",
        "coordinates": [
          -70.112605,
          -12.586625
        ]
      },
      "properties": {
        "transect_id": 3,
        "elev_lowestmode": 224.50999450683594,
        "elev_dem": 225.0,
        "rh100": 23.45,
        "quality_flag": 1,
        "beam": "BEAM04"
      }
    },
    {
      "type": "Feature",
      "geometry": {
        "type": "Point",
        "coordinates": [
          -70.113586,
          -12.5864
        ]
      },
      "properties": {
        "transect_id": 3,
        "elev_lowestmode": 236.91000366210938,
        "elev_dem": 234.0,
        "rh100": 32.33,
        "quality_flag": 1,
        "beam": "BEAM04"
      }
    },
    {
      "type": "Feature",
      "geometry": {
        "type": "Point",
        "coordinates": [
          -70.112067,
          -12.586175
        ]
      },
      "properties": {
        "transect_id": 3,
        "elev_lowestmode": 216.6199951171875,
        "elev_dem": 216.0,
        "rh100": 28.61,
        "quality_flag": 0,
        "beam": "BEAM04"
      }
    },
    {
      "type": "Feature",
      "geometry": {
        "type": "Point",
        "coordinates": [
          -70.11375,
          -12.58595
        ]
      },
      "properties": {
        "transect_id": 3,
        "elev_lowestmode": 239.6300048828125,
        "elev_dem": 237.0,
        "rh100": 23.3,
        "quality_flag": 1,
        "beam": "BEAM04"
      }
    },
    {
      "type": "Feature",
      "geometry": {
        "type": "Point",
        "coordinates": [
          -70.112197,
          -12.585724
        ]
      },
      "properties": {
        "transect_id": 3,
        "elev_lowestmode": 214.3800048828125,
        "elev_dem": 216.0,
        "rh100": 33.73,
        "quality_flag": 1,
        "beam": "BEAM04"
      }
    },
    {
      "type": "Feature",
      "geometry": {
        "type": "Point",
        "coordinates": [
          -70.112467,
          -12.585499
        ]
      },
      "properties": {
        "transect_id": 3,
        "elev_lowestmode": 216.55999755859375,
        "elev_dem": 216.0,
        "rh100": 21.37,
        "quality_flag": 1,
        "beam": "BEAM04"
      }
    },
    {
      "type": "Feature",
      "geometry": {
        "type": "Point",
        "coordinates": [
          -70.112449,
          -12.585274
        ]
      },
      "properties": {
        "transect_id": 3,
        "elev_lowestmode": 215.8000030517578,
        "elev_dem": 216.0,
        "rh100": 30.88,
        "quality_flag": 1,
        "beam": "BEAM04"
      }
    },
    {
      "type": "Feature",
      "geometry": {
        "type": "Point",
        "coordinates": [
          -70.111963,
          -12.585049
        ]
      },
      "properties": {
        "transect_id": 3,
        "elev_lowestmode": 214.91000366210938,
        "elev_dem": 216.0,
        "rh100": 32.72,
        "quality_flag": 0,
        "beam": "BEAM04"
      }
    },
    {
      "type": "Feature",
      "geometry": {
        "type": "Point",
        "coordinates": [
          -70.113361,
          -12.584824
        ]
      },
      "properties": {
        "transect_id": 3,
        "elev_lowestmode": 235.92999267578125,
        "elev_dem": 236.0,
        "rh100": 20.55,
        "quality_flag": 1,
        "beam": "BEAM04"
      }
    },
    {
      "type": "Feature",
      "geometry": {
        "type": "Point",
        "coordinates": [
          -70.112209,
          -12.584598
        ]
      },
      "properties": {
        "transect_id": 3,
        "elev_lowestmode": 216.02000427246094,
        "elev_dem": 216.0,
        "rh100": 24.37,
        "quality_flag": 1,
        "beam": "BEAM04"
      }
    },
    {
      "type": "Feature",
      "geometry": {
        "type": "Point",
        "coordinates": [
          -70.112855,
          -12.584373
        ]
      },
      "properties": {
        "transect_id": 3,
        "elev_lowestmode": 227.24000549316406,
        "elev_dem": 228.0,
        "rh100": 26.73,
        "quality_flag": 1,
        "beam": "BEAM04"
      }
    },
    {
      "type": "Feature",
      "geometry": {
        "type": "Point",
        "coordinates": [
          -70.113418,
          -12.584148
        ]
      },
      "properties": {
        "transect_id": 3,
        "elev_lowestmode": 234.92999267578125,
        "elev_dem": 235.0,
        "rh100": 25.46,
        "quality_flag": 1,
        "beam": "BEAM04"
      }
    },
    {
      "type": "Feature",
      "geometry": {
        "type": "Point",
        "coordinates": [
          -70.112428,
          -12.583923
        ]
      },
      "properties": {
        "transect_id": 3,
        "elev_lowestmode": 215.83999633789062,
        "elev_dem": 216.0,
        "rh100": 28.96,
        "quality_flag": 0,
        "beam": "BEAM04"
      }
    },
    {
      "type": "Feature",
      "geometry": {
        "type": "Point",
        "coordinates": [
          -70.113163,
          -12.583697
        ]
      },
      "properties": {
        "transect_id": 3,
        "elev_lowestmode": 231.86000061035156,
        "elev_dem": 233.0,
        "rh100": 33.03,
        "quality_flag": 1,
        "beam": "BEAM04"
      }
    },
    {
      "type": "Feature",
      "geometry": {
        "type": "Point",
        "coordinates": [
          -70.113385,
          -12.583472
        ]
      },
      "properties": {
        "transect_id": 3,
        "elev_lowestmode": 237.4499969482422,
        "elev_dem": 238.0,
        "rh100": 27.53,
        "quality_flag": 1,
        "beam": "BEAM04"
      }
    },
    {
      "type": "Feature",
      "geometry": {
        "type": "Point",
        "coordinates": [
          -70.113326,
          -12.583247
        ]
      },
      "properties": {
        "transect_id": 3,
        "elev_lowestmode": 239.11000061035156,
        "elev_dem": 238.0,
        "rh100": 29.52,
        "quality_flag": 1,
        "beam": "BEAM04"
      }
    },
    {
      "type": "Feature",
      "geometry": {
        "type": "Point",
        "coordinates": [
          -70.113505,
          -12.583022
        ]
      },
      "properties": {
        "transect_id": 3,
        "elev_lowestmode": 239.13999938964844,
        "elev_dem": 240.0,
        "rh100": 27.09,
        "quality_flag": 1,
        "beam": "BEAM04"
      }
    },
    {
      "type": "Feature",
      "geometry": {
        "type": "Point",
        "coordinates": [
          -70.113914,
          -12.582797
        ]
      },
      "properties": {
        "transect_id": 3,
        "elev_lowestmode": 236.13999938964844,
        "elev_dem": 236.0,
        "rh100": 27.61,
        "quality_flag": 0,
        "beam": "BEAM04"
      }
    },
    {
      "type": "Feature",
      "geometry": {
        "type": "Point",
        "coordinates": [
          -70.113852,
          -12.582571
        ]
      },
      "properties": {
        "transect_id": 3,
        "elev_lowestmode": 232.85000610351562,
        "elev_dem": 233.0,
        "rh100": 28.21,
        "quality_flag": 1,
        "beam": "BEAM04"
      }
    },
    {
      "type": "Feature",
      "geometry": {
        "type": "Point",
        "coordinates": [
          -70.113521,
          -12.582346
        ]
      },
      "properties": {
        "transect_id": 3,
        "elev_lowestmode": 229.86000061035156,
        "elev_dem": 230.0,
        "rh100": 28.72,
        "quality_flag": 1,
        "beam": "BEAM04"
      }
    },
    {
      "type": "Feature",
      "geometry": {
        "type": "Point",
        "coordinates": [
          -70.112388,
          -12.582121
        ]
      },
      "properties": {
        "transect_id": 3,
        "elev_lowestmode": 216.1300048828125,
        "elev_dem": 216.0,
        "rh100": 31.4,
        "quality_flag": 1,
        "beam": "BEAM04"
      }
    },
    {
      "type": "Feature",
      "geometry": {
        "type": "Point",
        "coordinates": [
          -70.11298,
          -12.581896
        ]
      },
      "properties": {
        "transect_id": 3,
        "elev_lowestmode": 214.77999877929688,
        "elev_dem": 216.0,
        "rh100": 21.0,
        "quality_flag": 1,
        "beam": "BEAM04"
      }
    },
    {
      "type": "Feature",
      "geometry": {
        "type": "Point",
        "coordinates": [
          -70.112664,
          -12.58167
        ]
      },
      "properties": {
        "transect_id": 3,
        "elev_lowestmode": 216.02000427246094,
        "elev_dem": 216.0,
        "rh100": 20.53,
        "quality_flag": 1,
        "beam": "BEAM04"
      }
    },
    {
      "type": "Feature",
      "geometry": {
        "type": "Point",
        "coordinates": [
          -70.113075,
          -12.581445
        ]
      },
      "properties": {
        "transect_id": 3,
        "elev_lowestmode": 216.08999633789062,
        "elev_dem": 216.0,
        "rh100": 33.94,
        "quality_flag": 1,
        "beam": "BEAM04"
      }
    },
    {
      "type": "Feature",
      "geometry": {
        "type": "Point",
        "coordinates": [
          -70.113737,
          -12.58122
        ]
      },
      "properties": {
        "transect_id": 3,
        "elev_lowestmode": 215.3300018310547,
        "elev_dem": 216.0,
        "rh100": 33.58,
        "quality_flag": 1,
        "beam": "BEAM04"
      }
    },
    {
      "type": "Feature",
      "geometry": {
        "type": "Point",
        "coordinates": [
          -70.112891,
          -12.580995
        ]
      },
      "properties": {
        "transect_id": 3,
        "elev_lowestmode": 214.8300018310547,
        "elev_dem": 216.0,
        "rh100": 31.88,
        "quality_flag": 1,
        "beam": "BEAM04"
      }
    },
    {
      "type": "Feature",
      "geometry": {
        "type": "Point",
        "coordinates": [
          -70.113204,
          -12.58077
        ]
      },
      "properties": {
        "transect_id": 3,
        "elev_lowestmode": 216.3000030517578,
        "elev_dem": 216.0,
        "rh100": 33.64,
        "quality_flag": 1,
        "beam": "BEAM04"
      }
    },
    {
      "type": "Feature",
      "geometry": {
        "type": "Point",
        "coordinates": [
          -70.112504,
          -12.580544
        ]
      },
      "properties": {
        "transect_id": 3,
        "elev_lowestmode": 217.2899932861328,
        "elev_dem": 216.0,
        "rh100": 25.99,
        "quality_flag": 1,
        "beam": "BEAM04"
      }
    },
    {
      "type": "Feature",
      "geometry": {
        "type": "Point",
        "coordinates": [
          -70.113229,
          -12.580319
        ]
      },
      "properties": {
        "transect_id": 3,
        "elev_lowestmode": 216.2899932861328,
        "elev_dem": 216.0,
        "rh100": 33.1,
        "quality_flag": 0,
        "beam": "BEAM04"
      }
    },
    {
      "type": "Feature",
      "geometry": {
        "type": "Point",
        "coordinates": [
          -70.112,
          -12.580094
        ]
      },
      "properties": {
        "transect_id": 3,
        "elev_lowestmode": 215.02999877929688,
        "elev_dem": 216.0,
        "rh100": 33.67,
        "quality_flag": 1,
        "beam": "BEAM04"
      }
    },
    {
      "type": "Feature",
      "geometry": {
        "type": "Point",
        "coordinates": [
          -70.113877,
          -12.579869
        ]
      },
      "properties": {
        "transect_id": 3,
        "elev_lowestmode": 226.55999755859375,
        "elev_dem": 228.0,
        "rh100": 24.53,
        "quality_flag": 1,
        "beam": "BEAM04"
      }
    },
    {
      "type": "Feature",
      "geometry": {
        "type": "Point",
        "coordinates": [
          -70.112914,
          -12.579643
        ]
      },
      "properties": {
        "transect_id": 3,
        "elev_lowestmode": 215.6199951171875,
        "elev_dem": 216.0,
        "rh100": 34.97,
        "quality_flag": 1,
        "beam": "BEAM04"
      }
    },
    {
      "type": "Feature",
      "geometry": {
        "type": "Point",
        "coordinates": [
          -70.112003,
          -12.579418
        ]
      },
      "properties": {
        "transect_id": 3,
        "elev_lowestmode": 215.22999572753906,
        "elev_dem": 216.0,
        "rh100": 30.94,
        "quality_flag": 1,
        "beam": "BEAM04"
      }
    },
    {
      "type": "Feature",
      "geometry": {
        "type": "Point",
        "coordinates": [
          -70.112925,
          -12.579193
        ]
      },
      "properties": {
        "transect_id": 3,
        "elev_lowestmode": 217.5399932861328,
        "elev_dem": 216.0,
        "rh100": 27.29,
        "quality_flag": 1,
        "beam": "BEAM04"
      }
    },
    {
      "type": "Feature",
      "geometry": {
        "type": "Point",
        "coordinates": [
          -70.113142,
          -12.578968
        ]
      },
      "properties": {
        "transect_id": 3,
        "elev_lowestmode": 215.85000610351562,
        "elev_dem": 216.0,
        "rh100": 22.37,
        "quality_flag": 1,
        "beam": "BEAM04"
      }
    },
    {
      "type": "Feature",
      "geometry": {
        "type": "Point",
        "coordinates": [
          -70.112152,
          -12.578742
        ]
      },
      "properties": {
        "transect_id": 3,
        "elev_lowestmode": 215.02999877929688,
        "elev_dem": 216.0,
        "rh100": 21.94,
        "quality_flag": 1,
        "beam": "BEAM04"
      }
    },
    {
      "type": "Feature",
      "geometry": {
        "type": "Point",
        "coordinates": [
          -70.112503,
          -12.578517
        ]
      },
      "properties": {
        "transect_id": 3,
        "elev_lowestmode": 216.75999450683594,
        "elev_dem": 216.0,
        "rh100": 27.85,
        "quality_flag": 0,
        "beam": "BEAM04"
      }
    },
    {
      "type": "Feature",
      "geometry": {
        "type": "Point",
        "coordinates": [
          -70.113455,
          -12.578292
        ]
      },
      "properties": {
        "transect_id": 3,
        "elev_lowestmode": 217.57000732421875,
        "elev_dem": 216.0,
        "rh100": 23.38,
        "quality_flag": 1,
        "beam": "BEAM04"
      }
    },
    {
      "type": "Feature",
      "geometry": {
        "type": "Point",
        "coordinates": [
          -70.11268,
          -12.578067
        ]
      },
      "properties": {
        "transect_id": 3,
        "elev_lowestmode": 217.6699981689453,
        "elev_dem": 216.0,
        "rh100": 32.34,
        "quality_flag": 1,
        "beam": "BEAM04"
      }
    },
    {
      "type": "Feature",
      "geometry": {
        "type": "Point",
        "coordinates": [
          -70.112284,
          -12.577842
        ]
      },
      "properties": {
        "transect_id": 3,
        "elev_lowestmode": 216.8000030517578,
        "elev_dem": 216.0,
        "rh100": 29.97,
        "quality_flag": 1,
        "beam": "BEAM04"
      }
    },
    {
      "type": "Feature",
      "geometry": {
        "type": "Point",
        "coordinates": [
          -70.111986,
          -12.577616
        ]
      },
      "properties": {
        "transect_id": 3,
        "elev_lowestmode": 214.94000244140625,
        "elev_dem": 216.0,
        "rh100": 30.67,
        "quality_flag": 1,
        "beam": "BEAM04"
      }
    },
    {
      "type": "Feature",
      "geometry": {
        "type": "Point",
        "coordinates": [
          -70.11218,
          -12.577391
        ]
      },
      "properties": {
        "transect_id": 3,
        "elev_lowestmode": 214.8699951171875,
        "elev_dem": 216.0,
        "rh100": 32.0,
        "quality_flag": 1,
        "beam": "BEAM04"
      }
    },
    {
      "type": "Feature",
      "geometry": {
        "type": "Point",
        "coordinates": [
          -70.112739,
          -12.577166
        ]
      },
      "properties": {
        "transect_id": 3,
        "elev_lowestmode": 215.30999755859375,
        "elev_dem": 216.0,
        "rh100": 21.86,
        "quality_flag": 1,
        "beam": "BEAM04"
      }
    },
    {
      "type": "Feature",
      "geometry": {
        "type": "Point",
        "coordinates": [
          -70.113362,
          -12.576941
        ]
      },
      "properties": {
        "transect_id": 3,
        "elev_lowestmode": 215.67999267578125,
        "elev_dem": 216.0,
        "rh100": 24.39,
        "quality_flag": 1,
        "beam": "BEAM04"
      }
    },
    {
      "type": "Feature",
      "geometry": {
        "type": "Point",
        "coordinates": [
          -70.113823,
          -12.576715
        ]
      },
      "properties": {
        "transect_id": 3,
        "elev_lowestmode": 228.94000244140625,
        "elev_dem": 231.0,
        "rh100": 20.22,
        "quality_flag": 1,
        "beam": "BEAM04"
      }
    },
    {
      "type": "Feature",
      "geometry": {
        "type": "Point",
        "coordinates": [
          -70.113958,
          -12.57649
        ]
      },
      "properties": {
        "transect_id": 3,
        "elev_lowestmode": 234.2899932861328,
        "elev_dem": 233.0,
        "rh100": 21.08,
        "quality_flag": 0,
        "beam": "BEAM04"
      }
    },
    {
      "type": "Feature",
      "geometry": {
        "type": "Point",
        "coordinates": [
          -70.11351,
          -12.576265
        ]
      },
      "properties": {
        "transect_id": 3,
        "elev_lowestmode": 216.97999572753906,
        "elev_dem": 216.0,
        "rh100": 31.79,
        "quality_flag": 1,
        "beam": "BEAM04"
      }
    },
    {
      "type": "Feature",
      "geometry": {
        "type": "Point",
        "coordinates": [
          -70.112894,
          -12.57604
        ]
      },
      "properties": {
        "transect_id": 3,
        "elev_lowestmode": 214.02000427246094,
        "elev_dem": 216.0,
        "rh100": 22.99,
        "quality_flag": 1,
        "beam": "BEAM04"
      }
    },
    {
      "type": "Feature",
      "geometry": {
        "type": "Point",
        "coordinates": [
          -70.112146,
          -12.575815
        ]
      },
      "properties": {
        "transect_id": 3,
        "elev_lowestmode": 215.17999267578125,
        "elev_dem": 216.0,
        "rh100": 29.15,
        "quality_flag": 1,
        "beam": "BEAM04"
      }
    },
    {
      "type": "Feature",
      "geometry": {
        "type": "Point",
        "coordinates": [
          -70.112007,
          -12.575589
        ]
      },
      "properties": {
        "transect_id": 3,
        "elev_lowestmode": 216.60000610351562,
        "elev_dem": 216.0,
        "rh100": 27.9,
        "quality_flag": 1,
        "beam": "BEAM04"
      }
    },
    {
      "type": "Feature",
      "geometry": {
        "type": "Point",
        "coordinates": [
          -70.113907,
          -12.575364
        ]
      },
      "properties": {
        "transect_id": 3,
        "elev_lowestmode": 227.75,
        "elev_dem": 228.0,
        "rh100": 24.16,
        "quality_flag": 1,
        "beam": "BEAM04"
      }
    },
    {
      "type": "Feature",
      "geometry": {
        "type": "Point",
        "coordinates": [
          -70.112456,
          -12.575139
        ]
      },
      "properties": {
        "transect_id": 3,
        "elev_lowestmode": 215.9499969482422,
        "elev_dem": 216.0,
        "rh100": 34.4,
        "quality_flag": 1,
        "beam": "BEAM04"
      }
    },
    {
      "type": "Feature",
      "geometry": {
        "type": "Point",
        "coordinates": [
          -70.113525,
          -12.574914
        ]
      },
      "properties": {
        "transect_id": 3,
        "elev_lowestmode": 216.4199981689453,
        "elev_dem": 216.0,
        "rh100": 32.68,
        "quality_flag": 1,
        "beam": "BEAM04"
      }
    },
    {
      "type": "Feature",
      "geometry": {
        "type": "Point",
        "coordinates": [
          -70.113144,
          -12.574688
        ]
      },
      "properties": {
        "transect_id": 3,
        "elev_lowestmode": 216.5500030517578,
        "elev_dem": 216.0,
        "rh100": 23.07,
        "quality_flag": 1,
        "beam": "BEAM04"
      }
    },
    {
      "type": "Feature",
      "geometry": {
        "type": "Point",
        "coordinates": [
          -70.113584,
          -12.574463
        ]
      },
      "properties": {
        "transect_id": 3,
        "elev_lowestmode": 218.24000549316406,
        "elev_dem": 216.0,
        "rh100": 20.17,
        "quality_flag": 0,
        "beam": "BEAM04"
      }
    },
    {
      "type": "Feature",
      "geometry": {
        "type": "Point",
        "coordinates": [
          -70.112857,
          -12.574238
        ]
      },
      "properties": {
        "transect_id": 3,
        "elev_lowestmode": 217.19000244140625,
        "elev_dem": 216.0,
        "rh100": 20.41,
        "quality_flag": 1,
        "beam": "BEAM04"
      }
    },
    {
      "type": "Feature",
      "geometry": {
        "type": "Point",
        "coordinates": [
          -70.111971,
          -12.574013
        ]
      },
      "properties": {
        "transect_id": 3,
        "elev_lowestmode": 216.25,
        "elev_dem": 216.0,
        "rh100": 31.43,
        "quality_flag": 1,
        "beam": "BEAM04"
      }
    },
    {
      "type": "Feature",
      "geometry": {
        "type": "Point",
        "coordinates": [
          -70.113849,
          -12.573788
        ]
      },
      "properties": {
        "transect_id": 3,
        "elev_lowestmode": 234.32000732421875,
        "elev_dem": 234.0,
        "rh100": 22.17,
        "quality_flag": 0,
        "beam": "BEAM04"
      }
    },
    {
      "type": "Feature",
      "geometry": {
        "type": "Point",
        "coordinates": [
          -70.113818,
          -12.573562
        ]
      },
      "properties": {
        "transect_id": 3,
        "elev_lowestmode": 230.5800018310547,
        "elev_dem": 232.0,
        "rh100": 24.68,
        "quality_flag": 1,
        "beam": "BEAM04"
      }
    },
    {
      "type": "Feature",
      "geometry": {
        "type": "Point",
        "coordinates": [
          -70.113463,
          -12.573337
        ]
      },
      "properties": {
        "transect_id": 3,
        "elev_lowestmode": 215.13999938964844,
        "elev_dem": 216.0,
        "rh100": 28.07,
        "quality_flag": 0,
        "beam": "BEAM04"
      }
    },
    {
      "type": "Feature",
      "geometry": {
        "type": "Point",
        "coordinates": [
          -70.11219,
          -12.573112
        ]
      },
      "properties": {
        "transect_id": 3,
        "elev_lowestmode": 215.97999572753906,
        "elev_dem": 216.0,
        "rh100": 29.22,
        "quality_flag": 1,
        "beam": "BEAM04"
      }
    },
    {
      "type": "Feature",
      "geometry": {
        "type": "Point",
        "coordinates": [
          -70.112198,
          -12.572887
        ]
      },
      "properties": {
        "transect_id": 3,
        "elev_lowestmode": 214.30999755859375,
        "elev_dem": 216.0,
        "rh100": 33.63,
        "quality_flag": 1,
        "beam": "BEAM04"
      }
    },
    {
      "type": "Feature",
      "geometry": {
        "type": "Point",
        "coordinates": [
          -70.113286,
          -12.572661
        ]
      },
      "properties": {
        "transect_id": 3,
        "elev_lowestmode": 214.91000366210938,
        "elev_dem": 216.0,
        "rh100": 32.09,
        "quality_flag": 1,
        "beam": "BEAM04"
      }
    },
    {
      "type": "Feature",
      "geometry": {
        "type": "Point",
        "coordinates": [
          -70.112712,
          -12.572436
        ]
      },
      "properties": {
        "transect_id": 3,
        "elev_lowestmode": 217.36000061035156,
        "elev_dem": 216.0,
        "rh100": 21.49,
        "quality_flag": 1,
        "beam": "BEAM04"
      }
    },
    {
      "type": "Feature",
      "geometry": {
        "type": "Point",
        "coordinates": [
          -70.112726,
          -12.572211
        ]
      },
      "properties": {
        "transect_id": 3,
        "elev_lowestmode": 215.8699951171875,
        "elev_dem": 216.0,
        "rh100": 33.72,
        "quality_flag": 1,
        "beam": "BEAM04"
      }
    },
    {
      "type": "Feature",
      "geometry": {
        "type": "Point",
        "coordinates": [
          -70.113753,
          -12.571986
        ]
      },
      "properties": {
        "transect_id": 3,
        "elev_lowestmode": 234.10000610351562,
        "elev_dem": 232.0,
        "rh100": 29.64,
        "quality_flag": 1,
        "beam": "BEAM04"
      }
    },
    {
      "type": "Feature",
      "geometry": {
        "type": "Point",
        "coordinates": [
          -70.113607,
          -12.571761
        ]
      },
      "properties": {
        "transect_id": 3,
        "elev_lowestmode": 216.4199981689453,
        "elev_dem": 216.0,
        "rh100": 21.29,
        "quality_flag": 1,
        "beam": "BEAM04"
      }
    },
    {
      "type": "Feature",
      "geometry": {
        "type": "Point",
        "coordinates": [
          -70.113683,
          -12.571535
        ]
      },
      "properties": {
        "transect_id": 3,
        "elev_lowestmode": 215.14999389648438,
        "elev_dem": 216.0,
        "rh100": 24.6,
        "quality_flag": 1,
        "beam": "BEAM04"
      }
    },
    {
      "type": "Feature",
      "geometry": {
        "type": "Point",
        "coordinates": [
          -70.112829,
          -12.57131
        ]
      },
      "properties": {
        "transect_id": 3,
        "elev_lowestmode": 217.0,
        "elev_dem": 216.0,
        "rh100": 34.07,
        "quality_flag": 1,
        "beam": "BEAM04"
      }
    },
    {
      "type": "Feature",
      "geometry": {
        "type": "Point",
        "coordinates": [
          -70.112499,
          -12.571085
        ]
      },
      "properties": {
        "transect_id": 3,
        "elev_lowestmode": 217.3300018310547,
        "elev_dem": 216.0,
        "rh100": 21.19,
        "quality_flag": 1,
        "beam": "BEAM04"
      }
    },
    {
      "type": "Feature",
      "geometry": {
        "type": "Point",
        "coordinates": [
          -70.112288,
          -12.57086
        ]
      },
      "properties": {
        "transect_id": 3,
        "elev_lowestmode": 216.52000427246094,
        "elev_dem": 216.0,
        "rh100": 24.75,
        "quality_flag": 0,
        "beam": "BEAM04"
      }
    },
    {
      "type": "Feature",
      "geometry": {
        "type": "Point",
        "coordinates": [
          -70.113082,
          -12.570634
        ]
      },
      "properties": {
        "transect_id": 3,
        "elev_lowestmode": 216.72000122070312,
        "elev_dem": 216.0,
        "rh100": 28.66,
        "quality_flag": 1,
        "beam": "BEAM04"
      }
    },
    {
      "type": "Feature",
      "geometry": {
        "type": "Point",
        "coordinates": [
          -70.113073,
          -12.570409
        ]
      },
      "properties": {
        "transect_id": 3,
        "elev_lowestmode": 216.47000122070312,
        "elev_dem": 216.0,
        "rh100": 30.22,
        "quality_flag": 1,
        "beam": "BEAM04"
      }
    },
    {
      "type": "Feature",
      "geometry": {
        "type": "Point",
        "coordinates": [
          -70.112499,
          -12.570184
        ]
      },
      "properties": {
        "transect_id": 3,
        "elev_lowestmode": 215.6999969482422,
        "elev_dem": 216.0,
        "rh100": 33.37,
        "quality_flag": 1,
        "beam": "BEAM04"
      }
    },
    {
      "type": "Feature",
      "geometry": {
        "type": "Point",
        "coordinates": [
          -70.11218,
          -12.569959
        ]
      },
      "properties": {
        "transect_id": 3,
        "elev_lowestmode": 216.25999450683594,
        "elev_dem": 216.0,
        "rh100": 24.36,
        "quality_flag": 1,
        "beam": "BEAM04"
      }
    },
    {
      "type": "Feature",
      "geometry": {
        "type": "Point",
        "coordinates": [
          -70.113875,
          -12.569733
        ]
      },
      "properties": {
        "transect_id": 3,
        "elev_lowestmode": 226.72999572753906,
        "elev_dem": 229.0,
        "rh100": 25.42,
        "quality_flag": 1,
        "beam": "BEAM04"
      }
    },
    {
      "type": "Feature",
      "geometry": {
        "type": "Point",
        "coordinates": [
          -70.112235,
          -12.569508
        ]
      },
      "properties": {
        "transect_id": 3,
        "elev_lowestmode": 215.82000732421875,
        "elev_dem": 216.0,
        "rh100": 23.73,
        "quality_flag": 1,
        "beam": "BEAM04"
      }
    },
    {
      "type": "Feature",
      "geometry": {
        "type": "Point",
        "coordinates": [
          -70.113181,
          -12.569283
        ]
      },
      "properties": {
        "transect_id": 3,
        "elev_lowestmode": 230.64999389648438,
        "elev_dem": 229.0,
        "rh100": 27.72,
        "quality_flag": 1,
        "beam": "BEAM04"
      }
    },
    {
      "type": "Feature",
      "geometry": {
        "type": "Point",
        "coordinates": [
          -70.113105,
          -12.569058
        ]
      },
      "properties": {
        "transect_id": 3,
        "elev_lowestmode": 228.92999267578125,
        "elev_dem": 229.0,
        "rh100": 24.66,
        "quality_flag": 0,
        "beam": "BEAM04"
      }
    },
    {
      "type": "Feature",
      "geometry": {
        "type": "Point",
        "coordinates": [
          -70.112134,
          -12.568833
        ]
      },
      "properties": {
        "transect_id": 3,
        "elev_lowestmode": 214.13999938964844,
        "elev_dem": 216.0,
        "rh100": 20.22,
        "quality_flag": 1,
        "beam": "BEAM04"
      }
    },
    {
      "type": "Feature",
      "geometry": {
        "type": "Point",
        "coordinates": [
          -70.1126,
          -12.568607
        ]
      },
      "properties": {
        "transect_id": 3,
        "elev_lowestmode": 229.63999938964844,
        "elev_dem": 230.0,
        "rh100": 28.99,
        "quality_flag": 1,
        "beam": "BEAM04"
      }
    },
    {
      "type": "Feature",
      "geometry": {
        "type": "Point",
        "coordinates": [
          -70.113913,
          -12.568382
        ]
      },
      "properties": {
        "transect_id": 3,
        "elev_lowestmode": 235.9199981689453,
        "elev_dem": 235.0,
        "rh100": 29.07,
        "quality_flag": 1,
        "beam": "BEAM04"
      }
    },
    {
      "type": "Feature",
      "geometry": {
        "type": "Point",
        "coordinates": [
          -70.113145,
          -12.568157
        ]
      },
      "properties": {
        "transect_id": 3,
        "elev_lowestmode": 237.4600067138672,
        "elev_dem": 237.0,
        "rh100": 28.04,
        "quality_flag": 1,
        "beam": "BEAM04"
      }
    },
    {
      "type": "Feature",
      "geometry": {
        "type": "Point",
        "coordinates": [
          -70.112166,
          -12.567932
        ]
      },
      "properties": {
        "transect_id": 3,
        "elev_lowestmode": 237.07000732421875,
        "elev_dem": 237.0,
        "rh100": 34.34,
        "quality_flag": 1,
        "beam": "BEAM04"
      }
    },
    {
      "type": "Feature",
      "geometry": {
        "type": "Point",
        "coordinates": [
          -70.113785,
          -12.567706
        ]
      },
      "properties": {
        "transect_id": 3,
        "elev_lowestmode": 239.42999267578125,
        "elev_dem": 239.0,
        "rh100": 21.13,
        "quality_flag": 0,
        "beam": "BEAM04"
      }
    },
    {
      "type": "Feature",
      "geometry": {
        "type": "Point",
        "coordinates": [
          -70.112124,
          -12.567481
        ]
      },
      "properties": {
        "transect_id": 3,
        "elev_lowestmode": 230.00999450683594,
        "elev_dem": 229.0,
        "rh100": 26.01,
        "quality_flag": 1,
        "beam": "BEAM04"
      }
    },
    {
      "type": "Feature",
      "geometry": {
        "type": "Point",
        "coordinates": [
          -70.112378,
          -12.567256
        ]
      },
      "properties": {
        "transect_id": 3,
        "elev_lowestmode": 232.27000427246094,
        "elev_dem": 232.0,
        "rh100": 28.22,
        "quality_flag": 1,
        "beam": "BEAM04"
      }
    },
    {
      "type": "Feature",
      "geometry": {
        "type": "Point",
        "coordinates": [
          -70.113174,
          -12.567031
        ]
      },
      "properties": {
        "transect_id": 3,
        "elev_lowestmode": 238.60000610351562,
        "elev_dem": 238.0,
        "rh100": 34.52,
        "quality_flag": 1,
        "beam": "BEAM04"
      }
    },
    {
      "type": "Feature",
      "geometry": {
        "type": "Point",
        "coordinates": [
          -70.113356,
          -12.566806
        ]
      },
      "properties": {
        "transect_id": 3,
        "elev_lowestmode": 240.30999755859375,
        "elev_dem": 241.0,
        "rh100": 31.25,
        "quality_flag": 1,
        "beam": "BEAM04"
      }
    },
    {
      "type": "Feature",
      "geometry": {
        "type": "Point",
        "coordinates": [
          -70.112443,
          -12.56658
        ]
      },
      "properties": {
        "transect_id": 3,
        "elev_lowestmode": 231.0,
        "elev_dem": 231.0,
        "rh100": 28.72,
        "quality_flag": 1,
        "beam": "BEAM04"
      }
    },
    {
      "type": "Feature",
      "geometry": {
        "type": "Point",
        "coordinates": [
          -70.112708,
          -12.566355
        ]
      },
      "properties": {
        "transect_id": 3,
        "elev_lowestmode": 238.10000610351562,
        "elev_dem": 237.0,
        "rh100": 32.43,
        "quality_flag": 0,
        "beam": "BEAM04"
      }
    },
    {
      "type": "Feature",
      "geometry": {
        "type": "Point",
        "coordinates": [
          -70.112761,
          -12.56613
        ]
      },
      "properties": {
        "transect_id": 3,
        "elev_lowestmode": 237.97999572753906,
        "elev_dem": 238.0,
        "rh100": 28.95,
        "quality_flag": 0,
        "beam": "BEAM04"
      }
    },
    {
      "type": "Feature",
      "geometry": {
        "type": "Point",
        "coordinates": [
          -70.112799,
          -12.565905
        ]
      },
      "properties": {
        "transect_id": 3,
        "elev_lowestmode": 238.49000549316406,
        "elev_dem": 239.0,
        "rh100": 28.78,
        "quality_flag": 1,
        "beam": "BEAM04"
      }
    },
    {
      "type": "Feature",
      "geometry": {
        "type": "Point",
        "coordinates": [
          -70.113732,
          -12.565679
        ]
      },
      "properties": {
        "transect_id": 3,
        "elev_lowestmode": 236.05999755859375,
        "elev_dem": 236.0,
        "rh100": 30.8,
        "quality_flag": 1,
        "beam": "BEAM04"
      }
    },
    {
      "type": "Feature",
      "geometry": {
        "type": "Point",
        "coordinates": [
          -70.113093,
          -12.565454
        ]
      },
      "properties": {
        "transect_id": 3,
        "elev_lowestmode": 239.1199951171875,
        "elev_dem": 240.0,
        "rh100": 25.1,
        "quality_flag": 1,
        "beam": "BEAM04"
      }
    },
    {
      "type": "Feature",
      "geometry": {
        "type": "Point",
        "coordinates": [
          -70.112356,
          -12.565229
        ]
      },
      "properties": {
        "transect_id": 3,
        "elev_lowestmode": 239.33999633789062,
        "elev_dem": 239.0,
        "rh100": 24.65,
        "quality_flag": 1,
        "beam": "BEAM04"
      }
    },
    {
      "type": "Feature",
      "geometry": {
        "type": "Point",
        "coordinates": [
          -70.113054,
          -12.565004
        ]
      },
      "properties": {
        "transect_id": 3,
        "elev_lowestmode": 238.67999267578125,
        "elev_dem": 239.0,
        "rh100": 32.83,
        "quality_flag": 1,
        "beam": "BEAM04"
      }
    },
    {
      "type": "Feature",
      "geometry": {
        "type": "Point",
        "coordinates": [
          -70.113236,
          -12.564779
        ]
      },
      "properties": {
        "transect_id": 3,
        "elev_lowestmode": 240.8800048828125,
        "elev_dem": 241.0,
        "rh100": 25.39,
        "quality_flag": 1,
        "beam": "BEAM04"
      }
    },
    {
      "type": "Feature",
      "geometry": {
        "type": "Point",
        "coordinates": [
          -70.113871,
          -12.564553
        ]
      },
      "properties": {
        "transect_id": 3,
        "elev_lowestmode": 242.64999389648438,
        "elev_dem": 242.0,
        "rh100": 23.75,
        "quality_flag": 1,
        "beam": "BEAM04"
      }
    },
    {
      "type": "Feature",
      "geometry": {
        "type": "Point",
        "coordinates": [
          -70.112327,
          -12.564328
        ]
      },
      "properties": {
        "transect_id": 3,
        "elev_lowestmode": 237.02000427246094,
        "elev_dem": 238.0,
        "rh100": 27.07,
        "quality_flag": 1,
        "beam": "BEAM04"
      }
    },
    {
      "type": "Feature",
      "geometry": {
        "type": "Point",
        "coordinates": [
          -70.113617,
          -12.564103
        ]
      },
      "properties": {
        "transect_id": 3,
        "elev_lowestmode": 243.11000061035156,
        "elev_dem": 244.0,
        "rh100": 21.08,
        "quality_flag": 1,
        "beam": "BEAM04"
      }
    },
    {
      "type": "Feature",
      "geometry": {
        "type": "Point",
        "coordinates": [
          -70.113745,
          -12.563878
        ]
      },
      "properties": {
        "transect_id": 3,
        "elev_lowestmode": 243.44000244140625,
        "elev_dem": 244.0,
        "rh100": 24.49,
        "quality_flag": 1,
        "beam": "BEAM04"
      }
    },
    {
      "type": "Feature",
      "geometry": {
        "type": "Point",
        "coordinates": [
          -70.11354,
          -12.563652
        ]
      },
      "properties": {
        "transect_id": 3,
        "elev_lowestmode": 244.22999572753906,
        "elev_dem": 244.0,
        "rh100": 26.72,
        "quality_flag": 1,
        "beam": "BEAM04"
      }
    },
    {
      "type": "Feature",
      "geometry": {
        "type": "Point",
        "coordinates": [
          -70.112821,
          -12.563427
        ]
      },
      "properties": {
        "transect_id": 3,
        "elev_lowestmode": 242.32000732421875,
        "elev_dem": 243.0,
        "rh100": 29.29,
        "quality_flag": 1,
        "beam": "BEAM04"
      }
    },
    {
      "type": "Feature",
      "geometry": {
        "type": "Point",
        "coordinates": [
          -70.112946,
          -12.563202
        ]
      },
      "properties": {
        "transect_id": 3,
        "elev_lowestmode": 243.6199951171875,
        "elev_dem": 243.0,
        "rh100": 28.7,
        "quality_flag": 1,
        "beam": "BEAM04"
      }
    },
    {
      "type": "Feature",
      "geometry": {
        "type": "Point",
        "coordinates": [
          -70.112309,
          -12.562977
        ]
      },
      "properties": {
        "transect_id": 3,
        "elev_lowestmode": 243.3000030517578,
        "elev_dem": 243.0,
        "rh100": 20.25,
        "quality_flag": 1,
        "beam": "BEAM04"
      }
    },
    {
      "type": "Feature",
      "geometry": {
        "type": "Point",
        "coordinates": [
          -70.113467,
          -12.562752
        ]
      },
      "properties": {
        "transect_id": 3,
        "elev_lowestmode": 243.52999877929688,
        "elev_dem": 243.0,
        "rh100": 20.63,
        "quality_flag": 1,
        "beam": "BEAM04"
      }
    },
    {
      "type": "Feature",
      "geometry": {
        "type": "Point",
        "coordinates": [
          -70.113542,
          -12.562526
        ]
      },
      "properties": {
        "transect_id": 3,
        "elev_lowestmode": 243.64999389648438,
        "elev_dem": 243.0,
        "rh100": 20.62,
        "quality_flag": 1,
        "beam": "BEAM04"
      }
    },
    {
      "type": "Feature",
      "geometry": {
        "type": "Point",
        "coordinates": [
          -70.113229,
          -12.562301
        ]
      },
      "properties": {
        "transect_id": 3,
        "elev_lowestmode": 241.77000427246094,
        "elev_dem": 243.0,
        "rh100": 25.57,
        "quality_flag": 0,
        "beam": "BEAM04"
      }
    },
    {
      "type": "Feature",
      "geometry": {
        "type": "Point",
        "coordinates": [
          -70.113098,
          -12.562076
        ]
      },
      "properties": {
        "transect_id": 3,
        "elev_lowestmode": 242.8000030517578,
        "elev_dem": 244.0,
        "rh100": 32.91,
        "quality_flag": 1,
        "beam": "BEAM04"
      }
    },
    {
      "type": "Feature",
      "geometry": {
        "type": "Point",
        "coordinates": [
          -70.11287,
          -12.561851
        ]
      },
      "properties": {
        "transect_id": 3,
        "elev_lowestmode": 246.5,
        "elev_dem": 245.0,
        "rh100": 21.79,
        "quality_flag": 0,
        "beam": "BEAM04"
      }
    },
    {
      "type": "Feature",
      "geometry": {
        "type": "Point",
        "coordinates": [
          -70.113865,
          -12.561625
        ]
      },
      "properties": {
        "transect_id": 3,
        "elev_lowestmode": 243.11000061035156,
        "elev_dem": 244.0,
        "rh100": 20.83,
        "quality_flag": 1,
        "beam": "BEAM04"
      }
    },
    {
      "type": "Feature",
      "geometry": {
        "type": "Point",
        "coordinates": [
          -70.113945,
          -12.5614
        ]
      },
      "properties": {
        "transect_id": 3,
        "elev_lowestmode": 245.63999938964844,
        "elev_dem": 244.0,
        "rh100": 22.12,
        "quality_flag": 1,
        "beam": "BEAM04"
      }
    },
    {
      "type": "Feature",
      "geometry": {
        "type": "Point",
        "coordinates": [
          -70.113567,
          -12.561175
        ]
      },
      "properties": {
        "transect_id": 3,
        "elev_lowestmode": 242.97000122070312,
        "elev_dem": 244.0,
        "rh100": 25.96,
        "quality_flag": 1,
        "beam": "BEAM04"
      }
    },
    {
      "type": "Feature",
      "geometry": {
        "type": "Point",
        "coordinates": [
          -70.113765,
          -12.56095
        ]
      },
      "properties": {
        "transect_id": 3,
        "elev_lowestmode": 243.5800018310547,
        "elev_dem": 243.0,
        "rh100": 26.23,
        "quality_flag": 1,
        "beam": "BEAM04"
      }
    },
    {
      "type": "Feature",
      "geometry": {
        "type": "Point",
        "coordinates": [
          -70.112914,
          -12.560724
        ]
      },
      "properties": {
        "transect_id": 3,
        "elev_lowestmode": 240.02999877929688,
        "elev_dem": 241.0,
        "rh100": 23.46,
        "quality_flag": 1,
        "beam": "BEAM04"
      }
    },
    {
      "type": "Feature",
      "geometry": {
        "type": "Point",
        "coordinates": [
          -70.113761,
          -12.560499
        ]
      },
      "properties": {
        "transect_id": 3,
        "elev_lowestmode": 242.74000549316406,
        "elev_dem": 243.0,
        "rh100": 32.81,
        "quality_flag": 1,
        "beam": "BEAM04"
      }
    },
    {
      "type": "Feature",
      "geometry": {
        "type": "Point",
        "coordinates": [
          -70.113208,
          -12.560274
        ]
      },
      "properties": {
        "transect_id": 3,
        "elev_lowestmode": 242.74000549316406,
        "elev_dem": 243.0,
        "rh100": 32.66,
        "quality_flag": 1,
        "beam": "BEAM04"
      }
    },
    {
      "type": "Feature",
      "geometry": {
        "type": "Point",
        "coordinates": [
          -70.113185,
          -12.560049
        ]
      },
      "properties": {
        "transect_id": 3,
        "elev_lowestmode": 241.39999389648438,
        "elev_dem": 242.0,
        "rh100": 26.21,
        "quality_flag": 1,
        "beam": "BEAM04"
      }
    },
    {
      "type": "Feature",
      "geometry": {
        "type": "Point",
        "coordinates": [
          -70.113936,
          -12.559824
        ]
      },
      "properties": {
        "transect_id": 3,
        "elev_lowestmode": 241.3300018310547,
        "elev_dem": 242.0,
        "rh100": 21.82,
        "quality_flag": 1,
        "beam": "BEAM04"
      }
    },
    {
      "type": "Feature",
      "geometry": {
        "type": "Point",
        "coordinates": [
          -70.113614,
          -12.559598
        ]
      },
      "properties": {
        "transect_id": 3,
        "elev_lowestmode": 241.30999755859375,
        "elev_dem": 242.0,
        "rh100": 30.71,
        "quality_flag": 1,
        "beam": "BEAM04"
      }
    },
    {
      "type": "Feature",
      "geometry": {
        "type": "Point",
        "coordinates": [
          -70.11362,
          -12.559373
        ]
      },
      "properties": {
        "transect_id": 3,
        "elev_lowestmode": 242.17999267578125,
        "elev_dem": 241.0,
        "rh100": 24.16,
        "quality_flag": 1,
        "beam": "BEAM04"
      }
    },
    {
      "type": "Feature",
      "geometry": {
        "type": "Point",
        "coordinates": [
          -70.11224,
          -12.559148
        ]
      },
      "properties": {
        "transect_id": 3,
        "elev_lowestmode": 241.42999267578125,
        "elev_dem": 240.0,
        "rh100": 25.36,
        "quality_flag": 1,
        "beam": "BEAM04"
      }
    },
    {
      "type": "Feature",
      "geometry": {
        "type": "Point",
        "coordinates": [
          -70.111996,
          -12.558923
        ]
      },
      "properties": {
        "transect_id": 3,
        "elev_lowestmode": 241.32000732421875,
        "elev_dem": 242.0,
        "rh100": 26.76,
        "quality_flag": 1,
        "beam": "BEAM04"
      }
    },
    {
      "type": "Feature",
      "geometry": {
        "type": "Point",
        "coordinates": [
          -70.112058,
          -12.558697
        ]
      },
      "properties": {
        "transect_id": 3,
        "elev_lowestmode": 242.52999877929688,
        "elev_dem": 243.0,
        "rh100": 20.06,
        "quality_flag": 1,
        "beam": "BEAM04"
      }
    },
    {
      "type": "Feature",
      "geometry": {
        "type": "Point",
        "coordinates": [
          -70.112973,
          -12.558472
        ]
      },
      "properties": {
        "transect_id": 3,
        "elev_lowestmode": 243.16000366210938,
        "elev_dem": 243.0,
        "rh100": 24.2,
        "quality_flag": 1,
        "beam": "BEAM04"
      }
    },
    {
      "type": "Feature",
      "geometry": {
        "type": "Point",
        "coordinates": [
          -70.112092,
          -12.558247
        ]
      },
      "properties": {
        "transect_id": 3,
        "elev_lowestmode": 242.61000061035156,
        "elev_dem": 243.0,
        "rh100": 32.53,
        "quality_flag": 1,
        "beam": "BEAM04"
      }
    },
    {
      "type": "Feature",
      "geometry": {
        "type": "Point",
        "coordinates": [
          -70.113554,
          -12.558022
        ]
      },
      "properties": {
        "transect_id": 3,
        "elev_lowestmode": 238.8300018310547,
        "elev_dem": 240.0,
        "rh100": 25.23,
        "quality_flag": 1,
        "beam": "BEAM04"
      }
    },
    {
      "type": "Feature",
      "geometry": {
        "type": "Point",
        "coordinates": [
          -70.113438,
          -12.557797
        ]
      },
      "properties": {
        "transect_id": 3,
        "elev_lowestmode": 239.35000610351562,
        "elev_dem": 239.0,
        "rh100": 34.13,
        "quality_flag": 1,
        "beam": "BEAM04"
      }
    },
    {
      "type": "Feature",
      "geometry": {
        "type": "Point",
        "coordinates": [
          -70.111996,
          -12.557571
        ]
      },
      "properties": {
        "transect_id": 3,
        "elev_lowestmode": 241.25,
        "elev_dem": 242.0,
        "rh100": 30.47,
        "quality_flag": 1,
        "beam": "BEAM04"
      }
    },
    {
      "type": "Feature",
      "geometry": {
        "type": "Point",
        "coordinates": [
          -70.1133,
          -12.557346
        ]
      },
      "properties": {
        "transect_id": 3,
        "elev_lowestmode": 240.39999389648438,
        "elev_dem": 240.0,
        "rh100": 26.49,
        "quality_flag": 1,
        "beam": "BEAM04"
      }
    },
    {
      "type": "Feature",
      "geometry": {
        "type": "Point",
        "coordinates": [
          -70.113539,
          -12.557121
        ]
      },
      "properties": {
        "transect_id": 3,
        "elev_lowestmode": 239.1699981689453,
        "elev_dem": 239.0,
        "rh100": 29.46,
        "quality_flag": 1,
        "beam": "BEAM04"
      }
    },
    {
      "type": "Feature",
      "geometry": {
        "type": "Point",
        "coordinates": [
          -70.11234,
          -12.556896
        ]
      },
      "properties": {
        "transect_id": 3,
        "elev_lowestmode": 243.24000549316406,
        "elev_dem": 244.0,
        "rh100": 20.18,
        "quality_flag": 1,
        "beam": "BEAM04"
      }
    },
    {
      "type": "Feature",
      "geometry": {
        "type": "Point",
        "coordinates": [
          -70.113562,
          -12.55667
        ]
      },
      "properties": {
        "transect_id": 3,
        "elev_lowestmode": 243.64999389648438,
        "elev_dem": 242.0,
        "rh100": 33.01,
        "quality_flag": 1,
        "beam": "BEAM04"
      }
    },
    {
      "type": "Feature",
      "geometry": {
        "type": "Point",
        "coordinates": [
          -70.111981,
          -12.556445
        ]
      },
      "properties": {
        "transect_id": 3,
        "elev_lowestmode": 243.85000610351562,
        "elev_dem": 243.0,
        "rh100": 30.14,
        "quality_flag": 1,
        "beam": "BEAM04"
      }
    },
    {
      "type": "Feature",
      "geometry": {
        "type": "Point",
        "coordinates": [
          -70.112423,
          -12.55622
        ]
      },
      "properties": {
        "transect_id": 3,
        "elev_lowestmode": 243.86000061035156,
        "elev_dem": 244.0,
        "rh100": 30.2,
        "quality_flag": 1,
        "beam": "BEAM04"
      }
    },
    {
      "type": "Feature",
      "geometry": {
        "type": "Point",
        "coordinates": [
          -70.112733,
          -12.555995
        ]
      },
      "properties": {
        "transect_id": 3,
        "elev_lowestmode": 243.02999877929688,
        "elev_dem": 244.0,
        "rh100": 28.28,
        "quality_flag": 1,
        "beam": "BEAM04"
      }
    },
    {
      "type": "Feature",
      "geometry": {
        "type": "Point",
        "coordinates": [
          -70.113268,
          -12.55577
        ]
      },
      "properties": {
        "transect_id": 3,
        "elev_lowestmode": 246.72999572753906,
        "elev_dem": 246.0,
        "rh100": 22.54,
        "quality_flag": 1,
        "beam": "BEAM04"
      }
    },
    {
      "type": "Feature",
      "geometry": {
        "type": "Point",
        "coordinates": [
          -70.112671,
          -12.555544
        ]
      },
      "properties": {
        "transect_id": 3,
        "elev_lowestmode": 248.4199981689453,
        "elev_dem": 248.0,
        "rh100": 24.55,
        "quality_flag": 1,
        "beam": "BEAM04"
      }
    },
    {
      "type": "Feature",
      "geometry": {
        "type": "Point",
        "coordinates": [
          -70.112868,
          -12.555319
        ]
      },
      "properties": {
        "transect_id": 3,
        "elev_lowestmode": 246.30999755859375,
        "elev_dem": 248.0,
        "rh100": 31.36,
        "quality_flag": 1,
        "beam": "BEAM04"
      }
    },
    {
      "type": "Feature",
      "geometry": {
        "type": "Point",
        "coordinates": [
          -70.113502,
          -12.555094
        ]
      },
      "properties": {
        "transect_id": 3,
        "elev_lowestmode": 243.69000244140625,
        "elev_dem": 244.0,
        "rh100": 23.73,
        "quality_flag": 1,
        "beam": "BEAM04"
      }
    },
    {
      "type": "Feature",
      "geometry": {
        "type": "Point",
        "coordinates": [
          -70.112385,
          -12.554869
        ]
      },
      "properties": {
        "transect_id": 3,
        "elev_lowestmode": 252.57000732421875,
        "elev_dem": 251.0,
        "rh100": 31.52,
        "quality_flag": 1,
        "beam": "BEAM04"
      }
    },
    {
      "type": "Feature",
      "geometry": {
        "type": "Point",
        "coordinates": [
          -70.113364,
          -12.554643
        ]
      },
      "properties": {
        "transect_id": 3,
        "elev_lowestmode": 247.99000549316406,
        "elev_dem": 248.0,
        "rh100": 20.98,
        "quality_flag": 1,
        "beam": "BEAM04"
      }
    },
    {
      "type": "Feature",
      "geometry": {
        "type": "Point",
        "coordinates": [
          -70.111961,
          -12.554418
        ]
      },
      "properties": {
        "transect_id": 3,
        "elev_lowestmode": 265.7099914550781,
        "elev_dem": 267.0,
        "rh100": 29.2,
        "quality_flag": 1,
        "beam": "BEAM04"
      }
    },
    {
      "type": "Feature",
      "geometry": {
        "type": "Point",
        "coordinates": [
          -70.112531,
          -12.554193
        ]
      },
      "properties": {
        "transect_id": 3,
        "elev_lowestmode": 265.6300048828125,
        "elev_dem": 268.0,
        "rh100": 26.87,
        "quality_flag": 1,
        "beam": "BEAM04"
      }
    },
    {
      "type": "Feature",
      "geometry": {
        "type": "Point",
        "coordinates": [
          -70.113385,
          -12.553968
        ]
      },
      "properties": {
        "transect_id": 3,
        "elev_lowestmode": 268.8699951171875,
        "elev_dem": 271.0,
        "rh100": 28.03,
        "quality_flag": 0,
        "beam": "BEAM04"
      }
    },
    {
      "type": "Feature",
      "geometry": {
        "type": "Point",
        "coordinates": [
          -70.112581,
          -12.553742
        ]
      },
      "properties": {
        "transect_id": 3,
        "elev_lowestmode": 293.6400146484375,
        "elev_dem": 293.0,
        "rh100": 33.61,
        "quality_flag": 1,
        "beam": "BEAM04"
      }
    },
    {
      "type": "Feature",
      "geometry": {
        "type": "Point",
        "coordinates": [
          -70.113197,
          -12.553517
        ]
      },
      "properties": {
        "transect_id": 3,
        "elev_lowestmode": 279.1700134277344,
        "elev_dem": 279.0,
        "rh100": 29.1,
        "quality_flag": 1,
        "beam": "BEAM04"
      }
    },
    {
      "type": "Feature",
      "geometry": {
        "type": "Point",
        "coordinates": [
          -70.113819,
          -12.553292
        ]
      },
      "properties": {
        "transect_id": 3,
        "elev_lowestmode": 290.05999755859375,
        "elev_dem": 290.0,
        "rh100": 21.02,
        "quality_flag": 1,
        "beam": "BEAM04"
      }
    },
    {
      "type": "Feature",
      "geometry": {
        "type": "Point",
        "coordinates": [
          -70.113289,
          -12.553067
        ]
      },
      "properties": {
        "transect_id": 3,
        "elev_lowestmode": 288.57000732421875,
        "elev_dem": 289.0,
        "rh100": 32.41,
        "quality_flag": 1,
        "beam": "BEAM04"
      }
    },
    {
      "type": "Feature",
      "geometry": {
        "type": "Point",
        "coordinates": [
          -70.112963,
          -12.552842
        ]
      },
      "properties": {
        "transect_id": 3,
        "elev_lowestmode": 288.80999755859375,
        "elev_dem": 291.0,
        "rh100": 23.01,
        "quality_flag": 1,
        "beam": "BEAM04"
      }
    },
    {
      "type": "Feature",
      "geometry": {
        "type": "Point",
        "coordinates": [
          -70.112753,
          -12.552616
        ]
      },
      "properties": {
        "transect_id": 3,
        "elev_lowestmode": 292.4200134277344,
        "elev_dem": 293.0,
        "rh100": 28.74,
        "quality_flag": 1,
        "beam": "BEAM04"
      }
    },
    {
      "type": "Feature",
      "geometry": {
        "type": "Point",
        "coordinates": [
          -70.113688,
          -12.552391
        ]
      },
      "properties": {
        "transect_id": 3,
        "elev_lowestmode": 283.8699951171875,
        "elev_dem": 284.0,
        "rh100": 32.41,
        "quality_flag": 1,
        "beam": "BEAM04"
      }
    },
    {
      "type": "Feature",
      "geometry": {
        "type": "Point",
        "coordinates": [
          -70.113735,
          -12.552166
        ]
      },
      "properties": {
        "transect_id": 3,
        "elev_lowestmode": 285.1000061035156,
        "elev_dem": 285.0,
        "rh100": 20.97,
        "quality_flag": 1,
        "beam": "BEAM04"
      }
    },
    {
      "type": "Feature",
      "geometry": {
        "type": "Point",
        "coordinates": [
          -70.112358,
          -12.551941
        ]
      },
      "properties": {
        "transect_id": 3,
        "elev_lowestmode": 297.6499938964844,
        "elev_dem": 297.0,
        "rh100": 28.99,
        "quality_flag": 1,
        "beam": "BEAM04"
      }
    },
    {
      "type": "Feature",
      "geometry": {
        "type": "Point",
        "coordinates": [
          -70.112043,
          -12.551715
        ]
      },
      "properties": {
        "transect_id": 3,
        "elev_lowestmode": 294.9200134277344,
        "elev_dem": 295.0,
        "rh100": 25.62,
        "quality_flag": 1,
        "beam": "BEAM04"
      }
    },
    {
      "type": "Feature",
      "geometry": {
        "type": "Point",
        "coordinates": [
          -70.112612,
          -12.55149
        ]
      },
      "properties": {
        "transect_id": 3,
        "elev_lowestmode": 298.17999267578125,
        "elev_dem": 298.0,
        "rh100": 21.69,
        "quality_flag": 1,
        "beam": "BEAM04"
      }
    },
    {
      "type": "Feature",
      "geometry": {
        "type": "Point",
        "coordinates": [
          -70.112417,
          -12.551265
        ]
      },
      "properties": {
        "transect_id": 3,
        "elev_lowestmode": 297.2900085449219,
        "elev_dem": 298.0,
        "rh100": 30.72,
        "quality_flag": 1,
        "beam": "BEAM04"
      }
    },
    {
      "type": "Feature",
      "geometry": {
        "type": "Point",
        "coordinates": [
          -70.113822,
          -12.55104
        ]
      },
      "properties": {
        "transect_id": 3,
        "elev_lowestmode": 295.05999755859375,
        "elev_dem": 295.0,
        "rh100": 24.32,
        "quality_flag": 1,
        "beam": "BEAM04"
      }
    },
    {
      "type": "Feature",
      "geometry": {
        "type": "Point",
        "coordinates": [
          -70.112202,
          -12.550815
        ]
      },
      "properties": {
        "transect_id": 3,
        "elev_lowestmode": 294.8599853515625,
        "elev_dem": 293.0,
        "rh100": 23.25,
        "quality_flag": 1,
        "beam": "BEAM04"
      }
    },
    {
      "type": "Feature",
      "geometry": {
        "type": "Point",
        "coordinates": [
          -70.113198,
          -12.550589
        ]
      },
      "properties": {
        "transect_id": 3,
        "elev_lowestmode": 295.3599853515625,
        "elev_dem": 296.0,
        "rh100": 29.51,
        "quality_flag": 1,
        "beam": "BEAM04"
      }
    },
    {
      "type": "Feature",
      "geometry": {
        "type": "Point",
        "coordinates": [
          -70.112596,
          -12.550364
        ]
      },
      "properties": {
        "transect_id": 3,
        "elev_lowestmode": 292.7900085449219,
        "elev_dem": 293.0,
        "rh100": 26.38,
        "quality_flag": 1,
        "beam": "BEAM04"
      }
    },
    {
      "type": "Feature",
      "geometry": {
        "type": "Point",
        "coordinates": [
          -70.112462,
          -12.550139
        ]
      },
      "properties": {
        "transect_id": 3,
        "elev_lowestmode": 293.5799865722656,
        "elev_dem": 292.0,
        "rh100": 34.31,
        "quality_flag": 1,
        "beam": "BEAM04"
      }
    },
    {
      "type": "Feature",
      "geometry": {
        "type": "Point",
        "coordinates": [
          -70.112647,
          -12.549914
        ]
      },
      "properties": {
        "transect_id": 3,
        "elev_lowestmode": 293.80999755859375,
        "elev_dem": 295.0,
        "rh100": 23.62,
        "quality_flag": 1,
        "beam": "BEAM04"
      }
    },
    {
      "type": "Feature",
      "geometry": {
        "type": "Point",
        "coordinates": [
          -70.111988,
          -12.549688
        ]
      },
      "properties": {
        "transect_id": 3,
        "elev_lowestmode": 292.1600036621094,
        "elev_dem": 293.0,
        "rh100": 32.77,
        "quality_flag": 1,
        "beam": "BEAM04"
      }
    },
    {
      "type": "Feature",
      "geometry": {
        "type": "Point",
        "coordinates": [
          -70.113545,
          -12.549463
        ]
      },
      "properties": {
        "transect_id": 3,
        "elev_lowestmode": 290.239990234375,
        "elev_dem": 291.0,
        "rh100": 31.65,
        "quality_flag": 1,
        "beam": "BEAM04"
      }
    },
    {
      "type": "Feature",
      "geometry": {
        "type": "Point",
        "coordinates": [
          -70.112226,
          -12.549238
        ]
      },
      "properties": {
        "transect_id": 3,
        "elev_lowestmode": 288.32000732421875,
        "elev_dem": 287.0,
        "rh100": 29.04,
        "quality_flag": 0,
        "beam": "BEAM04"
      }
    },
    {
      "type": "Feature",
      "geometry": {
        "type": "Point",
        "coordinates": [
          -70.112978,
          -12.549013
        ]
      },
      "properties": {
        "transect_id": 3,
        "elev_lowestmode": 295.239990234375,
        "elev_dem": 295.0,
        "rh100": 25.51,
        "quality_flag": 1,
        "beam": "BEAM04"
      }
    },
    {
      "type": "Feature",
      "geometry": {
        "type": "Point",
        "coordinates": [
          -70.113354,
          -12.548788
        ]
      },
      "properties": {
        "transect_id": 3,
        "elev_lowestmode": 295.5899963378906,
        "elev_dem": 295.0,
        "rh100": 23.81,
        "quality_flag": 1,
        "beam": "BEAM04"
      }
    },
    {
      "type": "Feature",
      "geometry": {
        "type": "Point",
        "coordinates": [
          -70.113373,
          -12.548562
        ]
      },
      "properties": {
        "transect_id": 3,
        "elev_lowestmode": 296.0899963378906,
        "elev_dem": 296.0,
        "rh100": 24.9,
        "quality_flag": 1,
        "beam": "BEAM04"
      }
    },
    {
      "type": "Feature",
      "geometry": {
        "type": "Point",
        "coordinates": [
          -70.112232,
          -12.548337
        ]
      },
      "properties": {
        "transect_id": 3,
        "elev_lowestmode": 293.55999755859375,
        "elev_dem": 293.0,
        "rh100": 24.84,
        "quality_flag": 1,
        "beam": "BEAM04"
      }
    },
    {
      "type": "Feature",
      "geometry": {
        "type": "Point",
        "coordinates": [
          -70.113173,
          -12.548112
        ]
      },
      "properties": {
        "transect_id": 3,
        "elev_lowestmode": 291.4200134277344,
        "elev_dem": 291.0,
        "rh100": 20.85,
        "quality_flag": 1,
        "beam": "BEAM04"
      }
    },
    {
      "type": "Feature",
      "geometry": {
        "type": "Point",
        "coordinates": [
          -70.112243,
          -12.547887
        ]
      },
      "properties": {
        "transect_id": 3,
        "elev_lowestmode": 292.54998779296875,
        "elev_dem": 292.0,
        "rh100": 27.69,
        "quality_flag": 1,
        "beam": "BEAM04"
      }
    },
    {
      "type": "Feature",
      "geometry": {
        "type": "Point",
        "coordinates": [
          -70.113539,
          -12.547661
        ]
      },
      "properties": {
        "transect_id": 3,
        "elev_lowestmode": 290.82000732421875,
        "elev_dem": 291.0,
        "rh100": 26.38,
        "quality_flag": 0,
        "beam": "BEAM04"
      }
    },
    {
      "type": "Feature",
      "geometry": {
        "type": "Point",
        "coordinates": [
          -70.112639,
          -12.547436
        ]
      },
      "properties": {
        "transect_id": 3,
        "elev_lowestmode": 293.6199951171875,
        "elev_dem": 294.0,
        "rh100": 32.57,
        "quality_flag": 1,
        "beam": "BEAM04"
      }
    },
    {
      "type": "Feature",
      "geometry": {
        "type": "Point",
        "coordinates": [
          -70.113141,
          -12.547211
        ]
      },
      "properties": {
        "transect_id": 3,
        "elev_lowestmode": 292.8500061035156,
        "elev_dem": 292.0,
        "rh100": 24.9,
        "quality_flag": 1,
        "beam": "BEAM04"
      }
    },
    {
      "type": "Feature",
      "geometry": {
        "type": "Point",
        "coordinates": [
          -70.113225,
          -12.546986
        ]
      },
      "properties": {
        "transect_id": 3,
        "elev_lowestmode": 287.25,
        "elev_dem": 287.0,
        "rh100": 31.36,
        "quality_flag": 1,
        "beam": "BEAM04"
      }
    },
    {
      "type": "Feature",
      "geometry": {
        "type": "Point",
        "coordinates": [
          -70.113578,
          -12.546761
        ]
      },
      "properties": {
        "transect_id": 3,
        "elev_lowestmode": 284.4700012207031,
        "elev_dem": 286.0,
        "rh100": 29.84,
        "quality_flag": 1,
        "beam": "BEAM04"
      }
    },
    {
      "type": "Feature",
      "geometry": {
        "type": "Point",
        "coordinates": [
          -70.112946,
          -12.546535
        ]
      },
      "properties": {
        "transect_id": 3,
        "elev_lowestmode": 287.20001220703125,
        "elev_dem": 287.0,
        "rh100": 21.42,
        "quality_flag": 0,
        "beam": "BEAM04"
      }
    },
    {
      "type": "Feature",
      "geometry": {
        "type": "Point",
        "coordinates": [
          -70.112521,
          -12.54631
        ]
      },
      "properties": {
        "transect_id": 3,
        "elev_lowestmode": 288.0400085449219,
        "elev_dem": 289.0,
        "rh100": 26.07,
        "quality_flag": 1,
        "beam": "BEAM04"
      }
    },
    {
      "type": "Feature",
      "geometry": {
        "type": "Point",
        "coordinates": [
          -70.113919,
          -12.546085
        ]
      },
      "properties": {
        "transect_id": 3,
        "elev_lowestmode": 286.5400085449219,
        "elev_dem": 285.0,
        "rh100": 28.93,
        "quality_flag": 1,
        "beam": "BEAM04"
      }
    },
    {
      "type": "Feature",
      "geometry": {
        "type": "Point",
        "coordinates": [
          -70.113875,
          -12.54586
        ]
      },
      "properties": {
        "transect_id": 3,
        "elev_lowestmode": 284.54998779296875,
        "elev_dem": 284.0,
        "rh100": 28.47,
        "quality_flag": 1,
        "beam": "BEAM04"
      }
    },
    {
      "type": "Feature",
      "geometry": {
        "type": "Point",
        "coordinates": [
          -70.113438,
          -12.545634
        ]
      },
      "properties": {
        "transect_id": 3,
        "elev_lowestmode": 288.0299987792969,
        "elev_dem": 289.0,
        "rh100": 26.75,
        "quality_flag": 1,
        "beam": "BEAM04"
      }
    },
    {
      "type": "Feature",
      "geometry": {
        "type": "Point",
        "coordinates": [
          -70.112441,
          -12.545409
        ]
      },
      "properties": {
        "transect_id": 3,
        "elev_lowestmode": 291.54998779296875,
        "elev_dem": 290.0,
        "rh100": 34.12,
        "quality_flag": 1,
        "beam": "BEAM04"
      }
    },
    {
      "type": "Feature",
      "geometry": {
        "type": "Point",
        "coordinates": [
          -70.11325,
          -12.545184
        ]
      },
      "properties": {
        "transect_id": 3,
        "elev_lowestmode": 291.7699890136719,
        "elev_dem": 291.0,
        "rh100": 20.61,
        "quality_flag": 1,
        "beam": "BEAM04"
      }
    },
    {
      "type": "Feature",
      "geometry": {
        "type": "Point",
        "coordinates": [
          -70.113675,
          -12.544959
        ]
      },
      "properties": {
        "transect_id": 3,
        "elev_lowestmode": 292.3599853515625,
        "elev_dem": 291.0,
        "rh100": 20.97,
        "quality_flag": 1,
        "beam": "BEAM04"
      }
    },
    {
      "type": "Feature",
      "geometry": {
        "type": "Point",
        "coordinates": [
          -70.112679,
          -12.544733
        ]
      },
      "properties": {
        "transect_id": 3,
        "elev_lowestmode": 294.2699890136719,
        "elev_dem": 293.0,
        "rh100": 29.49,
        "quality_flag": 1,
        "beam": "BEAM04"
      }
    },
    {
      "type": "Feature",
      "geometry": {
        "type": "Point",
        "coordinates": [
          -70.11202,
          -12.544508
        ]
      },
      "properties": {
        "transect_id": 3,
        "elev_lowestmode": 278.92999267578125,
        "elev_dem": 279.0,
        "rh100": 22.23,
        "quality_flag": 1,
        "beam": "BEAM04"
      }
    },
    {
      "type": "Feature",
      "geometry": {
        "type": "Point",
        "coordinates": [
          -70.112349,
          -12.544283
        ]
      },
      "properties": {
        "transect_id": 3,
        "elev_lowestmode": 281.4599914550781,
        "elev_dem": 278.0,
        "rh100": 24.91,
        "quality_flag": 0,
        "beam": "BEAM04"
      }
    },
    {
      "type": "Feature",
      "geometry": {
        "type": "Point",
        "coordinates": [
          -70.112386,
          -12.544058
        ]
      },
      "properties": {
        "transect_id": 3,
        "elev_lowestmode": 283.32000732421875,
        "elev_dem": 282.0,
        "rh100": 28.95,
        "quality_flag": 1,
        "beam": "BEAM04"
      }
    },
    {
      "type": "Feature",
      "geometry": {
        "type": "Point",
        "coordinates": [
          -70.113253,
          -12.543833
        ]
      },
      "properties": {
        "transect_id": 3,
        "elev_lowestmode": 289.739990234375,
        "elev_dem": 290.0,
        "rh100": 29.65,
        "quality_flag": 1,
        "beam": "BEAM04"
      }
    },
    {
      "type": "Feature",
      "geometry": {
        "type": "Point",
        "coordinates": [
          -70.112453,
          -12.543607
        ]
      },
      "properties": {
        "transect_id": 3,
        "elev_lowestmode": 272.9100036621094,
        "elev_dem": 271.0,
        "rh100": 26.37,
        "quality_flag": 1,
        "beam": "BEAM04"
      }
    },
    {
      "type": "Feature",
      "geometry": {
        "type": "Point",
        "coordinates": [
          -70.112514,
          -12.543382
        ]
      },
      "properties": {
        "transect_id": 3,
        "elev_lowestmode": 265.30999755859375,
        "elev_dem": 266.0,
        "rh100": 23.9,
        "quality_flag": 1,
        "beam": "BEAM04"
      }
    },
    {
      "type": "Feature",
      "geometry": {
        "type": "Point",
        "coordinates": [
          -70.113878,
          -12.543157
        ]
      },
      "properties": {
        "transect_id": 3,
        "elev_lowestmode": 286.17999267578125,
        "elev_dem": 287.0,
        "rh100": 28.67,
        "quality_flag": 1,
        "beam": "BEAM04"
      }
    },
    {
      "type": "Feature",
      "geometry": {
        "type": "Point",
        "coordinates": [
          -70.113894,
          -12.542932
        ]
      },
      "properties": {
        "transect_id": 3,
        "elev_lowestmode": 285.0400085449219,
        "elev_dem": 287.0,
        "rh100": 29.57,
        "quality_flag": 0,
        "beam": "BEAM04"
      }
    },
    {
      "type": "Feature",
      "geometry": {
        "type": "Point",
        "coordinates": [
          -70.113688,
          -12.542706
        ]
      },
      "properties": {
        "transect_id": 3,
        "elev_lowestmode": 286.7300109863281,
        "elev_dem": 286.0,
        "rh100": 23.95,
        "quality_flag": 1,
        "beam": "BEAM04"
      }
    },
    {
      "type": "Feature",
      "geometry": {
        "type": "Point",
        "coordinates": [
          -70.11229,
          -12.542481
        ]
      },
      "properties": {
        "transect_id": 3,
        "elev_lowestmode": 252.08999633789062,
        "elev_dem": 252.0,
        "rh100": 31.62,
        "quality_flag": 1,
        "beam": "BEAM04"
      }
    },
    {
      "type": "Feature",
      "geometry": {
        "type": "Point",
        "coordinates": [
          -70.113516,
          -12.542256
        ]
      },
      "properties": {
        "transect_id": 3,
        "elev_lowestmode": 278.67999267578125,
        "elev_dem": 280.0,
        "rh100": 27.85,
        "quality_flag": 1,
        "beam": "BEAM04"
      }
    },
    {
      "type": "Feature",
      "geometry": {
        "type": "Point",
        "coordinates": [
          -70.113437,
          -12.542031
        ]
      },
      "properties": {
        "transect_id": 3,
        "elev_lowestmode": 274.8299865722656,
        "elev_dem": 274.0,
        "rh100": 33.06,
        "quality_flag": 1,
        "beam": "BEAM04"
      }
    },
    {
      "type": "Feature",
      "geometry": {
        "type": "Point",
        "coordinates": [
          -70.113355,
          -12.541806
        ]
      },
      "properties": {
        "transect_id": 3,
        "elev_lowestmode": 273.0899963378906,
        "elev_dem": 273.0,
        "rh100": 31.16,
        "quality_flag": 1,
        "beam": "BEAM04"
      }
    },
    {
      "type": "Feature",
      "geometry": {
        "type": "Point",
        "coordinates": [
          -70.112835,
          -12.54158
        ]
      },
      "properties": {
        "transect_id": 3,
        "elev_lowestmode": 263.4700012207031,
        "elev_dem": 263.0,
        "rh100": 33.99,
        "quality_flag": 1,
        "beam": "BEAM04"
      }
    },
    {
      "type": "Feature",
      "geometry": {
        "type": "Point",
        "coordinates": [
          -70.112429,
          -12.541355
        ]
      },
      "properties": {
        "transect_id": 3,
        "elev_lowestmode": 260.7300109863281,
        "elev_dem": 260.0,
        "rh100": 28.69,
        "quality_flag": 0,
        "beam": "BEAM04"
      }
    },
    {
      "type": "Feature",
      "geometry": {
        "type": "Point",
        "coordinates": [
          -70.11385,
          -12.54113
        ]
      },
      "properties": {
        "transect_id": 3,
        "elev_lowestmode": 286.989990234375,
        "elev_dem": 286.0,
        "rh100": 28.37,
        "quality_flag": 1,
        "beam": "BEAM04"
      }
    },
    {
      "type": "Feature",
      "geometry": {
        "type": "Point",
        "coordinates": [
          -70.112638,
          -12.540905
        ]
      },
      "properties": {
        "transect_id": 3,
        "elev_lowestmode": 265.07000732421875,
        "elev_dem": 264.0,
        "rh100": 34.77,
        "quality_flag": 1,
        "beam": "BEAM04"
      }
    },
    {
      "type": "Feature",
      "geometry": {
        "type": "Point",
        "coordinates": [
          -70.112895,
          -12.540679
        ]
      },
      "properties": {
        "transect_id": 3,
        "elev_lowestmode": 260.2900085449219,
        "elev_dem": 261.0,
        "rh100": 30.57,
        "quality_flag": 1,
        "beam": "BEAM04"
      }
    },
    {
      "type": "Feature",
      "geometry": {
        "type": "Point",
        "coordinates": [
          -70.113069,
          -12.540454
        ]
      },
      "properties": {
        "transect_id": 3,
        "elev_lowestmode": 264.0899963378906,
        "elev_dem": 265.0,
        "rh100": 24.88,
        "quality_flag": 1,
        "beam": "BEAM04"
      }
    },
    {
      "type": "Feature",
      "geometry": {
        "type": "Point",
        "coordinates": [
          -70.113373,
          -12.540229
        ]
      },
      "properties": {
        "transect_id": 3,
        "elev_lowestmode": 266.94000244140625,
        "elev_dem": 267.0,
        "rh100": 32.98,
        "quality_flag": 0,
        "beam": "BEAM04"
      }
    },
    {
      "type": "Feature",
      "geometry": {
        "type": "Point",
        "coordinates": [
          -70.112007,
          -12.540004
        ]
      },
      "properties": {
        "transect_id": 3,
        "elev_lowestmode": 253.52000427246094,
        "elev_dem": 254.0,
        "rh100": 34.59,
        "quality_flag": 1,
        "beam": "BEAM04"
      }
    },
    {
      "type": "Feature",
      "geometry": {
        "type": "Point",
        "coordinates": [
          -70.100957,
          -12.599914
        ]
      },
      "properties": {
        "transect_id": 4,
        "elev_lowestmode": 244.1300048828125,
        "elev_dem": 243.0,
        "rh100": 26.71,
        "quality_flag": 1,
        "beam": "BEAM05"
      }
    },
    {
      "type": "Feature",
      "geometry": {
        "type": "Point",
        "coordinates": [
          -70.10221,
          -12.599688
        ]
      },
      "properties": {
        "transect_id": 4,
        "elev_lowestmode": 241.69000244140625,
        "elev_dem": 244.0,
        "rh100": 22.76,
        "quality_flag": 1,
        "beam": "BEAM05"
      }
    },
    {
      "type": "Feature",
      "geometry": {
        "type": "Point",
        "coordinates": [
          -70.102676,
          -12.599463
        ]
      },
      "properties": {
        "transect_id": 4,
        "elev_lowestmode": 241.38999938964844,
        "elev_dem": 242.0,
        "rh100": 27.35,
        "quality_flag": 1,
        "beam": "BEAM05"
      }
    },
    {
      "type": "Feature",
      "geometry": {
        "type": "Point",
        "coordinates": [
          -70.102531,
          -12.599238
        ]
      },
      "properties": {
        "transect_id": 4,
        "elev_lowestmode": 241.13999938964844,
        "elev_dem": 241.0,
        "rh100": 24.67,
        "quality_flag": 1,
        "beam": "BEAM05"
      }
    },
    {
      "type": "Feature",
      "geometry": {
        "type": "Point",
        "coordinates": [
          -70.102079,
          -12.599013
        ]
      },
      "properties": {
        "transect_id": 4,
        "elev_lowestmode": 244.17999267578125,
        "elev_dem": 245.0,
        "rh100": 33.82,
        "quality_flag": 1,
        "beam": "BEAM05"
      }
    },
    {
      "type": "Feature",
      "geometry": {
        "type": "Point",
        "coordinates": [
          -70.10119,
          -12.598788
        ]
      },
      "properties": {
        "transect_id": 4,
        "elev_lowestmode": 246.39999389648438,
        "elev_dem": 246.0,
        "rh100": 23.26,
        "quality_flag": 1,
        "beam": "BEAM05"
      }
    },
    {
      "type": "Feature",
      "geometry": {
        "type": "Point",
        "coordinates": [
          -70.101803,
          -12.598562
        ]
      },
      "properties": {
        "transect_id": 4,
        "elev_lowestmode": 248.8300018310547,
        "elev_dem": 249.0,
        "rh100": 29.94,
        "quality_flag": 1,
        "beam": "BEAM05"
      }
    },
    {
      "type": "Feature",
      "geometry": {
        "type": "Point",
        "coordinates": [
          -70.101372,
          -12.598337
        ]
      },
      "properties": {
        "transect_id": 4,
        "elev_lowestmode": 245.72000122070312,
        "elev_dem": 246.0,
        "rh100": 25.42,
        "quality_flag": 1,
        "beam": "BEAM05"
      }
    },
    {
      "type": "Feature",
      "geometry": {
        "type": "Point",
        "coordinates": [
          -70.100915,
          -12.598112
        ]
      },
      "properties": {
        "transect_id": 4,
        "elev_lowestmode": 243.99000549316406,
        "elev_dem": 244.0,
        "rh100": 26.02,
        "quality_flag": 1,
        "beam": "BEAM05"
      }
    },
    {
      "type": "Feature",
      "geometry": {
        "type": "Point",
        "coordinates": [
          -70.102132,
          -12.597887
        ]
      },
      "properties": {
        "transect_id": 4,
        "elev_lowestmode": 247.00999450683594,
        "elev_dem": 246.0,
        "rh100": 22.28,
        "quality_flag": 1,
        "beam": "BEAM05"
      }
    },
    {
      "type": "Feature",
      "geometry": {
        "type": "Point",
        "coordinates": [
          -70.101444,
          -12.597661
        ]
      },
      "properties": {
        "transect_id": 4,
        "elev_lowestmode": 244.3000030517578,
        "elev_dem": 244.0,
        "rh100": 29.75,
        "quality_flag": 1,
        "beam": "BEAM05"
      }
    },
    {
      "type": "Feature",
      "geometry": {
        "type": "Point",
        "coordinates": [
          -70.102206,
          -12.597436
        ]
      },
      "properties": {
        "transect_id": 4,
        "elev_lowestmode": 246.74000549316406,
        "elev_dem": 246.0,
        "rh100": 26.43,
        "quality_flag": 1,
        "beam": "BEAM05"
      }
    },
    {
      "type": "Feature",
      "geometry": {
        "type": "Point",
        "coordinates": [
          -70.102703,
          -12.597211
        ]
      },
      "properties": {
        "transect_id": 4,
        "elev_lowestmode": 241.85000610351562,
        "elev_dem": 242.0,
        "rh100": 21.28,
        "quality_flag": 0,
        "beam": "BEAM05"
      }
    },
    {
      "type": "Feature",
      "geometry": {
        "type": "Point",
        "coordinates": [
          -70.102304,
          -12.596986
        ]
      },
      "properties": {
        "transect_id": 4,
        "elev_lowestmode": 244.66000366210938,
        "elev_dem": 244.0,
        "rh100": 23.18,
        "quality_flag": 1,
        "beam": "BEAM05"
      }
    },
    {
      "type": "Feature",
      "geometry": {
        "type": "Point",
        "coordinates": [
          -70.102238,
          -12.596761
        ]
      },
      "properties": {
        "transect_id": 4,
        "elev_lowestmode": 241.9199981689453,
        "elev_dem": 242.0,
        "rh100": 27.27,
        "quality_flag": 1,
        "beam": "BEAM05"
      }
    },
    {
      "type": "Feature",
      "geometry": {
        "type": "Point",
        "coordinates": [
          -70.102858,
          -12.596535
        ]
      },
      "properties": {
        "transect_id": 4,
        "elev_lowestmode": 242.07000732421875,
        "elev_dem": 242.0,
        "rh100": 29.5,
        "quality_flag": 1,
        "beam": "BEAM05"
      }
    },
    {
      "type": "Feature",
      "geometry": {
        "type": "Point",
        "coordinates": [
          -70.101089,
          -12.59631
        ]
      },
      "properties": {
        "transect_id": 4,
        "elev_lowestmode": 241.7100067138672,
        "elev_dem": 243.0,
        "rh100": 24.16,
        "quality_flag": 1,
        "beam": "BEAM05"
      }
    },
    {
      "type": "Feature",
      "geometry": {
        "type": "Point",
        "coordinates": [
          -70.101486,
          -12.596085
        ]
      },
      "properties": {
        "transect_id": 4,
        "elev_lowestmode": 243.49000549316406,
        "elev_dem": 243.0,
        "rh100": 24.5,
        "quality_flag": 1,
        "beam": "BEAM05"
      }
    },
    {
      "type": "Feature",
      "geometry": {
        "type": "Point",
        "coordinates": [
          -70.102088,
          -12.59586
        ]
      },
      "properties": {
        "transect_id": 4,
        "elev_lowestmode": 244.5399932861328,
        "elev_dem": 244.0,
        "rh100": 34.5,
        "quality_flag": 1,
        "beam": "BEAM05"
      }
    },
    {
      "type": "Feature",
      "geometry": {
        "type": "Point",
        "coordinates": [
          -70.101328,
          -12.595634
        ]
      },
      "properties": {
        "transect_id": 4,
        "elev_lowestmode": 241.25,
        "elev_dem": 241.0,
        "rh100": 30.74,
        "quality_flag": 1,
        "beam": "BEAM05"
      }
    },
    {
      "type": "Feature",
      "geometry": {
        "type": "Point",
        "coordinates": [
          -70.101253,
          -12.595409
        ]
      },
      "properties": {
        "transect_id": 4,
        "elev_lowestmode": 243.7899932861328,
        "elev_dem": 243.0,
        "rh100": 20.54,
        "quality_flag": 0,
        "beam": "BEAM05"
      }
    },
    {
      "type": "Feature",
      "geometry": {
        "type": "Point",
        "coordinates": [
          -70.102538,
          -12.595184
        ]
      },
      "properties": {
        "transect_id": 4,
        "elev_lowestmode": 243.3000030517578,
        "elev_dem": 245.0,
        "rh100": 28.33,
        "quality_flag": 1,
        "beam": "BEAM05"
      }
    },
    {
      "type": "Feature",
      "geometry": {
        "type": "Point",
        "coordinates": [
          -70.101674,
          -12.594959
        ]
      },
      "properties": {
        "transect_id": 4,
        "elev_lowestmode": 249.07000732421875,
        "elev_dem": 246.0,
        "rh100": 20.38,
        "quality_flag": 1,
        "beam": "BEAM05"
      }
    },
    {
      "type": "Feature",
      "geometry": {
        "type": "Point",
        "coordinates": [
          -70.101438,
          -12.594733
        ]
      },
      "properties": {
        "transect_id": 4,
        "elev_lowestmode": 247.6999969482422,
        "elev_dem": 247.0,
        "rh100": 29.99,
        "quality_flag": 1,
        "beam": "BEAM05"
      }
    },
    {
      "type": "Feature",
      "geometry": {
        "type": "Point",
        "coordinates": [
          -70.10157,
          -12.594508
        ]
      },
      "properties": {
        "transect_id": 4,
        "elev_lowestmode": 245.6300048828125,
        "elev_dem": 247.0,
        "rh100": 29.08,
        "quality_flag": 1,
        "beam": "BEAM05"
      }
    },
    {
      "type": "Feature",
      "geometry": {
        "type": "Point",
        "coordinates": [
          -70.101375,
          -12.594283
        ]
      },
      "properties": {
        "transect_id": 4,
        "elev_lowestmode": 247.9499969482422,
        "elev_dem": 248.0,
        "rh100": 27.84,
        "quality_flag": 1,
        "beam": "BEAM05"
      }
    },
    {
      "type": "Feature",
      "geometry": {
        "type": "Point",
        "coordinates": [
          -70.101887,
          -12.594058
        ]
      },
      "properties": {
        "transect_id": 4,
        "elev_lowestmode": 248.33999633789062,
        "elev_dem": 247.0,
        "rh100": 33.42,
        "quality_flag": 1,
        "beam": "BEAM05"
      }
    },
    {
      "type": "Feature",
      "geometry": {
        "type": "Point",
        "coordinates": [
          -70.101226,
          -12.593833
        ]
      },
      "properties": {
        "transect_id": 4,
        "elev_lowestmode": 247.25999450683594,
        "elev_dem": 246.0,
        "rh100": 31.02,
        "quality_flag": 1,
        "beam": "BEAM05"
      }
    },
    {
      "type": "Feature",
      "geometry": {
        "type": "Point",
        "coordinates": [
          -70.1022,
          -12.593607
        ]
      },
      "properties": {
        "transect_id": 4,
        "elev_lowestmode": 240.6699981689453,
        "elev_dem": 241.0,
        "rh100": 26.07,
        "quality_flag": 1,
        "beam": "BEAM05"
      }
    },
    {
      "type": "Feature",
      "geometry": {
        "type": "Point",
        "coordinates": [
          -70.102563,
          -12.593382
        ]
      },
      "properties": {
        "transect_id": 4,
        "elev_lowestmode": 239.10000610351562,
        "elev_dem": 239.0,
        "rh100": 27.01,
        "quality_flag": 0,
        "beam": "BEAM05"
      }
    },
    {
      "type": "Feature",
      "geometry": {
        "type": "Point",
        "coordinates": [
          -70.102588,
          -12.593157
        ]
      },
      "properties": {
        "transect_id": 4,
        "elev_lowestmode": 239.92999267578125,
        "elev_dem": 240.0,
        "rh100": 26.42,
        "quality_flag": 1,
        "beam": "BEAM05"
      }
    },
    {
      "type": "Feature",
      "geometry": {
        "type": "Point",
        "coordinates": [
          -70.101392,
          -12.592932
        ]
      },
      "properties": {
        "transect_id": 4,
        "elev_lowestmode": 241.49000549316406,
        "elev_dem": 242.0,
        "rh100": 20.37,
        "quality_flag": 1,
        "beam": "BEAM05"
      }
    },
    {
      "type": "Feature",
      "geometry": {
        "type": "Point",
        "coordinates": [
          -70.102732,
          -12.592706
        ]
      },
      "properties": {
        "transect_id": 4,
        "elev_lowestmode": 240.1699981689453,
        "elev_dem": 239.0,
        "rh100": 21.8,
        "quality_flag": 1,
        "beam": "BEAM05"
      }
    },
    {
      "type": "Feature",
      "geometry": {
        "type": "Point",
        "coordinates": [
          -70.101617,
          -12.592481
        ]
      },
      "properties": {
        "transect_id": 4,
        "elev_lowestmode": 241.89999389648438,
        "elev_dem": 242.0,
        "rh100": 24.45,
        "quality_flag": 1,
        "beam": "BEAM05"
      }
    },
    {
      "type": "Feature",
      "geometry": {
        "type": "Point",
        "coordinates": [
          -70.101561,
          -12.592256
        ]
      },
      "properties": {
        "transect_id": 4,
        "elev_lowestmode": 242.61000061035156,
        "elev_dem": 242.0,
        "rh100": 33.07,
        "quality_flag": 1,
        "beam": "BEAM05"
      }
    },
    {
      "type": "Feature",
      "geometry": {
        "type": "Point",
        "coordinates": [
          -70.100963,
          -12.592031
        ]
      },
      "properties": {
        "transect_id": 4,
        "elev_lowestmode": 247.74000549316406,
        "elev_dem": 247.0,
        "rh100": 32.65,
        "quality_flag": 1,
        "beam": "BEAM05"
      }
    },
    {
      "type": "Feature",
      "geometry": {
        "type": "Point",
        "coordinates": [
          -70.102799,
          -12.591806
        ]
      },
      "properties": {
        "transect_id": 4,
        "elev_lowestmode": 233.38999938964844,
        "elev_dem": 234.0,
        "rh100": 30.01,
        "quality_flag": 0,
        "beam": "BEAM05"
      }
    },
    {
      "type": "Feature",
      "geometry": {
        "type": "Point",
        "coordinates": [
          -70.101852,
          -12.59158
        ]
      },
      "properties": {
        "transect_id": 4,
        "elev_lowestmode": 241.02000427246094,
        "elev_dem": 241.0,
        "rh100": 32.18,
        "quality_flag": 1,
        "beam": "BEAM05"
      }
    },
    {
      "type": "Feature",
      "geometry": {
        "type": "Point",
        "coordinates": [
          -70.101415,
          -12.591355
        ]
      },
      "properties": {
        "transect_id": 4,
        "elev_lowestmode": 241.1999969482422,
        "elev_dem": 242.0,
        "rh100": 23.94,
        "quality_flag": 1,
        "beam": "BEAM05"
      }
    },
    {
      "type": "Feature",
      "geometry": {
        "type": "Point",
        "coordinates": [
          -70.101226,
          -12.59113
        ]
      },
      "properties": {
        "transect_id": 4,
        "elev_lowestmode": 242.75,
        "elev_dem": 244.0,
        "rh100": 30.39,
        "quality_flag": 1,
        "beam": "BEAM05"
      }
    },
    {
      "type": "Feature",
      "geometry": {
        "type": "Point",
        "coordinates": [
          -70.101989,
          -12.590905
        ]
      },
      "properties": {
        "transect_id": 4,
        "elev_lowestmode": 238.57000732421875,
        "elev_dem": 238.0,
        "rh100": 33.11,
        "quality_flag": 1,
        "beam": "BEAM05"
      }
    },
    {
      "type": "Feature",
      "geometry": {
        "type": "Point",
        "coordinates": [
          -70.102247,
          -12.590679
        ]
      },
      "properties": {
        "transect_id": 4,
        "elev_lowestmode": 239.5399932861328,
        "elev_dem": 237.0,
        "rh100": 22.02,
        "quality_flag": 0,
        "beam": "BEAM05"
      }
    },
    {
      "type": "Feature",
      "geometry": {
        "type": "Point",
        "coordinates": [
          -70.102241,
          -12.590454
        ]
      },
      "properties": {
        "transect_id": 4,
        "elev_lowestmode": 239.07000732421875,
        "elev_dem": 237.0,
        "rh100": 29.11,
        "quality_flag": 1,
        "beam": "BEAM05"
      }
    },
    {
      "type": "Feature",
      "geometry": {
        "type": "Point",
        "coordinates": [
          -70.102778,
          -12.590229
        ]
      },
      "properties": {
        "transect_id": 4,
        "elev_lowestmode": 233.00999450683594,
        "elev_dem": 231.0,
        "rh100": 24.24,
        "quality_flag": 1,
        "beam": "BEAM05"
      }
    },
    {
      "type": "Feature",
      "geometry": {
        "type": "Point",
        "coordinates": [
          -70.102461,
          -12.590004
        ]
      },
      "properties": {
        "transect_id": 4,
        "elev_lowestmode": 237.42999267578125,
        "elev_dem": 237.0,
        "rh100": 29.47,
        "quality_flag": 1,
        "beam": "BEAM05"
      }
    },
    {
      "type": "Feature",
      "geometry": {
        "type": "Point",
        "coordinates": [
          -70.101224,
          -12.589779
        ]
      },
      "properties": {
        "transect_id": 4,
        "elev_lowestmode": 240.36000061035156,
        "elev_dem": 241.0,
        "rh100": 31.39,
        "quality_flag": 1,
        "beam": "BEAM05"
      }
    },
    {
      "type": "Feature",
      "geometry": {
        "type": "Point",
        "coordinates": [
          -70.101265,
          -12.589553
        ]
      },
      "properties": {
        "transect_id": 4,
        "elev_lowestmode": 239.5500030517578,
        "elev_dem": 239.0,
        "rh100": 28.47,
        "quality_flag": 1,
        "beam": "BEAM05"
      }
    },
    {
      "type": "Feature",
      "geometry": {
        "type": "Point",
        "coordinates": [
          -70.101568,
          -12.589328
        ]
      },
      "properties": {
        "transect_id": 4,
        "elev_lowestmode": 238.92999267578125,
        "elev_dem": 240.0,
        "rh100": 34.13,
        "quality_flag": 1,
        "beam": "BEAM05"
      }
    },
    {
      "type": "Feature",
      "geometry": {
        "type": "Point",
        "coordinates": [
          -70.102356,
          -12.589103
        ]
      },
      "properties": {
        "transect_id": 4,
        "elev_lowestmode": 239.05999755859375,
        "elev_dem": 238.0,
        "rh100": 32.24,
        "quality_flag": 1,
        "beam": "BEAM05"
      }
    },
    {
      "type": "Feature",
      "geometry": {
        "type": "Point",
        "coordinates": [
          -70.102764,
          -12.588878
        ]
      },
      "properties": {
        "transect_id": 4,
        "elev_lowestmode": 227.72999572753906,
        "elev_dem": 228.0,
        "rh100": 31.22,
        "quality_flag": 1,
        "beam": "BEAM05"
      }
    },
    {
      "type": "Feature",
      "geometry": {
        "type": "Point",
        "coordinates": [
          -70.101391,
          -12.588652
        ]
      },
      "properties": {
        "transect_id": 4,
        "elev_lowestmode": 239.5800018310547,
        "elev_dem": 239.0,
        "rh100": 26.66,
        "quality_flag": 1,
        "beam": "BEAM05"
      }
    },
    {
      "type": "Feature",
      "geometry": {
        "type": "Point",
        "coordinates": [
          -70.102758,
          -12.588427
        ]
      },
      "properties": {
        "transect_id": 4,
        "elev_lowestmode": 229.02000427246094,
        "elev_dem": 229.0,
        "rh100": 29.06,
        "quality_flag": 1,
        "beam": "BEAM05"
      }
    },
    {
      "type": "Feature",
      "geometry": {
        "type": "Point",
        "coordinates": [
          -70.1022,
          -12.588202
        ]
      },
      "properties": {
        "transect_id": 4,
        "elev_lowestmode": 235.8000030517578,
        "elev_dem": 236.0,
        "rh100": 20.59,
        "quality_flag": 1,
        "beam": "BEAM05"
      }
    },
    {
      "type": "Feature",
      "geometry": {
        "type": "Point",
        "coordinates": [
          -70.101412,
          -12.587977
        ]
      },
      "properties": {
        "transect_id": 4,
        "elev_lowestmode": 242.27999877929688,
        "elev_dem": 243.0,
        "rh100": 34.33,
        "quality_flag": 1,
        "beam": "BEAM05"
      }
    },
    {
      "type": "Feature",
      "geometry": {
        "type": "Point",
        "coordinates": [
          -70.102359,
          -12.587752
        ]
      },
      "properties": {
        "transect_id": 4,
        "elev_lowestmode": 238.66000366210938,
        "elev_dem": 240.0,
        "rh100": 32.9,
        "quality_flag": 1,
        "beam": "BEAM05"
      }
    },
    {
      "type": "Feature",
      "geometry": {
        "type": "Point",
        "coordinates": [
          -70.102179,
          -12.587526
        ]
      },
      "properties": {
        "transect_id": 4,
        "elev_lowestmode": 237.39999389648438,
        "elev_dem": 238.0,
        "rh100": 31.17,
        "quality_flag": 1,
        "beam": "BEAM05"
      }
    },
    {
      "type": "Feature",
      "geometry": {
        "type": "Point",
        "coordinates": [
          -70.102056,
          -12.587301
        ]
      },
      "properties": {
        "transect_id": 4,
        "elev_lowestmode": 241.25,
        "elev_dem": 240.0,
        "rh100": 32.89,
        "quality_flag": 1,
        "beam": "BEAM05"
      }
    },
    {
      "type": "Feature",
      "geometry": {
        "type": "Point",
        "coordinates": [
          -70.102585,
          -12.587076
        ]
      },
      "properties": {
        "transect_id": 4,
        "elev_lowestmode": 238.08999633789062,
        "elev_dem": 238.0,
        "rh100": 24.15,
        "quality_flag": 1,
        "beam": "BEAM05"
      }
    },
    {
      "type": "Feature",
      "geometry": {
        "type": "Point",
        "coordinates": [
          -70.102737,
          -12.586851
        ]
      },
      "properties": {
        "transect_id": 4,
        "elev_lowestmode": 239.27000427246094,
        "elev_dem": 240.0,
        "rh100": 25.97,
        "quality_flag": 0,
        "beam": "BEAM05"
      }
    },
    {
      "type": "Feature",
      "geometry": {
        "type": "Point",
        "coordinates": [
          -70.101291,
          -12.586625
        ]
      },
      "properties": {
        "transect_id": 4,
        "elev_lowestmode": 242.92999267578125,
        "elev_dem": 244.0,
        "rh100": 26.75,
        "quality_flag": 1,
        "beam": "BEAM05"
      }
    },
    {
      "type": "Feature",
      "geometry": {
        "type": "Point",
        "coordinates": [
          -70.10273,
          -12.5864
        ]
      },
      "properties": {
        "transect_id": 4,
        "elev_lowestmode": 239.83999633789062,
        "elev_dem": 239.0,
        "rh100": 23.71,
        "quality_flag": 1,
        "beam": "BEAM05"
      }
    },
    {
      "type": "Feature",
      "geometry": {
        "type": "Point",
        "coordinates": [
          -70.101694,
          -12.586175
        ]
      },
      "properties": {
        "transect_id": 4,
        "elev_lowestmode": 242.4499969482422,
        "elev_dem": 242.0,
        "rh100": 27.24,
        "quality_flag": 1,
        "beam": "BEAM05"
      }
    },
    {
      "type": "Feature",
      "geometry": {
        "type": "Point",
        "coordinates": [
          -70.102099,
          -12.58595
        ]
      },
      "properties": {
        "transect_id": 4,
        "elev_lowestmode": 241.13999938964844,
        "elev_dem": 240.0,
        "rh100": 22.44,
        "quality_flag": 1,
        "beam": "BEAM05"
      }
    },
    {
      "type": "Feature",
      "geometry": {
        "type": "Point",
        "coordinates": [
          -70.101265,
          -12.585724
        ]
      },
      "properties": {
        "transect_id": 4,
        "elev_lowestmode": 242.0800018310547,
        "elev_dem": 243.0,
        "rh100": 29.86,
        "quality_flag": 1,
        "beam": "BEAM05"
      }
    },
    {
      "type": "Feature",
      "geometry": {
        "type": "Point",
        "coordinates": [
          -70.101204,
          -12.585499
        ]
      },
      "properties": {
        "transect_id": 4,
        "elev_lowestmode": 242.6699981689453,
        "elev_dem": 243.0,
        "rh100": 34.12,
        "quality_flag": 1,
        "beam": "BEAM05"
      }
    },
    {
      "type": "Feature",
      "geometry": {
        "type": "Point",
        "coordinates": [
          -70.101014,
          -12.585274
        ]
      },
      "properties": {
        "transect_id": 4,
        "elev_lowestmode": 242.1300048828125,
        "elev_dem": 244.0,
        "rh100": 28.22,
        "quality_flag": 1,
        "beam": "BEAM05"
      }
    },
    {
      "type": "Feature",
      "geometry": {
        "type": "Point",
        "coordinates": [
          -70.102354,
          -12.585049
        ]
      },
      "properties": {
        "transect_id": 4,
        "elev_lowestmode": 243.47999572753906,
        "elev_dem": 243.0,
        "rh100": 34.71,
        "quality_flag": 1,
        "beam": "BEAM05"
      }
    },
    {
      "type": "Feature",
      "geometry": {
        "type": "Point",
        "coordinates": [
          -70.101601,
          -12.584824
        ]
      },
      "properties": {
        "transect_id": 4,
        "elev_lowestmode": 241.5,
        "elev_dem": 240.0,
        "rh100": 22.5,
        "quality_flag": 1,
        "beam": "BEAM05"
      }
    },
    {
      "type": "Feature",
      "geometry": {
        "type": "Point",
        "coordinates": [
          -70.102211,
          -12.584598
        ]
      },
      "properties": {
        "transect_id": 4,
        "elev_lowestmode": 241.72000122070312,
        "elev_dem": 242.0,
        "rh100": 34.25,
        "quality_flag": 1,
        "beam": "BEAM05"
      }
    },
    {
      "type": "Feature",
      "geometry": {
        "type": "Point",
        "coordinates": [
          -70.101962,
          -12.584373
        ]
      },
      "properties": {
        "transect_id": 4,
        "elev_lowestmode": 242.97999572753906,
        "elev_dem": 242.0,
        "rh100": 23.44,
        "quality_flag": 1,
        "beam": "BEAM05"
      }
    },
    {
      "type": "Feature",
      "geometry": {
        "type": "Point",
        "coordinates": [
          -70.101314,
          -12.584148
        ]
      },
      "properties": {
        "transect_id": 4,
        "elev_lowestmode": 243.5500030517578,
        "elev_dem": 243.0,
        "rh100": 23.77,
        "quality_flag": 1,
        "beam": "BEAM05"
      }
    },
    {
      "type": "Feature",
      "geometry": {
        "type": "Point",
        "coordinates": [
          -70.102081,
          -12.583923
        ]
      },
      "properties": {
        "transect_id": 4,
        "elev_lowestmode": 245.80999755859375,
        "elev_dem": 245.0,
        "rh100": 22.57,
        "quality_flag": 1,
        "beam": "BEAM05"
      }
    },
    {
      "type": "Feature",
      "geometry": {
        "type": "Point",
        "coordinates": [
          -70.101877,
          -12.583697
        ]
      },
      "properties": {
        "transect_id": 4,
        "elev_lowestmode": 244.39999389648438,
        "elev_dem": 245.0,
        "rh100": 34.08,
        "quality_flag": 1,
        "beam": "BEAM05"
      }
    },
    {
      "type": "Feature",
      "geometry": {
        "type": "Point",
        "coordinates": [
          -70.102522,
          -12.583472
        ]
      },
      "properties": {
        "transect_id": 4,
        "elev_lowestmode": 246.49000549316406,
        "elev_dem": 245.0,
        "rh100": 34.77,
        "quality_flag": 1,
        "beam": "BEAM05"
      }
    },
    {
      "type": "Feature",
      "geometry": {
        "type": "Point",
        "coordinates": [
          -70.101458,
          -12.583247
        ]
      },
      "properties": {
        "transect_id": 4,
        "elev_lowestmode": 246.7899932861328,
        "elev_dem": 247.0,
        "rh100": 25.3,
        "quality_flag": 1,
        "beam": "BEAM05"
      }
    },
    {
      "type": "Feature",
      "geometry": {
        "type": "Point",
        "coordinates": [
          -70.101657,
          -12.583022
        ]
      },
      "properties": {
        "transect_id": 4,
        "elev_lowestmode": 241.33999633789062,
        "elev_dem": 243.0,
        "rh100": 30.67,
        "quality_flag": 1,
        "beam": "BEAM05"
      }
    },
    {
      "type": "Feature",
      "geometry": {
        "type": "Point",
        "coordinates": [
          -70.102633,
          -12.582797
        ]
      },
      "properties": {
        "transect_id": 4,
        "elev_lowestmode": 245.83999633789062,
        "elev_dem": 245.0,
        "rh100": 34.12,
        "quality_flag": 1,
        "beam": "BEAM05"
      }
    },
    {
      "type": "Feature",
      "geometry": {
        "type": "Point",
        "coordinates": [
          -70.10152,
          -12.582571
        ]
      },
      "properties": {
        "transect_id": 4,
        "elev_lowestmode": 238.52000427246094,
        "elev_dem": 240.0,
        "rh100": 31.61,
        "quality_flag": 1,
        "beam": "BEAM05"
      }
    },
    {
      "type": "Feature",
      "geometry": {
        "type": "Point",
        "coordinates": [
          -70.10111,
          -12.582346
        ]
      },
      "properties": {
        "transect_id": 4,
        "elev_lowestmode": 240.91000366210938,
        "elev_dem": 240.0,
        "rh100": 34.22,
        "quality_flag": 1,
        "beam": "BEAM05"
      }
    },
    {
      "type": "Feature",
      "geometry": {
        "type": "Point",
        "coordinates": [
          -70.102357,
          -12.582121
        ]
      },
      "properties": {
        "transect_id": 4,
        "elev_lowestmode": 242.97000122070312,
        "elev_dem": 244.0,
        "rh100": 34.5,
        "quality_flag": 1,
        "beam": "BEAM05"
      }
    },
    {
      "type": "Feature",
      "geometry": {
        "type": "Point",
        "coordinates": [
          -70.101503,
          -12.581896
        ]
      },
      "properties": {
        "transect_id": 4,
        "elev_lowestmode": 241.94000244140625,
        "elev_dem": 241.0,
        "rh100": 30.26,
        "quality_flag": 1,
        "beam": "BEAM05"
      }
    },
    {
      "type": "Feature",
      "geometry": {
        "type": "Point",
        "coordinates": [
          -70.102386,
          -12.58167
        ]
      },
      "properties": {
        "transect_id": 4,
        "elev_lowestmode": 240.6300048828125,
        "elev_dem": 241.0,
        "rh100": 29.34,
        "quality_flag": 0,
        "beam": "BEAM05"
      }
    },
    {
      "type": "Feature",
      "geometry": {
        "type": "Point",
        "coordinates": [
          -70.102588,
          -12.581445
        ]
      },
      "properties": {
        "transect_id": 4,
        "elev_lowestmode": 237.8300018310547,
        "elev_dem": 239.0,
        "rh100": 27.82,
        "quality_flag": 1,
        "beam": "BEAM05"
      }
    },
    {
      "type": "Feature",
      "geometry": {
        "type": "Point",
        "coordinates": [
          -70.102047,
          -12.58122
        ]
      },
      "properties": {
        "transect_id": 4,
        "elev_lowestmode": 239.33999633789062,
        "elev_dem": 240.0,
        "rh100": 30.06,
        "quality_flag": 1,
        "beam": "BEAM05"
      }
    },
    {
      "type": "Feature",
      "geometry": {
        "type": "Point",
        "coordinates": [
          -70.102426,
          -12.580995
        ]
      },
      "properties": {
        "transect_id": 4,
        "elev_lowestmode": 241.3300018310547,
        "elev_dem": 240.0,
        "rh100": 30.8,
        "quality_flag": 1,
        "beam": "BEAM05"
      }
    },
    {
      "type": "Feature",
      "geometry": {
        "type": "Point",
        "coordinates": [
          -70.10214,
          -12.58077
        ]
      },
      "properties": {
        "transect_id": 4,
        "elev_lowestmode": 242.55999755859375,
        "elev_dem": 241.0,
        "rh100": 32.86,
        "quality_flag": 1,
        "beam": "BEAM05"
      }
    },
    {
      "type": "Feature",
      "geometry": {
        "type": "Point",
        "coordinates": [
          -70.102192,
          -12.580544
        ]
      },
      "properties": {
        "transect_id": 4,
        "elev_lowestmode": 239.9199981689453,
        "elev_dem": 241.0,
        "rh100": 34.21,
        "quality_flag": 1,
        "beam": "BEAM05"
      }
    },
    {
      "type": "Feature",
      "geometry": {
        "type": "Point",
        "coordinates": [
          -70.102846,
          -12.580319
        ]
      },
      "properties": {
        "transect_id": 4,
        "elev_lowestmode": 241.3000030517578,
        "elev_dem": 240.0,
        "rh100": 23.95,
        "quality_flag": 1,
        "beam": "BEAM05"
      }
    },
    {
      "type": "Feature",
      "geometry": {
        "type": "Point",
        "coordinates": [
          -70.101473,
          -12.580094
        ]
      },
      "properties": {
        "transect_id": 4,
        "elev_lowestmode": 243.83999633789062,
        "elev_dem": 243.0,
        "rh100": 28.88,
        "quality_flag": 1,
        "beam": "BEAM05"
      }
    },
    {
      "type": "Feature",
      "geometry": {
        "type": "Point",
        "coordinates": [
          -70.10176,
          -12.579869
        ]
      },
      "properties": {
        "transect_id": 4,
        "elev_lowestmode": 241.97000122070312,
        "elev_dem": 242.0,
        "rh100": 30.72,
        "quality_flag": 1,
        "beam": "BEAM05"
      }
    },
    {
      "type": "Feature",
      "geometry": {
        "type": "Point",
        "coordinates": [
          -70.101525,
          -12.579643
        ]
      },
      "properties": {
        "transect_id": 4,
        "elev_lowestmode": 244.33999633789062,
        "elev_dem": 245.0,
        "rh100": 31.65,
        "quality_flag": 1,
        "beam": "BEAM05"
      }
    },
    {
      "type": "Feature",
      "geometry": {
        "type": "Point",
        "coordinates": [
          -70.101797,
          -12.579418
        ]
      },
      "properties": {
        "transect_id": 4,
        "elev_lowestmode": 243.6199951171875,
        "elev_dem": 244.0,
        "rh100": 29.14,
        "quality_flag": 1,
        "beam": "BEAM05"
      }
    },
    {
      "type": "Feature",
      "geometry": {
        "type": "Point",
        "coordinates": [
          -70.101958,
          -12.579193
        ]
      },
      "properties": {
        "transect_id": 4,
        "elev_lowestmode": 240.99000549316406,
        "elev_dem": 242.0,
        "rh100": 23.16,
        "quality_flag": 1,
        "beam": "BEAM05"
      }
    },
    {
      "type": "Feature",
      "geometry": {
        "type": "Point",
        "coordinates": [
          -70.102,
          -12.578968
        ]
      },
      "properties": {
        "transect_id": 4,
        "elev_lowestmode": 241.32000732421875,
        "elev_dem": 242.0,
        "rh100": 21.88,
        "quality_flag": 1,
        "beam": "BEAM05"
      }
    },
    {
      "type": "Feature",
      "geometry": {
        "type": "Point",
        "coordinates": [
          -70.102642,
          -12.578742
        ]
      },
      "properties": {
        "transect_id": 4,
        "elev_lowestmode": 246.27999877929688,
        "elev_dem": 246.0,
        "rh100": 32.98,
        "quality_flag": 1,
        "beam": "BEAM05"
      }
    },
    {
      "type": "Feature",
      "geometry": {
        "type": "Point",
        "coordinates": [
          -70.101047,
          -12.578517
        ]
      },
      "properties": {
        "transect_id": 4,
        "elev_lowestmode": 242.6300048828125,
        "elev_dem": 242.0,
        "rh100": 28.61,
        "quality_flag": 1,
        "beam": "BEAM05"
      }
    },
    {
      "type": "Feature",
      "geometry": {
        "type": "Point",
        "coordinates": [
          -70.102126,
          -12.578292
        ]
      },
      "properties": {
        "transect_id": 4,
        "elev_lowestmode": 242.41000366210938,
        "elev_dem": 243.0,
        "rh100": 22.04,
        "quality_flag": 0,
        "beam": "BEAM05"
      }
    },
    {
      "type": "Feature",
      "geometry": {
        "type": "Point",
        "coordinates": [
          -70.101579,
          -12.578067
        ]
      },
      "properties": {
        "transect_id": 4,
        "elev_lowestmode": 241.3699951171875,
        "elev_dem": 241.0,
        "rh100": 24.26,
        "quality_flag": 1,
        "beam": "BEAM05"
      }
    },
    {
      "type": "Feature",
      "geometry": {
        "type": "Point",
        "coordinates": [
          -70.101023,
          -12.577842
        ]
      },
      "properties": {
        "transect_id": 4,
        "elev_lowestmode": 240.25,
        "elev_dem": 239.0,
        "rh100": 24.33,
        "quality_flag": 1,
        "beam": "BEAM05"
      }
    },
    {
      "type": "Feature",
      "geometry": {
        "type": "Point",
        "coordinates": [
          -70.101939,
          -12.577616
        ]
      },
      "properties": {
        "transect_id": 4,
        "elev_lowestmode": 242.92999267578125,
        "elev_dem": 242.0,
        "rh100": 27.5,
        "quality_flag": 0,
        "beam": "BEAM05"
      }
    },
    {
      "type": "Feature",
      "geometry": {
        "type": "Point",
        "coordinates": [
          -70.10279,
          -12.577391
        ]
      },
      "properties": {
        "transect_id": 4,
        "elev_lowestmode": 243.69000244140625,
        "elev_dem": 244.0,
        "rh100": 22.88,
        "quality_flag": 1,
        "beam": "BEAM05"
      }
    },
    {
      "type": "Feature",
      "geometry": {
        "type": "Point",
        "coordinates": [
          -70.101017,
          -12.577166
        ]
      },
      "properties": {
        "transect_id": 4,
        "elev_lowestmode": 240.5800018310547,
        "elev_dem": 241.0,
        "rh100": 22.18,
        "quality_flag": 1,
        "beam": "BEAM05"
      }
    },
    {
      "type": "Feature",
      "geometry": {
        "type": "Point",
        "coordinates": [
          -70.101205,
          -12.576941
        ]
      },
      "properties": {
        "transect_id": 4,
        "elev_lowestmode": 241.47000122070312,
        "elev_dem": 240.0,
        "rh100": 27.18,
        "quality_flag": 1,
        "beam": "BEAM05"
      }
    },
    {
      "type": "Feature",
      "geometry": {
        "type": "Point",
        "coordinates": [
          -70.101442,
          -12.576715
        ]
      },
      "properties": {
        "transect_id": 4,
        "elev_lowestmode": 243.16000366210938,
        "elev_dem": 242.0,
        "rh100": 20.73,
        "quality_flag": 1,
        "beam": "BEAM05"
      }
    },
    {
      "type": "Feature",
      "geometry": {
        "type": "Point",
        "coordinates": [
          -70.102783,
          -12.57649
        ]
      },
      "properties": {
        "transect_id": 4,
        "elev_lowestmode": 242.99000549316406,
        "elev_dem": 244.0,
        "rh100": 30.82,
        "quality_flag": 1,
        "beam": "BEAM05"
      }
    },
    {
      "type": "Feature",
      "geometry": {
        "type": "Point",
        "coordinates": [
          -70.102027,
          -12.576265
        ]
      },
      "properties": {
        "transect_id": 4,
        "elev_lowestmode": 244.3000030517578,
        "elev_dem": 243.0,
        "rh100": 21.05,
        "quality_flag": 1,
        "beam": "BEAM05"
      }
    },
    {
      "type": "Feature",
      "geometry": {
        "type": "Point",
        "coordinates": [
          -70.101988,
          -12.57604
        ]
      },
      "properties": {
        "transect_id": 4,
        "elev_lowestmode": 244.5500030517578,
        "elev_dem": 245.0,
        "rh100": 20.77,
        "quality_flag": 1,
        "beam": "BEAM05"
      }
    },
    {
      "type": "Feature",
      "geometry": {
        "type": "Point",
        "coordinates": [
          -70.101054,
          -12.575815
        ]
      },
      "properties": {
        "transect_id": 4,
        "elev_lowestmode": 215.5800018310547,
        "elev_dem": 216.0,
        "rh100": 29.59,
        "quality_flag": 1,
        "beam": "BEAM05"
      }
    },
    {
      "type": "Feature",
      "geometry": {
        "type": "Point",
        "coordinates": [
          -70.102135,
          -12.575589
        ]
      },
      "properties": {
        "transect_id": 4,
        "elev_lowestmode": 243.8800048828125,
        "elev_dem": 243.0,
        "rh100": 26.8,
        "quality_flag": 1,
        "beam": "BEAM05"
      }
    },
    {
      "type": "Feature",
      "geometry": {
        "type": "Point",
        "coordinates": [
          -70.102352,
          -12.575364
        ]
      },
      "properties": {
        "transect_id": 4,
        "elev_lowestmode": 234.25,
        "elev_dem": 234.0,
        "rh100": 28.21,
        "quality_flag": 1,
        "beam": "BEAM05"
      }
    },
    {
      "type": "Feature",
      "geometry": {
        "type": "Point",
        "coordinates": [
          -70.102524,
          -12.575139
        ]
      },
      "properties": {
        "transect_id": 4,
        "elev_lowestmode": 238.3000030517578,
        "elev_dem": 237.0,
        "rh100": 20.15,
        "quality_flag": 1,
        "beam": "BEAM05"
      }
    },
    {
      "type": "Feature",
      "geometry": {
        "type": "Point",
        "coordinates": [
          -70.101236,
          -12.574914
        ]
      },
      "properties": {
        "transect_id": 4,
        "elev_lowestmode": 214.77999877929688,
        "elev_dem": 216.0,
        "rh100": 20.71,
        "quality_flag": 1,
        "beam": "BEAM05"
      }
    },
    {
      "type": "Feature",
      "geometry": {
        "type": "Point",
        "coordinates": [
          -70.102143,
          -12.574688
        ]
      },
      "properties": {
        "transect_id": 4,
        "elev_lowestmode": 216.44000244140625,
        "elev_dem": 216.0,
        "rh100": 26.96,
        "quality_flag": 0,
        "beam": "BEAM05"
      }
    },
    {
      "type": "Feature",
      "geometry": {
        "type": "Point",
        "coordinates": [
          -70.101533,
          -12.574463
        ]
      },
      "properties": {
        "transect_id": 4,
        "elev_lowestmode": 215.57000732421875,
        "elev_dem": 216.0,
        "rh100": 27.75,
        "quality_flag": 1,
        "beam": "BEAM05"
      }
    },
    {
      "type": "Feature",
      "geometry": {
        "type": "Point",
        "coordinates": [
          -70.102324,
          -12.574238
        ]
      },
      "properties": {
        "transect_id": 4,
        "elev_lowestmode": 215.47999572753906,
        "elev_dem": 216.0,
        "rh100": 29.47,
        "quality_flag": 1,
        "beam": "BEAM05"
      }
    },
    {
      "type": "Feature",
      "geometry": {
        "type": "Point",
        "coordinates": [
          -70.101251,
          -12.574013
        ]
      },
      "properties": {
        "transect_id": 4,
        "elev_lowestmode": 216.35000610351562,
        "elev_dem": 216.0,
        "rh100": 33.18,
        "quality_flag": 1,
        "beam": "BEAM05"
      }
    },
    {
      "type": "Feature",
      "geometry": {
        "type": "Point",
        "coordinates": [
          -70.101396,
          -12.573788
        ]
      },
      "properties": {
        "transect_id": 4,
        "elev_lowestmode": 216.42999267578125,
        "elev_dem": 216.0,
        "rh100": 33.45,
        "quality_flag": 1,
        "beam": "BEAM05"
      }
    },
    {
      "type": "Feature",
      "geometry": {
        "type": "Point",
        "coordinates": [
          -70.101388,
          -12.573562
        ]
      },
      "properties": {
        "transect_id": 4,
        "elev_lowestmode": 213.97000122070312,
        "elev_dem": 216.0,
        "rh100": 25.24,
        "quality_flag": 1,
        "beam": "BEAM05"
      }
    },
    {
      "type": "Feature",
      "geometry": {
        "type": "Point",
        "coordinates": [
          -70.10239,
          -12.573337
        ]
      },
      "properties": {
        "transect_id": 4,
        "elev_lowestmode": 217.38999938964844,
        "elev_dem": 216.0,
        "rh100": 33.65,
        "quality_flag": 1,
        "beam": "BEAM05"
      }
    },
    {
      "type": "Feature",
      "geometry": {
        "type": "Point",
        "coordinates": [
          -70.10256,
          -12.573112
        ]
      },
      "properties": {
        "transect_id": 4,
        "elev_lowestmode": 215.9600067138672,
        "elev_dem": 216.0,
        "rh100": 25.46,
        "quality_flag": 1,
        "beam": "BEAM05"
      }
    },
    {
      "type": "Feature",
      "geometry": {
        "type": "Point",
        "coordinates": [
          -70.101817,
          -12.572887
        ]
      },
      "properties": {
        "transect_id": 4,
        "elev_lowestmode": 214.5800018310547,
        "elev_dem": 216.0,
        "rh100": 22.12,
        "quality_flag": 1,
        "beam": "BEAM05"
      }
    },
    {
      "type": "Feature",
      "geometry": {
        "type": "Point",
        "coordinates": [
          -70.10227,
          -12.572661
        ]
      },
      "properties": {
        "transect_id": 4,
        "elev_lowestmode": 215.39999389648438,
        "elev_dem": 216.0,
        "rh100": 25.81,
        "quality_flag": 1,
        "beam": "BEAM05"
      }
    },
    {
      "type": "Feature",
      "geometry": {
        "type": "Point",
        "coordinates": [
          -70.101203,
          -12.572436
        ]
      },
      "properties": {
        "transect_id": 4,
        "elev_lowestmode": 216.74000549316406,
        "elev_dem": 216.0,
        "rh100": 32.99,
        "quality_flag": 1,
        "beam": "BEAM05"
      }
    },
    {
      "type": "Feature",
      "geometry": {
        "type": "Point",
        "coordinates": [
          -70.101598,
          -12.572211
        ]
      },
      "properties": {
        "transect_id": 4,
        "elev_lowestmode": 215.5800018310547,
        "elev_dem": 216.0,
        "rh100": 22.39,
        "quality_flag": 1,
        "beam": "BEAM05"
      }
    },
    {
      "type": "Feature",
      "geometry": {
        "type": "Point",
        "coordinates": [
          -70.102425,
          -12.571986
        ]
      },
      "properties": {
        "transect_id": 4,
        "elev_lowestmode": 214.9199981689453,
        "elev_dem": 216.0,
        "rh100": 24.45,
        "quality_flag": 1,
        "beam": "BEAM05"
      }
    },
    {
      "type": "Feature",
      "geometry": {
        "type": "Point",
        "coordinates": [
          -70.102081,
          -12.571761
        ]
      },
      "properties": {
        "transect_id": 4,
        "elev_lowestmode": 217.3699951171875,
        "elev_dem": 216.0,
        "rh100": 25.14,
        "quality_flag": 0,
        "beam": "BEAM05"
      }
    },
    {
      "type": "Feature",
      "geometry": {
        "type": "Point",
        "coordinates": [
          -70.102724,
          -12.571535
        ]
      },
      "properties": {
        "transect_id": 4,
        "elev_lowestmode": 216.32000732421875,
        "elev_dem": 216.0,
        "rh100": 23.53,
        "quality_flag": 1,
        "beam": "BEAM05"
      }
    },
    {
      "type": "Feature",
      "geometry": {
        "type": "Point",
        "coordinates": [
          -70.102036,
          -12.57131
        ]
      },
      "properties": {
        "transect_id": 4,
        "elev_lowestmode": 214.41000366210938,
        "elev_dem": 216.0,
        "rh100": 24.25,
        "quality_flag": 1,
        "beam": "BEAM05"
      }
    },
    {
      "type": "Feature",
      "geometry": {
        "type": "Point",
        "coordinates": [
          -70.102468,
          -12.571085
        ]
      },
      "properties": {
        "transect_id": 4,
        "elev_lowestmode": 216.27000427246094,
        "elev_dem": 216.0,
        "rh100": 20.2,
        "quality_flag": 1,
        "beam": "BEAM05"
      }
    },
    {
      "type": "Feature",
      "geometry": {
        "type": "Point",
        "coordinates": [
          -70.102809,
          -12.57086
        ]
      },
      "properties": {
        "transect_id": 4,
        "elev_lowestmode": 217.08999633789062,
        "elev_dem": 216.0,
        "rh100": 34.53,
        "quality_flag": 1,
        "beam": "BEAM05"
      }
    },
    {
      "type": "Feature",
      "geometry": {
        "type": "Point",
        "coordinates": [
          -70.101016,
          -12.570634
        ]
      },
      "properties": {
        "transect_id": 4,
        "elev_lowestmode": 233.14999389648438,
        "elev_dem": 234.0,
        "rh100": 30.83,
        "quality_flag": 1,
        "beam": "BEAM05"
      }
    },
    {
      "type": "Feature",
      "geometry": {
        "type": "Point",
        "coordinates": [
          -70.102342,
          -12.570409
        ]
      },
      "properties": {
        "transect_id": 4,
        "elev_lowestmode": 216.3300018310547,
        "elev_dem": 216.0,
        "rh100": 20.3,
        "quality_flag": 0,
        "beam": "BEAM05"
      }
    },
    {
      "type": "Feature",
      "geometry": {
        "type": "Point",
        "coordinates": [
          -70.102646,
          -12.570184
        ]
      },
      "properties": {
        "transect_id": 4,
        "elev_lowestmode": 215.47000122070312,
        "elev_dem": 216.0,
        "rh100": 23.0,
        "quality_flag": 0,
        "beam": "BEAM05"
      }
    },
    {
      "type": "Feature",
      "geometry": {
        "type": "Point",
        "coordinates": [
          -70.100967,
          -12.569959
        ]
      },
      "properties": {
        "transect_id": 4,
        "elev_lowestmode": 253.00999450683594,
        "elev_dem": 253.0,
        "rh100": 26.2,
        "quality_flag": 1,
        "beam": "BEAM05"
      }
    },
    {
      "type": "Feature",
      "geometry": {
        "type": "Point",
        "coordinates": [
          -70.101926,
          -12.569733
        ]
      },
      "properties": {
        "transect_id": 4,
        "elev_lowestmode": 222.58999633789062,
        "elev_dem": 223.0,
        "rh100": 32.81,
        "quality_flag": 1,
        "beam": "BEAM05"
      }
    },
    {
      "type": "Feature",
      "geometry": {
        "type": "Point",
        "coordinates": [
          -70.102836,
          -12.569508
        ]
      },
      "properties": {
        "transect_id": 4,
        "elev_lowestmode": 216.1199951171875,
        "elev_dem": 216.0,
        "rh100": 32.92,
        "quality_flag": 1,
        "beam": "BEAM05"
      }
    },
    {
      "type": "Feature",
      "geometry": {
        "type": "Point",
        "coordinates": [
          -70.102113,
          -12.569283
        ]
      },
      "properties": {
        "transect_id": 4,
        "elev_lowestmode": 221.9199981689453,
        "elev_dem": 223.0,
        "rh100": 21.23,
        "quality_flag": 1,
        "beam": "BEAM05"
      }
    },
    {
      "type": "Feature",
      "geometry": {
        "type": "Point",
        "coordinates": [
          -70.10118,
          -12.569058
        ]
      },
      "properties": {
        "transect_id": 4,
        "elev_lowestmode": 266.8399963378906,
        "elev_dem": 267.0,
        "rh100": 28.35,
        "quality_flag": 1,
        "beam": "BEAM05"
      }
    },
    {
      "type": "Feature",
      "geometry": {
        "type": "Point",
        "coordinates": [
          -70.101739,
          -12.568833
        ]
      },
      "properties": {
        "transect_id": 4,
        "elev_lowestmode": 244.58999633789062,
        "elev_dem": 246.0,
        "rh100": 24.95,
        "quality_flag": 1,
        "beam": "BEAM05"
      }
    },
    {
      "type": "Feature",
      "geometry": {
        "type": "Point",
        "coordinates": [
          -70.100998,
          -12.568607
        ]
      },
      "properties": {
        "transect_id": 4,
        "elev_lowestmode": 269.239990234375,
        "elev_dem": 269.0,
        "rh100": 20.94,
        "quality_flag": 1,
        "beam": "BEAM05"
      }
    },
    {
      "type": "Feature",
      "geometry": {
        "type": "Point",
        "coordinates": [
          -70.102882,
          -12.568382
        ]
      },
      "properties": {
        "transect_id": 4,
        "elev_lowestmode": 216.3699951171875,
        "elev_dem": 216.0,
        "rh100": 32.81,
        "quality_flag": 0,
        "beam": "BEAM05"
      }
    },
    {
      "type": "Feature",
      "geometry": {
        "type": "Point",
        "coordinates": [
          -70.102499,
          -12.568157
        ]
      },
      "properties": {
        "transect_id": 4,
        "elev_lowestmode": 228.6199951171875,
        "elev_dem": 228.0,
        "rh100": 29.11,
        "quality_flag": 1,
        "beam": "BEAM05"
      }
    },
    {
      "type": "Feature",
      "geometry": {
        "type": "Point",
        "coordinates": [
          -70.101244,
          -12.567932
        ]
      },
      "properties": {
        "transect_id": 4,
        "elev_lowestmode": 276.05999755859375,
        "elev_dem": 276.0,
        "rh100": 23.21,
        "quality_flag": 1,
        "beam": "BEAM05"
      }
    },
    {
      "type": "Feature",
      "geometry": {
        "type": "Point",
        "coordinates": [
          -70.101952,
          -12.567706
        ]
      },
      "properties": {
        "transect_id": 4,
        "elev_lowestmode": 248.42999267578125,
        "elev_dem": 248.0,
        "rh100": 20.17,
        "quality_flag": 1,
        "beam": "BEAM05"
      }
    },
    {
      "type": "Feature",
      "geometry": {
        "type": "Point",
        "coordinates": [
          -70.101669,
          -12.567481
        ]
      },
      "properties": {
        "transect_id": 4,
        "elev_lowestmode": 266.42999267578125,
        "elev_dem": 266.0,
        "rh100": 20.33,
        "quality_flag": 1,
        "beam": "BEAM05"
      }
    },
    {
      "type": "Feature",
      "geometry": {
        "type": "Point",
        "coordinates": [
          -70.100986,
          -12.567256
        ]
      },
      "properties": {
        "transect_id": 4,
        "elev_lowestmode": 278.6499938964844,
        "elev_dem": 278.0,
        "rh100": 25.67,
        "quality_flag": 1,
        "beam": "BEAM05"
      }
    },
    {
      "type": "Feature",
      "geometry": {
        "type": "Point",
        "coordinates": [
          -70.101013,
          -12.567031
        ]
      },
      "properties": {
        "transect_id": 4,
        "elev_lowestmode": 276.7799987792969,
        "elev_dem": 277.0,
        "rh100": 24.14,
        "quality_flag": 1,
        "beam": "BEAM05"
      }
    },
    {
      "type": "Feature",
      "geometry": {
        "type": "Point",
        "coordinates": [
          -70.102111,
          -12.566806
        ]
      },
      "properties": {
        "transect_id": 4,
        "elev_lowestmode": 269.260009765625,
        "elev_dem": 268.0,
        "rh100": 23.58,
        "quality_flag": 1,
        "beam": "BEAM05"
      }
    },
    {
      "type": "Feature",
      "geometry": {
        "type": "Point",
        "coordinates": [
          -70.102125,
          -12.56658
        ]
      },
      "properties": {
        "transect_id": 4,
        "elev_lowestmode": 267.260009765625,
        "elev_dem": 268.0,
        "rh100": 29.71,
        "quality_flag": 1,
        "beam": "BEAM05"
      }
    },
    {
      "type": "Feature",
      "geometry": {
        "type": "Point",
        "coordinates": [
          -70.10144,
          -12.566355
        ]
      },
      "properties": {
        "transect_id": 4,
        "elev_lowestmode": 279.3800048828125,
        "elev_dem": 278.0,
        "rh100": 25.69,
        "quality_flag": 1,
        "beam": "BEAM05"
      }
    },
    {
      "type": "Feature",
      "geometry": {
        "type": "Point",
        "coordinates": [
          -70.101345,
          -12.56613
        ]
      },
      "properties": {
        "transect_id": 4,
        "elev_lowestmode": 285.1499938964844,
        "elev_dem": 284.0,
        "rh100": 22.52,
        "quality_flag": 1,
        "beam": "BEAM05"
      }
    },
    {
      "type": "Feature",
      "geometry": {
        "type": "Point",
        "coordinates": [
          -70.101476,
          -12.565905
        ]
      },
      "properties": {
        "transect_id": 4,
        "elev_lowestmode": 286.05999755859375,
        "elev_dem": 286.0,
        "rh100": 30.06,
        "quality_flag": 1,
        "beam": "BEAM05"
      }
    },
    {
      "type": "Feature",
      "geometry": {
        "type": "Point",
        "coordinates": [
          -70.102818,
          -12.565679
        ]
      },
      "properties": {
        "transect_id": 4,
        "elev_lowestmode": 281.6600036621094,
        "elev_dem": 281.0,
        "rh100": 29.06,
        "quality_flag": 1,
        "beam": "BEAM05"
      }
    },
    {
      "type": "Feature",
      "geometry": {
        "type": "Point",
        "coordinates": [
          -70.101327,
          -12.565454
        ]
      },
      "properties": {
        "transect_id": 4,
        "elev_lowestmode": 285.8399963378906,
        "elev_dem": 287.0,
        "rh100": 29.6,
        "quality_flag": 1,
        "beam": "BEAM05"
      }
    },
    {
      "type": "Feature",
      "geometry": {
        "type": "Point",
        "coordinates": [
          -70.101172,
          -12.565229
        ]
      },
      "properties": {
        "transect_id": 4,
        "elev_lowestmode": 288.5299987792969,
        "elev_dem": 288.0,
        "rh100": 24.89,
        "quality_flag": 1,
        "beam": "BEAM05"
      }
    },
    {
      "type": "Feature",
      "geometry": {
        "type": "Point",
        "coordinates": [
          -70.101071,
          -12.565004
        ]
      },
      "properties": {
        "transect_id": 4,
        "elev_lowestmode": 289.67999267578125,
        "elev_dem": 290.0,
        "rh100": 34.9,
        "quality_flag": 0,
        "beam": "BEAM05"
      }
    },
    {
      "type": "Feature",
      "geometry": {
        "type": "Point",
        "coordinates": [
          -70.101242,
          -12.564779
        ]
      },
      "properties": {
        "transect_id": 4,
        "elev_lowestmode": 290.6600036621094,
        "elev_dem": 291.0,
        "rh100": 33.55,
        "quality_flag": 1,
        "beam": "BEAM05"
      }
    },
    {
      "type": "Feature",
      "geometry": {
        "type": "Point",
        "coordinates": [
          -70.101576,
          -12.564553
        ]
      },
      "properties": {
        "transect_id": 4,
        "elev_lowestmode": 288.4800109863281,
        "elev_dem": 288.0,
        "rh100": 29.77,
        "quality_flag": 1,
        "beam": "BEAM05"
      }
    },
    {
      "type": "Feature",
      "geometry": {
        "type": "Point",
        "coordinates": [
          -70.101121,
          -12.564328
        ]
      },
      "properties": {
        "transect_id": 4,
        "elev_lowestmode": 290.6000061035156,
        "elev_dem": 292.0,
        "rh100": 34.55,
        "quality_flag": 1,
        "beam": "BEAM05"
      }
    },
    {
      "type": "Feature",
      "geometry": {
        "type": "Point",
        "coordinates": [
          -70.10269,
          -12.564103
        ]
      },
      "properties": {
        "transect_id": 4,
        "elev_lowestmode": 286.95001220703125,
        "elev_dem": 287.0,
        "rh100": 21.33,
        "quality_flag": 1,
        "beam": "BEAM05"
      }
    },
    {
      "type": "Feature",
      "geometry": {
        "type": "Point",
        "coordinates": [
          -70.101355,
          -12.563878
        ]
      },
      "properties": {
        "transect_id": 4,
        "elev_lowestmode": 286.9599914550781,
        "elev_dem": 287.0,
        "rh100": 30.76,
        "quality_flag": 0,
        "beam": "BEAM05"
      }
    },
    {
      "type": "Feature",
      "geometry": {
        "type": "Point",
        "coordinates": [
          -70.10198,
          -12.563652
        ]
      },
      "properties": {
        "transect_id": 4,
        "elev_lowestmode": 283.1400146484375,
        "elev_dem": 282.0,
        "rh100": 26.87,
        "quality_flag": 1,
        "beam": "BEAM05"
      }
    },
    {
      "type": "Feature",
      "geometry": {
        "type": "Point",
        "coordinates": [
          -70.101265,
          -12.563427
        ]
      },
      "properties": {
        "transect_id": 4,
        "elev_lowestmode": 282.1700134277344,
        "elev_dem": 282.0,
        "rh100": 32.66,
        "quality_flag": 1,
        "beam": "BEAM05"
      }
    },
    {
      "type": "Feature",
      "geometry": {
        "type": "Point",
        "coordinates": [
          -70.102323,
          -12.563202
        ]
      },
      "properties": {
        "transect_id": 4,
        "elev_lowestmode": 282.2200012207031,
        "elev_dem": 281.0,
        "rh100": 29.08,
        "quality_flag": 1,
        "beam": "BEAM05"
      }
    },
    {
      "type": "Feature",
      "geometry": {
        "type": "Point",
        "coordinates": [
          -70.102696,
          -12.562977
        ]
      },
      "properties": {
        "transect_id": 4,
        "elev_lowestmode": 286.010009765625,
        "elev_dem": 288.0,
        "rh100": 22.19,
        "quality_flag": 1,
        "beam": "BEAM05"
      }
    },
    {
      "type": "Feature",
      "geometry": {
        "type": "Point",
        "coordinates": [
          -70.102067,
          -12.562752
        ]
      },
      "properties": {
        "transect_id": 4,
        "elev_lowestmode": 284.69000244140625,
        "elev_dem": 286.0,
        "rh100": 31.13,
        "quality_flag": 1,
        "beam": "BEAM05"
      }
    },
    {
      "type": "Feature",
      "geometry": {
        "type": "Point",
        "coordinates": [
          -70.102391,
          -12.562526
        ]
      },
      "properties": {
        "transect_id": 4,
        "elev_lowestmode": 288.95001220703125,
        "elev_dem": 290.0,
        "rh100": 29.74,
        "quality_flag": 1,
        "beam": "BEAM05"
      }
    },
    {
      "type": "Feature",
      "geometry": {
        "type": "Point",
        "coordinates": [
          -70.101822,
          -12.562301
        ]
      },
      "properties": {
        "transect_id": 4,
        "elev_lowestmode": 284.5,
        "elev_dem": 286.0,
        "rh100": 24.38,
        "quality_flag": 1,
        "beam": "BEAM05"
      }
    },
    {
      "type": "Feature",
      "geometry": {
        "type": "Point",
        "coordinates": [
          -70.101316,
          -12.562076
        ]
      },
      "properties": {
        "transect_id": 4,
        "elev_lowestmode": 286.3699951171875,
        "elev_dem": 286.0,
        "rh100": 22.12,
        "quality_flag": 0,
        "beam": "BEAM05"
      }
    },
    {
      "type": "Feature",
      "geometry": {
        "type": "Point",
        "coordinates": [
          -70.101659,
          -12.561851
        ]
      },
      "properties": {
        "transect_id": 4,
        "elev_lowestmode": 285.25,
        "elev_dem": 286.0,
        "rh100": 21.72,
        "quality_flag": 1,
        "beam": "BEAM05"
      }
    },
    {
      "type": "Feature",
      "geometry": {
        "type": "Point",
        "coordinates": [
          -70.102126,
          -12.561625
        ]
      },
      "properties": {
        "transect_id": 4,
        "elev_lowestmode": 289.0400085449219,
        "elev_dem": 290.0,
        "rh100": 20.35,
        "quality_flag": 0,
        "beam": "BEAM05"
      }
    },
    {
      "type": "Feature",
      "geometry": {
        "type": "Point",
        "coordinates": [
          -70.102203,
          -12.5614
        ]
      },
      "properties": {
        "transect_id": 4,
        "elev_lowestmode": 290.010009765625,
        "elev_dem": 290.0,
        "rh100": 32.82,
        "quality_flag": 1,
        "beam": "BEAM05"
      }
    },
    {
      "type": "Feature",
      "geometry": {
        "type": "Point",
        "coordinates": [
          -70.101777,
          -12.561175
        ]
      },
      "properties": {
        "transect_id": 4,
        "elev_lowestmode": 288.45001220703125,
        "elev_dem": 289.0,
        "rh100": 27.82,
        "quality_flag": 1,
        "beam": "BEAM05"
      }
    },
    {
      "type": "Feature",
      "geometry": {
        "type": "Point",
        "coordinates": [
          -70.102199,
          -12.56095
        ]
      },
      "properties": {
        "transect_id": 4,
        "elev_lowestmode": 289.6199951171875,
        "elev_dem": 290.0,
        "rh100": 33.46,
        "quality_flag": 1,
        "beam": "BEAM05"
      }
    },
    {
      "type": "Feature",
      "geometry": {
        "type": "Point",
        "coordinates": [
          -70.102804,
          -12.560724
        ]
      },
      "properties": {
        "transect_id": 4,
        "elev_lowestmode": 290.29998779296875,
        "elev_dem": 289.0,
        "rh100": 26.24,
        "quality_flag": 1,
        "beam": "BEAM05"
      }
    },
    {
      "type": "Feature",
      "geometry": {
        "type": "Point",
        "coordinates": [
          -70.101558,
          -12.560499
        ]
      },
      "properties": {
        "transect_id": 4,
        "elev_lowestmode": 288.6499938964844,
        "elev_dem": 288.0,
        "rh100": 28.2,
        "quality_flag": 0,
        "beam": "BEAM05"
      }
    },
    {
      "type": "Feature",
      "geometry": {
        "type": "Point",
        "coordinates": [
          -70.101747,
          -12.560274
        ]
      },
      "properties": {
        "transect_id": 4,
        "elev_lowestmode": 289.9800109863281,
        "elev_dem": 290.0,
        "rh100": 21.61,
        "quality_flag": 1,
        "beam": "BEAM05"
      }
    },
    {
      "type": "Feature",
      "geometry": {
        "type": "Point",
        "coordinates": [
          -70.102618,
          -12.560049
        ]
      },
      "properties": {
        "transect_id": 4,
        "elev_lowestmode": 284.8900146484375,
        "elev_dem": 285.0,
        "rh100": 26.08,
        "quality_flag": 1,
        "beam": "BEAM05"
      }
    },
    {
      "type": "Feature",
      "geometry": {
        "type": "Point",
        "coordinates": [
          -70.102717,
          -12.559824
        ]
      },
      "properties": {
        "transect_id": 4,
        "elev_lowestmode": 288.70001220703125,
        "elev_dem": 288.0,
        "rh100": 28.14,
        "quality_flag": 1,
        "beam": "BEAM05"
      }
    },
    {
      "type": "Feature",
      "geometry": {
        "type": "Point",
        "coordinates": [
          -70.100962,
          -12.559598
        ]
      },
      "properties": {
        "transect_id": 4,
        "elev_lowestmode": 285.0400085449219,
        "elev_dem": 286.0,
        "rh100": 24.41,
        "quality_flag": 1,
        "beam": "BEAM05"
      }
    },
    {
      "type": "Feature",
      "geometry": {
        "type": "Point",
        "coordinates": [
          -70.10094,
          -12.559373
        ]
      },
      "properties": {
        "transect_id": 4,
        "elev_lowestmode": 283.2099914550781,
        "elev_dem": 285.0,
        "rh100": 24.78,
        "quality_flag": 0,
        "beam": "BEAM05"
      }
    },
    {
      "type": "Feature",
      "geometry": {
        "type": "Point",
        "coordinates": [
          -70.101186,
          -12.559148
        ]
      },
      "properties": {
        "transect_id": 4,
        "elev_lowestmode": 287.7300109863281,
        "elev_dem": 286.0,
        "rh100": 32.56,
        "quality_flag": 1,
        "beam": "BEAM05"
      }
    },
    {
      "type": "Feature",
      "geometry": {
        "type": "Point",
        "coordinates": [
          -70.101502,
          -12.558923
        ]
      },
      "properties": {
        "transect_id": 4,
        "elev_lowestmode": 287.82000732421875,
        "elev_dem": 287.0,
        "rh100": 27.75,
        "quality_flag": 1,
        "beam": "BEAM05"
      }
    },
    {
      "type": "Feature",
      "geometry": {
        "type": "Point",
        "coordinates": [
          -70.102129,
          -12.558697
        ]
      },
      "properties": {
        "transect_id": 4,
        "elev_lowestmode": 290.2300109863281,
        "elev_dem": 289.0,
        "rh100": 31.16,
        "quality_flag": 1,
        "beam": "BEAM05"
      }
    },
    {
      "type": "Feature",
      "geometry": {
        "type": "Point",
        "coordinates": [
          -70.101897,
          -12.558472
        ]
      },
      "properties": {
        "transect_id": 4,
        "elev_lowestmode": 291.8500061035156,
        "elev_dem": 292.0,
        "rh100": 26.37,
        "quality_flag": 1,
        "beam": "BEAM05"
      }
    },
    {
      "type": "Feature",
      "geometry": {
        "type": "Point",
        "coordinates": [
          -70.101355,
          -12.558247
        ]
      },
      "properties": {
        "transect_id": 4,
        "elev_lowestmode": 287.80999755859375,
        "elev_dem": 288.0,
        "rh100": 28.66,
        "quality_flag": 1,
        "beam": "BEAM05"
      }
    },
    {
      "type": "Feature",
      "geometry": {
        "type": "Point",
        "coordinates": [
          -70.102255,
          -12.558022
        ]
      },
      "properties": {
        "transect_id": 4,
        "elev_lowestmode": 291.6300048828125,
        "elev_dem": 292.0,
        "rh100": 27.82,
        "quality_flag": 1,
        "beam": "BEAM05"
      }
    },
    {
      "type": "Feature",
      "geometry": {
        "type": "Point",
        "coordinates": [
          -70.102095,
          -12.557797
        ]
      },
      "properties": {
        "transect_id": 4,
        "elev_lowestmode": 288.8299865722656,
        "elev_dem": 291.0,
        "rh100": 29.17,
        "quality_flag": 1,
        "beam": "BEAM05"
      }
    },
    {
      "type": "Feature",
      "geometry": {
        "type": "Point",
        "coordinates": [
          -70.101272,
          -12.557571
        ]
      },
      "properties": {
        "transect_id": 4,
        "elev_lowestmode": 296.94000244140625,
        "elev_dem": 296.0,
        "rh100": 34.22,
        "quality_flag": 1,
        "beam": "BEAM05"
      }
    },
    {
      "type": "Feature",
      "geometry": {
        "type": "Point",
        "coordinates": [
          -70.101281,
          -12.557346
        ]
      },
      "properties": {
        "transect_id": 4,
        "elev_lowestmode": 297.3599853515625,
        "elev_dem": 296.0,
        "rh100": 21.45,
        "quality_flag": 1,
        "beam": "BEAM05"
      }
    },
    {
      "type": "Feature",
      "geometry": {
        "type": "Point",
        "coordinates": [
          -70.101424,
          -12.557121
        ]
      },
      "properties": {
        "transect_id": 4,
        "elev_lowestmode": 296.6099853515625,
        "elev_dem": 296.0,
        "rh100": 25.6,
        "quality_flag": 1,
        "beam": "BEAM05"
      }
    },
    {
      "type": "Feature",
      "geometry": {
        "type": "Point",
        "coordinates": [
          -70.102048,
          -12.556896
        ]
      },
      "properties": {
        "transect_id": 4,
        "elev_lowestmode": 289.57000732421875,
        "elev_dem": 290.0,
        "rh100": 23.66,
        "quality_flag": 1,
        "beam": "BEAM05"
      }
    },
    {
      "type": "Feature",
      "geometry": {
        "type": "Point",
        "coordinates": [
          -70.102326,
          -12.55667
        ]
      },
      "properties": {
        "transect_id": 4,
        "elev_lowestmode": 286.8299865722656,
        "elev_dem": 288.0,
        "rh100": 32.52,
        "quality_flag": 1,
        "beam": "BEAM05"
      }
    },
    {
      "type": "Feature",
      "geometry": {
        "type": "Point",
        "coordinates": [
          -70.102482,
          -12.556445
        ]
      },
      "properties": {
        "transect_id": 4,
        "elev_lowestmode": 289.45001220703125,
        "elev_dem": 288.0,
        "rh100": 30.62,
        "quality_flag": 1,
        "beam": "BEAM05"
      }
    },
    {
      "type": "Feature",
      "geometry": {
        "type": "Point",
        "coordinates": [
          -70.101985,
          -12.55622
        ]
      },
      "properties": {
        "transect_id": 4,
        "elev_lowestmode": 284.57000732421875,
        "elev_dem": 286.0,
        "rh100": 23.26,
        "quality_flag": 1,
        "beam": "BEAM05"
      }
    },
    {
      "type": "Feature",
      "geometry": {
        "type": "Point",
        "coordinates": [
          -70.102396,
          -12.555995
        ]
      },
      "properties": {
        "transect_id": 4,
        "elev_lowestmode": 287.760009765625,
        "elev_dem": 288.0,
        "rh100": 21.38,
        "quality_flag": 1,
        "beam": "BEAM05"
      }
    },
    {
      "type": "Feature",
      "geometry": {
        "type": "Point",
        "coordinates": [
          -70.10261,
          -12.55577
        ]
      },
      "properties": {
        "transect_id": 4,
        "elev_lowestmode": 288.55999755859375,
        "elev_dem": 288.0,
        "rh100": 24.45,
        "quality_flag": 0,
        "beam": "BEAM05"
      }
    },
    {
      "type": "Feature",
      "geometry": {
        "type": "Point",
        "coordinates": [
          -70.100937,
          -12.555544
        ]
      },
      "properties": {
        "transect_id": 4,
        "elev_lowestmode": 277.29998779296875,
        "elev_dem": 278.0,
        "rh100": 31.78,
        "quality_flag": 1,
        "beam": "BEAM05"
      }
    },
    {
      "type": "Feature",
      "geometry": {
        "type": "Point",
        "coordinates": [
          -70.102296,
          -12.555319
        ]
      },
      "properties": {
        "transect_id": 4,
        "elev_lowestmode": 289.8699951171875,
        "elev_dem": 289.0,
        "rh100": 21.9,
        "quality_flag": 1,
        "beam": "BEAM05"
      }
    },
    {
      "type": "Feature",
      "geometry": {
        "type": "Point",
        "coordinates": [
          -70.101642,
          -12.555094
        ]
      },
      "properties": {
        "transect_id": 4,
        "elev_lowestmode": 292.3999938964844,
        "elev_dem": 293.0,
        "rh100": 20.81,
        "quality_flag": 1,
        "beam": "BEAM05"
      }
    },
    {
      "type": "Feature",
      "geometry": {
        "type": "Point",
        "coordinates": [
          -70.102501,
          -12.554869
        ]
      },
      "properties": {
        "transect_id": 4,
        "elev_lowestmode": 289.0299987792969,
        "elev_dem": 289.0,
        "rh100": 31.1,
        "quality_flag": 1,
        "beam": "BEAM05"
      }
    },
    {
      "type": "Feature",
      "geometry": {
        "type": "Point",
        "coordinates": [
          -70.101331,
          -12.554643
        ]
      },
      "properties": {
        "transect_id": 4,
        "elev_lowestmode": 289.989990234375,
        "elev_dem": 289.0,
        "rh100": 24.57,
        "quality_flag": 1,
        "beam": "BEAM05"
      }
    },
    {
      "type": "Feature",
      "geometry": {
        "type": "Point",
        "coordinates": [
          -70.102363,
          -12.554418
        ]
      },
      "properties": {
        "transect_id": 4,
        "elev_lowestmode": 285.6099853515625,
        "elev_dem": 287.0,
        "rh100": 34.74,
        "quality_flag": 1,
        "beam": "BEAM05"
      }
    },
    {
      "type": "Feature",
      "geometry": {
        "type": "Point",
        "coordinates": [
          -70.102504,
          -12.554193
        ]
      },
      "properties": {
        "transect_id": 4,
        "elev_lowestmode": 286.79998779296875,
        "elev_dem": 285.0,
        "rh100": 21.22,
        "quality_flag": 1,
        "beam": "BEAM05"
      }
    },
    {
      "type": "Feature",
      "geometry": {
        "type": "Point",
        "coordinates": [
          -70.10109,
          -12.553968
        ]
      },
      "properties": {
        "transect_id": 4,
        "elev_lowestmode": 286.8599853515625,
        "elev_dem": 287.0,
        "rh100": 27.13,
        "quality_flag": 1,
        "beam": "BEAM05"
      }
    },
    {
      "type": "Feature",
      "geometry": {
        "type": "Point",
        "coordinates": [
          -70.101471,
          -12.553742
        ]
      },
      "properties": {
        "transect_id": 4,
        "elev_lowestmode": 283.94000244140625,
        "elev_dem": 283.0,
        "rh100": 33.87,
        "quality_flag": 0,
        "beam": "BEAM05"
      }
    },
    {
      "type": "Feature",
      "geometry": {
        "type": "Point",
        "coordinates": [
          -70.102295,
          -12.553517
        ]
      },
      "properties": {
        "transect_id": 4,
        "elev_lowestmode": 281.4100036621094,
        "elev_dem": 282.0,
        "rh100": 23.92,
        "quality_flag": 1,
        "beam": "BEAM05"
      }
    },
    {
      "type": "Feature",
      "geometry": {
        "type": "Point",
        "coordinates": [
          -70.101931,
          -12.553292
        ]
      },
      "properties": {
        "transect_id": 4,
        "elev_lowestmode": 282.5299987792969,
        "elev_dem": 282.0,
        "rh100": 29.65,
        "quality_flag": 1,
        "beam": "BEAM05"
      }
    },
    {
      "type": "Feature",
      "geometry": {
        "type": "Point",
        "coordinates": [
          -70.102285,
          -12.553067
        ]
      },
      "properties": {
        "transect_id": 4,
        "elev_lowestmode": 284.79998779296875,
        "elev_dem": 284.0,
        "rh100": 28.04,
        "quality_flag": 1,
        "beam": "BEAM05"
      }
    },
    {
      "type": "Feature",
      "geometry": {
        "type": "Point",
        "coordinates": [
          -70.10216,
          -12.552842
        ]
      },
      "properties": {
        "transect_id": 4,
        "elev_lowestmode": 289.67999267578125,
        "elev_dem": 288.0,
        "rh100": 20.01,
        "quality_flag": 1,
        "beam": "BEAM05"
      }
    },
    {
      "type": "Feature",
      "geometry": {
        "type": "Point",
        "coordinates": [
          -70.10192,
          -12.552616
        ]
      },
      "properties": {
        "transect_id": 4,
        "elev_lowestmode": 289.5899963378906,
        "elev_dem": 288.0,
        "rh100": 34.23,
        "quality_flag": 1,
        "beam": "BEAM05"
      }
    },
    {
      "type": "Feature",
      "geometry": {
        "type": "Point",
        "coordinates": [
          -70.101087,
          -12.552391
        ]
      },
      "properties": {
        "transect_id": 4,
        "elev_lowestmode": 293.1000061035156,
        "elev_dem": 293.0,
        "rh100": 21.43,
        "quality_flag": 1,
        "beam": "BEAM05"
      }
    },
    {
      "type": "Feature",
      "geometry": {
        "type": "Point",
        "coordinates": [
          -70.102817,
          -12.552166
        ]
      },
      "properties": {
        "transect_id": 4,
        "elev_lowestmode": 292.6600036621094,
        "elev_dem": 292.0,
        "rh100": 29.88,
        "quality_flag": 1,
        "beam": "BEAM05"
      }
    },
    {
      "type": "Feature",
      "geometry": {
        "type": "Point",
        "coordinates": [
          -70.101846,
          -12.551941
        ]
      },
      "properties": {
        "transect_id": 4,
        "elev_lowestmode": 289.0199890136719,
        "elev_dem": 288.0,
        "rh100": 23.81,
        "quality_flag": 1,
        "beam": "BEAM05"
      }
    },
    {
      "type": "Feature",
      "geometry": {
        "type": "Point",
        "coordinates": [
          -70.101678,
          -12.551715
        ]
      },
      "properties": {
        "transect_id": 4,
        "elev_lowestmode": 289.5299987792969,
        "elev_dem": 289.0,
        "rh100": 22.24,
        "quality_flag": 1,
        "beam": "BEAM05"
      }
    },
    {
      "type": "Feature",
      "geometry": {
        "type": "Point",
        "coordinates": [
          -70.101121,
          -12.55149
        ]
      },
      "properties": {
        "transect_id": 4,
        "elev_lowestmode": 282.9200134277344,
        "elev_dem": 284.0,
        "rh100": 26.34,
        "quality_flag": 1,
        "beam": "BEAM05"
      }
    },
    {
      "type": "Feature",
      "geometry": {
        "type": "Point",
        "coordinates": [
          -70.101291,
          -12.551265
        ]
      },
      "properties": {
        "transect_id": 4,
        "elev_lowestmode": 285.82000732421875,
        "elev_dem": 283.0,
        "rh100": 20.21,
        "quality_flag": 1,
        "beam": "BEAM05"
      }
    },
    {
      "type": "Feature",
      "geometry": {
        "type": "Point",
        "coordinates": [
          -70.101345,
          -12.55104
        ]
      },
      "properties": {
        "transect_id": 4,
        "elev_lowestmode": 278.54998779296875,
        "elev_dem": 279.0,
        "rh100": 33.39,
        "quality_flag": 1,
        "beam": "BEAM05"
      }
    },
    {
      "type": "Feature",
      "geometry": {
        "type": "Point",
        "coordinates": [
          -70.101593,
          -12.550815
        ]
      },
      "properties": {
        "transect_id": 4,
        "elev_lowestmode": 279.0400085449219,
        "elev_dem": 279.0,
        "rh100": 25.5,
        "quality_flag": 1,
        "beam": "BEAM05"
      }
    },
    {
      "type": "Feature",
      "geometry": {
        "type": "Point",
        "coordinates": [
          -70.100935,
          -12.550589
        ]
      },
      "properties": {
        "transect_id": 4,
        "elev_lowestmode": 280.5199890136719,
        "elev_dem": 279.0,
        "rh100": 33.7,
        "quality_flag": 1,
        "beam": "BEAM05"
      }
    },
    {
      "type": "Feature",
      "geometry": {
        "type": "Point",
        "coordinates": [
          -70.102498,
          -12.550364
        ]
      },
      "properties": {
        "transect_id": 4,
        "elev_lowestmode": 292.0400085449219,
        "elev_dem": 292.0,
        "rh100": 20.44,
        "quality_flag": 0,
        "beam": "BEAM05"
      }
    },
    {
      "type": "Feature",
      "geometry": {
        "type": "Point",
        "coordinates": [
          -70.101604,
          -12.550139
        ]
      },
      "properties": {
        "transect_id": 4,
        "elev_lowestmode": 288.489990234375,
        "elev_dem": 289.0,
        "rh100": 25.65,
        "quality_flag": 1,
        "beam": "BEAM05"
      }
    },
    {
      "type": "Feature",
      "geometry": {
        "type": "Point",
        "coordinates": [
          -70.102101,
          -12.549914
        ]
      },
      "properties": {
        "transect_id": 4,
        "elev_lowestmode": 290.9700012207031,
        "elev_dem": 292.0,
        "rh100": 29.94,
        "quality_flag": 1,
        "beam": "BEAM05"
      }
    },
    {
      "type": "Feature",
      "geometry": {
        "type": "Point",
        "coordinates": [
          -70.10227,
          -12.549688
        ]
      },
      "properties": {
        "transect_id": 4,
        "elev_lowestmode": 292.9800109863281,
        "elev_dem": 293.0,
        "rh100": 32.88,
        "quality_flag": 1,
        "beam": "BEAM05"
      }
    },
    {
      "type": "Feature",
      "geometry": {
        "type": "Point",
        "coordinates": [
          -70.10097,
          -12.549463
        ]
      },
      "properties": {
        "transect_id": 4,
        "elev_lowestmode": 282.19000244140625,
        "elev_dem": 283.0,
        "rh100": 23.17,
        "quality_flag": 1,
        "beam": "BEAM05"
      }
    },
    {
      "type": "Feature",
      "geometry": {
        "type": "Point",
        "coordinates": [
          -70.102504,
          -12.549238
        ]
      },
      "properties": {
        "transect_id": 4,
        "elev_lowestmode": 291.70001220703125,
        "elev_dem": 292.0,
        "rh100": 34.15,
        "quality_flag": 1,
        "beam": "BEAM05"
      }
    },
    {
      "type": "Feature",
      "geometry": {
        "type": "Point",
        "coordinates": [
          -70.101072,
          -12.549013
        ]
      },
      "properties": {
        "transect_id": 4,
        "elev_lowestmode": 283.55999755859375,
        "elev_dem": 283.0,
        "rh100": 33.61,
        "quality_flag": 1,
        "beam": "BEAM05"
      }
    },
    {
      "type": "Feature",
      "geometry": {
        "type": "Point",
        "coordinates": [
          -70.101815,
          -12.548788
        ]
      },
      "properties": {
        "transect_id": 4,
        "elev_lowestmode": 286.5899963378906,
        "elev_dem": 287.0,
        "rh100": 31.58,
        "quality_flag": 1,
        "beam": "BEAM05"
      }
    },
    {
      "type": "Feature",
      "geometry": {
        "type": "Point",
        "coordinates": [
          -70.101576,
          -12.548562
        ]
      },
      "properties": {
        "transect_id": 4,
        "elev_lowestmode": 284.5299987792969,
        "elev_dem": 285.0,
        "rh100": 34.66,
        "quality_flag": 1,
        "beam": "BEAM05"
      }
    },
    {
      "type": "Feature",
      "geometry": {
        "type": "Point",
        "coordinates": [
          -70.102544,
          -12.548337
        ]
      },
      "properties": {
        "transect_id": 4,
        "elev_lowestmode": 285.6600036621094,
        "elev_dem": 287.0,
        "rh100": 25.27,
        "quality_flag": 1,
        "beam": "BEAM05"
      }
    },
    {
      "type": "Feature",
      "geometry": {
        "type": "Point",
        "coordinates": [
          -70.101379,
          -12.548112
        ]
      },
      "properties": {
        "transect_id": 4,
        "elev_lowestmode": 284.6199951171875,
        "elev_dem": 284.0,
        "rh100": 21.12,
        "quality_flag": 1,
        "beam": "BEAM05"
      }
    },
    {
      "type": "Feature",
      "geometry": {
        "type": "Point",
        "coordinates": [
          -70.101263,
          -12.547887
        ]
      },
      "properties": {
        "transect_id": 4,
        "elev_lowestmode": 286.260009765625,
        "elev_dem": 286.0,
        "rh100": 26.17,
        "quality_flag": 1,
        "beam": "BEAM05"
      }
    },
    {
      "type": "Feature",
      "geometry": {
        "type": "Point",
        "coordinates": [
          -70.102169,
          -12.547661
        ]
      },
      "properties": {
        "transect_id": 4,
        "elev_lowestmode": 284.4700012207031,
        "elev_dem": 285.0,
        "rh100": 20.06,
        "quality_flag": 1,
        "beam": "BEAM05"
      }
    },
    {
      "type": "Feature",
      "geometry": {
        "type": "Point",
        "coordinates": [
          -70.10228,
          -12.547436
        ]
      },
      "properties": {
        "transect_id": 4,
        "elev_lowestmode": 285.95001220703125,
        "elev_dem": 285.0,
        "rh100": 33.71,
        "quality_flag": 1,
        "beam": "BEAM05"
      }
    },
    {
      "type": "Feature",
      "geometry": {
        "type": "Point",
        "coordinates": [
          -70.101273,
          -12.547211
        ]
      },
      "properties": {
        "transect_id": 4,
        "elev_lowestmode": 287.8599853515625,
        "elev_dem": 288.0,
        "rh100": 30.86,
        "quality_flag": 1,
        "beam": "BEAM05"
      }
    },
    {
      "type": "Feature",
      "geometry": {
        "type": "Point",
        "coordinates": [
          -70.102539,
          -12.546986
        ]
      },
      "properties": {
        "transect_id": 4,
        "elev_lowestmode": 276.2900085449219,
        "elev_dem": 276.0,
        "rh100": 32.65,
        "quality_flag": 1,
        "beam": "BEAM05"
      }
    },
    {
      "type": "Feature",
      "geometry": {
        "type": "Point",
        "coordinates": [
          -70.101899,
          -12.546761
        ]
      },
      "properties": {
        "transect_id": 4,
        "elev_lowestmode": 279.3900146484375,
        "elev_dem": 280.0,
        "rh100": 27.17,
        "quality_flag": 1,
        "beam": "BEAM05"
      }
    },
    {
      "type": "Feature",
      "geometry": {
        "type": "Point",
        "coordinates": [
          -70.101561,
          -12.546535
        ]
      },
      "properties": {
        "transect_id": 4,
        "elev_lowestmode": 280.2799987792969,
        "elev_dem": 282.0,
        "rh100": 23.72,
        "quality_flag": 1,
        "beam": "BEAM05"
      }
    },
    {
      "type": "Feature",
      "geometry": {
        "type": "Point",
        "coordinates": [
          -70.102201,
          -12.54631
        ]
      },
      "properties": {
        "transect_id": 4,
        "elev_lowestmode": 277.1700134277344,
        "elev_dem": 277.0,
        "rh100": 23.87,
        "quality_flag": 1,
        "beam": "BEAM05"
      }
    },
    {
      "type": "Feature",
      "geometry": {
        "type": "Point",
        "coordinates": [
          -70.1026,
          -12.546085
        ]
      },
      "properties": {
        "transect_id": 4,
        "elev_lowestmode": 281.4200134277344,
        "elev_dem": 280.0,
        "rh100": 33.88,
        "quality_flag": 1,
        "beam": "BEAM05"
      }
    },
    {
      "type": "Feature",
      "geometry": {
        "type": "Point",
        "coordinates": [
          -70.102336,
          -12.54586
        ]
      },
      "properties": {
        "transect_id": 4,
        "elev_lowestmode": 271.3500061035156,
        "elev_dem": 271.0,
        "rh100": 26.21,
        "quality_flag": 1,
        "beam": "BEAM05"
      }
    },
    {
      "type": "Feature",
      "geometry": {
        "type": "Point",
        "coordinates": [
          -70.101322,
          -12.545634
        ]
      },
      "properties": {
        "transect_id": 4,
        "elev_lowestmode": 269.3900146484375,
        "elev_dem": 270.0,
        "rh100": 22.11,
        "quality_flag": 1,
        "beam": "BEAM05"
      }
    },
    {
      "type": "Feature",
      "geometry": {
        "type": "Point",
        "coordinates": [
          -70.101411,
          -12.545409
        ]
      },
      "properties": {
        "transect_id": 4,
        "elev_lowestmode": 273.7799987792969,
        "elev_dem": 274.0,
        "rh100": 29.89,
        "quality_flag": 1,
        "beam": "BEAM05"
      }
    },
    {
      "type": "Feature",
      "geometry": {
        "type": "Point",
        "coordinates": [
          -70.101597,
          -12.545184
        ]
      },
      "properties": {
        "transect_id": 4,
        "elev_lowestmode": 273.5299987792969,
        "elev_dem": 274.0,
        "rh100": 29.62,
        "quality_flag": 1,
        "beam": "BEAM05"
      }
    },
    {
      "type": "Feature",
      "geometry": {
        "type": "Point",
        "coordinates": [
          -70.101093,
          -12.544959
        ]
      },
      "properties": {
        "transect_id": 4,
        "elev_lowestmode": 278.8800048828125,
        "elev_dem": 277.0,
        "rh100": 28.12,
        "quality_flag": 1,
        "beam": "BEAM05"
      }
    },
    {
      "type": "Feature",
      "geometry": {
        "type": "Point",
        "coordinates": [
          -70.101402,
          -12.544733
        ]
      },
      "properties": {
        "transect_id": 4,
        "elev_lowestmode": 276.7699890136719,
        "elev_dem": 279.0,
        "rh100": 23.9,
        "quality_flag": 1,
        "beam": "BEAM05"
      }
    },
    {
      "type": "Feature",
      "geometry": {
        "type": "Point",
        "coordinates": [
          -70.102638,
          -12.544508
        ]
      },
      "properties": {
        "transect_id": 4,
        "elev_lowestmode": 277.95001220703125,
        "elev_dem": 280.0,
        "rh100": 30.61,
        "quality_flag": 1,
        "beam": "BEAM05"
      }
    },
    {
      "type": "Feature",
      "geometry": {
        "type": "Point",
        "coordinates": [
          -70.102018,
          -12.544283
        ]
      },
      "properties": {
        "transect_id": 4,
        "elev_lowestmode": 278.05999755859375,
        "elev_dem": 279.0,
        "rh100": 21.5,
        "quality_flag": 1,
        "beam": "BEAM05"
      }
    },
    {
      "type": "Feature",
      "geometry": {
        "type": "Point",
        "coordinates": [
          -70.102186,
          -12.544058
        ]
      },
      "properties": {
        "transect_id": 4,
        "elev_lowestmode": 279.04998779296875,
        "elev_dem": 278.0,
        "rh100": 32.86,
        "quality_flag": 1,
        "beam": "BEAM05"
      }
    },
    {
      "type": "Feature",
      "geometry": {
        "type": "Point",
        "coordinates": [
          -70.102121,
          -12.543833
        ]
      },
      "properties": {
        "transect_id": 4,
        "elev_lowestmode": 278.0400085449219,
        "elev_dem": 278.0,
        "rh100": 31.19,
        "quality_flag": 1,
        "beam": "BEAM05"
      }
    },
    {
      "type": "Feature",
      "geometry": {
        "type": "Point",
        "coordinates": [
          -70.101534,
          -12.543607
        ]
      },
      "properties": {
        "transect_id": 4,
        "elev_lowestmode": 279.2799987792969,
        "elev_dem": 278.0,
        "rh100": 31.79,
        "quality_flag": 1,
        "beam": "BEAM05"
      }
    },
    {
      "type": "Feature",
      "geometry": {
        "type": "Point",
        "coordinates": [
          -70.100995,
          -12.543382
        ]
      },
      "properties": {
        "transect_id": 4,
        "elev_lowestmode": 275.4200134277344,
        "elev_dem": 275.0,
        "rh100": 22.6,
        "quality_flag": 1,
        "beam": "BEAM05"
      }
    },
    {
      "type": "Feature",
      "geometry": {
        "type": "Point",
        "coordinates": [
          -70.101383,
          -12.543157
        ]
      },
      "properties": {
        "transect_id": 4,
        "elev_lowestmode": 274.05999755859375,
        "elev_dem": 275.0,
        "rh100": 29.0,
        "quality_flag": 1,
        "beam": "BEAM05"
      }
    },
    {
      "type": "Feature",
      "geometry": {
        "type": "Point",
        "coordinates": [
          -70.101554,
          -12.542932
        ]
      },
      "properties": {
        "transect_id": 4,
        "elev_lowestmode": 274.6700134277344,
        "elev_dem": 275.0,
        "rh100": 25.75,
        "quality_flag": 1,
        "beam": "BEAM05"
      }
    },
    {
      "type": "Feature",
      "geometry": {
        "type": "Point",
        "coordinates": [
          -70.101238,
          -12.542706
        ]
      },
      "properties": {
        "transect_id": 4,
        "elev_lowestmode": 266.1300048828125,
        "elev_dem": 266.0,
        "rh100": 31.25,
        "quality_flag": 1,
        "beam": "BEAM05"
      }
    },
    {
      "type": "Feature",
      "geometry": {
        "type": "Point",
        "coordinates": [
          -70.101711,
          -12.542481
        ]
      },
      "properties": {
        "transect_id": 4,
        "elev_lowestmode": 266.5,
        "elev_dem": 266.0,
        "rh100": 20.65,
        "quality_flag": 1,
        "beam": "BEAM05"
      }
    },
    {
      "type": "Feature",
      "geometry": {
        "type": "Point",
        "coordinates": [
          -70.101413,
          -12.542256
        ]
      },
      "properties": {
        "transect_id": 4,
        "elev_lowestmode": 255.39999389648438,
        "elev_dem": 254.0,
        "rh100": 26.68,
        "quality_flag": 1,
        "beam": "BEAM05"
      }
    },
    {
      "type": "Feature",
      "geometry": {
        "type": "Point",
        "coordinates": [
          -70.100928,
          -12.542031
        ]
      },
      "properties": {
        "transect_id": 4,
        "elev_lowestmode": 247.17999267578125,
        "elev_dem": 247.0,
        "rh100": 34.0,
        "quality_flag": 1,
        "beam": "BEAM05"
      }
    },
    {
      "type": "Feature",
      "geometry": {
        "type": "Point",
        "coordinates": [
          -70.102244,
          -12.541806
        ]
      },
      "properties": {
        "transect_id": 4,
        "elev_lowestmode": 250.1699981689453,
        "elev_dem": 251.0,
        "rh100": 25.53,
        "quality_flag": 1,
        "beam": "BEAM05"
      }
    },
    {
      "type": "Feature",
      "geometry": {
        "type": "Point",
        "coordinates": [
          -70.101787,
          -12.54158
        ]
      },
      "properties": {
        "transect_id": 4,
        "elev_lowestmode": 246.9600067138672,
        "elev_dem": 247.0,
        "rh100": 30.14,
        "quality_flag": 1,
        "beam": "BEAM05"
      }
    },
    {
      "type": "Feature",
      "geometry": {
        "type": "Point",
        "coordinates": [
          -70.102033,
          -12.541355
        ]
      },
      "properties": {
        "transect_id": 4,
        "elev_lowestmode": 249.50999450683594,
        "elev_dem": 250.0,
        "rh100": 22.71,
        "quality_flag": 1,
        "beam": "BEAM05"
      }
    },
    {
      "type": "Feature",
      "geometry": {
        "type": "Point",
        "coordinates": [
          -70.101383,
          -12.54113
        ]
      },
      "properties": {
        "transect_id": 4,
        "elev_lowestmode": 249.0800018310547,
        "elev_dem": 248.0,
        "rh100": 26.55,
        "quality_flag": 1,
        "beam": "BEAM05"
      }
    },
    {
      "type": "Feature",
      "geometry": {
        "type": "Point",
        "coordinates": [
          -70.100948,
          -12.540905
        ]
      },
      "properties": {
        "transect_id": 4,
        "elev_lowestmode": 248.66000366210938,
        "elev_dem": 250.0,
        "rh100": 24.94,
        "quality_flag": 1,
        "beam": "BEAM05"
      }
    },
    {
      "type": "Feature",
      "geometry": {
        "type": "Point",
        "coordinates": [
          -70.102348,
          -12.540679
        ]
      },
      "properties": {
        "transect_id": 4,
        "elev_lowestmode": 250.00999450683594,
        "elev_dem": 249.0,
        "rh100": 23.1,
        "quality_flag": 0,
        "beam": "BEAM05"
      }
    },
    {
      "type": "Feature",
      "geometry": {
        "type": "Point",
        "coordinates": [
          -70.101559,
          -12.540454
        ]
      },
      "properties": {
        "transect_id": 4,
        "elev_lowestmode": 245.74000549316406,
        "elev_dem": 246.0,
        "rh100": 21.16,
        "quality_flag": 1,
        "beam": "BEAM05"
      }
    },
    {
      "type": "Feature",
      "geometry": {
        "type": "Point",
        "coordinates": [
          -70.101237,
          -12.540229
        ]
      },
      "properties": {
        "transect_id": 4,
        "elev_lowestmode": 243.38999938964844,
        "elev_dem": 245.0,
        "rh100": 23.45,
        "quality_flag": 0,
        "beam": "BEAM05"
      }
    },
    {
      "type": "Feature",
      "geometry": {
        "type": "Point",
        "coordinates": [
          -70.100944,
          -12.540004
        ]
      },
      "properties": {
        "transect_id": 4,
        "elev_lowestmode": 244.66000366210938,
        "elev_dem": 246.0,
        "rh100": 33.99,
        "quality_flag": 1,
        "beam": "BEAM05"
      }
    },
    {
      "type": "Feature",
      "geometry": {
        "type": "Point",
        "coordinates": [
          -70.096374,
          -12.599914
        ]
      },
      "properties": {
        "transect_id": 5,
        "elev_lowestmode": 245.6699981689453,
        "elev_dem": 246.0,
        "rh100": 25.78,
        "quality_flag": 1,
        "beam": "BEAM06"
      }
    },
    {
      "type": "Feature",
      "geometry": {
        "type": "Point",
        "coordinates": [
          -70.094726,
          -12.599688
        ]
      },
      "properties": {
        "transect_id": 5,
        "elev_lowestmode": 242.5399932861328,
        "elev_dem": 243.0,
        "rh100": 28.95,
        "quality_flag": 1,
        "beam": "BEAM06"
      }
    },
    {
      "type": "Feature",
      "geometry": {
        "type": "Point",
        "coordinates": [
          -70.09618,
          -12.599463
        ]
      },
      "properties": {
        "transect_id": 5,
        "elev_lowestmode": 242.60000610351562,
        "elev_dem": 242.0,
        "rh100": 33.51,
        "quality_flag": 1,
        "beam": "BEAM06"
      }
    },
    {
      "type": "Feature",
      "geometry": {
        "type": "Point",
        "coordinates": [
          -70.095571,
          -12.599238
        ]
      },
      "properties": {
        "transect_id": 5,
        "elev_lowestmode": 241.5399932861328,
        "elev_dem": 242.0,
        "rh100": 33.07,
        "quality_flag": 0,
        "beam": "BEAM06"
      }
    },
    {
      "type": "Feature",
      "geometry": {
        "type": "Point",
        "coordinates": [
          -70.095834,
          -12.599013
        ]
      },
      "properties": {
        "transect_id": 5,
        "elev_lowestmode": 242.0500030517578,
        "elev_dem": 242.0,
        "rh100": 20.7,
        "quality_flag": 1,
        "beam": "BEAM06"
      }
    },
    {
      "type": "Feature",
      "geometry": {
        "type": "Point",
        "coordinates": [
          -70.095687,
          -12.598788
        ]
      },
      "properties": {
        "transect_id": 5,
        "elev_lowestmode": 242.08999633789062,
        "elev_dem": 242.0,
        "rh100": 23.25,
        "quality_flag": 1,
        "beam": "BEAM06"
      }
    },
    {
      "type": "Feature",
      "geometry": {
        "type": "Point",
        "coordinates": [
          -70.09482,
          -12.598562
        ]
      },
      "properties": {
        "transect_id": 5,
        "elev_lowestmode": 236.3300018310547,
        "elev_dem": 238.0,
        "rh100": 27.0,
        "quality_flag": 1,
        "beam": "BEAM06"
      }
    },
    {
      "type": "Feature",
      "geometry": {
        "type": "Point",
        "coordinates": [
          -70.095299,
          -12.598337
        ]
      },
      "properties": {
        "transect_id": 5,
        "elev_lowestmode": 239.8000030517578,
        "elev_dem": 239.0,
        "rh100": 26.7,
        "quality_flag": 1,
        "beam": "BEAM06"
      }
    },
    {
      "type": "Feature",
      "geometry": {
        "type": "Point",
        "coordinates": [
          -70.095733,
          -12.598112
        ]
      },
      "properties": {
        "transect_id": 5,
        "elev_lowestmode": 243.1199951171875,
        "elev_dem": 243.0,
        "rh100": 32.71,
        "quality_flag": 0,
        "beam": "BEAM06"
      }
    },
    {
      "type": "Feature",
      "geometry": {
        "type": "Point",
        "coordinates": [
          -70.095498,
          -12.597887
        ]
      },
      "properties": {
        "transect_id": 5,
        "elev_lowestmode": 242.69000244140625,
        "elev_dem": 243.0,
        "rh100": 30.17,
        "quality_flag": 1,
        "beam": "BEAM06"
      }
    },
    {
      "type": "Feature",
      "geometry": {
        "type": "Point",
        "coordinates": [
          -70.094922,
          -12.597661
        ]
      },
      "properties": {
        "transect_id": 5,
        "elev_lowestmode": 242.44000244140625,
        "elev_dem": 242.0,
        "rh100": 26.68,
        "quality_flag": 1,
        "beam": "BEAM06"
      }
    },
    {
      "type": "Feature",
      "geometry": {
        "type": "Point",
        "coordinates": [
          -70.094679,
          -12.597436
        ]
      },
      "properties": {
        "transect_id": 5,
        "elev_lowestmode": 244.42999267578125,
        "elev_dem": 244.0,
        "rh100": 23.57,
        "quality_flag": 1,
        "beam": "BEAM06"
      }
    },
    {
      "type": "Feature",
      "geometry": {
        "type": "Point",
        "coordinates": [
          -70.095056,
          -12.597211
        ]
      },
      "properties": {
        "transect_id": 5,
        "elev_lowestmode": 245.47000122070312,
        "elev_dem": 245.0,
        "rh100": 24.68,
        "quality_flag": 1,
        "beam": "BEAM06"
      }
    },
    {
      "type": "Feature",
      "geometry": {
        "type": "Point",
        "coordinates": [
          -70.095946,
          -12.596986
        ]
      },
      "properties": {
        "transect_id": 5,
        "elev_lowestmode": 246.0800018310547,
        "elev_dem": 245.0,
        "rh100": 26.73,
        "quality_flag": 1,
        "beam": "BEAM06"
      }
    },
    {
      "type": "Feature",
      "geometry": {
        "type": "Point",
        "coordinates": [
          -70.096053,
          -12.596761
        ]
      },
      "properties": {
        "transect_id": 5,
        "elev_lowestmode": 245.0500030517578,
        "elev_dem": 244.0,
        "rh100": 28.58,
        "quality_flag": 1,
        "beam": "BEAM06"
      }
    },
    {
      "type": "Feature",
      "geometry": {
        "type": "Point",
        "coordinates": [
          -70.094732,
          -12.596535
        ]
      },
      "properties": {
        "transect_id": 5,
        "elev_lowestmode": 246.27999877929688,
        "elev_dem": 246.0,
        "rh100": 21.62,
        "quality_flag": 1,
        "beam": "BEAM06"
      }
    },
    {
      "type": "Feature",
      "geometry": {
        "type": "Point",
        "coordinates": [
          -70.094685,
          -12.59631
        ]
      },
      "properties": {
        "transect_id": 5,
        "elev_lowestmode": 243.8800048828125,
        "elev_dem": 245.0,
        "rh100": 20.86,
        "quality_flag": 1,
        "beam": "BEAM06"
      }
    },
    {
      "type": "Feature",
      "geometry": {
        "type": "Point",
        "coordinates": [
          -70.095202,
          -12.596085
        ]
      },
      "properties": {
        "transect_id": 5,
        "elev_lowestmode": 243.77000427246094,
        "elev_dem": 243.0,
        "rh100": 20.31,
        "quality_flag": 1,
        "beam": "BEAM06"
      }
    },
    {
      "type": "Feature",
      "geometry": {
        "type": "Point",
        "coordinates": [
          -70.09517,
          -12.59586
        ]
      },
      "properties": {
        "transect_id": 5,
        "elev_lowestmode": 241.02999877929688,
        "elev_dem": 241.0,
        "rh100": 23.26,
        "quality_flag": 1,
        "beam": "BEAM06"
      }
    },
    {
      "type": "Feature",
      "geometry": {
        "type": "Point",
        "coordinates": [
          -70.096435,
          -12.595634
        ]
      },
      "properties": {
        "transect_id": 5,
        "elev_lowestmode": 243.7899932861328,
        "elev_dem": 244.0,
        "rh100": 21.35,
        "quality_flag": 1,
        "beam": "BEAM06"
      }
    },
    {
      "type": "Feature",
      "geometry": {
        "type": "Point",
        "coordinates": [
          -70.095028,
          -12.595409
        ]
      },
      "properties": {
        "transect_id": 5,
        "elev_lowestmode": 240.63999938964844,
        "elev_dem": 241.0,
        "rh100": 20.75,
        "quality_flag": 0,
        "beam": "BEAM06"
      }
    },
    {
      "type": "Feature",
      "geometry": {
        "type": "Point",
        "coordinates": [
          -70.095103,
          -12.595184
        ]
      },
      "properties": {
        "transect_id": 5,
        "elev_lowestmode": 240.74000549316406,
        "elev_dem": 241.0,
        "rh100": 25.12,
        "quality_flag": 1,
        "beam": "BEAM06"
      }
    },
    {
      "type": "Feature",
      "geometry": {
        "type": "Point",
        "coordinates": [
          -70.095924,
          -12.594959
        ]
      },
      "properties": {
        "transect_id": 5,
        "elev_lowestmode": 243.52999877929688,
        "elev_dem": 244.0,
        "rh100": 20.35,
        "quality_flag": 1,
        "beam": "BEAM06"
      }
    },
    {
      "type": "Feature",
      "geometry": {
        "type": "Point",
        "coordinates": [
          -70.094641,
          -12.594733
        ]
      },
      "properties": {
        "transect_id": 5,
        "elev_lowestmode": 244.6999969482422,
        "elev_dem": 246.0,
        "rh100": 26.94,
        "quality_flag": 1,
        "beam": "BEAM06"
      }
    },
    {
      "type": "Feature",
      "geometry": {
        "type": "Point",
        "coordinates": [
          -70.094675,
          -12.594508
        ]
      },
      "properties": {
        "transect_id": 5,
        "elev_lowestmode": 243.9600067138672,
        "elev_dem": 245.0,
        "rh100": 34.44,
        "quality_flag": 1,
        "beam": "BEAM06"
      }
    },
    {
      "type": "Feature",
      "geometry": {
        "type": "Point",
        "coordinates": [
          -70.095929,
          -12.594283
        ]
      },
      "properties": {
        "transect_id": 5,
        "elev_lowestmode": 247.82000732421875,
        "elev_dem": 247.0,
        "rh100": 31.04,
        "quality_flag": 0,
        "beam": "BEAM06"
      }
    },
    {
      "type": "Feature",
      "geometry": {
        "type": "Point",
        "coordinates": [
          -70.094632,
          -12.594058
        ]
      },
      "properties": {
        "transect_id": 5,
        "elev_lowestmode": 244.13999938964844,
        "elev_dem": 245.0,
        "rh100": 30.89,
        "quality_flag": 1,
        "beam": "BEAM06"
      }
    },
    {
      "type": "Feature",
      "geometry": {
        "type": "Point",
        "coordinates": [
          -70.095947,
          -12.593833
        ]
      },
      "properties": {
        "transect_id": 5,
        "elev_lowestmode": 245.50999450683594,
        "elev_dem": 246.0,
        "rh100": 29.99,
        "quality_flag": 1,
        "beam": "BEAM06"
      }
    },
    {
      "type": "Feature",
      "geometry": {
        "type": "Point",
        "coordinates": [
          -70.095934,
          -12.593607
        ]
      },
      "properties": {
        "transect_id": 5,
        "elev_lowestmode": 247.74000549316406,
        "elev_dem": 247.0,
        "rh100": 27.82,
        "quality_flag": 0,
        "beam": "BEAM06"
      }
    },
    {
      "type": "Feature",
      "geometry": {
        "type": "Point",
        "coordinates": [
          -70.095477,
          -12.593382
        ]
      },
      "properties": {
        "transect_id": 5,
        "elev_lowestmode": 246.9600067138672,
        "elev_dem": 247.0,
        "rh100": 28.99,
        "quality_flag": 1,
        "beam": "BEAM06"
      }
    },
    {
      "type": "Feature",
      "geometry": {
        "type": "Point",
        "coordinates": [
          -70.096211,
          -12.593157
        ]
      },
      "properties": {
        "transect_id": 5,
        "elev_lowestmode": 242.30999755859375,
        "elev_dem": 244.0,
        "rh100": 20.36,
        "quality_flag": 0,
        "beam": "BEAM06"
      }
    },
    {
      "type": "Feature",
      "geometry": {
        "type": "Point",
        "coordinates": [
          -70.096229,
          -12.592932
        ]
      },
      "properties": {
        "transect_id": 5,
        "elev_lowestmode": 245.0399932861328,
        "elev_dem": 244.0,
        "rh100": 27.05,
        "quality_flag": 1,
        "beam": "BEAM06"
      }
    },
    {
      "type": "Feature",
      "geometry": {
        "type": "Point",
        "coordinates": [
          -70.095452,
          -12.592706
        ]
      },
      "properties": {
        "transect_id": 5,
        "elev_lowestmode": 247.32000732421875,
        "elev_dem": 247.0,
        "rh100": 33.26,
        "quality_flag": 1,
        "beam": "BEAM06"
      }
    },
    {
      "type": "Feature",
      "geometry": {
        "type": "Point",
        "coordinates": [
          -70.095461,
          -12.592481
        ]
      },
      "properties": {
        "transect_id": 5,
        "elev_lowestmode": 246.57000732421875,
        "elev_dem": 248.0,
        "rh100": 33.95,
        "quality_flag": 1,
        "beam": "BEAM06"
      }
    },
    {
      "type": "Feature",
      "geometry": {
        "type": "Point",
        "coordinates": [
          -70.095143,
          -12.592256
        ]
      },
      "properties": {
        "transect_id": 5,
        "elev_lowestmode": 244.8300018310547,
        "elev_dem": 247.0,
        "rh100": 32.85,
        "quality_flag": 1,
        "beam": "BEAM06"
      }
    },
    {
      "type": "Feature",
      "geometry": {
        "type": "Point",
        "coordinates": [
          -70.096109,
          -12.592031
        ]
      },
      "properties": {
        "transect_id": 5,
        "elev_lowestmode": 249.24000549316406,
        "elev_dem": 247.0,
        "rh100": 25.87,
        "quality_flag": 1,
        "beam": "BEAM06"
      }
    },
    {
      "type": "Feature",
      "geometry": {
        "type": "Point",
        "coordinates": [
          -70.096319,
          -12.591806
        ]
      },
      "properties": {
        "transect_id": 5,
        "elev_lowestmode": 242.6699981689453,
        "elev_dem": 244.0,
        "rh100": 27.61,
        "quality_flag": 1,
        "beam": "BEAM06"
      }
    },
    {
      "type": "Feature",
      "geometry": {
        "type": "Point",
        "coordinates": [
          -70.095302,
          -12.59158
        ]
      },
      "properties": {
        "transect_id": 5,
        "elev_lowestmode": 242.64999389648438,
        "elev_dem": 242.0,
        "rh100": 26.52,
        "quality_flag": 1,
        "beam": "BEAM06"
      }
    },
    {
      "type": "Feature",
      "geometry": {
        "type": "Point",
        "coordinates": [
          -70.096071,
          -12.591355
        ]
      },
      "properties": {
        "transect_id": 5,
        "elev_lowestmode": 242.47000122070312,
        "elev_dem": 240.0,
        "rh100": 21.12,
        "quality_flag": 1,
        "beam": "BEAM06"
      }
    },
    {
      "type": "Feature",
      "geometry": {
        "type": "Point",
        "coordinates": [
          -70.094824,
          -12.59113
        ]
      },
      "properties": {
        "transect_id": 5,
        "elev_lowestmode": 236.08999633789062,
        "elev_dem": 237.0,
        "rh100": 23.76,
        "quality_flag": 1,
        "beam": "BEAM06"
      }
    },
    {
      "type": "Feature",
      "geometry": {
        "type": "Point",
        "coordinates": [
          -70.096009,
          -12.590905
        ]
      },
      "properties": {
        "transect_id": 5,
        "elev_lowestmode": 242.39999389648438,
        "elev_dem": 243.0,
        "rh100": 26.92,
        "quality_flag": 1,
        "beam": "BEAM06"
      }
    },
    {
      "type": "Feature",
      "geometry": {
        "type": "Point",
        "coordinates": [
          -70.095724,
          -12.590679
        ]
      },
      "properties": {
        "transect_id": 5,
        "elev_lowestmode": 240.49000549316406,
        "elev_dem": 243.0,
        "rh100": 29.6,
        "quality_flag": 1,
        "beam": "BEAM06"
      }
    },
    {
      "type": "Feature",
      "geometry": {
        "type": "Point",
        "coordinates": [
          -70.094878,
          -12.590454
        ]
      },
      "properties": {
        "transect_id": 5,
        "elev_lowestmode": 239.66000366210938,
        "elev_dem": 239.0,
        "rh100": 24.84,
        "quality_flag": 1,
        "beam": "BEAM06"
      }
    },
    {
      "type": "Feature",
      "geometry": {
        "type": "Point",
        "coordinates": [
          -70.096316,
          -12.590229
        ]
      },
      "properties": {
        "transect_id": 5,
        "elev_lowestmode": 236.64999389648438,
        "elev_dem": 238.0,
        "rh100": 33.77,
        "quality_flag": 1,
        "beam": "BEAM06"
      }
    },
    {
      "type": "Feature",
      "geometry": {
        "type": "Point",
        "coordinates": [
          -70.095907,
          -12.590004
        ]
      },
      "properties": {
        "transect_id": 5,
        "elev_lowestmode": 238.38999938964844,
        "elev_dem": 238.0,
        "rh100": 30.41,
        "quality_flag": 1,
        "beam": "BEAM06"
      }
    },
    {
      "type": "Feature",
      "geometry": {
        "type": "Point",
        "coordinates": [
          -70.09641,
          -12.589779
        ]
      },
      "properties": {
        "transect_id": 5,
        "elev_lowestmode": 239.22999572753906,
        "elev_dem": 240.0,
        "rh100": 23.17,
        "quality_flag": 1,
        "beam": "BEAM06"
      }
    },
    {
      "type": "Feature",
      "geometry": {
        "type": "Point",
        "coordinates": [
          -70.094668,
          -12.589553
        ]
      },
      "properties": {
        "transect_id": 5,
        "elev_lowestmode": 239.55999755859375,
        "elev_dem": 240.0,
        "rh100": 30.63,
        "quality_flag": 1,
        "beam": "BEAM06"
      }
    },
    {
      "type": "Feature",
      "geometry": {
        "type": "Point",
        "coordinates": [
          -70.095697,
          -12.589328
        ]
      },
      "properties": {
        "transect_id": 5,
        "elev_lowestmode": 240.38999938964844,
        "elev_dem": 241.0,
        "rh100": 33.49,
        "quality_flag": 1,
        "beam": "BEAM06"
      }
    },
    {
      "type": "Feature",
      "geometry": {
        "type": "Point",
        "coordinates": [
          -70.096039,
          -12.589103
        ]
      },
      "properties": {
        "transect_id": 5,
        "elev_lowestmode": 241.77999877929688,
        "elev_dem": 242.0,
        "rh100": 21.37,
        "quality_flag": 1,
        "beam": "BEAM06"
      }
    },
    {
      "type": "Feature",
      "geometry": {
        "type": "Point",
        "coordinates": [
          -70.094813,
          -12.588878
        ]
      },
      "properties": {
        "transect_id": 5,
        "elev_lowestmode": 236.6699981689453,
        "elev_dem": 236.0,
        "rh100": 28.93,
        "quality_flag": 1,
        "beam": "BEAM06"
      }
    },
    {
      "type": "Feature",
      "geometry": {
        "type": "Point",
        "coordinates": [
          -70.095978,
          -12.588652
        ]
      },
      "properties": {
        "transect_id": 5,
        "elev_lowestmode": 236.52000427246094,
        "elev_dem": 237.0,
        "rh100": 33.01,
        "quality_flag": 1,
        "beam": "BEAM06"
      }
    },
    {
      "type": "Feature",
      "geometry": {
        "type": "Point",
        "coordinates": [
          -70.096024,
          -12.588427
        ]
      },
      "properties": {
        "transect_id": 5,
        "elev_lowestmode": 238.16000366210938,
        "elev_dem": 238.0,
        "rh100": 24.34,
        "quality_flag": 1,
        "beam": "BEAM06"
      }
    },
    {
      "type": "Feature",
      "geometry": {
        "type": "Point",
        "coordinates": [
          -70.096234,
          -12.588202
        ]
      },
      "properties": {
        "transect_id": 5,
        "elev_lowestmode": 239.32000732421875,
        "elev_dem": 238.0,
        "rh100": 27.77,
        "quality_flag": 1,
        "beam": "BEAM06"
      }
    },
    {
      "type": "Feature",
      "geometry": {
        "type": "Point",
        "coordinates": [
          -70.096023,
          -12.587977
        ]
      },
      "properties": {
        "transect_id": 5,
        "elev_lowestmode": 239.64999389648438,
        "elev_dem": 240.0,
        "rh100": 27.3,
        "quality_flag": 1,
        "beam": "BEAM06"
      }
    },
    {
      "type": "Feature",
      "geometry": {
        "type": "Point",
        "coordinates": [
          -70.096276,
          -12.587752
        ]
      },
      "properties": {
        "transect_id": 5,
        "elev_lowestmode": 244.1300048828125,
        "elev_dem": 245.0,
        "rh100": 28.97,
        "quality_flag": 1,
        "beam": "BEAM06"
      }
    },
    {
      "type": "Feature",
      "geometry": {
        "type": "Point",
        "coordinates": [
          -70.095844,
          -12.587526
        ]
      },
      "properties": {
        "transect_id": 5,
        "elev_lowestmode": 239.2100067138672,
        "elev_dem": 240.0,
        "rh100": 28.57,
        "quality_flag": 1,
        "beam": "BEAM06"
      }
    },
    {
      "type": "Feature",
      "geometry": {
        "type": "Point",
        "coordinates": [
          -70.095693,
          -12.587301
        ]
      },
      "properties": {
        "transect_id": 5,
        "elev_lowestmode": 237.83999633789062,
        "elev_dem": 239.0,
        "rh100": 30.57,
        "quality_flag": 1,
        "beam": "BEAM06"
      }
    },
    {
      "type": "Feature",
      "geometry": {
        "type": "Point",
        "coordinates": [
          -70.094914,
          -12.587076
        ]
      },
      "properties": {
        "transect_id": 5,
        "elev_lowestmode": 239.4600067138672,
        "elev_dem": 240.0,
        "rh100": 23.6,
        "quality_flag": 1,
        "beam": "BEAM06"
      }
    },
    {
      "type": "Feature",
      "geometry": {
        "type": "Point",
        "coordinates": [
          -70.09517,
          -12.586851
        ]
      },
      "properties": {
        "transect_id": 5,
        "elev_lowestmode": 240.97000122070312,
        "elev_dem": 241.0,
        "rh100": 24.13,
        "quality_flag": 1,
        "beam": "BEAM06"
      }
    },
    {
      "type": "Feature",
      "geometry": {
        "type": "Point",
        "coordinates": [
          -70.094848,
          -12.586625
        ]
      },
      "properties": {
        "transect_id": 5,
        "elev_lowestmode": 239.57000732421875,
        "elev_dem": 238.0,
        "rh100": 27.32,
        "quality_flag": 1,
        "beam": "BEAM06"
      }
    },
    {
      "type": "Feature",
      "geometry": {
        "type": "Point",
        "coordinates": [
          -70.09578,
          -12.5864
        ]
      },
      "properties": {
        "transect_id": 5,
        "elev_lowestmode": 244.64999389648438,
        "elev_dem": 245.0,
        "rh100": 20.91,
        "quality_flag": 1,
        "beam": "BEAM06"
      }
    },
    {
      "type": "Feature",
      "geometry": {
        "type": "Point",
        "coordinates": [
          -70.095108,
          -12.586175
        ]
      },
      "properties": {
        "transect_id": 5,
        "elev_lowestmode": 234.0,
        "elev_dem": 235.0,
        "rh100": 33.99,
        "quality_flag": 1,
        "beam": "BEAM06"
      }
    },
    {
      "type": "Feature",
      "geometry": {
        "type": "Point",
        "coordinates": [
          -70.095671,
          -12.58595
        ]
      },
      "properties": {
        "transect_id": 5,
        "elev_lowestmode": 238.66000366210938,
        "elev_dem": 238.0,
        "rh100": 25.44,
        "quality_flag": 1,
        "beam": "BEAM06"
      }
    },
    {
      "type": "Feature",
      "geometry": {
        "type": "Point",
        "coordinates": [
          -70.094908,
          -12.585724
        ]
      },
      "properties": {
        "transect_id": 5,
        "elev_lowestmode": 237.82000732421875,
        "elev_dem": 237.0,
        "rh100": 29.12,
        "quality_flag": 1,
        "beam": "BEAM06"
      }
    },
    {
      "type": "Feature",
      "geometry": {
        "type": "Point",
        "coordinates": [
          -70.096144,
          -12.585499
        ]
      },
      "properties": {
        "transect_id": 5,
        "elev_lowestmode": 243.02999877929688,
        "elev_dem": 241.0,
        "rh100": 22.18,
        "quality_flag": 1,
        "beam": "BEAM06"
      }
    },
    {
      "type": "Feature",
      "geometry": {
        "type": "Point",
        "coordinates": [
          -70.095457,
          -12.585274
        ]
      },
      "properties": {
        "transect_id": 5,
        "elev_lowestmode": 239.1699981689453,
        "elev_dem": 239.0,
        "rh100": 23.91,
        "quality_flag": 1,
        "beam": "BEAM06"
      }
    },
    {
      "type": "Feature",
      "geometry": {
        "type": "Point",
        "coordinates": [
          -70.094876,
          -12.585049
        ]
      },
      "properties": {
        "transect_id": 5,
        "elev_lowestmode": 235.80999755859375,
        "elev_dem": 237.0,
        "rh100": 24.9,
        "quality_flag": 1,
        "beam": "BEAM06"
      }
    },
    {
      "type": "Feature",
      "geometry": {
        "type": "Point",
        "coordinates": [
          -70.096296,
          -12.584824
        ]
      },
      "properties": {
        "transect_id": 5,
        "elev_lowestmode": 235.52999877929688,
        "elev_dem": 237.0,
        "rh100": 31.92,
        "quality_flag": 1,
        "beam": "BEAM06"
      }
    },
    {
      "type": "Feature",
      "geometry": {
        "type": "Point",
        "coordinates": [
          -70.094583,
          -12.584598
        ]
      },
      "properties": {
        "transect_id": 5,
        "elev_lowestmode": 227.97000122070312,
        "elev_dem": 229.0,
        "rh100": 20.86,
        "quality_flag": 1,
        "beam": "BEAM06"
      }
    },
    {
      "type": "Feature",
      "geometry": {
        "type": "Point",
        "coordinates": [
          -70.094687,
          -12.584373
        ]
      },
      "properties": {
        "transect_id": 5,
        "elev_lowestmode": 232.38999938964844,
        "elev_dem": 234.0,
        "rh100": 22.72,
        "quality_flag": 1,
        "beam": "BEAM06"
      }
    },
    {
      "type": "Feature",
      "geometry": {
        "type": "Point",
        "coordinates": [
          -70.095896,
          -12.584148
        ]
      },
      "properties": {
        "transect_id": 5,
        "elev_lowestmode": 234.24000549316406,
        "elev_dem": 237.0,
        "rh100": 21.94,
        "quality_flag": 0,
        "beam": "BEAM06"
      }
    },
    {
      "type": "Feature",
      "geometry": {
        "type": "Point",
        "coordinates": [
          -70.094948,
          -12.583923
        ]
      },
      "properties": {
        "transect_id": 5,
        "elev_lowestmode": 230.97000122070312,
        "elev_dem": 232.0,
        "rh100": 27.22,
        "quality_flag": 1,
        "beam": "BEAM06"
      }
    },
    {
      "type": "Feature",
      "geometry": {
        "type": "Point",
        "coordinates": [
          -70.095126,
          -12.583697
        ]
      },
      "properties": {
        "transect_id": 5,
        "elev_lowestmode": 229.9199981689453,
        "elev_dem": 230.0,
        "rh100": 26.7,
        "quality_flag": 0,
        "beam": "BEAM06"
      }
    },
    {
      "type": "Feature",
      "geometry": {
        "type": "Point",
        "coordinates": [
          -70.09592,
          -12.583472
        ]
      },
      "properties": {
        "transect_id": 5,
        "elev_lowestmode": 236.80999755859375,
        "elev_dem": 237.0,
        "rh100": 32.98,
        "quality_flag": 1,
        "beam": "BEAM06"
      }
    },
    {
      "type": "Feature",
      "geometry": {
        "type": "Point",
        "coordinates": [
          -70.094925,
          -12.583247
        ]
      },
      "properties": {
        "transect_id": 5,
        "elev_lowestmode": 229.61000061035156,
        "elev_dem": 229.0,
        "rh100": 25.26,
        "quality_flag": 1,
        "beam": "BEAM06"
      }
    },
    {
      "type": "Feature",
      "geometry": {
        "type": "Point",
        "coordinates": [
          -70.096098,
          -12.583022
        ]
      },
      "properties": {
        "transect_id": 5,
        "elev_lowestmode": 238.52000427246094,
        "elev_dem": 239.0,
        "rh100": 21.66,
        "quality_flag": 0,
        "beam": "BEAM06"
      }
    },
    {
      "type": "Feature",
      "geometry": {
        "type": "Point",
        "coordinates": [
          -70.095551,
          -12.582797
        ]
      },
      "properties": {
        "transect_id": 5,
        "elev_lowestmode": 240.3699951171875,
        "elev_dem": 240.0,
        "rh100": 25.35,
        "quality_flag": 1,
        "beam": "BEAM06"
      }
    },
    {
      "type": "Feature",
      "geometry": {
        "type": "Point",
        "coordinates": [
          -70.09594,
          -12.582571
        ]
      },
      "properties": {
        "transect_id": 5,
        "elev_lowestmode": 242.72000122070312,
        "elev_dem": 243.0,
        "rh100": 23.16,
        "quality_flag": 1,
        "beam": "BEAM06"
      }
    },
    {
      "type": "Feature",
      "geometry": {
        "type": "Point",
        "coordinates": [
          -70.094652,
          -12.582346
        ]
      },
      "properties": {
        "transect_id": 5,
        "elev_lowestmode": 217.66000366210938,
        "elev_dem": 216.0,
        "rh100": 30.01,
        "quality_flag": 1,
        "beam": "BEAM06"
      }
    },
    {
      "type": "Feature",
      "geometry": {
        "type": "Point",
        "coordinates": [
          -70.09623,
          -12.582121
        ]
      },
      "properties": {
        "transect_id": 5,
        "elev_lowestmode": 243.19000244140625,
        "elev_dem": 243.0,
        "rh100": 32.58,
        "quality_flag": 1,
        "beam": "BEAM06"
      }
    },
    {
      "type": "Feature",
      "geometry": {
        "type": "Point",
        "coordinates": [
          -70.096201,
          -12.581896
        ]
      },
      "properties": {
        "transect_id": 5,
        "elev_lowestmode": 241.6999969482422,
        "elev_dem": 242.0,
        "rh100": 21.84,
        "quality_flag": 1,
        "beam": "BEAM06"
      }
    },
    {
      "type": "Feature",
      "geometry": {
        "type": "Point",
        "coordinates": [
          -70.095056,
          -12.58167
        ]
      },
      "properties": {
        "transect_id": 5,
        "elev_lowestmode": 217.08999633789062,
        "elev_dem": 216.0,
        "rh100": 28.79,
        "quality_flag": 1,
        "beam": "BEAM06"
      }
    },
    {
      "type": "Feature",
      "geometry": {
        "type": "Point",
        "coordinates": [
          -70.095184,
          -12.581445
        ]
      },
      "properties": {
        "transect_id": 5,
        "elev_lowestmode": 226.6699981689453,
        "elev_dem": 228.0,
        "rh100": 34.84,
        "quality_flag": 1,
        "beam": "BEAM06"
      }
    },
    {
      "type": "Feature",
      "geometry": {
        "type": "Point",
        "coordinates": [
          -70.095377,
          -12.58122
        ]
      },
      "properties": {
        "transect_id": 5,
        "elev_lowestmode": 217.10000610351562,
        "elev_dem": 216.0,
        "rh100": 26.98,
        "quality_flag": 1,
        "beam": "BEAM06"
      }
    },
    {
      "type": "Feature",
      "geometry": {
        "type": "Point",
        "coordinates": [
          -70.095627,
          -12.580995
        ]
      },
      "properties": {
        "transect_id": 5,
        "elev_lowestmode": 215.38999938964844,
        "elev_dem": 216.0,
        "rh100": 23.22,
        "quality_flag": 1,
        "beam": "BEAM06"
      }
    },
    {
      "type": "Feature",
      "geometry": {
        "type": "Point",
        "coordinates": [
          -70.095586,
          -12.58077
        ]
      },
      "properties": {
        "transect_id": 5,
        "elev_lowestmode": 216.64999389648438,
        "elev_dem": 216.0,
        "rh100": 20.57,
        "quality_flag": 0,
        "beam": "BEAM06"
      }
    },
    {
      "type": "Feature",
      "geometry": {
        "type": "Point",
        "coordinates": [
          -70.095962,
          -12.580544
        ]
      },
      "properties": {
        "transect_id": 5,
        "elev_lowestmode": 215.74000549316406,
        "elev_dem": 216.0,
        "rh100": 29.96,
        "quality_flag": 0,
        "beam": "BEAM06"
      }
    },
    {
      "type": "Feature",
      "geometry": {
        "type": "Point",
        "coordinates": [
          -70.094647,
          -12.580319
        ]
      },
      "properties": {
        "transect_id": 5,
        "elev_lowestmode": 217.75999450683594,
        "elev_dem": 216.0,
        "rh100": 27.16,
        "quality_flag": 1,
        "beam": "BEAM06"
      }
    },
    {
      "type": "Feature",
      "geometry": {
        "type": "Point",
        "coordinates": [
          -70.095801,
          -12.580094
        ]
      },
      "properties": {
        "transect_id": 5,
        "elev_lowestmode": 215.94000244140625,
        "elev_dem": 216.0,
        "rh100": 34.76,
        "quality_flag": 1,
        "beam": "BEAM06"
      }
    },
    {
      "type": "Feature",
      "geometry": {
        "type": "Point",
        "coordinates": [
          -70.095282,
          -12.579869
        ]
      },
      "properties": {
        "transect_id": 5,
        "elev_lowestmode": 215.97000122070312,
        "elev_dem": 216.0,
        "rh100": 29.42,
        "quality_flag": 1,
        "beam": "BEAM06"
      }
    },
    {
      "type": "Feature",
      "geometry": {
        "type": "Point",
        "coordinates": [
          -70.095721,
          -12.579643
        ]
      },
      "properties": {
        "transect_id": 5,
        "elev_lowestmode": 215.36000061035156,
        "elev_dem": 216.0,
        "rh100": 24.52,
        "quality_flag": 1,
        "beam": "BEAM06"
      }
    },
    {
      "type": "Feature",
      "geometry": {
        "type": "Point",
        "coordinates": [
          -70.094975,
          -12.579418
        ]
      },
      "properties": {
        "transect_id": 5,
        "elev_lowestmode": 215.8800048828125,
        "elev_dem": 216.0,
        "rh100": 32.17,
        "quality_flag": 1,
        "beam": "BEAM06"
      }
    },
    {
      "type": "Feature",
      "geometry": {
        "type": "Point",
        "coordinates": [
          -70.095072,
          -12.579193
        ]
      },
      "properties": {
        "transect_id": 5,
        "elev_lowestmode": 215.8300018310547,
        "elev_dem": 216.0,
        "rh100": 21.05,
        "quality_flag": 1,
        "beam": "BEAM06"
      }
    },
    {
      "type": "Feature",
      "geometry": {
        "type": "Point",
        "coordinates": [
          -70.096146,
          -12.578968
        ]
      },
      "properties": {
        "transect_id": 5,
        "elev_lowestmode": 218.19000244140625,
        "elev_dem": 216.0,
        "rh100": 33.49,
        "quality_flag": 1,
        "beam": "BEAM06"
      }
    },
    {
      "type": "Feature",
      "geometry": {
        "type": "Point",
        "coordinates": [
          -70.094922,
          -12.578742
        ]
      },
      "properties": {
        "transect_id": 5,
        "elev_lowestmode": 232.97999572753906,
        "elev_dem": 233.0,
        "rh100": 23.2,
        "quality_flag": 1,
        "beam": "BEAM06"
      }
    },
    {
      "type": "Feature",
      "geometry": {
        "type": "Point",
        "coordinates": [
          -70.096368,
          -12.578517
        ]
      },
      "properties": {
        "transect_id": 5,
        "elev_lowestmode": 213.49000549316406,
        "elev_dem": 216.0,
        "rh100": 24.2,
        "quality_flag": 1,
        "beam": "BEAM06"
      }
    },
    {
      "type": "Feature",
      "geometry": {
        "type": "Point",
        "coordinates": [
          -70.095304,
          -12.578292
        ]
      },
      "properties": {
        "transect_id": 5,
        "elev_lowestmode": 216.2100067138672,
        "elev_dem": 216.0,
        "rh100": 26.87,
        "quality_flag": 1,
        "beam": "BEAM06"
      }
    },
    {
      "type": "Feature",
      "geometry": {
        "type": "Point",
        "coordinates": [
          -70.095624,
          -12.578067
        ]
      },
      "properties": {
        "transect_id": 5,
        "elev_lowestmode": 216.11000061035156,
        "elev_dem": 216.0,
        "rh100": 22.5,
        "quality_flag": 1,
        "beam": "BEAM06"
      }
    },
    {
      "type": "Feature",
      "geometry": {
        "type": "Point",
        "coordinates": [
          -70.095032,
          -12.577842
        ]
      },
      "properties": {
        "transect_id": 5,
        "elev_lowestmode": 218.89999389648438,
        "elev_dem": 219.0,
        "rh100": 25.01,
        "quality_flag": 1,
        "beam": "BEAM06"
      }
    },
    {
      "type": "Feature",
      "geometry": {
        "type": "Point",
        "coordinates": [
          -70.09586,
          -12.577616
        ]
      },
      "properties": {
        "transect_id": 5,
        "elev_lowestmode": 215.8000030517578,
        "elev_dem": 217.0,
        "rh100": 34.72,
        "quality_flag": 1,
        "beam": "BEAM06"
      }
    },
    {
      "type": "Feature",
      "geometry": {
        "type": "Point",
        "coordinates": [
          -70.096346,
          -12.577391
        ]
      },
      "properties": {
        "transect_id": 5,
        "elev_lowestmode": 216.02000427246094,
        "elev_dem": 216.0,
        "rh100": 27.96,
        "quality_flag": 1,
        "beam": "BEAM06"
      }
    },
    {
      "type": "Feature",
      "geometry": {
        "type": "Point",
        "coordinates": [
          -70.095825,
          -12.577166
        ]
      },
      "properties": {
        "transect_id": 5,
        "elev_lowestmode": 217.49000549316406,
        "elev_dem": 218.0,
        "rh100": 26.86,
        "quality_flag": 1,
        "beam": "BEAM06"
      }
    },
    {
      "type": "Feature",
      "geometry": {
        "type": "Point",
        "coordinates": [
          -70.095822,
          -12.576941
        ]
      },
      "properties": {
        "transect_id": 5,
        "elev_lowestmode": 219.83999633789062,
        "elev_dem": 220.0,
        "rh100": 31.61,
        "quality_flag": 1,
        "beam": "BEAM06"
      }
    },
    {
      "type": "Feature",
      "geometry": {
        "type": "Point",
        "coordinates": [
          -70.095812,
          -12.576715
        ]
      },
      "properties": {
        "transect_id": 5,
        "elev_lowestmode": 222.5800018310547,
        "elev_dem": 222.0,
        "rh100": 24.14,
        "quality_flag": 1,
        "beam": "BEAM06"
      }
    },
    {
      "type": "Feature",
      "geometry": {
        "type": "Point",
        "coordinates": [
          -70.0963,
          -12.57649
        ]
      },
      "properties": {
        "transect_id": 5,
        "elev_lowestmode": 222.0800018310547,
        "elev_dem": 223.0,
        "rh100": 26.49,
        "quality_flag": 1,
        "beam": "BEAM06"
      }
    },
    {
      "type": "Feature",
      "geometry": {
        "type": "Point",
        "coordinates": [
          -70.095149,
          -12.576265
        ]
      },
      "properties": {
        "transect_id": 5,
        "elev_lowestmode": 226.92999267578125,
        "elev_dem": 228.0,
        "rh100": 20.72,
        "quality_flag": 0,
        "beam": "BEAM06"
      }
    },
    {
      "type": "Feature",
      "geometry": {
        "type": "Point",
        "coordinates": [
          -70.09498,
          -12.57604
        ]
      },
      "properties": {
        "transect_id": 5,
        "elev_lowestmode": 228.27000427246094,
        "elev_dem": 230.0,
        "rh100": 26.24,
        "quality_flag": 1,
        "beam": "BEAM06"
      }
    },
    {
      "type": "Feature",
      "geometry": {
        "type": "Point",
        "coordinates": [
          -70.094683,
          -12.575815
        ]
      },
      "properties": {
        "transect_id": 5,
        "elev_lowestmode": 231.63999938964844,
        "elev_dem": 232.0,
        "rh100": 22.64,
        "quality_flag": 1,
        "beam": "BEAM06"
      }
    },
    {
      "type": "Feature",
      "geometry": {
        "type": "Point",
        "coordinates": [
          -70.096093,
          -12.575589
        ]
      },
      "properties": {
        "transect_id": 5,
        "elev_lowestmode": 224.2899932861328,
        "elev_dem": 226.0,
        "rh100": 27.5,
        "quality_flag": 1,
        "beam": "BEAM06"
      }
    },
    {
      "type": "Feature",
      "geometry": {
        "type": "Point",
        "coordinates": [
          -70.095109,
          -12.575364
        ]
      },
      "properties": {
        "transect_id": 5,
        "elev_lowestmode": 222.00999450683594,
        "elev_dem": 222.0,
        "rh100": 20.38,
        "quality_flag": 1,
        "beam": "BEAM06"
      }
    },
    {
      "type": "Feature",
      "geometry": {
        "type": "Point",
        "coordinates": [
          -70.095905,
          -12.575139
        ]
      },
      "properties": {
        "transect_id": 5,
        "elev_lowestmode": 226.16000366210938,
        "elev_dem": 226.0,
        "rh100": 28.73,
        "quality_flag": 1,
        "beam": "BEAM06"
      }
    },
    {
      "type": "Feature",
      "geometry": {
        "type": "Point",
        "coordinates": [
          -70.095278,
          -12.574914
        ]
      },
      "properties": {
        "transect_id": 5,
        "elev_lowestmode": 223.27999877929688,
        "elev_dem": 222.0,
        "rh100": 23.26,
        "quality_flag": 1,
        "beam": "BEAM06"
      }
    },
    {
      "type": "Feature",
      "geometry": {
        "type": "Point",
        "coordinates": [
          -70.095824,
          -12.574688
        ]
      },
      "properties": {
        "transect_id": 5,
        "elev_lowestmode": 225.7100067138672,
        "elev_dem": 226.0,
        "rh100": 32.41,
        "quality_flag": 0,
        "beam": "BEAM06"
      }
    },
    {
      "type": "Feature",
      "geometry": {
        "type": "Point",
        "coordinates": [
          -70.095049,
          -12.574463
        ]
      },
      "properties": {
        "transect_id": 5,
        "elev_lowestmode": 226.57000732421875,
        "elev_dem": 227.0,
        "rh100": 27.18,
        "quality_flag": 1,
        "beam": "BEAM06"
      }
    },
    {
      "type": "Feature",
      "geometry": {
        "type": "Point",
        "coordinates": [
          -70.096265,
          -12.574238
        ]
      },
      "properties": {
        "transect_id": 5,
        "elev_lowestmode": 230.7100067138672,
        "elev_dem": 231.0,
        "rh100": 22.09,
        "quality_flag": 1,
        "beam": "BEAM06"
      }
    },
    {
      "type": "Feature",
      "geometry": {
        "type": "Point",
        "coordinates": [
          -70.09632,
          -12.574013
        ]
      },
      "properties": {
        "transect_id": 5,
        "elev_lowestmode": 232.44000244140625,
        "elev_dem": 233.0,
        "rh100": 30.76,
        "quality_flag": 1,
        "beam": "BEAM06"
      }
    },
    {
      "type": "Feature",
      "geometry": {
        "type": "Point",
        "coordinates": [
          -70.095341,
          -12.573788
        ]
      },
      "properties": {
        "transect_id": 5,
        "elev_lowestmode": 230.7899932861328,
        "elev_dem": 231.0,
        "rh100": 20.49,
        "quality_flag": 1,
        "beam": "BEAM06"
      }
    },
    {
      "type": "Feature",
      "geometry": {
        "type": "Point",
        "coordinates": [
          -70.094946,
          -12.573562
        ]
      },
      "properties": {
        "transect_id": 5,
        "elev_lowestmode": 232.49000549316406,
        "elev_dem": 233.0,
        "rh100": 23.82,
        "quality_flag": 1,
        "beam": "BEAM06"
      }
    },
    {
      "type": "Feature",
      "geometry": {
        "type": "Point",
        "coordinates": [
          -70.095081,
          -12.573337
        ]
      },
      "properties": {
        "transect_id": 5,
        "elev_lowestmode": 233.77000427246094,
        "elev_dem": 232.0,
        "rh100": 30.81,
        "quality_flag": 1,
        "beam": "BEAM06"
      }
    },
    {
      "type": "Feature",
      "geometry": {
        "type": "Point",
        "coordinates": [
          -70.096342,
          -12.573112
        ]
      },
      "properties": {
        "transect_id": 5,
        "elev_lowestmode": 235.1699981689453,
        "elev_dem": 236.0,
        "rh100": 32.05,
        "quality_flag": 0,
        "beam": "BEAM06"
      }
    },
    {
      "type": "Feature",
      "geometry": {
        "type": "Point",
        "coordinates": [
          -70.09552,
          -12.572887
        ]
      },
      "properties": {
        "transect_id": 5,
        "elev_lowestmode": 228.2100067138672,
        "elev_dem": 228.0,
        "rh100": 21.06,
        "quality_flag": 1,
        "beam": "BEAM06"
      }
    },
    {
      "type": "Feature",
      "geometry": {
        "type": "Point",
        "coordinates": [
          -70.09508,
          -12.572661
        ]
      },
      "properties": {
        "transect_id": 5,
        "elev_lowestmode": 220.60000610351562,
        "elev_dem": 221.0,
        "rh100": 33.14,
        "quality_flag": 1,
        "beam": "BEAM06"
      }
    },
    {
      "type": "Feature",
      "geometry": {
        "type": "Point",
        "coordinates": [
          -70.094612,
          -12.572436
        ]
      },
      "properties": {
        "transect_id": 5,
        "elev_lowestmode": 219.7100067138672,
        "elev_dem": 220.0,
        "rh100": 28.83,
        "quality_flag": 1,
        "beam": "BEAM06"
      }
    },
    {
      "type": "Feature",
      "geometry": {
        "type": "Point",
        "coordinates": [
          -70.096406,
          -12.572211
        ]
      },
      "properties": {
        "transect_id": 5,
        "elev_lowestmode": 237.47999572753906,
        "elev_dem": 239.0,
        "rh100": 29.48,
        "quality_flag": 1,
        "beam": "BEAM06"
      }
    },
    {
      "type": "Feature",
      "geometry": {
        "type": "Point",
        "coordinates": [
          -70.094897,
          -12.571986
        ]
      },
      "properties": {
        "transect_id": 5,
        "elev_lowestmode": 227.8800048828125,
        "elev_dem": 227.0,
        "rh100": 29.5,
        "quality_flag": 1,
        "beam": "BEAM06"
      }
    },
    {
      "type": "Feature",
      "geometry": {
        "type": "Point",
        "coordinates": [
          -70.09598,
          -12.571761
        ]
      },
      "properties": {
        "transect_id": 5,
        "elev_lowestmode": 234.0,
        "elev_dem": 237.0,
        "rh100": 20.42,
        "quality_flag": 1,
        "beam": "BEAM06"
      }
    },
    {
      "type": "Feature",
      "geometry": {
        "type": "Point",
        "coordinates": [
          -70.096119,
          -12.571535
        ]
      },
      "properties": {
        "transect_id": 5,
        "elev_lowestmode": 238.13999938964844,
        "elev_dem": 237.0,
        "rh100": 27.17,
        "quality_flag": 1,
        "beam": "BEAM06"
      }
    },
    {
      "type": "Feature",
      "geometry": {
        "type": "Point",
        "coordinates": [
          -70.095926,
          -12.57131
        ]
      },
      "properties": {
        "transect_id": 5,
        "elev_lowestmode": 239.11000061035156,
        "elev_dem": 239.0,
        "rh100": 31.03,
        "quality_flag": 1,
        "beam": "BEAM06"
      }
    },
    {
      "type": "Feature",
      "geometry": {
        "type": "Point",
        "coordinates": [
          -70.096029,
          -12.571085
        ]
      },
      "properties": {
        "transect_id": 5,
        "elev_lowestmode": 242.2100067138672,
        "elev_dem": 243.0,
        "rh100": 23.21,
        "quality_flag": 1,
        "beam": "BEAM06"
      }
    },
    {
      "type": "Feature",
      "geometry": {
        "type": "Point",
        "coordinates": [
          -70.096062,
          -12.57086
        ]
      },
      "properties": {
        "transect_id": 5,
        "elev_lowestmode": 250.10000610351562,
        "elev_dem": 250.0,
        "rh100": 24.59,
        "quality_flag": 1,
        "beam": "BEAM06"
      }
    },
    {
      "type": "Feature",
      "geometry": {
        "type": "Point",
        "coordinates": [
          -70.096425,
          -12.570634
        ]
      },
      "properties": {
        "transect_id": 5,
        "elev_lowestmode": 251.6300048828125,
        "elev_dem": 253.0,
        "rh100": 25.46,
        "quality_flag": 1,
        "beam": "BEAM06"
      }
    },
    {
      "type": "Feature",
      "geometry": {
        "type": "Point",
        "coordinates": [
          -70.095543,
          -12.570409
        ]
      },
      "properties": {
        "transect_id": 5,
        "elev_lowestmode": 257.6499938964844,
        "elev_dem": 257.0,
        "rh100": 23.4,
        "quality_flag": 0,
        "beam": "BEAM06"
      }
    },
    {
      "type": "Feature",
      "geometry": {
        "type": "Point",
        "coordinates": [
          -70.094876,
          -12.570184
        ]
      },
      "properties": {
        "transect_id": 5,
        "elev_lowestmode": 247.2100067138672,
        "elev_dem": 247.0,
        "rh100": 30.5,
        "quality_flag": 1,
        "beam": "BEAM06"
      }
    },
    {
      "type": "Feature",
      "geometry": {
        "type": "Point",
        "coordinates": [
          -70.096179,
          -12.569959
        ]
      },
      "properties": {
        "transect_id": 5,
        "elev_lowestmode": 266.44000244140625,
        "elev_dem": 265.0,
        "rh100": 20.3,
        "quality_flag": 1,
        "beam": "BEAM06"
      }
    },
    {
      "type": "Feature",
      "geometry": {
        "type": "Point",
        "coordinates": [
          -70.095866,
          -12.569733
        ]
      },
      "properties": {
        "transect_id": 5,
        "elev_lowestmode": 259.3900146484375,
        "elev_dem": 260.0,
        "rh100": 25.29,
        "quality_flag": 1,
        "beam": "BEAM06"
      }
    },
    {
      "type": "Feature",
      "geometry": {
        "type": "Point",
        "coordinates": [
          -70.095393,
          -12.569508
        ]
      },
      "properties": {
        "transect_id": 5,
        "elev_lowestmode": 271.1700134277344,
        "elev_dem": 271.0,
        "rh100": 29.97,
        "quality_flag": 1,
        "beam": "BEAM06"
      }
    },
    {
      "type": "Feature",
      "geometry": {
        "type": "Point",
        "coordinates": [
          -70.095288,
          -12.569283
        ]
      },
      "properties": {
        "transect_id": 5,
        "elev_lowestmode": 279.0199890136719,
        "elev_dem": 277.0,
        "rh100": 34.5,
        "quality_flag": 1,
        "beam": "BEAM06"
      }
    },
    {
      "type": "Feature",
      "geometry": {
        "type": "Point",
        "coordinates": [
          -70.096379,
          -12.569058
        ]
      },
      "properties": {
        "transect_id": 5,
        "elev_lowestmode": 261.32000732421875,
        "elev_dem": 261.0,
        "rh100": 28.03,
        "quality_flag": 1,
        "beam": "BEAM06"
      }
    },
    {
      "type": "Feature",
      "geometry": {
        "type": "Point",
        "coordinates": [
          -70.096398,
          -12.568833
        ]
      },
      "properties": {
        "transect_id": 5,
        "elev_lowestmode": 262.3900146484375,
        "elev_dem": 263.0,
        "rh100": 24.87,
        "quality_flag": 1,
        "beam": "BEAM06"
      }
    },
    {
      "type": "Feature",
      "geometry": {
        "type": "Point",
        "coordinates": [
          -70.095594,
          -12.568607
        ]
      },
      "properties": {
        "transect_id": 5,
        "elev_lowestmode": 281.5899963378906,
        "elev_dem": 282.0,
        "rh100": 25.84,
        "quality_flag": 1,
        "beam": "BEAM06"
      }
    },
    {
      "type": "Feature",
      "geometry": {
        "type": "Point",
        "coordinates": [
          -70.095275,
          -12.568382
        ]
      },
      "properties": {
        "transect_id": 5,
        "elev_lowestmode": 283.2900085449219,
        "elev_dem": 282.0,
        "rh100": 33.4,
        "quality_flag": 1,
        "beam": "BEAM06"
      }
    },
    {
      "type": "Feature",
      "geometry": {
        "type": "Point",
        "coordinates": [
          -70.095723,
          -12.568157
        ]
      },
      "properties": {
        "transect_id": 5,
        "elev_lowestmode": 275.760009765625,
        "elev_dem": 276.0,
        "rh100": 23.86,
        "quality_flag": 1,
        "beam": "BEAM06"
      }
    },
    {
      "type": "Feature",
      "geometry": {
        "type": "Point",
        "coordinates": [
          -70.095009,
          -12.567932
        ]
      },
      "properties": {
        "transect_id": 5,
        "elev_lowestmode": 278.4700012207031,
        "elev_dem": 279.0,
        "rh100": 29.65,
        "quality_flag": 1,
        "beam": "BEAM06"
      }
    },
    {
      "type": "Feature",
      "geometry": {
        "type": "Point",
        "coordinates": [
          -70.096236,
          -12.567706
        ]
      },
      "properties": {
        "transect_id": 5,
        "elev_lowestmode": 276.1600036621094,
        "elev_dem": 276.0,
        "rh100": 21.09,
        "quality_flag": 1,
        "beam": "BEAM06"
      }
    },
    {
      "type": "Feature",
      "geometry": {
        "type": "Point",
        "coordinates": [
          -70.095151,
          -12.567481
        ]
      },
      "properties": {
        "transect_id": 5,
        "elev_lowestmode": 277.7200012207031,
        "elev_dem": 278.0,
        "rh100": 22.08,
        "quality_flag": 1,
        "beam": "BEAM06"
      }
    },
    {
      "type": "Feature",
      "geometry": {
        "type": "Point",
        "coordinates": [
          -70.095825,
          -12.567256
        ]
      },
      "properties": {
        "transect_id": 5,
        "elev_lowestmode": 280.0,
        "elev_dem": 281.0,
        "rh100": 22.21,
        "quality_flag": 1,
        "beam": "BEAM06"
      }
    },
    {
      "type": "Feature",
      "geometry": {
        "type": "Point",
        "coordinates": [
          -70.096031,
          -12.567031
        ]
      },
      "properties": {
        "transect_id": 5,
        "elev_lowestmode": 281.739990234375,
        "elev_dem": 282.0,
        "rh100": 24.53,
        "quality_flag": 1,
        "beam": "BEAM06"
      }
    },
    {
      "type": "Feature",
      "geometry": {
        "type": "Point",
        "coordinates": [
          -70.095131,
          -12.566806
        ]
      },
      "properties": {
        "transect_id": 5,
        "elev_lowestmode": 281.3800048828125,
        "elev_dem": 282.0,
        "rh100": 21.36,
        "quality_flag": 1,
        "beam": "BEAM06"
      }
    },
    {
      "type": "Feature",
      "geometry": {
        "type": "Point",
        "coordinates": [
          -70.095981,
          -12.56658
        ]
      },
      "properties": {
        "transect_id": 5,
        "elev_lowestmode": 279.29998779296875,
        "elev_dem": 281.0,
        "rh100": 20.73,
        "quality_flag": 1,
        "beam": "BEAM06"
      }
    },
    {
      "type": "Feature",
      "geometry": {
        "type": "Point",
        "coordinates": [
          -70.094603,
          -12.566355
        ]
      },
      "properties": {
        "transect_id": 5,
        "elev_lowestmode": 279.5899963378906,
        "elev_dem": 281.0,
        "rh100": 29.0,
        "quality_flag": 1,
        "beam": "BEAM06"
      }
    },
    {
      "type": "Feature",
      "geometry": {
        "type": "Point",
        "coordinates": [
          -70.095937,
          -12.56613
        ]
      },
      "properties": {
        "transect_id": 5,
        "elev_lowestmode": 282.4800109863281,
        "elev_dem": 282.0,
        "rh100": 27.13,
        "quality_flag": 1,
        "beam": "BEAM06"
      }
    },
    {
      "type": "Feature",
      "geometry": {
        "type": "Point",
        "coordinates": [
          -70.096108,
          -12.565905
        ]
      },
      "properties": {
        "transect_id": 5,
        "elev_lowestmode": 281.55999755859375,
        "elev_dem": 282.0,
        "rh100": 28.19,
        "quality_flag": 0,
        "beam": "BEAM06"
      }
    },
    {
      "type": "Feature",
      "geometry": {
        "type": "Point",
        "coordinates": [
          -70.095693,
          -12.565679
        ]
      },
      "properties": {
        "transect_id": 5,
        "elev_lowestmode": 286.0400085449219,
        "elev_dem": 284.0,
        "rh100": 27.9,
        "quality_flag": 1,
        "beam": "BEAM06"
      }
    },
    {
      "type": "Feature",
      "geometry": {
        "type": "Point",
        "coordinates": [
          -70.095922,
          -12.565454
        ]
      },
      "properties": {
        "transect_id": 5,
        "elev_lowestmode": 285.0899963378906,
        "elev_dem": 284.0,
        "rh100": 20.3,
        "quality_flag": 1,
        "beam": "BEAM06"
      }
    },
    {
      "type": "Feature",
      "geometry": {
        "type": "Point",
        "coordinates": [
          -70.094796,
          -12.565229
        ]
      },
      "properties": {
        "transect_id": 5,
        "elev_lowestmode": 279.70001220703125,
        "elev_dem": 279.0,
        "rh100": 27.0,
        "quality_flag": 1,
        "beam": "BEAM06"
      }
    },
    {
      "type": "Feature",
      "geometry": {
        "type": "Point",
        "coordinates": [
          -70.095142,
          -12.565004
        ]
      },
      "properties": {
        "transect_id": 5,
        "elev_lowestmode": 279.010009765625,
        "elev_dem": 280.0,
        "rh100": 26.1,
        "quality_flag": 1,
        "beam": "BEAM06"
      }
    },
    {
      "type": "Feature",
      "geometry": {
        "type": "Point",
        "coordinates": [
          -70.095119,
          -12.564779
        ]
      },
      "properties": {
        "transect_id": 5,
        "elev_lowestmode": 282.07000732421875,
        "elev_dem": 282.0,
        "rh100": 32.94,
        "quality_flag": 0,
        "beam": "BEAM06"
      }
    },
    {
      "type": "Feature",
      "geometry": {
        "type": "Point",
        "coordinates": [
          -70.095459,
          -12.564553
        ]
      },
      "properties": {
        "transect_id": 5,
        "elev_lowestmode": 286.6099853515625,
        "elev_dem": 287.0,
        "rh100": 33.89,
        "quality_flag": 1,
        "beam": "BEAM06"
      }
    },
    {
      "type": "Feature",
      "geometry": {
        "type": "Point",
        "coordinates": [
          -70.094639,
          -12.564328
        ]
      },
      "properties": {
        "transect_id": 5,
        "elev_lowestmode": 285.4700012207031,
        "elev_dem": 285.0,
        "rh100": 24.74,
        "quality_flag": 1,
        "beam": "BEAM06"
      }
    },
    {
      "type": "Feature",
      "geometry": {
        "type": "Point",
        "coordinates": [
          -70.096182,
          -12.564103
        ]
      },
      "properties": {
        "transect_id": 5,
        "elev_lowestmode": 287.42999267578125,
        "elev_dem": 287.0,
        "rh100": 23.51,
        "quality_flag": 1,
        "beam": "BEAM06"
      }
    },
    {
      "type": "Feature",
      "geometry": {
        "type": "Point",
        "coordinates": [
          -70.096011,
          -12.563878
        ]
      },
      "properties": {
        "transect_id": 5,
        "elev_lowestmode": 286.25,
        "elev_dem": 286.0,
        "rh100": 27.11,
        "quality_flag": 1,
        "beam": "BEAM06"
      }
    },
    {
      "type": "Feature",
      "geometry": {
        "type": "Point",
        "coordinates": [
          -70.095652,
          -12.563652
        ]
      },
      "properties": {
        "transect_id": 5,
        "elev_lowestmode": 283.80999755859375,
        "elev_dem": 284.0,
        "rh100": 26.5,
        "quality_flag": 1,
        "beam": "BEAM06"
      }
    },
    {
      "type": "Feature",
      "geometry": {
        "type": "Point",
        "coordinates": [
          -70.095101,
          -12.563427
        ]
      },
      "properties": {
        "transect_id": 5,
        "elev_lowestmode": 289.30999755859375,
        "elev_dem": 289.0,
        "rh100": 28.4,
        "quality_flag": 1,
        "beam": "BEAM06"
      }
    },
    {
      "type": "Feature",
      "geometry": {
        "type": "Point",
        "coordinates": [
          -70.095879,
          -12.563202
        ]
      },
      "properties": {
        "transect_id": 5,
        "elev_lowestmode": 284.1400146484375,
        "elev_dem": 286.0,
        "rh100": 22.27,
        "quality_flag": 1,
        "beam": "BEAM06"
      }
    },
    {
      "type": "Feature",
      "geometry": {
        "type": "Point",
        "coordinates": [
          -70.094584,
          -12.562977
        ]
      },
      "properties": {
        "transect_id": 5,
        "elev_lowestmode": 287.1499938964844,
        "elev_dem": 288.0,
        "rh100": 24.35,
        "quality_flag": 1,
        "beam": "BEAM06"
      }
    },
    {
      "type": "Feature",
      "geometry": {
        "type": "Point",
        "coordinates": [
          -70.096356,
          -12.562752
        ]
      },
      "properties": {
        "transect_id": 5,
        "elev_lowestmode": 293.5899963378906,
        "elev_dem": 292.0,
        "rh100": 24.76,
        "quality_flag": 1,
        "beam": "BEAM06"
      }
    },
    {
      "type": "Feature",
      "geometry": {
        "type": "Point",
        "coordinates": [
          -70.096282,
          -12.562526
        ]
      },
      "properties": {
        "transect_id": 5,
        "elev_lowestmode": 293.57000732421875,
        "elev_dem": 293.0,
        "rh100": 34.88,
        "quality_flag": 1,
        "beam": "BEAM06"
      }
    },
    {
      "type": "Feature",
      "geometry": {
        "type": "Point",
        "coordinates": [
          -70.095955,
          -12.562301
        ]
      },
      "properties": {
        "transect_id": 5,
        "elev_lowestmode": 294.6400146484375,
        "elev_dem": 294.0,
        "rh100": 25.52,
        "quality_flag": 1,
        "beam": "BEAM06"
      }
    },
    {
      "type": "Feature",
      "geometry": {
        "type": "Point",
        "coordinates": [
          -70.095043,
          -12.562076
        ]
      },
      "properties": {
        "transect_id": 5,
        "elev_lowestmode": 292.30999755859375,
        "elev_dem": 291.0,
        "rh100": 22.87,
        "quality_flag": 0,
        "beam": "BEAM06"
      }
    },
    {
      "type": "Feature",
      "geometry": {
        "type": "Point",
        "coordinates": [
          -70.095582,
          -12.561851
        ]
      },
      "properties": {
        "transect_id": 5,
        "elev_lowestmode": 290.29998779296875,
        "elev_dem": 291.0,
        "rh100": 29.58,
        "quality_flag": 1,
        "beam": "BEAM06"
      }
    },
    {
      "type": "Feature",
      "geometry": {
        "type": "Point",
        "coordinates": [
          -70.095472,
          -12.561625
        ]
      },
      "properties": {
        "transect_id": 5,
        "elev_lowestmode": 292.3599853515625,
        "elev_dem": 292.0,
        "rh100": 30.66,
        "quality_flag": 1,
        "beam": "BEAM06"
      }
    },
    {
      "type": "Feature",
      "geometry": {
        "type": "Point",
        "coordinates": [
          -70.095887,
          -12.5614
        ]
      },
      "properties": {
        "transect_id": 5,
        "elev_lowestmode": 292.3299865722656,
        "elev_dem": 292.0,
        "rh100": 34.69,
        "quality_flag": 1,
        "beam": "BEAM06"
      }
    },
    {
      "type": "Feature",
      "geometry": {
        "type": "Point",
        "coordinates": [
          -70.096171,
          -12.561175
        ]
      },
      "properties": {
        "transect_id": 5,
        "elev_lowestmode": 292.6199951171875,
        "elev_dem": 292.0,
        "rh100": 34.8,
        "quality_flag": 1,
        "beam": "BEAM06"
      }
    },
    {
      "type": "Feature",
      "geometry": {
        "type": "Point",
        "coordinates": [
          -70.096318,
          -12.56095
        ]
      },
      "properties": {
        "transect_id": 5,
        "elev_lowestmode": 289.1499938964844,
        "elev_dem": 289.0,
        "rh100": 31.63,
        "quality_flag": 1,
        "beam": "BEAM06"
      }
    },
    {
      "type": "Feature",
      "geometry": {
        "type": "Point",
        "coordinates": [
          -70.094878,
          -12.560724
        ]
      },
      "properties": {
        "transect_id": 5,
        "elev_lowestmode": 282.82000732421875,
        "elev_dem": 283.0,
        "rh100": 24.6,
        "quality_flag": 1,
        "beam": "BEAM06"
      }
    },
    {
      "type": "Feature",
      "geometry": {
        "type": "Point",
        "coordinates": [
          -70.095331,
          -12.560499
        ]
      },
      "properties": {
        "transect_id": 5,
        "elev_lowestmode": 283.6499938964844,
        "elev_dem": 283.0,
        "rh100": 32.49,
        "quality_flag": 1,
        "beam": "BEAM06"
      }
    },
    {
      "type": "Feature",
      "geometry": {
        "type": "Point",
        "coordinates": [
          -70.096526,
          -12.560274
        ]
      },
      "properties": {
        "transect_id": 5,
        "elev_lowestmode": 285.9800109863281,
        "elev_dem": 287.0,
        "rh100": 31.28,
        "quality_flag": 1,
        "beam": "BEAM06"
      }
    },
    {
      "type": "Feature",
      "geometry": {
        "type": "Point",
        "coordinates": [
          -70.094701,
          -12.560049
        ]
      },
      "properties": {
        "transect_id": 5,
        "elev_lowestmode": 260.4800109863281,
        "elev_dem": 262.0,
        "rh100": 25.05,
        "quality_flag": 1,
        "beam": "BEAM06"
      }
    },
    {
      "type": "Feature",
      "geometry": {
        "type": "Point",
        "coordinates": [
          -70.096058,
          -12.559824
        ]
      },
      "properties": {
        "transect_id": 5,
        "elev_lowestmode": 275.8699951171875,
        "elev_dem": 276.0,
        "rh100": 34.06,
        "quality_flag": 1,
        "beam": "BEAM06"
      }
    },
    {
      "type": "Feature",
      "geometry": {
        "type": "Point",
        "coordinates": [
          -70.096171,
          -12.559598
        ]
      },
      "properties": {
        "transect_id": 5,
        "elev_lowestmode": 276.0400085449219,
        "elev_dem": 276.0,
        "rh100": 31.47,
        "quality_flag": 1,
        "beam": "BEAM06"
      }
    },
    {
      "type": "Feature",
      "geometry": {
        "type": "Point",
        "coordinates": [
          -70.0953,
          -12.559373
        ]
      },
      "properties": {
        "transect_id": 5,
        "elev_lowestmode": 255.97000122070312,
        "elev_dem": 256.0,
        "rh100": 22.1,
        "quality_flag": 1,
        "beam": "BEAM06"
      }
    },
    {
      "type": "Feature",
      "geometry": {
        "type": "Point",
        "coordinates": [
          -70.095333,
          -12.559148
        ]
      },
      "properties": {
        "transect_id": 5,
        "elev_lowestmode": 254.11000061035156,
        "elev_dem": 255.0,
        "rh100": 22.13,
        "quality_flag": 1,
        "beam": "BEAM06"
      }
    },
    {
      "type": "Feature",
      "geometry": {
        "type": "Point",
        "coordinates": [
          -70.09606,
          -12.558923
        ]
      },
      "properties": {
        "transect_id": 5,
        "elev_lowestmode": 272.7699890136719,
        "elev_dem": 271.0,
        "rh100": 21.8,
        "quality_flag": 1,
        "beam": "BEAM06"
      }
    },
    {
      "type": "Feature",
      "geometry": {
        "type": "Point",
        "coordinates": [
          -70.09568,
          -12.558697
        ]
      },
      "properties": {
        "transect_id": 5,
        "elev_lowestmode": 261.510009765625,
        "elev_dem": 263.0,
        "rh100": 25.07,
        "quality_flag": 1,
        "beam": "BEAM06"
      }
    },
    {
      "type": "Feature",
      "geometry": {
        "type": "Point",
        "coordinates": [
          -70.09532,
          -12.558472
        ]
      },
      "properties": {
        "transect_id": 5,
        "elev_lowestmode": 258.2699890136719,
        "elev_dem": 258.0,
        "rh100": 33.7,
        "quality_flag": 1,
        "beam": "BEAM06"
      }
    },
    {
      "type": "Feature",
      "geometry": {
        "type": "Point",
        "coordinates": [
          -70.09626,
          -12.558247
        ]
      },
      "properties": {
        "transect_id": 5,
        "elev_lowestmode": 275.80999755859375,
        "elev_dem": 276.0,
        "rh100": 23.75,
        "quality_flag": 1,
        "beam": "BEAM06"
      }
    },
    {
      "type": "Feature",
      "geometry": {
        "type": "Point",
        "coordinates": [
          -70.096079,
          -12.558022
        ]
      },
      "properties": {
        "transect_id": 5,
        "elev_lowestmode": 269.1099853515625,
        "elev_dem": 270.0,
        "rh100": 32.89,
        "quality_flag": 0,
        "beam": "BEAM06"
      }
    },
    {
      "type": "Feature",
      "geometry": {
        "type": "Point",
        "coordinates": [
          -70.096553,
          -12.557797
        ]
      },
      "properties": {
        "transect_id": 5,
        "elev_lowestmode": 281.0799865722656,
        "elev_dem": 281.0,
        "rh100": 34.91,
        "quality_flag": 0,
        "beam": "BEAM06"
      }
    },
    {
      "type": "Feature",
      "geometry": {
        "type": "Point",
        "coordinates": [
          -70.09565,
          -12.557571
        ]
      },
      "properties": {
        "transect_id": 5,
        "elev_lowestmode": 249.5399932861328,
        "elev_dem": 248.0,
        "rh100": 26.28,
        "quality_flag": 1,
        "beam": "BEAM06"
      }
    },
    {
      "type": "Feature",
      "geometry": {
        "type": "Point",
        "coordinates": [
          -70.095001,
          -12.557346
        ]
      },
      "properties": {
        "transect_id": 5,
        "elev_lowestmode": 246.3000030517578,
        "elev_dem": 246.0,
        "rh100": 33.51,
        "quality_flag": 1,
        "beam": "BEAM06"
      }
    },
    {
      "type": "Feature",
      "geometry": {
        "type": "Point",
        "coordinates": [
          -70.095924,
          -12.557121
        ]
      },
      "properties": {
        "transect_id": 5,
        "elev_lowestmode": 245.6999969482422,
        "elev_dem": 247.0,
        "rh100": 25.05,
        "quality_flag": 1,
        "beam": "BEAM06"
      }
    },
    {
      "type": "Feature",
      "geometry": {
        "type": "Point",
        "coordinates": [
          -70.09509,
          -12.556896
        ]
      },
      "properties": {
        "transect_id": 5,
        "elev_lowestmode": 242.4499969482422,
        "elev_dem": 243.0,
        "rh100": 30.66,
        "quality_flag": 1,
        "beam": "BEAM06"
      }
    },
    {
      "type": "Feature",
      "geometry": {
        "type": "Point",
        "coordinates": [
          -70.094983,
          -12.55667
        ]
      },
      "properties": {
        "transect_id": 5,
        "elev_lowestmode": 239.47999572753906,
        "elev_dem": 240.0,
        "rh100": 31.54,
        "quality_flag": 1,
        "beam": "BEAM06"
      }
    },
    {
      "type": "Feature",
      "geometry": {
        "type": "Point",
        "coordinates": [
          -70.094764,
          -12.556445
        ]
      },
      "properties": {
        "transect_id": 5,
        "elev_lowestmode": 237.91000366210938,
        "elev_dem": 238.0,
        "rh100": 22.66,
        "quality_flag": 1,
        "beam": "BEAM06"
      }
    },
    {
      "type": "Feature",
      "geometry": {
        "type": "Point",
        "coordinates": [
          -70.094601,
          -12.55622
        ]
      },
      "properties": {
        "transect_id": 5,
        "elev_lowestmode": 238.52000427246094,
        "elev_dem": 239.0,
        "rh100": 29.17,
        "quality_flag": 1,
        "beam": "BEAM06"
      }
    },
    {
      "type": "Feature",
      "geometry": {
        "type": "Point",
        "coordinates": [
          -70.096469,
          -12.555995
        ]
      },
      "properties": {
        "transect_id": 5,
        "elev_lowestmode": 249.74000549316406,
        "elev_dem": 250.0,
        "rh100": 29.02,
        "quality_flag": 1,
        "beam": "BEAM06"
      }
    },
    {
      "type": "Feature",
      "geometry": {
        "type": "Point",
        "coordinates": [
          -70.094647,
          -12.55577
        ]
      },
      "properties": {
        "transect_id": 5,
        "elev_lowestmode": 244.11000061035156,
        "elev_dem": 242.0,
        "rh100": 21.18,
        "quality_flag": 1,
        "beam": "BEAM06"
      }
    },
    {
      "type": "Feature",
      "geometry": {
        "type": "Point",
        "coordinates": [
          -70.095725,
          -12.555544
        ]
      },
      "properties": {
        "transect_id": 5,
        "elev_lowestmode": 246.9600067138672,
        "elev_dem": 247.0,
        "rh100": 21.36,
        "quality_flag": 1,
        "beam": "BEAM06"
      }
    },
    {
      "type": "Feature",
      "geometry": {
        "type": "Point",
        "coordinates": [
          -70.094653,
          -12.555319
        ]
      },
      "properties": {
        "transect_id": 5,
        "elev_lowestmode": 243.19000244140625,
        "elev_dem": 242.0,
        "rh100": 24.48,
        "quality_flag": 1,
        "beam": "BEAM06"
      }
    },
    {
      "type": "Feature",
      "geometry": {
        "type": "Point",
        "coordinates": [
          -70.095337,
          -12.555094
        ]
      },
      "properties": {
        "transect_id": 5,
        "elev_lowestmode": 243.0,
        "elev_dem": 242.0,
        "rh100": 33.17,
        "quality_flag": 1,
        "beam": "BEAM06"
      }
    },
    {
      "type": "Feature",
      "geometry": {
        "type": "Point",
        "coordinates": [
          -70.094635,
          -12.554869
        ]
      },
      "properties": {
        "transect_id": 5,
        "elev_lowestmode": 237.9199981689453,
        "elev_dem": 240.0,
        "rh100": 30.9,
        "quality_flag": 1,
        "beam": "BEAM06"
      }
    },
    {
      "type": "Feature",
      "geometry": {
        "type": "Point",
        "coordinates": [
          -70.096459,
          -12.554643
        ]
      },
      "properties": {
        "transect_id": 5,
        "elev_lowestmode": 256.1199951171875,
        "elev_dem": 256.0,
        "rh100": 26.5,
        "quality_flag": 1,
        "beam": "BEAM06"
      }
    },
    {
      "type": "Feature",
      "geometry": {
        "type": "Point",
        "coordinates": [
          -70.096013,
          -12.554418
        ]
      },
      "properties": {
        "transect_id": 5,
        "elev_lowestmode": 251.10000610351562,
        "elev_dem": 252.0,
        "rh100": 24.71,
        "quality_flag": 1,
        "beam": "BEAM06"
      }
    },
    {
      "type": "Feature",
      "geometry": {
        "type": "Point",
        "coordinates": [
          -70.09628,
          -12.554193
        ]
      },
      "properties": {
        "transect_id": 5,
        "elev_lowestmode": 254.49000549316406,
        "elev_dem": 253.0,
        "rh100": 28.54,
        "quality_flag": 1,
        "beam": "BEAM06"
      }
    },
    {
      "type": "Feature",
      "geometry": {
        "type": "Point",
        "coordinates": [
          -70.094674,
          -12.553968
        ]
      },
      "properties": {
        "transect_id": 5,
        "elev_lowestmode": 234.02999877929688,
        "elev_dem": 236.0,
        "rh100": 34.49,
        "quality_flag": 0,
        "beam": "BEAM06"
      }
    },
    {
      "type": "Feature",
      "geometry": {
        "type": "Point",
        "coordinates": [
          -70.095634,
          -12.553742
        ]
      },
      "properties": {
        "transect_id": 5,
        "elev_lowestmode": 240.17999267578125,
        "elev_dem": 241.0,
        "rh100": 26.0,
        "quality_flag": 1,
        "beam": "BEAM06"
      }
    },
    {
      "type": "Feature",
      "geometry": {
        "type": "Point",
        "coordinates": [
          -70.095878,
          -12.553517
        ]
      },
      "properties": {
        "transect_id": 5,
        "elev_lowestmode": 242.5399932861328,
        "elev_dem": 243.0,
        "rh100": 21.53,
        "quality_flag": 0,
        "beam": "BEAM06"
      }
    },
    {
      "type": "Feature",
      "geometry": {
        "type": "Point",
        "coordinates": [
          -70.095641,
          -12.553292
        ]
      },
      "properties": {
        "transect_id": 5,
        "elev_lowestmode": 239.8300018310547,
        "elev_dem": 239.0,
        "rh100": 31.71,
        "quality_flag": 1,
        "beam": "BEAM06"
      }
    },
    {
      "type": "Feature",
      "geometry": {
        "type": "Point",
        "coordinates": [
          -70.096425,
          -12.553067
        ]
      },
      "properties": {
        "transect_id": 5,
        "elev_lowestmode": 248.8699951171875,
        "elev_dem": 250.0,
        "rh100": 26.58,
        "quality_flag": 1,
        "beam": "BEAM06"
      }
    },
    {
      "type": "Feature",
      "geometry": {
        "type": "Point",
        "coordinates": [
          -70.095846,
          -12.552842
        ]
      },
      "properties": {
        "transect_id": 5,
        "elev_lowestmode": 241.3699951171875,
        "elev_dem": 242.0,
        "rh100": 25.37,
        "quality_flag": 1,
        "beam": "BEAM06"
      }
    },
    {
      "type": "Feature",
      "geometry": {
        "type": "Point",
        "coordinates": [
          -70.095405,
          -12.552616
        ]
      },
      "properties": {
        "transect_id": 5,
        "elev_lowestmode": 240.9600067138672,
        "elev_dem": 239.0,
        "rh100": 20.69,
        "quality_flag": 1,
        "beam": "BEAM06"
      }
    },
    {
      "type": "Feature",
      "geometry": {
        "type": "Point",
        "coordinates": [
          -70.095829,
          -12.552391
        ]
      },
      "properties": {
        "transect_id": 5,
        "elev_lowestmode": 243.25,
        "elev_dem": 243.0,
        "rh100": 22.72,
        "quality_flag": 1,
        "beam": "BEAM06"
      }
    },
    {
      "type": "Feature",
      "geometry": {
        "type": "Point",
        "coordinates": [
          -70.095188,
          -12.552166
        ]
      },
      "properties": {
        "transect_id": 5,
        "elev_lowestmode": 239.7100067138672,
        "elev_dem": 241.0,
        "rh100": 20.03,
        "quality_flag": 1,
        "beam": "BEAM06"
      }
    },
    {
      "type": "Feature",
      "geometry": {
        "type": "Point",
        "coordinates": [
          -70.096491,
          -12.551941
        ]
      },
      "properties": {
        "transect_id": 5,
        "elev_lowestmode": 251.0399932861328,
        "elev_dem": 251.0,
        "rh100": 22.93,
        "quality_flag": 1,
        "beam": "BEAM06"
      }
    },
    {
      "type": "Feature",
      "geometry": {
        "type": "Point",
        "coordinates": [
          -70.094932,
          -12.551715
        ]
      },
      "properties": {
        "transect_id": 5,
        "elev_lowestmode": 242.72000122070312,
        "elev_dem": 243.0,
        "rh100": 30.85,
        "quality_flag": 1,
        "beam": "BEAM06"
      }
    },
    {
      "type": "Feature",
      "geometry": {
        "type": "Point",
        "coordinates": [
          -70.095881,
          -12.55149
        ]
      },
      "properties": {
        "transect_id": 5,
        "elev_lowestmode": 247.58999633789062,
        "elev_dem": 246.0,
        "rh100": 28.81,
        "quality_flag": 0,
        "beam": "BEAM06"
      }
    },
    {
      "type": "Feature",
      "geometry": {
        "type": "Point",
        "coordinates": [
          -70.095891,
          -12.551265
        ]
      },
      "properties": {
        "transect_id": 5,
        "elev_lowestmode": 245.77999877929688,
        "elev_dem": 246.0,
        "rh100": 32.11,
        "quality_flag": 1,
        "beam": "BEAM06"
      }
    },
    {
      "type": "Feature",
      "geometry": {
        "type": "Point",
        "coordinates": [
          -70.095686,
          -12.55104
        ]
      },
      "properties": {
        "transect_id": 5,
        "elev_lowestmode": 243.17999267578125,
        "elev_dem": 244.0,
        "rh100": 21.33,
        "quality_flag": 1,
        "beam": "BEAM06"
      }
    },
    {
      "type": "Feature",
      "geometry": {
        "type": "Point",
        "coordinates": [
          -70.096044,
          -12.550815
        ]
      },
      "properties": {
        "transect_id": 5,
        "elev_lowestmode": 247.0500030517578,
        "elev_dem": 247.0,
        "rh100": 21.95,
        "quality_flag": 1,
        "beam": "BEAM06"
      }
    },
    {
      "type": "Feature",
      "geometry": {
        "type": "Point",
        "coordinates": [
          -70.095453,
          -12.550589
        ]
      },
      "properties": {
        "transect_id": 5,
        "elev_lowestmode": 241.5399932861328,
        "elev_dem": 239.0,
        "rh100": 30.48,
        "quality_flag": 1,
        "beam": "BEAM06"
      }
    },
    {
      "type": "Feature",
      "geometry": {
        "type": "Point",
        "coordinates": [
          -70.095506,
          -12.550364
        ]
      },
      "properties": {
        "transect_id": 5,
        "elev_lowestmode": 236.97999572753906,
        "elev_dem": 236.0,
        "rh100": 20.27,
        "quality_flag": 1,
        "beam": "BEAM06"
      }
    },
    {
      "type": "Feature",
      "geometry": {
        "type": "Point",
        "coordinates": [
          -70.095467,
          -12.550139
        ]
      },
      "properties": {
        "transect_id": 5,
        "elev_lowestmode": 232.41000366210938,
        "elev_dem": 232.0,
        "rh100": 33.48,
        "quality_flag": 1,
        "beam": "BEAM06"
      }
    },
    {
      "type": "Feature",
      "geometry": {
        "type": "Point",
        "coordinates": [
          -70.095781,
          -12.549914
        ]
      },
      "properties": {
        "transect_id": 5,
        "elev_lowestmode": 231.82000732421875,
        "elev_dem": 233.0,
        "rh100": 27.62,
        "quality_flag": 1,
        "beam": "BEAM06"
      }
    },
    {
      "type": "Feature",
      "geometry": {
        "type": "Point",
        "coordinates": [
          -70.094914,
          -12.549688
        ]
      },
      "properties": {
        "transect_id": 5,
        "elev_lowestmode": 220.99000549316406,
        "elev_dem": 223.0,
        "rh100": 29.5,
        "quality_flag": 1,
        "beam": "BEAM06"
      }
    },
    {
      "type": "Feature",
      "geometry": {
        "type": "Point",
        "coordinates": [
          -70.095053,
          -12.549463
        ]
      },
      "properties": {
        "transect_id": 5,
        "elev_lowestmode": 217.1999969482422,
        "elev_dem": 218.0,
        "rh100": 26.75,
        "quality_flag": 1,
        "beam": "BEAM06"
      }
    },
    {
      "type": "Feature",
      "geometry": {
        "type": "Point",
        "coordinates": [
          -70.095665,
          -12.549238
        ]
      },
      "properties": {
        "transect_id": 5,
        "elev_lowestmode": 227.57000732421875,
        "elev_dem": 226.0,
        "rh100": 25.21,
        "quality_flag": 1,
        "beam": "BEAM06"
      }
    },
    {
      "type": "Feature",
      "geometry": {
        "type": "Point",
        "coordinates": [
          -70.094617,
          -12.549013
        ]
      },
      "properties": {
        "transect_id": 5,
        "elev_lowestmode": 220.3000030517578,
        "elev_dem": 220.0,
        "rh100": 21.69,
        "quality_flag": 1,
        "beam": "BEAM06"
      }
    },
    {
      "type": "Feature",
      "geometry": {
        "type": "Point",
        "coordinates": [
          -70.094825,
          -12.548788
        ]
      },
      "properties": {
        "transect_id": 5,
        "elev_lowestmode": 219.27000427246094,
        "elev_dem": 220.0,
        "rh100": 22.81,
        "quality_flag": 1,
        "beam": "BEAM06"
      }
    },
    {
      "type": "Feature",
      "geometry": {
        "type": "Point",
        "coordinates": [
          -70.096175,
          -12.548562
        ]
      },
      "properties": {
        "transect_id": 5,
        "elev_lowestmode": 230.1699981689453,
        "elev_dem": 230.0,
        "rh100": 20.16,
        "quality_flag": 1,
        "beam": "BEAM06"
      }
    },
    {
      "type": "Feature",
      "geometry": {
        "type": "Point",
        "coordinates": [
          -70.095088,
          -12.548337
        ]
      },
      "properties": {
        "transect_id": 5,
        "elev_lowestmode": 221.5399932861328,
        "elev_dem": 223.0,
        "rh100": 33.36,
        "quality_flag": 1,
        "beam": "BEAM06"
      }
    },
    {
      "type": "Feature",
      "geometry": {
        "type": "Point",
        "coordinates": [
          -70.095055,
          -12.548112
        ]
      },
      "properties": {
        "transect_id": 5,
        "elev_lowestmode": 224.82000732421875,
        "elev_dem": 224.0,
        "rh100": 21.59,
        "quality_flag": 0,
        "beam": "BEAM06"
      }
    },
    {
      "type": "Feature",
      "geometry": {
        "type": "Point",
        "coordinates": [
          -70.095157,
          -12.547887
        ]
      },
      "properties": {
        "transect_id": 5,
        "elev_lowestmode": 227.52999877929688,
        "elev_dem": 227.0,
        "rh100": 27.52,
        "quality_flag": 1,
        "beam": "BEAM06"
      }
    },
    {
      "type": "Feature",
      "geometry": {
        "type": "Point",
        "coordinates": [
          -70.095816,
          -12.547661
        ]
      },
      "properties": {
        "transect_id": 5,
        "elev_lowestmode": 223.66000366210938,
        "elev_dem": 224.0,
        "rh100": 34.13,
        "quality_flag": 1,
        "beam": "BEAM06"
      }
    },
    {
      "type": "Feature",
      "geometry": {
        "type": "Point",
        "coordinates": [
          -70.095831,
          -12.547436
        ]
      },
      "properties": {
        "transect_id": 5,
        "elev_lowestmode": 221.61000061035156,
        "elev_dem": 221.0,
        "rh100": 27.23,
        "quality_flag": 1,
        "beam": "BEAM06"
      }
    },
    {
      "type": "Feature",
      "geometry": {
        "type": "Point",
        "coordinates": [
          -70.094902,
          -12.547211
        ]
      },
      "properties": {
        "transect_id": 5,
        "elev_lowestmode": 223.5,
        "elev_dem": 222.0,
        "rh100": 26.99,
        "quality_flag": 1,
        "beam": "BEAM06"
      }
    },
    {
      "type": "Feature",
      "geometry": {
        "type": "Point",
        "coordinates": [
          -70.095676,
          -12.546986
        ]
      },
      "properties": {
        "transect_id": 5,
        "elev_lowestmode": 217.8000030517578,
        "elev_dem": 218.0,
        "rh100": 32.83,
        "quality_flag": 0,
        "beam": "BEAM06"
      }
    },
    {
      "type": "Feature",
      "geometry": {
        "type": "Point",
        "coordinates": [
          -70.095104,
          -12.546761
        ]
      },
      "properties": {
        "transect_id": 5,
        "elev_lowestmode": 220.39999389648438,
        "elev_dem": 219.0,
        "rh100": 33.93,
        "quality_flag": 1,
        "beam": "BEAM06"
      }
    },
    {
      "type": "Feature",
      "geometry": {
        "type": "Point",
        "coordinates": [
          -70.094752,
          -12.546535
        ]
      },
      "properties": {
        "transect_id": 5,
        "elev_lowestmode": 220.25,
        "elev_dem": 221.0,
        "rh100": 29.65,
        "quality_flag": 1,
        "beam": "BEAM06"
      }
    },
    {
      "type": "Feature",
      "geometry": {
        "type": "Point",
        "coordinates": [
          -70.096452,
          -12.54631
        ]
      },
      "properties": {
        "transect_id": 5,
        "elev_lowestmode": 229.14999389648438,
        "elev_dem": 228.0,
        "rh100": 25.09,
        "quality_flag": 1,
        "beam": "BEAM06"
      }
    },
    {
      "type": "Feature",
      "geometry": {
        "type": "Point",
        "coordinates": [
          -70.094659,
          -12.546085
        ]
      },
      "properties": {
        "transect_id": 5,
        "elev_lowestmode": 226.1199951171875,
        "elev_dem": 224.0,
        "rh100": 34.56,
        "quality_flag": 1,
        "beam": "BEAM06"
      }
    },
    {
      "type": "Feature",
      "geometry": {
        "type": "Point",
        "coordinates": [
          -70.096062,
          -12.54586
        ]
      },
      "properties": {
        "transect_id": 5,
        "elev_lowestmode": 235.52999877929688,
        "elev_dem": 235.0,
        "rh100": 30.59,
        "quality_flag": 1,
        "beam": "BEAM06"
      }
    },
    {
      "type": "Feature",
      "geometry": {
        "type": "Point",
        "coordinates": [
          -70.096259,
          -12.545634
        ]
      },
      "properties": {
        "transect_id": 5,
        "elev_lowestmode": 236.36000061035156,
        "elev_dem": 237.0,
        "rh100": 22.96,
        "quality_flag": 1,
        "beam": "BEAM06"
      }
    },
    {
      "type": "Feature",
      "geometry": {
        "type": "Point",
        "coordinates": [
          -70.095529,
          -12.545409
        ]
      },
      "properties": {
        "transect_id": 5,
        "elev_lowestmode": 230.13999938964844,
        "elev_dem": 230.0,
        "rh100": 25.52,
        "quality_flag": 1,
        "beam": "BEAM06"
      }
    },
    {
      "type": "Feature",
      "geometry": {
        "type": "Point",
        "coordinates": [
          -70.095785,
          -12.545184
        ]
      },
      "properties": {
        "transect_id": 5,
        "elev_lowestmode": 234.94000244140625,
        "elev_dem": 235.0,
        "rh100": 29.4,
        "quality_flag": 1,
        "beam": "BEAM06"
      }
    },
    {
      "type": "Feature",
      "geometry": {
        "type": "Point",
        "coordinates": [
          -70.096429,
          -12.544959
        ]
      },
      "properties": {
        "transect_id": 5,
        "elev_lowestmode": 240.8300018310547,
        "elev_dem": 240.0,
        "rh100": 32.13,
        "quality_flag": 1,
        "beam": "BEAM06"
      }
    },
    {
      "type": "Feature",
      "geometry": {
        "type": "Point",
        "coordinates": [
          -70.095527,
          -12.544733
        ]
      },
      "properties": {
        "transect_id": 5,
        "elev_lowestmode": 231.32000732421875,
        "elev_dem": 231.0,
        "rh100": 22.94,
        "quality_flag": 1,
        "beam": "BEAM06"
      }
    },
    {
      "type": "Feature",
      "geometry": {
        "type": "Point",
        "coordinates": [
          -70.095904,
          -12.544508
        ]
      },
      "properties": {
        "transect_id": 5,
        "elev_lowestmode": 230.77999877929688,
        "elev_dem": 231.0,
        "rh100": 26.23,
        "quality_flag": 0,
        "beam": "BEAM06"
      }
    },
    {
      "type": "Feature",
      "geometry": {
        "type": "Point",
        "coordinates": [
          -70.095376,
          -12.544283
        ]
      },
      "properties": {
        "transect_id": 5,
        "elev_lowestmode": 233.72999572753906,
        "elev_dem": 235.0,
        "rh100": 34.54,
        "quality_flag": 1,
        "beam": "BEAM06"
      }
    },
    {
      "type": "Feature",
      "geometry": {
        "type": "Point",
        "coordinates": [
          -70.095479,
          -12.544058
        ]
      },
      "properties": {
        "transect_id": 5,
        "elev_lowestmode": 233.4199981689453,
        "elev_dem": 233.0,
        "rh100": 32.71,
        "quality_flag": 1,
        "beam": "BEAM06"
      }
    },
    {
      "type": "Feature",
      "geometry": {
        "type": "Point",
        "coordinates": [
          -70.095488,
          -12.543833
        ]
      },
      "properties": {
        "transect_id": 5,
        "elev_lowestmode": 226.8800048828125,
        "elev_dem": 228.0,
        "rh100": 22.2,
        "quality_flag": 1,
        "beam": "BEAM06"
      }
    },
    {
      "type": "Feature",
      "geometry": {
        "type": "Point",
        "coordinates": [
          -70.095063,
          -12.543607
        ]
      },
      "properties": {
        "transect_id": 5,
        "elev_lowestmode": 233.19000244140625,
        "elev_dem": 232.0,
        "rh100": 31.1,
        "quality_flag": 1,
        "beam": "BEAM06"
      }
    },
    {
      "type": "Feature",
      "geometry": {
        "type": "Point",
        "coordinates": [
          -70.095265,
          -12.543382
        ]
      },
      "properties": {
        "transect_id": 5,
        "elev_lowestmode": 221.4600067138672,
        "elev_dem": 221.0,
        "rh100": 25.9,
        "quality_flag": 1,
        "beam": "BEAM06"
      }
    },
    {
      "type": "Feature",
      "geometry": {
        "type": "Point",
        "coordinates": [
          -70.095872,
          -12.543157
        ]
      },
      "properties": {
        "transect_id": 5,
        "elev_lowestmode": 219.41000366210938,
        "elev_dem": 219.0,
        "rh100": 21.37,
        "quality_flag": 1,
        "beam": "BEAM06"
      }
    },
    {
      "type": "Feature",
      "geometry": {
        "type": "Point",
        "coordinates": [
          -70.095602,
          -12.542932
        ]
      },
      "properties": {
        "transect_id": 5,
        "elev_lowestmode": 219.08999633789062,
        "elev_dem": 218.0,
        "rh100": 33.6,
        "quality_flag": 1,
        "beam": "BEAM06"
      }
    },
    {
      "type": "Feature",
      "geometry": {
        "type": "Point",
        "coordinates": [
          -70.095883,
          -12.542706
        ]
      },
      "properties": {
        "transect_id": 5,
        "elev_lowestmode": 218.97999572753906,
        "elev_dem": 219.0,
        "rh100": 24.34,
        "quality_flag": 0,
        "beam": "BEAM06"
      }
    },
    {
      "type": "Feature",
      "geometry": {
        "type": "Point",
        "coordinates": [
          -70.095899,
          -12.542481
        ]
      },
      "properties": {
        "transect_id": 5,
        "elev_lowestmode": 218.3000030517578,
        "elev_dem": 220.0,
        "rh100": 25.18,
        "quality_flag": 1,
        "beam": "BEAM06"
      }
    },
    {
      "type": "Feature",
      "geometry": {
        "type": "Point",
        "coordinates": [
          -70.09533,
          -12.542256
        ]
      },
      "properties": {
        "transect_id": 5,
        "elev_lowestmode": 231.75999450683594,
        "elev_dem": 232.0,
        "rh100": 20.95,
        "quality_flag": 1,
        "beam": "BEAM06"
      }
    },
    {
      "type": "Feature",
      "geometry": {
        "type": "Point",
        "coordinates": [
          -70.096038,
          -12.542031
        ]
      },
      "properties": {
        "transect_id": 5,
        "elev_lowestmode": 234.3800048828125,
        "elev_dem": 235.0,
        "rh100": 27.75,
        "quality_flag": 1,
        "beam": "BEAM06"
      }
    },
    {
      "type": "Feature",
      "geometry": {
        "type": "Point",
        "coordinates": [
          -70.095642,
          -12.541806
        ]
      },
      "properties": {
        "transect_id": 5,
        "elev_lowestmode": 232.3699951171875,
        "elev_dem": 233.0,
        "rh100": 31.4,
        "quality_flag": 1,
        "beam": "BEAM06"
      }
    },
    {
      "type": "Feature",
      "geometry": {
        "type": "Point",
        "coordinates": [
          -70.095184,
          -12.54158
        ]
      },
      "properties": {
        "transect_id": 5,
        "elev_lowestmode": 235.05999755859375,
        "elev_dem": 234.0,
        "rh100": 22.07,
        "quality_flag": 1,
        "beam": "BEAM06"
      }
    },
    {
      "type": "Feature",
      "geometry": {
        "type": "Point",
        "coordinates": [
          -70.09614,
          -12.541355
        ]
      },
      "properties": {
        "transect_id": 5,
        "elev_lowestmode": 236.80999755859375,
        "elev_dem": 235.0,
        "rh100": 30.51,
        "quality_flag": 1,
        "beam": "BEAM06"
      }
    },
    {
      "type": "Feature",
      "geometry": {
        "type": "Point",
        "coordinates": [
          -70.095305,
          -12.54113
        ]
      },
      "properties": {
        "transect_id": 5,
        "elev_lowestmode": 235.08999633789062,
        "elev_dem": 234.0,
        "rh100": 27.97,
        "quality_flag": 1,
        "beam": "BEAM06"
      }
    },
    {
      "type": "Feature",
      "geometry": {
        "type": "Point",
        "coordinates": [
          -70.094616,
          -12.540905
        ]
      },
      "properties": {
        "transect_id": 5,
        "elev_lowestmode": 234.4199981689453,
        "elev_dem": 235.0,
        "rh100": 20.38,
        "quality_flag": 0,
        "beam": "BEAM06"
      }
    },
    {
      "type": "Feature",
      "geometry": {
        "type": "Point",
        "coordinates": [
          -70.096541,
          -12.540679
        ]
      },
      "properties": {
        "transect_id": 5,
        "elev_lowestmode": 244.7100067138672,
        "elev_dem": 245.0,
        "rh100": 30.39,
        "quality_flag": 1,
        "beam": "BEAM06"
      }
    },
    {
      "type": "Feature",
      "geometry": {
        "type": "Point",
        "coordinates": [
          -70.096121,
          -12.540454
        ]
      },
      "properties": {
        "transect_id": 5,
        "elev_lowestmode": 234.0399932861328,
        "elev_dem": 235.0,
        "rh100": 31.63,
        "quality_flag": 1,
        "beam": "BEAM06"
      }
    },
    {
      "type": "Feature",
      "geometry": {
        "type": "Point",
        "coordinates": [
          -70.095704,
          -12.540229
        ]
      },
      "properties": {
        "transect_id": 5,
        "elev_lowestmode": 234.72000122070312,
        "elev_dem": 234.0,
        "rh100": 24.88,
        "quality_flag": 1,
        "beam": "BEAM06"
      }
    },
    {
      "type": "Feature",
      "geometry": {
        "type": "Point",
        "coordinates": [
          -70.095429,
          -12.540004
        ]
      },
      "properties": {
        "transect_id": 5,
        "elev_lowestmode": 235.19000244140625,
        "elev_dem": 236.0,
        "rh100": 29.09,
        "quality_flag": 1,
        "beam": "BEAM06"
      }
    },
    {
      "type": "Feature",
      "geometry": {
        "type": "Point",
        "coordinates": [
          -70.085685,
          -12.599914
        ]
      },
      "properties": {
        "transect_id": 6,
        "elev_lowestmode": 214.22999572753906,
        "elev_dem": 215.0,
        "rh100": 29.03,
        "quality_flag": 1,
        "beam": "BEAM07"
      }
    },
    {
      "type": "Feature",
      "geometry": {
        "type": "Point",
        "coordinates": [
          -70.085296,
          -12.599688
        ]
      },
      "properties": {
        "transect_id": 6,
        "elev_lowestmode": 216.0,
        "elev_dem": 215.0,
        "rh100": 23.6,
        "quality_flag": 1,
        "beam": "BEAM07"
      }
    },
    {
      "type": "Feature",
      "geometry": {
        "type": "Point",
        "coordinates": [
          -70.086111,
          -12.599463
        ]
      },
      "properties": {
        "transect_id": 6,
        "elev_lowestmode": 216.1999969482422,
        "elev_dem": 215.0,
        "rh100": 29.02,
        "quality_flag": 1,
        "beam": "BEAM07"
      }
    },
    {
      "type": "Feature",
      "geometry": {
        "type": "Point",
        "coordinates": [
          -70.085267,
          -12.599238
        ]
      },
      "properties": {
        "transect_id": 6,
        "elev_lowestmode": 214.97000122070312,
        "elev_dem": 215.0,
        "rh100": 21.31,
        "quality_flag": 1,
        "beam": "BEAM07"
      }
    },
    {
      "type": "Feature",
      "geometry": {
        "type": "Point",
        "coordinates": [
          -70.085961,
          -12.599013
        ]
      },
      "properties": {
        "transect_id": 6,
        "elev_lowestmode": 215.11000061035156,
        "elev_dem": 215.0,
        "rh100": 31.37,
        "quality_flag": 1,
        "beam": "BEAM07"
      }
    },
    {
      "type": "Feature",
      "geometry": {
        "type": "Point",
        "coordinates": [
          -70.084734,
          -12.598788
        ]
      },
      "properties": {
        "transect_id": 6,
        "elev_lowestmode": 215.42999267578125,
        "elev_dem": 215.0,
        "rh100": 27.32,
        "quality_flag": 1,
        "beam": "BEAM07"
      }
    },
    {
      "type": "Feature",
      "geometry": {
        "type": "Point",
        "coordinates": [
          -70.085505,
          -12.598562
        ]
      },
      "properties": {
        "transect_id": 6,
        "elev_lowestmode": 214.3300018310547,
        "elev_dem": 215.0,
        "rh100": 22.47,
        "quality_flag": 1,
        "beam": "BEAM07"
      }
    },
    {
      "type": "Feature",
      "geometry": {
        "type": "Point",
        "coordinates": [
          -70.085024,
          -12.598337
        ]
      },
      "properties": {
        "transect_id": 6,
        "elev_lowestmode": 215.1199951171875,
        "elev_dem": 215.0,
        "rh100": 24.64,
        "quality_flag": 1,
        "beam": "BEAM07"
      }
    },
    {
      "type": "Feature",
      "geometry": {
        "type": "Point",
        "coordinates": [
          -70.085083,
          -12.598112
        ]
      },
      "properties": {
        "transect_id": 6,
        "elev_lowestmode": 217.39999389648438,
        "elev_dem": 217.0,
        "rh100": 30.22,
        "quality_flag": 1,
        "beam": "BEAM07"
      }
    },
    {
      "type": "Feature",
      "geometry": {
        "type": "Point",
        "coordinates": [
          -70.085545,
          -12.597887
        ]
      },
      "properties": {
        "transect_id": 6,
        "elev_lowestmode": 214.86000061035156,
        "elev_dem": 215.0,
        "rh100": 33.1,
        "quality_flag": 1,
        "beam": "BEAM07"
      }
    },
    {
      "type": "Feature",
      "geometry": {
        "type": "Point",
        "coordinates": [
          -70.084682,
          -12.597661
        ]
      },
      "properties": {
        "transect_id": 6,
        "elev_lowestmode": 214.82000732421875,
        "elev_dem": 216.0,
        "rh100": 24.97,
        "quality_flag": 1,
        "beam": "BEAM07"
      }
    },
    {
      "type": "Feature",
      "geometry": {
        "type": "Point",
        "coordinates": [
          -70.084849,
          -12.597436
        ]
      },
      "properties": {
        "transect_id": 6,
        "elev_lowestmode": 216.24000549316406,
        "elev_dem": 214.0,
        "rh100": 25.9,
        "quality_flag": 1,
        "beam": "BEAM07"
      }
    },
    {
      "type": "Feature",
      "geometry": {
        "type": "Point",
        "coordinates": [
          -70.08554,
          -12.597211
        ]
      },
      "properties": {
        "transect_id": 6,
        "elev_lowestmode": 215.00999450683594,
        "elev_dem": 215.0,
        "rh100": 30.76,
        "quality_flag": 1,
        "beam": "BEAM07"
      }
    },
    {
      "type": "Feature",
      "geometry": {
        "type": "Point",
        "coordinates": [
          -70.085982,
          -12.596986
        ]
      },
      "properties": {
        "transect_id": 6,
        "elev_lowestmode": 217.6999969482422,
        "elev_dem": 219.0,
        "rh100": 28.59,
        "quality_flag": 1,
        "beam": "BEAM07"
      }
    },
    {
      "type": "Feature",
      "geometry": {
        "type": "Point",
        "coordinates": [
          -70.085496,
          -12.596761
        ]
      },
      "properties": {
        "transect_id": 6,
        "elev_lowestmode": 220.02000427246094,
        "elev_dem": 221.0,
        "rh100": 28.29,
        "quality_flag": 1,
        "beam": "BEAM07"
      }
    },
    {
      "type": "Feature",
      "geometry": {
        "type": "Point",
        "coordinates": [
          -70.084658,
          -12.596535
        ]
      },
      "properties": {
        "transect_id": 6,
        "elev_lowestmode": 222.8699951171875,
        "elev_dem": 223.0,
        "rh100": 20.25,
        "quality_flag": 1,
        "beam": "BEAM07"
      }
    },
    {
      "type": "Feature",
      "geometry": {
        "type": "Point",
        "coordinates": [
          -70.086409,
          -12.59631
        ]
      },
      "properties": {
        "transect_id": 6,
        "elev_lowestmode": 216.66000366210938,
        "elev_dem": 217.0,
        "rh100": 30.74,
        "quality_flag": 1,
        "beam": "BEAM07"
      }
    },
    {
      "type": "Feature",
      "geometry": {
        "type": "Point",
        "coordinates": [
          -70.084637,
          -12.596085
        ]
      },
      "properties": {
        "transect_id": 6,
        "elev_lowestmode": 233.6300048828125,
        "elev_dem": 233.0,
        "rh100": 24.01,
        "quality_flag": 1,
        "beam": "BEAM07"
      }
    },
    {
      "type": "Feature",
      "geometry": {
        "type": "Point",
        "coordinates": [
          -70.08512,
          -12.59586
        ]
      },
      "properties": {
        "transect_id": 6,
        "elev_lowestmode": 239.83999633789062,
        "elev_dem": 240.0,
        "rh100": 23.74,
        "quality_flag": 1,
        "beam": "BEAM07"
      }
    },
    {
      "type": "Feature",
      "geometry": {
        "type": "Point",
        "coordinates": [
          -70.085303,
          -12.595634
        ]
      },
      "properties": {
        "transect_id": 6,
        "elev_lowestmode": 243.61000061035156,
        "elev_dem": 244.0,
        "rh100": 28.33,
        "quality_flag": 1,
        "beam": "BEAM07"
      }
    },
    {
      "type": "Feature",
      "geometry": {
        "type": "Point",
        "coordinates": [
          -70.085077,
          -12.595409
        ]
      },
      "properties": {
        "transect_id": 6,
        "elev_lowestmode": 247.0800018310547,
        "elev_dem": 247.0,
        "rh100": 23.57,
        "quality_flag": 1,
        "beam": "BEAM07"
      }
    },
    {
      "type": "Feature",
      "geometry": {
        "type": "Point",
        "coordinates": [
          -70.085828,
          -12.595184
        ]
      },
      "properties": {
        "transect_id": 6,
        "elev_lowestmode": 243.91000366210938,
        "elev_dem": 244.0,
        "rh100": 26.18,
        "quality_flag": 1,
        "beam": "BEAM07"
      }
    },
    {
      "type": "Feature",
      "geometry": {
        "type": "Point",
        "coordinates": [
          -70.08465,
          -12.594959
        ]
      },
      "properties": {
        "transect_id": 6,
        "elev_lowestmode": 246.89999389648438,
        "elev_dem": 247.0,
        "rh100": 26.05,
        "quality_flag": 1,
        "beam": "BEAM07"
      }
    },
    {
      "type": "Feature",
      "geometry": {
        "type": "Point",
        "coordinates": [
          -70.086382,
          -12.594733
        ]
      },
      "properties": {
        "transect_id": 6,
        "elev_lowestmode": 245.41000366210938,
        "elev_dem": 247.0,
        "rh100": 23.25,
        "quality_flag": 1,
        "beam": "BEAM07"
      }
    },
    {
      "type": "Feature",
      "geometry": {
        "type": "Point",
        "coordinates": [
          -70.085155,
          -12.594508
        ]
      },
      "properties": {
        "transect_id": 6,
        "elev_lowestmode": 240.38999938964844,
        "elev_dem": 242.0,
        "rh100": 26.97,
        "quality_flag": 1,
        "beam": "BEAM07"
      }
    },
    {
      "type": "Feature",
      "geometry": {
        "type": "Point",
        "coordinates": [
          -70.086139,
          -12.594283
        ]
      },
      "properties": {
        "transect_id": 6,
        "elev_lowestmode": 245.4600067138672,
        "elev_dem": 245.0,
        "rh100": 26.28,
        "quality_flag": 1,
        "beam": "BEAM07"
      }
    },
    {
      "type": "Feature",
      "geometry": {
        "type": "Point",
        "coordinates": [
          -70.08464,
          -12.594058
        ]
      },
      "properties": {
        "transect_id": 6,
        "elev_lowestmode": 244.97999572753906,
        "elev_dem": 245.0,
        "rh100": 27.81,
        "quality_flag": 1,
        "beam": "BEAM07"
      }
    },
    {
      "type": "Feature",
      "geometry": {
        "type": "Point",
        "coordinates": [
          -70.084982,
          -12.593833
        ]
      },
      "properties": {
        "transect_id": 6,
        "elev_lowestmode": 247.75,
        "elev_dem": 247.0,
        "rh100": 30.26,
        "quality_flag": 1,
        "beam": "BEAM07"
      }
    },
    {
      "type": "Feature",
      "geometry": {
        "type": "Point",
        "coordinates": [
          -70.085686,
          -12.593607
        ]
      },
      "properties": {
        "transect_id": 6,
        "elev_lowestmode": 242.7100067138672,
        "elev_dem": 242.0,
        "rh100": 32.88,
        "quality_flag": 1,
        "beam": "BEAM07"
      }
    },
    {
      "type": "Feature",
      "geometry": {
        "type": "Point",
        "coordinates": [
          -70.085529,
          -12.593382
        ]
      },
      "properties": {
        "transect_id": 6,
        "elev_lowestmode": 239.3300018310547,
        "elev_dem": 240.0,
        "rh100": 27.93,
        "quality_flag": 1,
        "beam": "BEAM07"
      }
    },
    {
      "type": "Feature",
      "geometry": {
        "type": "Point",
        "coordinates": [
          -70.086175,
          -12.593157
        ]
      },
      "properties": {
        "transect_id": 6,
        "elev_lowestmode": 242.86000061035156,
        "elev_dem": 241.0,
        "rh100": 25.4,
        "quality_flag": 1,
        "beam": "BEAM07"
      }
    },
    {
      "type": "Feature",
      "geometry": {
        "type": "Point",
        "coordinates": [
          -70.086271,
          -12.592932
        ]
      },
      "properties": {
        "transect_id": 6,
        "elev_lowestmode": 242.22999572753906,
        "elev_dem": 242.0,
        "rh100": 23.83,
        "quality_flag": 1,
        "beam": "BEAM07"
      }
    },
    {
      "type": "Feature",
      "geometry": {
        "type": "Point",
        "coordinates": [
          -70.085146,
          -12.592706
        ]
      },
      "properties": {
        "transect_id": 6,
        "elev_lowestmode": 236.7100067138672,
        "elev_dem": 238.0,
        "rh100": 24.21,
        "quality_flag": 0,
        "beam": "BEAM07"
      }
    },
    {
      "type": "Feature",
      "geometry": {
        "type": "Point",
        "coordinates": [
          -70.086354,
          -12.592481
        ]
      },
      "properties": {
        "transect_id": 6,
        "elev_lowestmode": 241.05999755859375,
        "elev_dem": 242.0,
        "rh100": 29.04,
        "quality_flag": 1,
        "beam": "BEAM07"
      }
    },
    {
      "type": "Feature",
      "geometry": {
        "type": "Point",
        "coordinates": [
          -70.084953,
          -12.592256
        ]
      },
      "properties": {
        "transect_id": 6,
        "elev_lowestmode": 237.49000549316406,
        "elev_dem": 239.0,
        "rh100": 32.54,
        "quality_flag": 1,
        "beam": "BEAM07"
      }
    },
    {
      "type": "Feature",
      "geometry": {
        "type": "Point",
        "coordinates": [
          -70.085097,
          -12.592031
        ]
      },
      "properties": {
        "transect_id": 6,
        "elev_lowestmode": 238.8000030517578,
        "elev_dem": 239.0,
        "rh100": 27.5,
        "quality_flag": 0,
        "beam": "BEAM07"
      }
    },
    {
      "type": "Feature",
      "geometry": {
        "type": "Point",
        "coordinates": [
          -70.086343,
          -12.591806
        ]
      },
      "properties": {
        "transect_id": 6,
        "elev_lowestmode": 237.08999633789062,
        "elev_dem": 237.0,
        "rh100": 33.85,
        "quality_flag": 1,
        "beam": "BEAM07"
      }
    },
    {
      "type": "Feature",
      "geometry": {
        "type": "Point",
        "coordinates": [
          -70.084742,
          -12.59158
        ]
      },
      "properties": {
        "transect_id": 6,
        "elev_lowestmode": 241.66000366210938,
        "elev_dem": 240.0,
        "rh100": 26.51,
        "quality_flag": 1,
        "beam": "BEAM07"
      }
    },
    {
      "type": "Feature",
      "geometry": {
        "type": "Point",
        "coordinates": [
          -70.084743,
          -12.591355
        ]
      },
      "properties": {
        "transect_id": 6,
        "elev_lowestmode": 240.3699951171875,
        "elev_dem": 240.0,
        "rh100": 30.64,
        "quality_flag": 1,
        "beam": "BEAM07"
      }
    },
    {
      "type": "Feature",
      "geometry": {
        "type": "Point",
        "coordinates": [
          -70.085774,
          -12.59113
        ]
      },
      "properties": {
        "transect_id": 6,
        "elev_lowestmode": 239.47000122070312,
        "elev_dem": 238.0,
        "rh100": 26.29,
        "quality_flag": 1,
        "beam": "BEAM07"
      }
    },
    {
      "type": "Feature",
      "geometry": {
        "type": "Point",
        "coordinates": [
          -70.085736,
          -12.590905
        ]
      },
      "properties": {
        "transect_id": 6,
        "elev_lowestmode": 239.02999877929688,
        "elev_dem": 239.0,
        "rh100": 21.44,
        "quality_flag": 1,
        "beam": "BEAM07"
      }
    },
    {
      "type": "Feature",
      "geometry": {
        "type": "Point",
        "coordinates": [
          -70.084771,
          -12.590679
        ]
      },
      "properties": {
        "transect_id": 6,
        "elev_lowestmode": 235.69000244140625,
        "elev_dem": 236.0,
        "rh100": 24.01,
        "quality_flag": 1,
        "beam": "BEAM07"
      }
    },
    {
      "type": "Feature",
      "geometry": {
        "type": "Point",
        "coordinates": [
          -70.086537,
          -12.590454
        ]
      },
      "properties": {
        "transect_id": 6,
        "elev_lowestmode": 238.77000427246094,
        "elev_dem": 239.0,
        "rh100": 27.66,
        "quality_flag": 1,
        "beam": "BEAM07"
      }
    },
    {
      "type": "Feature",
      "geometry": {
        "type": "Point",
        "coordinates": [
          -70.086584,
          -12.590229
        ]
      },
      "properties": {
        "transect_id": 6,
        "elev_lowestmode": 241.89999389648438,
        "elev_dem": 241.0,
        "rh100": 23.09,
        "quality_flag": 1,
        "beam": "BEAM07"
      }
    },
    {
      "type": "Feature",
      "geometry": {
        "type": "Point",
        "coordinates": [
          -70.085683,
          -12.590004
        ]
      },
      "properties": {
        "transect_id": 6,
        "elev_lowestmode": 243.0800018310547,
        "elev_dem": 242.0,
        "rh100": 28.53,
        "quality_flag": 1,
        "beam": "BEAM07"
      }
    },
    {
      "type": "Feature",
      "geometry": {
        "type": "Point",
        "coordinates": [
          -70.084622,
          -12.589779
        ]
      },
      "properties": {
        "transect_id": 6,
        "elev_lowestmode": 238.4600067138672,
        "elev_dem": 241.0,
        "rh100": 34.18,
        "quality_flag": 1,
        "beam": "BEAM07"
      }
    },
    {
      "type": "Feature",
      "geometry": {
        "type": "Point",
        "coordinates": [
          -70.08659,
          -12.589553
        ]
      },
      "properties": {
        "transect_id": 6,
        "elev_lowestmode": 239.89999389648438,
        "elev_dem": 241.0,
        "rh100": 32.36,
        "quality_flag": 1,
        "beam": "BEAM07"
      }
    },
    {
      "type": "Feature",
      "geometry": {
        "type": "Point",
        "coordinates": [
          -70.084615,
          -12.589328
        ]
      },
      "properties": {
        "transect_id": 6,
        "elev_lowestmode": 239.36000061035156,
        "elev_dem": 241.0,
        "rh100": 22.86,
        "quality_flag": 1,
        "beam": "BEAM07"
      }
    },
    {
      "type": "Feature",
      "geometry": {
        "type": "Point",
        "coordinates": [
          -70.085433,
          -12.589103
        ]
      },
      "properties": {
        "transect_id": 6,
        "elev_lowestmode": 240.33999633789062,
        "elev_dem": 240.0,
        "rh100": 20.31,
        "quality_flag": 1,
        "beam": "BEAM07"
      }
    },
    {
      "type": "Feature",
      "geometry": {
        "type": "Point",
        "coordinates": [
          -70.086345,
          -12.588878
        ]
      },
      "properties": {
        "transect_id": 6,
        "elev_lowestmode": 238.8800048828125,
        "elev_dem": 238.0,
        "rh100": 28.03,
        "quality_flag": 1,
        "beam": "BEAM07"
      }
    },
    {
      "type": "Feature",
      "geometry": {
        "type": "Point",
        "coordinates": [
          -70.085824,
          -12.588652
        ]
      },
      "properties": {
        "transect_id": 6,
        "elev_lowestmode": 239.92999267578125,
        "elev_dem": 238.0,
        "rh100": 24.34,
        "quality_flag": 1,
        "beam": "BEAM07"
      }
    },
    {
      "type": "Feature",
      "geometry": {
        "type": "Point",
        "coordinates": [
          -70.085589,
          -12.588427
        ]
      },
      "properties": {
        "transect_id": 6,
        "elev_lowestmode": 240.32000732421875,
        "elev_dem": 239.0,
        "rh100": 24.66,
        "quality_flag": 1,
        "beam": "BEAM07"
      }
    },
    {
      "type": "Feature",
      "geometry": {
        "type": "Point",
        "coordinates": [
          -70.086582,
          -12.588202
        ]
      },
      "properties": {
        "transect_id": 6,
        "elev_lowestmode": 240.83999633789062,
        "elev_dem": 241.0,
        "rh100": 29.19,
        "quality_flag": 0,
        "beam": "BEAM07"
      }
    },
    {
      "type": "Feature",
      "geometry": {
        "type": "Point",
        "coordinates": [
          -70.085146,
          -12.587977
        ]
      },
      "properties": {
        "transect_id": 6,
        "elev_lowestmode": 240.9600067138672,
        "elev_dem": 243.0,
        "rh100": 32.76,
        "quality_flag": 1,
        "beam": "BEAM07"
      }
    },
    {
      "type": "Feature",
      "geometry": {
        "type": "Point",
        "coordinates": [
          -70.085953,
          -12.587752
        ]
      },
      "properties": {
        "transect_id": 6,
        "elev_lowestmode": 239.39999389648438,
        "elev_dem": 240.0,
        "rh100": 32.1,
        "quality_flag": 1,
        "beam": "BEAM07"
      }
    },
    {
      "type": "Feature",
      "geometry": {
        "type": "Point",
        "coordinates": [
          -70.086051,
          -12.587526
        ]
      },
      "properties": {
        "transect_id": 6,
        "elev_lowestmode": 240.52999877929688,
        "elev_dem": 242.0,
        "rh100": 21.51,
        "quality_flag": 1,
        "beam": "BEAM07"
      }
    },
    {
      "type": "Feature",
      "geometry": {
        "type": "Point",
        "coordinates": [
          -70.086463,
          -12.587301
        ]
      },
      "properties": {
        "transect_id": 6,
        "elev_lowestmode": 239.17999267578125,
        "elev_dem": 241.0,
        "rh100": 29.08,
        "quality_flag": 1,
        "beam": "BEAM07"
      }
    },
    {
      "type": "Feature",
      "geometry": {
        "type": "Point",
        "coordinates": [
          -70.085184,
          -12.587076
        ]
      },
      "properties": {
        "transect_id": 6,
        "elev_lowestmode": 241.38999938964844,
        "elev_dem": 243.0,
        "rh100": 26.87,
        "quality_flag": 0,
        "beam": "BEAM07"
      }
    },
    {
      "type": "Feature",
      "geometry": {
        "type": "Point",
        "coordinates": [
          -70.086102,
          -12.586851
        ]
      },
      "properties": {
        "transect_id": 6,
        "elev_lowestmode": 242.57000732421875,
        "elev_dem": 242.0,
        "rh100": 22.48,
        "quality_flag": 1,
        "beam": "BEAM07"
      }
    },
    {
      "type": "Feature",
      "geometry": {
        "type": "Point",
        "coordinates": [
          -70.08485,
          -12.586625
        ]
      },
      "properties": {
        "transect_id": 6,
        "elev_lowestmode": 244.6199951171875,
        "elev_dem": 245.0,
        "rh100": 32.82,
        "quality_flag": 1,
        "beam": "BEAM07"
      }
    },
    {
      "type": "Feature",
      "geometry": {
        "type": "Point",
        "coordinates": [
          -70.085705,
          -12.5864
        ]
      },
      "properties": {
        "transect_id": 6,
        "elev_lowestmode": 244.2899932861328,
        "elev_dem": 244.0,
        "rh100": 29.25,
        "quality_flag": 1,
        "beam": "BEAM07"
      }
    },
    {
      "type": "Feature",
      "geometry": {
        "type": "Point",
        "coordinates": [
          -70.085847,
          -12.586175
        ]
      },
      "properties": {
        "transect_id": 6,
        "elev_lowestmode": 242.8300018310547,
        "elev_dem": 243.0,
        "rh100": 25.69,
        "quality_flag": 1,
        "beam": "BEAM07"
      }
    },
    {
      "type": "Feature",
      "geometry": {
        "type": "Point",
        "coordinates": [
          -70.085433,
          -12.58595
        ]
      },
      "properties": {
        "transect_id": 6,
        "elev_lowestmode": 243.97000122070312,
        "elev_dem": 244.0,
        "rh100": 34.57,
        "quality_flag": 1,
        "beam": "BEAM07"
      }
    },
    {
      "type": "Feature",
      "geometry": {
        "type": "Point",
        "coordinates": [
          -70.085545,
          -12.585724
        ]
      },
      "properties": {
        "transect_id": 6,
        "elev_lowestmode": 244.91000366210938,
        "elev_dem": 244.0,
        "rh100": 33.42,
        "quality_flag": 1,
        "beam": "BEAM07"
      }
    },
    {
      "type": "Feature",
      "geometry": {
        "type": "Point",
        "coordinates": [
          -70.084731,
          -12.585499
        ]
      },
      "properties": {
        "transect_id": 6,
        "elev_lowestmode": 243.4600067138672,
        "elev_dem": 246.0,
        "rh100": 20.61,
        "quality_flag": 1,
        "beam": "BEAM07"
      }
    },
    {
      "type": "Feature",
      "geometry": {
        "type": "Point",
        "coordinates": [
          -70.086449,
          -12.585274
        ]
      },
      "properties": {
        "transect_id": 6,
        "elev_lowestmode": 240.19000244140625,
        "elev_dem": 240.0,
        "rh100": 34.62,
        "quality_flag": 1,
        "beam": "BEAM07"
      }
    },
    {
      "type": "Feature",
      "geometry": {
        "type": "Point",
        "coordinates": [
          -70.08496,
          -12.585049
        ]
      },
      "properties": {
        "transect_id": 6,
        "elev_lowestmode": 243.38999938964844,
        "elev_dem": 243.0,
        "rh100": 23.35,
        "quality_flag": 1,
        "beam": "BEAM07"
      }
    },
    {
      "type": "Feature",
      "geometry": {
        "type": "Point",
        "coordinates": [
          -70.085787,
          -12.584824
        ]
      },
      "properties": {
        "transect_id": 6,
        "elev_lowestmode": 240.22000122070312,
        "elev_dem": 240.0,
        "rh100": 25.14,
        "quality_flag": 1,
        "beam": "BEAM07"
      }
    },
    {
      "type": "Feature",
      "geometry": {
        "type": "Point",
        "coordinates": [
          -70.08481,
          -12.584598
        ]
      },
      "properties": {
        "transect_id": 6,
        "elev_lowestmode": 244.97000122070312,
        "elev_dem": 245.0,
        "rh100": 21.43,
        "quality_flag": 1,
        "beam": "BEAM07"
      }
    },
    {
      "type": "Feature",
      "geometry": {
        "type": "Point",
        "coordinates": [
          -70.086498,
          -12.584373
        ]
      },
      "properties": {
        "transect_id": 6,
        "elev_lowestmode": 235.5800018310547,
        "elev_dem": 236.0,
        "rh100": 26.29,
        "quality_flag": 1,
        "beam": "BEAM07"
      }
    },
    {
      "type": "Feature",
      "geometry": {
        "type": "Point",
        "coordinates": [
          -70.08657,
          -12.584148
        ]
      },
      "properties": {
        "transect_id": 6,
        "elev_lowestmode": 230.16000366210938,
        "elev_dem": 230.0,
        "rh100": 22.43,
        "quality_flag": 1,
        "beam": "BEAM07"
      }
    },
    {
      "type": "Feature",
      "geometry": {
        "type": "Point",
        "coordinates": [
          -70.08476,
          -12.583923
        ]
      },
      "properties": {
        "transect_id": 6,
        "elev_lowestmode": 245.69000244140625,
        "elev_dem": 247.0,
        "rh100": 22.91,
        "quality_flag": 0,
        "beam": "BEAM07"
      }
    },
    {
      "type": "Feature",
      "geometry": {
        "type": "Point",
        "coordinates": [
          -70.085157,
          -12.583697
        ]
      },
      "properties": {
        "transect_id": 6,
        "elev_lowestmode": 234.94000244140625,
        "elev_dem": 235.0,
        "rh100": 27.04,
        "quality_flag": 1,
        "beam": "BEAM07"
      }
    },
    {
      "type": "Feature",
      "geometry": {
        "type": "Point",
        "coordinates": [
          -70.086368,
          -12.583472
        ]
      },
      "properties": {
        "transect_id": 6,
        "elev_lowestmode": 225.57000732421875,
        "elev_dem": 227.0,
        "rh100": 22.42,
        "quality_flag": 1,
        "beam": "BEAM07"
      }
    },
    {
      "type": "Feature",
      "geometry": {
        "type": "Point",
        "coordinates": [
          -70.086012,
          -12.583247
        ]
      },
      "properties": {
        "transect_id": 6,
        "elev_lowestmode": 221.5,
        "elev_dem": 224.0,
        "rh100": 26.24,
        "quality_flag": 1,
        "beam": "BEAM07"
      }
    },
    {
      "type": "Feature",
      "geometry": {
        "type": "Point",
        "coordinates": [
          -70.08605,
          -12.583022
        ]
      },
      "properties": {
        "transect_id": 6,
        "elev_lowestmode": 226.6699981689453,
        "elev_dem": 227.0,
        "rh100": 21.96,
        "quality_flag": 1,
        "beam": "BEAM07"
      }
    },
    {
      "type": "Feature",
      "geometry": {
        "type": "Point",
        "coordinates": [
          -70.085153,
          -12.582797
        ]
      },
      "properties": {
        "transect_id": 6,
        "elev_lowestmode": 236.22999572753906,
        "elev_dem": 236.0,
        "rh100": 20.39,
        "quality_flag": 1,
        "beam": "BEAM07"
      }
    },
    {
      "type": "Feature",
      "geometry": {
        "type": "Point",
        "coordinates": [
          -70.08636,
          -12.582571
        ]
      },
      "properties": {
        "transect_id": 6,
        "elev_lowestmode": 230.83999633789062,
        "elev_dem": 231.0,
        "rh100": 27.81,
        "quality_flag": 0,
        "beam": "BEAM07"
      }
    },
    {
      "type": "Feature",
      "geometry": {
        "type": "Point",
        "coordinates": [
          -70.085583,
          -12.582346
        ]
      },
      "properties": {
        "transect_id": 6,
        "elev_lowestmode": 237.3699951171875,
        "elev_dem": 237.0,
        "rh100": 25.5,
        "quality_flag": 0,
        "beam": "BEAM07"
      }
    },
    {
      "type": "Feature",
      "geometry": {
        "type": "Point",
        "coordinates": [
          -70.086205,
          -12.582121
        ]
      },
      "properties": {
        "transect_id": 6,
        "elev_lowestmode": 235.8699951171875,
        "elev_dem": 235.0,
        "rh100": 20.59,
        "quality_flag": 1,
        "beam": "BEAM07"
      }
    },
    {
      "type": "Feature",
      "geometry": {
        "type": "Point",
        "coordinates": [
          -70.085162,
          -12.581896
        ]
      },
      "properties": {
        "transect_id": 6,
        "elev_lowestmode": 240.9199981689453,
        "elev_dem": 239.0,
        "rh100": 33.92,
        "quality_flag": 1,
        "beam": "BEAM07"
      }
    },
    {
      "type": "Feature",
      "geometry": {
        "type": "Point",
        "coordinates": [
          -70.086587,
          -12.58167
        ]
      },
      "properties": {
        "transect_id": 6,
        "elev_lowestmode": 236.00999450683594,
        "elev_dem": 237.0,
        "rh100": 34.42,
        "quality_flag": 1,
        "beam": "BEAM07"
      }
    },
    {
      "type": "Feature",
      "geometry": {
        "type": "Point",
        "coordinates": [
          -70.084983,
          -12.581445
        ]
      },
      "properties": {
        "transect_id": 6,
        "elev_lowestmode": 232.97000122070312,
        "elev_dem": 234.0,
        "rh100": 23.28,
        "quality_flag": 1,
        "beam": "BEAM07"
      }
    },
    {
      "type": "Feature",
      "geometry": {
        "type": "Point",
        "coordinates": [
          -70.085353,
          -12.58122
        ]
      },
      "properties": {
        "transect_id": 6,
        "elev_lowestmode": 234.02000427246094,
        "elev_dem": 234.0,
        "rh100": 33.62,
        "quality_flag": 1,
        "beam": "BEAM07"
      }
    },
    {
      "type": "Feature",
      "geometry": {
        "type": "Point",
        "coordinates": [
          -70.08477,
          -12.580995
        ]
      },
      "properties": {
        "transect_id": 6,
        "elev_lowestmode": 224.9499969482422,
        "elev_dem": 226.0,
        "rh100": 33.39,
        "quality_flag": 1,
        "beam": "BEAM07"
      }
    },
    {
      "type": "Feature",
      "geometry": {
        "type": "Point",
        "coordinates": [
          -70.085585,
          -12.58077
        ]
      },
      "properties": {
        "transect_id": 6,
        "elev_lowestmode": 234.16000366210938,
        "elev_dem": 233.0,
        "rh100": 22.26,
        "quality_flag": 1,
        "beam": "BEAM07"
      }
    },
    {
      "type": "Feature",
      "geometry": {
        "type": "Point",
        "coordinates": [
          -70.084658,
          -12.580544
        ]
      },
      "properties": {
        "transect_id": 6,
        "elev_lowestmode": 226.67999267578125,
        "elev_dem": 229.0,
        "rh100": 30.32,
        "quality_flag": 0,
        "beam": "BEAM07"
      }
    },
    {
      "type": "Feature",
      "geometry": {
        "type": "Point",
        "coordinates": [
          -70.085249,
          -12.580319
        ]
      },
      "properties": {
        "transect_id": 6,
        "elev_lowestmode": 224.2899932861328,
        "elev_dem": 225.0,
        "rh100": 33.59,
        "quality_flag": 1,
        "beam": "BEAM07"
      }
    },
    {
      "type": "Feature",
      "geometry": {
        "type": "Point",
        "coordinates": [
          -70.085912,
          -12.580094
        ]
      },
      "properties": {
        "transect_id": 6,
        "elev_lowestmode": 233.14999389648438,
        "elev_dem": 234.0,
        "rh100": 28.95,
        "quality_flag": 1,
        "beam": "BEAM07"
      }
    },
    {
      "type": "Feature",
      "geometry": {
        "type": "Point",
        "coordinates": [
          -70.085979,
          -12.579869
        ]
      },
      "properties": {
        "transect_id": 6,
        "elev_lowestmode": 234.97999572753906,
        "elev_dem": 236.0,
        "rh100": 25.67,
        "quality_flag": 1,
        "beam": "BEAM07"
      }
    },
    {
      "type": "Feature",
      "geometry": {
        "type": "Point",
        "coordinates": [
          -70.085615,
          -12.579643
        ]
      },
      "properties": {
        "transect_id": 6,
        "elev_lowestmode": 231.5500030517578,
        "elev_dem": 232.0,
        "rh100": 26.53,
        "quality_flag": 1,
        "beam": "BEAM07"
      }
    },
    {
      "type": "Feature",
      "geometry": {
        "type": "Point",
        "coordinates": [
          -70.085499,
          -12.579418
        ]
      },
      "properties": {
        "transect_id": 6,
        "elev_lowestmode": 231.89999389648438,
        "elev_dem": 231.0,
        "rh100": 31.79,
        "quality_flag": 1,
        "beam": "BEAM07"
      }
    },
    {
      "type": "Feature",
      "geometry": {
        "type": "Point",
        "coordinates": [
          -70.085368,
          -12.579193
        ]
      },
      "properties": {
        "transect_id": 6,
        "elev_lowestmode": 235.6300048828125,
        "elev_dem": 234.0,
        "rh100": 28.31,
        "quality_flag": 1,
        "beam": "BEAM07"
      }
    },
    {
      "type": "Feature",
      "geometry": {
        "type": "Point",
        "coordinates": [
          -70.085856,
          -12.578968
        ]
      },
      "properties": {
        "transect_id": 6,
        "elev_lowestmode": 229.13999938964844,
        "elev_dem": 230.0,
        "rh100": 22.73,
        "quality_flag": 1,
        "beam": "BEAM07"
      }
    },
    {
      "type": "Feature",
      "geometry": {
        "type": "Point",
        "coordinates": [
          -70.085971,
          -12.578742
        ]
      },
      "properties": {
        "transect_id": 6,
        "elev_lowestmode": 229.44000244140625,
        "elev_dem": 230.0,
        "rh100": 33.4,
        "quality_flag": 1,
        "beam": "BEAM07"
      }
    },
    {
      "type": "Feature",
      "geometry": {
        "type": "Point",
        "coordinates": [
          -70.084831,
          -12.578517
        ]
      },
      "properties": {
        "transect_id": 6,
        "elev_lowestmode": 234.77000427246094,
        "elev_dem": 236.0,
        "rh100": 22.65,
        "quality_flag": 1,
        "beam": "BEAM07"
      }
    },
    {
      "type": "Feature",
      "geometry": {
        "type": "Point",
        "coordinates": [
          -70.085396,
          -12.578292
        ]
      },
      "properties": {
        "transect_id": 6,
        "elev_lowestmode": 232.19000244140625,
        "elev_dem": 232.0,
        "rh100": 31.97,
        "quality_flag": 1,
        "beam": "BEAM07"
      }
    },
    {
      "type": "Feature",
      "geometry": {
        "type": "Point",
        "coordinates": [
          -70.084639,
          -12.578067
        ]
      },
      "properties": {
        "transect_id": 6,
        "elev_lowestmode": 234.22999572753906,
        "elev_dem": 234.0,
        "rh100": 33.19,
        "quality_flag": 0,
        "beam": "BEAM07"
      }
    },
    {
      "type": "Feature",
      "geometry": {
        "type": "Point",
        "coordinates": [
          -70.086308,
          -12.577842
        ]
      },
      "properties": {
        "transect_id": 6,
        "elev_lowestmode": 240.5800018310547,
        "elev_dem": 240.0,
        "rh100": 21.78,
        "quality_flag": 1,
        "beam": "BEAM07"
      }
    },
    {
      "type": "Feature",
      "geometry": {
        "type": "Point",
        "coordinates": [
          -70.085743,
          -12.577616
        ]
      },
      "properties": {
        "transect_id": 6,
        "elev_lowestmode": 233.33999633789062,
        "elev_dem": 234.0,
        "rh100": 29.34,
        "quality_flag": 1,
        "beam": "BEAM07"
      }
    },
    {
      "type": "Feature",
      "geometry": {
        "type": "Point",
        "coordinates": [
          -70.084868,
          -12.577391
        ]
      },
      "properties": {
        "transect_id": 6,
        "elev_lowestmode": 222.11000061035156,
        "elev_dem": 224.0,
        "rh100": 33.65,
        "quality_flag": 1,
        "beam": "BEAM07"
      }
    },
    {
      "type": "Feature",
      "geometry": {
        "type": "Point",
        "coordinates": [
          -70.08594,
          -12.577166
        ]
      },
      "properties": {
        "transect_id": 6,
        "elev_lowestmode": 236.49000549316406,
        "elev_dem": 237.0,
        "rh100": 34.02,
        "quality_flag": 1,
        "beam": "BEAM07"
      }
    },
    {
      "type": "Feature",
      "geometry": {
        "type": "Point",
        "coordinates": [
          -70.086549,
          -12.576941
        ]
      },
      "properties": {
        "transect_id": 6,
        "elev_lowestmode": 245.17999267578125,
        "elev_dem": 246.0,
        "rh100": 32.0,
        "quality_flag": 1,
        "beam": "BEAM07"
      }
    },
    {
      "type": "Feature",
      "geometry": {
        "type": "Point",
        "coordinates": [
          -70.085025,
          -12.576715
        ]
      },
      "properties": {
        "transect_id": 6,
        "elev_lowestmode": 230.8699951171875,
        "elev_dem": 232.0,
        "rh100": 26.66,
        "quality_flag": 1,
        "beam": "BEAM07"
      }
    },
    {
      "type": "Feature",
      "geometry": {
        "type": "Point",
        "coordinates": [
          -70.084998,
          -12.57649
        ]
      },
      "properties": {
        "transect_id": 6,
        "elev_lowestmode": 234.72999572753906,
        "elev_dem": 236.0,
        "rh100": 31.11,
        "quality_flag": 1,
        "beam": "BEAM07"
      }
    },
    {
      "type": "Feature",
      "geometry": {
        "type": "Point",
        "coordinates": [
          -70.085897,
          -12.576265
        ]
      },
      "properties": {
        "transect_id": 6,
        "elev_lowestmode": 239.17999267578125,
        "elev_dem": 239.0,
        "rh100": 27.7,
        "quality_flag": 1,
        "beam": "BEAM07"
      }
    },
    {
      "type": "Feature",
      "geometry": {
        "type": "Point",
        "coordinates": [
          -70.086512,
          -12.57604
        ]
      },
      "properties": {
        "transect_id": 6,
        "elev_lowestmode": 241.24000549316406,
        "elev_dem": 239.0,
        "rh100": 34.34,
        "quality_flag": 1,
        "beam": "BEAM07"
      }
    },
    {
      "type": "Feature",
      "geometry": {
        "type": "Point",
        "coordinates": [
          -70.086161,
          -12.575815
        ]
      },
      "properties": {
        "transect_id": 6,
        "elev_lowestmode": 239.2899932861328,
        "elev_dem": 240.0,
        "rh100": 24.46,
        "quality_flag": 1,
        "beam": "BEAM07"
      }
    },
    {
      "type": "Feature",
      "geometry": {
        "type": "Point",
        "coordinates": [
          -70.085159,
          -12.575589
        ]
      },
      "properties": {
        "transect_id": 6,
        "elev_lowestmode": 241.8699951171875,
        "elev_dem": 242.0,
        "rh100": 34.02,
        "quality_flag": 1,
        "beam": "BEAM07"
      }
    },
    {
      "type": "Feature",
      "geometry": {
        "type": "Point",
        "coordinates": [
          -70.086183,
          -12.575364
        ]
      },
      "properties": {
        "transect_id": 6,
        "elev_lowestmode": 241.52999877929688,
        "elev_dem": 242.0,
        "rh100": 28.11,
        "quality_flag": 0,
        "beam": "BEAM07"
      }
    },
    {
      "type": "Feature",
      "geometry": {
        "type": "Point",
        "coordinates": [
          -70.085162,
          -12.575139
        ]
      },
      "properties": {
        "transect_id": 6,
        "elev_lowestmode": 240.50999450683594,
        "elev_dem": 242.0,
        "rh100": 24.57,
        "quality_flag": 1,
        "beam": "BEAM07"
      }
    },
    {
      "type": "Feature",
      "geometry": {
        "type": "Point",
        "coordinates": [
          -70.084605,
          -12.574914
        ]
      },
      "properties": {
        "transect_id": 6,
        "elev_lowestmode": 237.2899932861328,
        "elev_dem": 239.0,
        "rh100": 31.55,
        "quality_flag": 1,
        "beam": "BEAM07"
      }
    },
    {
      "type": "Feature",
      "geometry": {
        "type": "Point",
        "coordinates": [
          -70.086589,
          -12.574688
        ]
      },
      "properties": {
        "transect_id": 6,
        "elev_lowestmode": 243.14999389648438,
        "elev_dem": 242.0,
        "rh100": 20.53,
        "quality_flag": 1,
        "beam": "BEAM07"
      }
    },
    {
      "type": "Feature",
      "geometry": {
        "type": "Point",
        "coordinates": [
          -70.084659,
          -12.574463
        ]
      },
      "properties": {
        "transect_id": 6,
        "elev_lowestmode": 239.8699951171875,
        "elev_dem": 240.0,
        "rh100": 34.65,
        "quality_flag": 1,
        "beam": "BEAM07"
      }
    },
    {
      "type": "Feature",
      "geometry": {
        "type": "Point",
        "coordinates": [
          -70.084863,
          -12.574238
        ]
      },
      "properties": {
        "transect_id": 6,
        "elev_lowestmode": 238.27999877929688,
        "elev_dem": 239.0,
        "rh100": 26.61,
        "quality_flag": 1,
        "beam": "BEAM07"
      }
    },
    {
      "type": "Feature",
      "geometry": {
        "type": "Point",
        "coordinates": [
          -70.085635,
          -12.574013
        ]
      },
      "properties": {
        "transect_id": 6,
        "elev_lowestmode": 240.1999969482422,
        "elev_dem": 240.0,
        "rh100": 28.65,
        "quality_flag": 1,
        "beam": "BEAM07"
      }
    },
    {
      "type": "Feature",
      "geometry": {
        "type": "Point",
        "coordinates": [
          -70.08487,
          -12.573788
        ]
      },
      "properties": {
        "transect_id": 6,
        "elev_lowestmode": 236.85000610351562,
        "elev_dem": 238.0,
        "rh100": 25.38,
        "quality_flag": 1,
        "beam": "BEAM07"
      }
    },
    {
      "type": "Feature",
      "geometry": {
        "type": "Point",
        "coordinates": [
          -70.085802,
          -12.573562
        ]
      },
      "properties": {
        "transect_id": 6,
        "elev_lowestmode": 239.60000610351562,
        "elev_dem": 240.0,
        "rh100": 22.38,
        "quality_flag": 1,
        "beam": "BEAM07"
      }
    },
    {
      "type": "Feature",
      "geometry": {
        "type": "Point",
        "coordinates": [
          -70.085529,
          -12.573337
        ]
      },
      "properties": {
        "transect_id": 6,
        "elev_lowestmode": 242.0800018310547,
        "elev_dem": 244.0,
        "rh100": 22.54,
        "quality_flag": 1,
        "beam": "BEAM07"
      }
    },
    {
      "type": "Feature",
      "geometry": {
        "type": "Point",
        "coordinates": [
          -70.084604,
          -12.573112
        ]
      },
      "properties": {
        "transect_id": 6,
        "elev_lowestmode": 234.4600067138672,
        "elev_dem": 235.0,
        "rh100": 32.56,
        "quality_flag": 1,
        "beam": "BEAM07"
      }
    },
    {
      "type": "Feature",
      "geometry": {
        "type": "Point",
        "coordinates": [
          -70.085708,
          -12.572887
        ]
      },
      "properties": {
        "transect_id": 6,
        "elev_lowestmode": 245.80999755859375,
        "elev_dem": 245.0,
        "rh100": 27.06,
        "quality_flag": 1,
        "beam": "BEAM07"
      }
    },
    {
      "type": "Feature",
      "geometry": {
        "type": "Point",
        "coordinates": [
          -70.084813,
          -12.572661
        ]
      },
      "properties": {
        "transect_id": 6,
        "elev_lowestmode": 235.6199951171875,
        "elev_dem": 235.0,
        "rh100": 22.64,
        "quality_flag": 1,
        "beam": "BEAM07"
      }
    },
    {
      "type": "Feature",
      "geometry": {
        "type": "Point",
        "coordinates": [
          -70.085098,
          -12.572436
        ]
      },
      "properties": {
        "transect_id": 6,
        "elev_lowestmode": 237.1699981689453,
        "elev_dem": 237.0,
        "rh100": 26.75,
        "quality_flag": 1,
        "beam": "BEAM07"
      }
    },
    {
      "type": "Feature",
      "geometry": {
        "type": "Point",
        "coordinates": [
          -70.086141,
          -12.572211
        ]
      },
      "properties": {
        "transect_id": 6,
        "elev_lowestmode": 239.47000122070312,
        "elev_dem": 241.0,
        "rh100": 25.77,
        "quality_flag": 0,
        "beam": "BEAM07"
      }
    },
    {
      "type": "Feature",
      "geometry": {
        "type": "Point",
        "coordinates": [
          -70.08477,
          -12.571986
        ]
      },
      "properties": {
        "transect_id": 6,
        "elev_lowestmode": 242.38999938964844,
        "elev_dem": 242.0,
        "rh100": 24.4,
        "quality_flag": 1,
        "beam": "BEAM07"
      }
    },
    {
      "type": "Feature",
      "geometry": {
        "type": "Point",
        "coordinates": [
          -70.086328,
          -12.571761
        ]
      },
      "properties": {
        "transect_id": 6,
        "elev_lowestmode": 231.39999389648438,
        "elev_dem": 232.0,
        "rh100": 22.46,
        "quality_flag": 1,
        "beam": "BEAM07"
      }
    },
    {
      "type": "Feature",
      "geometry": {
        "type": "Point",
        "coordinates": [
          -70.085725,
          -12.571535
        ]
      },
      "properties": {
        "transect_id": 6,
        "elev_lowestmode": 235.9199981689453,
        "elev_dem": 234.0,
        "rh100": 29.22,
        "quality_flag": 1,
        "beam": "BEAM07"
      }
    },
    {
      "type": "Feature",
      "geometry": {
        "type": "Point",
        "coordinates": [
          -70.08465,
          -12.57131
        ]
      },
      "properties": {
        "transect_id": 6,
        "elev_lowestmode": 243.52999877929688,
        "elev_dem": 244.0,
        "rh100": 34.82,
        "quality_flag": 1,
        "beam": "BEAM07"
      }
    },
    {
      "type": "Feature",
      "geometry": {
        "type": "Point",
        "coordinates": [
          -70.08571,
          -12.571085
        ]
      },
      "properties": {
        "transect_id": 6,
        "elev_lowestmode": 235.9199981689453,
        "elev_dem": 235.0,
        "rh100": 21.09,
        "quality_flag": 1,
        "beam": "BEAM07"
      }
    },
    {
      "type": "Feature",
      "geometry": {
        "type": "Point",
        "coordinates": [
          -70.085929,
          -12.57086
        ]
      },
      "properties": {
        "transect_id": 6,
        "elev_lowestmode": 236.16000366210938,
        "elev_dem": 236.0,
        "rh100": 22.34,
        "quality_flag": 1,
        "beam": "BEAM07"
      }
    },
    {
      "type": "Feature",
      "geometry": {
        "type": "Point",
        "coordinates": [
          -70.085358,
          -12.570634
        ]
      },
      "properties": {
        "transect_id": 6,
        "elev_lowestmode": 239.27999877929688,
        "elev_dem": 240.0,
        "rh100": 31.84,
        "quality_flag": 1,
        "beam": "BEAM07"
      }
    },
    {
      "type": "Feature",
      "geometry": {
        "type": "Point",
        "coordinates": [
          -70.085071,
          -12.570409
        ]
      },
      "properties": {
        "transect_id": 6,
        "elev_lowestmode": 238.22000122070312,
        "elev_dem": 239.0,
        "rh100": 33.17,
        "quality_flag": 1,
        "beam": "BEAM07"
      }
    },
    {
      "type": "Feature",
      "geometry": {
        "type": "Point",
        "coordinates": [
          -70.086472,
          -12.570184
        ]
      },
      "properties": {
        "transect_id": 6,
        "elev_lowestmode": 241.63999938964844,
        "elev_dem": 243.0,
        "rh100": 28.13,
        "quality_flag": 1,
        "beam": "BEAM07"
      }
    },
    {
      "type": "Feature",
      "geometry": {
        "type": "Point",
        "coordinates": [
          -70.085887,
          -12.569959
        ]
      },
      "properties": {
        "transect_id": 6,
        "elev_lowestmode": 244.66000366210938,
        "elev_dem": 244.0,
        "rh100": 31.17,
        "quality_flag": 1,
        "beam": "BEAM07"
      }
    },
    {
      "type": "Feature",
      "geometry": {
        "type": "Point",
        "coordinates": [
          -70.086416,
          -12.569733
        ]
      },
      "properties": {
        "transect_id": 6,
        "elev_lowestmode": 240.8000030517578,
        "elev_dem": 242.0,
        "rh100": 31.65,
        "quality_flag": 1,
        "beam": "BEAM07"
      }
    },
    {
      "type": "Feature",
      "geometry": {
        "type": "Point",
        "coordinates": [
          -70.085055,
          -12.569508
        ]
      },
      "properties": {
        "transect_id": 6,
        "elev_lowestmode": 244.4600067138672,
        "elev_dem": 244.0,
        "rh100": 34.55,
        "quality_flag": 0,
        "beam": "BEAM07"
      }
    },
    {
      "type": "Feature",
      "geometry": {
        "type": "Point",
        "coordinates": [
          -70.084658,
          -12.569283
        ]
      },
      "properties": {
        "transect_id": 6,
        "elev_lowestmode": 243.0500030517578,
        "elev_dem": 244.0,
        "rh100": 33.76,
        "quality_flag": 1,
        "beam": "BEAM07"
      }
    },
    {
      "type": "Feature",
      "geometry": {
        "type": "Point",
        "coordinates": [
          -70.086091,
          -12.569058
        ]
      },
      "properties": {
        "transect_id": 6,
        "elev_lowestmode": 235.2100067138672,
        "elev_dem": 234.0,
        "rh100": 27.82,
        "quality_flag": 1,
        "beam": "BEAM07"
      }
    },
    {
      "type": "Feature",
      "geometry": {
        "type": "Point",
        "coordinates": [
          -70.085239,
          -12.568833
        ]
      },
      "properties": {
        "transect_id": 6,
        "elev_lowestmode": 242.32000732421875,
        "elev_dem": 243.0,
        "rh100": 28.3,
        "quality_flag": 1,
        "beam": "BEAM07"
      }
    },
    {
      "type": "Feature",
      "geometry": {
        "type": "Point",
        "coordinates": [
          -70.085681,
          -12.568607
        ]
      },
      "properties": {
        "transect_id": 6,
        "elev_lowestmode": 234.02999877929688,
        "elev_dem": 235.0,
        "rh100": 31.0,
        "quality_flag": 1,
        "beam": "BEAM07"
      }
    },
    {
      "type": "Feature",
      "geometry": {
        "type": "Point",
        "coordinates": [
          -70.084939,
          -12.568382
        ]
      },
      "properties": {
        "transect_id": 6,
        "elev_lowestmode": 236.97999572753906,
        "elev_dem": 239.0,
        "rh100": 32.77,
        "quality_flag": 1,
        "beam": "BEAM07"
      }
    },
    {
      "type": "Feature",
      "geometry": {
        "type": "Point",
        "coordinates": [
          -70.084699,
          -12.568157
        ]
      },
      "properties": {
        "transect_id": 6,
        "elev_lowestmode": 246.14999389648438,
        "elev_dem": 245.0,
        "rh100": 33.44,
        "quality_flag": 1,
        "beam": "BEAM07"
      }
    },
    {
      "type": "Feature",
      "geometry": {
        "type": "Point",
        "coordinates": [
          -70.086305,
          -12.567932
        ]
      },
      "properties": {
        "transect_id": 6,
        "elev_lowestmode": 227.5399932861328,
        "elev_dem": 229.0,
        "rh100": 33.66,
        "quality_flag": 1,
        "beam": "BEAM07"
      }
    },
    {
      "type": "Feature",
      "geometry": {
        "type": "Point",
        "coordinates": [
          -70.085126,
          -12.567706
        ]
      },
      "properties": {
        "transect_id": 6,
        "elev_lowestmode": 239.8000030517578,
        "elev_dem": 239.0,
        "rh100": 28.21,
        "quality_flag": 1,
        "beam": "BEAM07"
      }
    },
    {
      "type": "Feature",
      "geometry": {
        "type": "Point",
        "coordinates": [
          -70.085457,
          -12.567481
        ]
      },
      "properties": {
        "transect_id": 6,
        "elev_lowestmode": 225.63999938964844,
        "elev_dem": 225.0,
        "rh100": 32.67,
        "quality_flag": 1,
        "beam": "BEAM07"
      }
    },
    {
      "type": "Feature",
      "geometry": {
        "type": "Point",
        "coordinates": [
          -70.085728,
          -12.567256
        ]
      },
      "properties": {
        "transect_id": 6,
        "elev_lowestmode": 224.92999267578125,
        "elev_dem": 224.0,
        "rh100": 23.34,
        "quality_flag": 1,
        "beam": "BEAM07"
      }
    },
    {
      "type": "Feature",
      "geometry": {
        "type": "Point",
        "coordinates": [
          -70.085129,
          -12.567031
        ]
      },
      "properties": {
        "transect_id": 6,
        "elev_lowestmode": 241.5399932861328,
        "elev_dem": 242.0,
        "rh100": 21.59,
        "quality_flag": 1,
        "beam": "BEAM07"
      }
    },
    {
      "type": "Feature",
      "geometry": {
        "type": "Point",
        "coordinates": [
          -70.086423,
          -12.566806
        ]
      },
      "properties": {
        "transect_id": 6,
        "elev_lowestmode": 231.47000122070312,
        "elev_dem": 231.0,
        "rh100": 26.65,
        "quality_flag": 1,
        "beam": "BEAM07"
      }
    },
    {
      "type": "Feature",
      "geometry": {
        "type": "Point",
        "coordinates": [
          -70.084958,
          -12.56658
        ]
      },
      "properties": {
        "transect_id": 6,
        "elev_lowestmode": 239.9199981689453,
        "elev_dem": 241.0,
        "rh100": 32.28,
        "quality_flag": 1,
        "beam": "BEAM07"
      }
    },
    {
      "type": "Feature",
      "geometry": {
        "type": "Point",
        "coordinates": [
          -70.084974,
          -12.566355
        ]
      },
      "properties": {
        "transect_id": 6,
        "elev_lowestmode": 239.47000122070312,
        "elev_dem": 241.0,
        "rh100": 20.09,
        "quality_flag": 1,
        "beam": "BEAM07"
      }
    },
    {
      "type": "Feature",
      "geometry": {
        "type": "Point",
        "coordinates": [
          -70.085038,
          -12.56613
        ]
      },
      "properties": {
        "transect_id": 6,
        "elev_lowestmode": 243.3000030517578,
        "elev_dem": 241.0,
        "rh100": 23.4,
        "quality_flag": 0,
        "beam": "BEAM07"
      }
    },
    {
      "type": "Feature",
      "geometry": {
        "type": "Point",
        "coordinates": [
          -70.08636,
          -12.565905
        ]
      },
      "properties": {
        "transect_id": 6,
        "elev_lowestmode": 242.5500030517578,
        "elev_dem": 243.0,
        "rh100": 27.33,
        "quality_flag": 1,
        "beam": "BEAM07"
      }
    },
    {
      "type": "Feature",
      "geometry": {
        "type": "Point",
        "coordinates": [
          -70.084774,
          -12.565679
        ]
      },
      "properties": {
        "transect_id": 6,
        "elev_lowestmode": 240.5399932861328,
        "elev_dem": 241.0,
        "rh100": 31.98,
        "quality_flag": 1,
        "beam": "BEAM07"
      }
    },
    {
      "type": "Feature",
      "geometry": {
        "type": "Point",
        "coordinates": [
          -70.086088,
          -12.565454
        ]
      },
      "properties": {
        "transect_id": 6,
        "elev_lowestmode": 244.80999755859375,
        "elev_dem": 245.0,
        "rh100": 21.29,
        "quality_flag": 1,
        "beam": "BEAM07"
      }
    },
    {
      "type": "Feature",
      "geometry": {
        "type": "Point",
        "coordinates": [
          -70.086528,
          -12.565229
        ]
      },
      "properties": {
        "transect_id": 6,
        "elev_lowestmode": 244.05999755859375,
        "elev_dem": 243.0,
        "rh100": 26.95,
        "quality_flag": 0,
        "beam": "BEAM07"
      }
    },
    {
      "type": "Feature",
      "geometry": {
        "type": "Point",
        "coordinates": [
          -70.085631,
          -12.565004
        ]
      },
      "properties": {
        "transect_id": 6,
        "elev_lowestmode": 247.72999572753906,
        "elev_dem": 246.0,
        "rh100": 24.75,
        "quality_flag": 1,
        "beam": "BEAM07"
      }
    },
    {
      "type": "Feature",
      "geometry": {
        "type": "Point",
        "coordinates": [
          -70.086541,
          -12.564779
        ]
      },
      "properties": {
        "transect_id": 6,
        "elev_lowestmode": 245.52999877929688,
        "elev_dem": 246.0,
        "rh100": 27.84,
        "quality_flag": 1,
        "beam": "BEAM07"
      }
    },
    {
      "type": "Feature",
      "geometry": {
        "type": "Point",
        "coordinates": [
          -70.084952,
          -12.564553
        ]
      },
      "properties": {
        "transect_id": 6,
        "elev_lowestmode": 241.89999389648438,
        "elev_dem": 242.0,
        "rh100": 33.06,
        "quality_flag": 1,
        "beam": "BEAM07"
      }
    },
    {
      "type": "Feature",
      "geometry": {
        "type": "Point",
        "coordinates": [
          -70.085142,
          -12.564328
        ]
      },
      "properties": {
        "transect_id": 6,
        "elev_lowestmode": 242.3300018310547,
        "elev_dem": 243.0,
        "rh100": 31.86,
        "quality_flag": 1,
        "beam": "BEAM07"
      }
    },
    {
      "type": "Feature",
      "geometry": {
        "type": "Point",
        "coordinates": [
          -70.084655,
          -12.564103
        ]
      },
      "properties": {
        "transect_id": 6,
        "elev_lowestmode": 244.1199951171875,
        "elev_dem": 244.0,
        "rh100": 22.71,
        "quality_flag": 1,
        "beam": "BEAM07"
      }
    },
    {
      "type": "Feature",
      "geometry": {
        "type": "Point",
        "coordinates": [
          -70.085918,
          -12.563878
        ]
      },
      "properties": {
        "transect_id": 6,
        "elev_lowestmode": 241.25,
        "elev_dem": 241.0,
        "rh100": 33.06,
        "quality_flag": 1,
        "beam": "BEAM07"
      }
    },
    {
      "type": "Feature",
      "geometry": {
        "type": "Point",
        "coordinates": [
          -70.086179,
          -12.563652
        ]
      },
      "properties": {
        "transect_id": 6,
        "elev_lowestmode": 240.30999755859375,
        "elev_dem": 241.0,
        "rh100": 34.26,
        "quality_flag": 1,
        "beam": "BEAM07"
      }
    },
    {
      "type": "Feature",
      "geometry": {
        "type": "Point",
        "coordinates": [
          -70.086056,
          -12.563427
        ]
      },
      "properties": {
        "transect_id": 6,
        "elev_lowestmode": 244.64999389648438,
        "elev_dem": 243.0,
        "rh100": 20.24,
        "quality_flag": 1,
        "beam": "BEAM07"
      }
    },
    {
      "type": "Feature",
      "geometry": {
        "type": "Point",
        "coordinates": [
          -70.085705,
          -12.563202
        ]
      },
      "properties": {
        "transect_id": 6,
        "elev_lowestmode": 244.9600067138672,
        "elev_dem": 245.0,
        "rh100": 31.73,
        "quality_flag": 1,
        "beam": "BEAM07"
      }
    },
    {
      "type": "Feature",
      "geometry": {
        "type": "Point",
        "coordinates": [
          -70.085333,
          -12.562977
        ]
      },
      "properties": {
        "transect_id": 6,
        "elev_lowestmode": 244.17999267578125,
        "elev_dem": 245.0,
        "rh100": 25.64,
        "quality_flag": 1,
        "beam": "BEAM07"
      }
    },
    {
      "type": "Feature",
      "geometry": {
        "type": "Point",
        "coordinates": [
          -70.085781,
          -12.562752
        ]
      },
      "properties": {
        "transect_id": 6,
        "elev_lowestmode": 247.82000732421875,
        "elev_dem": 248.0,
        "rh100": 32.41,
        "quality_flag": 1,
        "beam": "BEAM07"
      }
    },
    {
      "type": "Feature",
      "geometry": {
        "type": "Point",
        "coordinates": [
          -70.086486,
          -12.562526
        ]
      },
      "properties": {
        "transect_id": 6,
        "elev_lowestmode": 247.67999267578125,
        "elev_dem": 247.0,
        "rh100": 22.05,
        "quality_flag": 1,
        "beam": "BEAM07"
      }
    },
    {
      "type": "Feature",
      "geometry": {
        "type": "Point",
        "coordinates": [
          -70.085206,
          -12.562301
        ]
      },
      "properties": {
        "transect_id": 6,
        "elev_lowestmode": 244.5399932861328,
        "elev_dem": 245.0,
        "rh100": 28.28,
        "quality_flag": 0,
        "beam": "BEAM07"
      }
    },
    {
      "type": "Feature",
      "geometry": {
        "type": "Point",
        "coordinates": [
          -70.085401,
          -12.562076
        ]
      },
      "properties": {
        "transect_id": 6,
        "elev_lowestmode": 245.72999572753906,
        "elev_dem": 246.0,
        "rh100": 29.19,
        "quality_flag": 1,
        "beam": "BEAM07"
      }
    },
    {
      "type": "Feature",
      "geometry": {
        "type": "Point",
        "coordinates": [
          -70.085465,
          -12.561851
        ]
      },
      "properties": {
        "transect_id": 6,
        "elev_lowestmode": 246.41000366210938,
        "elev_dem": 246.0,
        "rh100": 27.98,
        "quality_flag": 1,
        "beam": "BEAM07"
      }
    },
    {
      "type": "Feature",
      "geometry": {
        "type": "Point",
        "coordinates": [
          -70.085793,
          -12.561625
        ]
      },
      "properties": {
        "transect_id": 6,
        "elev_lowestmode": 245.16000366210938,
        "elev_dem": 244.0,
        "rh100": 34.63,
        "quality_flag": 1,
        "beam": "BEAM07"
      }
    },
    {
      "type": "Feature",
      "geometry": {
        "type": "Point",
        "coordinates": [
          -70.085162,
          -12.5614
        ]
      },
      "properties": {
        "transect_id": 6,
        "elev_lowestmode": 243.22999572753906,
        "elev_dem": 242.0,
        "rh100": 31.51,
        "quality_flag": 1,
        "beam": "BEAM07"
      }
    },
    {
      "type": "Feature",
      "geometry": {
        "type": "Point",
        "coordinates": [
          -70.085866,
          -12.561175
        ]
      },
      "properties": {
        "transect_id": 6,
        "elev_lowestmode": 241.6699981689453,
        "elev_dem": 242.0,
        "rh100": 34.16,
        "quality_flag": 1,
        "beam": "BEAM07"
      }
    },
    {
      "type": "Feature",
      "geometry": {
        "type": "Point",
        "coordinates": [
          -70.086077,
          -12.56095
        ]
      },
      "properties": {
        "transect_id": 6,
        "elev_lowestmode": 241.99000549316406,
        "elev_dem": 243.0,
        "rh100": 23.3,
        "quality_flag": 1,
        "beam": "BEAM07"
      }
    },
    {
      "type": "Feature",
      "geometry": {
        "type": "Point",
        "coordinates": [
          -70.085269,
          -12.560724
        ]
      },
      "properties": {
        "transect_id": 6,
        "elev_lowestmode": 243.0800018310547,
        "elev_dem": 243.0,
        "rh100": 28.5,
        "quality_flag": 1,
        "beam": "BEAM07"
      }
    },
    {
      "type": "Feature",
      "geometry": {
        "type": "Point",
        "coordinates": [
          -70.084664,
          -12.560499
        ]
      },
      "properties": {
        "transect_id": 6,
        "elev_lowestmode": 244.4199981689453,
        "elev_dem": 245.0,
        "rh100": 30.23,
        "quality_flag": 1,
        "beam": "BEAM07"
      }
    },
    {
      "type": "Feature",
      "geometry": {
        "type": "Point",
        "coordinates": [
          -70.085277,
          -12.560274
        ]
      },
      "properties": {
        "transect_id": 6,
        "elev_lowestmode": 242.6199951171875,
        "elev_dem": 243.0,
        "rh100": 27.74,
        "quality_flag": 1,
        "beam": "BEAM07"
      }
    },
    {
      "type": "Feature",
      "geometry": {
        "type": "Point",
        "coordinates": [
          -70.084664,
          -12.560049
        ]
      },
      "properties": {
        "transect_id": 6,
        "elev_lowestmode": 244.36000061035156,
        "elev_dem": 244.0,
        "rh100": 21.14,
        "quality_flag": 1,
        "beam": "BEAM07"
      }
    },
    {
      "type": "Feature",
      "geometry": {
        "type": "Point",
        "coordinates": [
          -70.086322,
          -12.559824
        ]
      },
      "properties": {
        "transect_id": 6,
        "elev_lowestmode": 242.4600067138672,
        "elev_dem": 242.0,
        "rh100": 34.72,
        "quality_flag": 1,
        "beam": "BEAM07"
      }
    },
    {
      "type": "Feature",
      "geometry": {
        "type": "Point",
        "coordinates": [
          -70.086168,
          -12.559598
        ]
      },
      "properties": {
        "transect_id": 6,
        "elev_lowestmode": 241.61000061035156,
        "elev_dem": 242.0,
        "rh100": 24.79,
        "quality_flag": 1,
        "beam": "BEAM07"
      }
    },
    {
      "type": "Feature",
      "geometry": {
        "type": "Point",
        "coordinates": [
          -70.086391,
          -12.559373
        ]
      },
      "properties": {
        "transect_id": 6,
        "elev_lowestmode": 241.92999267578125,
        "elev_dem": 241.0,
        "rh100": 20.32,
        "quality_flag": 1,
        "beam": "BEAM07"
      }
    },
    {
      "type": "Feature",
      "geometry": {
        "type": "Point",
        "coordinates": [
          -70.085962,
          -12.559148
        ]
      },
      "properties": {
        "transect_id": 6,
        "elev_lowestmode": 239.47999572753906,
        "elev_dem": 240.0,
        "rh100": 20.77,
        "quality_flag": 1,
        "beam": "BEAM07"
      }
    },
    {
      "type": "Feature",
      "geometry": {
        "type": "Point",
        "coordinates": [
          -70.084778,
          -12.558923
        ]
      },
      "properties": {
        "transect_id": 6,
        "elev_lowestmode": 237.6999969482422,
        "elev_dem": 239.0,
        "rh100": 28.4,
        "quality_flag": 1,
        "beam": "BEAM07"
      }
    },
    {
      "type": "Feature",
      "geometry": {
        "type": "Point",
        "coordinates": [
          -70.084606,
          -12.558697
        ]
      },
      "properties": {
        "transect_id": 6,
        "elev_lowestmode": 237.67999267578125,
        "elev_dem": 238.0,
        "rh100": 21.54,
        "quality_flag": 1,
        "beam": "BEAM07"
      }
    },
    {
      "type": "Feature",
      "geometry": {
        "type": "Point",
        "coordinates": [
          -70.08577,
          -12.558472
        ]
      },
      "properties": {
        "transect_id": 6,
        "elev_lowestmode": 243.6300048828125,
        "elev_dem": 243.0,
        "rh100": 25.42,
        "quality_flag": 1,
        "beam": "BEAM07"
      }
    },
    {
      "type": "Feature",
      "geometry": {
        "type": "Point",
        "coordinates": [
          -70.085724,
          -12.558247
        ]
      },
      "properties": {
        "transect_id": 6,
        "elev_lowestmode": 243.2100067138672,
        "elev_dem": 243.0,
        "rh100": 34.05,
        "quality_flag": 1,
        "beam": "BEAM07"
      }
    },
    {
      "type": "Feature",
      "geometry": {
        "type": "Point",
        "coordinates": [
          -70.086266,
          -12.558022
        ]
      },
      "properties": {
        "transect_id": 6,
        "elev_lowestmode": 236.83999633789062,
        "elev_dem": 237.0,
        "rh100": 22.3,
        "quality_flag": 1,
        "beam": "BEAM07"
      }
    },
    {
      "type": "Feature",
      "geometry": {
        "type": "Point",
        "coordinates": [
          -70.085199,
          -12.557797
        ]
      },
      "properties": {
        "transect_id": 6,
        "elev_lowestmode": 238.32000732421875,
        "elev_dem": 238.0,
        "rh100": 25.2,
        "quality_flag": 1,
        "beam": "BEAM07"
      }
    },
    {
      "type": "Feature",
      "geometry": {
        "type": "Point",
        "coordinates": [
          -70.085017,
          -12.557571
        ]
      },
      "properties": {
        "transect_id": 6,
        "elev_lowestmode": 235.6699981689453,
        "elev_dem": 236.0,
        "rh100": 26.93,
        "quality_flag": 1,
        "beam": "BEAM07"
      }
    },
    {
      "type": "Feature",
      "geometry": {
        "type": "Point",
        "coordinates": [
          -70.085623,
          -12.557346
        ]
      },
      "properties": {
        "transect_id": 6,
        "elev_lowestmode": 238.49000549316406,
        "elev_dem": 239.0,
        "rh100": 23.67,
        "quality_flag": 1,
        "beam": "BEAM07"
      }
    },
    {
      "type": "Feature",
      "geometry": {
        "type": "Point",
        "coordinates": [
          -70.085698,
          -12.557121
        ]
      },
      "properties": {
        "transect_id": 6,
        "elev_lowestmode": 240.3000030517578,
        "elev_dem": 240.0,
        "rh100": 24.18,
        "quality_flag": 1,
        "beam": "BEAM07"
      }
    },
    {
      "type": "Feature",
      "geometry": {
        "type": "Point",
        "coordinates": [
          -70.085284,
          -12.556896
        ]
      },
      "properties": {
        "transect_id": 6,
        "elev_lowestmode": 242.5399932861328,
        "elev_dem": 241.0,
        "rh100": 31.72,
        "quality_flag": 0,
        "beam": "BEAM07"
      }
    },
    {
      "type": "Feature",
      "geometry": {
        "type": "Point",
        "coordinates": [
          -70.086331,
          -12.55667
        ]
      },
      "properties": {
        "transect_id": 6,
        "elev_lowestmode": 243.7899932861328,
        "elev_dem": 244.0,
        "rh100": 33.18,
        "quality_flag": 1,
        "beam": "BEAM07"
      }
    },
    {
      "type": "Feature",
      "geometry": {
        "type": "Point",
        "coordinates": [
          -70.084874,
          -12.556445
        ]
      },
      "properties": {
        "transect_id": 6,
        "elev_lowestmode": 242.27999877929688,
        "elev_dem": 243.0,
        "rh100": 22.39,
        "quality_flag": 1,
        "beam": "BEAM07"
      }
    },
    {
      "type": "Feature",
      "geometry": {
        "type": "Point",
        "coordinates": [
          -70.085655,
          -12.55622
        ]
      },
      "properties": {
        "transect_id": 6,
        "elev_lowestmode": 241.17999267578125,
        "elev_dem": 242.0,
        "rh100": 21.88,
        "quality_flag": 1,
        "beam": "BEAM07"
      }
    },
    {
      "type": "Feature",
      "geometry": {
        "type": "Point",
        "coordinates": [
          -70.085752,
          -12.555995
        ]
      },
      "properties": {
        "transect_id": 6,
        "elev_lowestmode": 242.0,
        "elev_dem": 242.0,
        "rh100": 32.67,
        "quality_flag": 0,
        "beam": "BEAM07"
      }
    },
    {
      "type": "Feature",
      "geometry": {
        "type": "Point",
        "coordinates": [
          -70.085628,
          -12.55577
        ]
      },
      "properties": {
        "transect_id": 6,
        "elev_lowestmode": 242.7100067138672,
        "elev_dem": 243.0,
        "rh100": 29.35,
        "quality_flag": 1,
        "beam": "BEAM07"
      }
    },
    {
      "type": "Feature",
      "geometry": {
        "type": "Point",
        "coordinates": [
          -70.086368,
          -12.555544
        ]
      },
      "properties": {
        "transect_id": 6,
        "elev_lowestmode": 244.86000061035156,
        "elev_dem": 245.0,
        "rh100": 32.29,
        "quality_flag": 1,
        "beam": "BEAM07"
      }
    },
    {
      "type": "Feature",
      "geometry": {
        "type": "Point",
        "coordinates": [
          -70.085767,
          -12.555319
        ]
      },
      "properties": {
        "transect_id": 6,
        "elev_lowestmode": 244.75,
        "elev_dem": 246.0,
        "rh100": 31.13,
        "quality_flag": 1,
        "beam": "BEAM07"
      }
    },
    {
      "type": "Feature",
      "geometry": {
        "type": "Point",
        "coordinates": [
          -70.084924,
          -12.555094
        ]
      },
      "properties": {
        "transect_id": 6,
        "elev_lowestmode": 243.25999450683594,
        "elev_dem": 244.0,
        "rh100": 20.09,
        "quality_flag": 1,
        "beam": "BEAM07"
      }
    },
    {
      "type": "Feature",
      "geometry": {
        "type": "Point",
        "coordinates": [
          -70.084628,
          -12.554869
        ]
      },
      "properties": {
        "transect_id": 6,
        "elev_lowestmode": 243.6199951171875,
        "elev_dem": 243.0,
        "rh100": 33.05,
        "quality_flag": 1,
        "beam": "BEAM07"
      }
    },
    {
      "type": "Feature",
      "geometry": {
        "type": "Point",
        "coordinates": [
          -70.085515,
          -12.554643
        ]
      },
      "properties": {
        "transect_id": 6,
        "elev_lowestmode": 245.25,
        "elev_dem": 245.0,
        "rh100": 21.54,
        "quality_flag": 0,
        "beam": "BEAM07"
      }
    },
    {
      "type": "Feature",
      "geometry": {
        "type": "Point",
        "coordinates": [
          -70.084962,
          -12.554418
        ]
      },
      "properties": {
        "transect_id": 6,
        "elev_lowestmode": 239.77999877929688,
        "elev_dem": 241.0,
        "rh100": 33.9,
        "quality_flag": 1,
        "beam": "BEAM07"
      }
    },
    {
      "type": "Feature",
      "geometry": {
        "type": "Point",
        "coordinates": [
          -70.085321,
          -12.554193
        ]
      },
      "properties": {
        "transect_id": 6,
        "elev_lowestmode": 239.17999267578125,
        "elev_dem": 240.0,
        "rh100": 31.86,
        "quality_flag": 1,
        "beam": "BEAM07"
      }
    },
    {
      "type": "Feature",
      "geometry": {
        "type": "Point",
        "coordinates": [
          -70.086584,
          -12.553968
        ]
      },
      "properties": {
        "transect_id": 6,
        "elev_lowestmode": 238.88999938964844,
        "elev_dem": 240.0,
        "rh100": 20.58,
        "quality_flag": 1,
        "beam": "BEAM07"
      }
    },
    {
      "type": "Feature",
      "geometry": {
        "type": "Point",
        "coordinates": [
          -70.084813,
          -12.553742
        ]
      },
      "properties": {
        "transect_id": 6,
        "elev_lowestmode": 228.91000366210938,
        "elev_dem": 230.0,
        "rh100": 30.64,
        "quality_flag": 0,
        "beam": "BEAM07"
      }
    },
    {
      "type": "Feature",
      "geometry": {
        "type": "Point",
        "coordinates": [
          -70.085574,
          -12.553517
        ]
      },
      "properties": {
        "transect_id": 6,
        "elev_lowestmode": 237.30999755859375,
        "elev_dem": 235.0,
        "rh100": 30.02,
        "quality_flag": 1,
        "beam": "BEAM07"
      }
    },
    {
      "type": "Feature",
      "geometry": {
        "type": "Point",
        "coordinates": [
          -70.085333,
          -12.553292
        ]
      },
      "properties": {
        "transect_id": 6,
        "elev_lowestmode": 230.38999938964844,
        "elev_dem": 230.0,
        "rh100": 33.0,
        "quality_flag": 1,
        "beam": "BEAM07"
      }
    },
    {
      "type": "Feature",
      "geometry": {
        "type": "Point",
        "coordinates": [
          -70.085261,
          -12.553067
        ]
      },
      "properties": {
        "transect_id": 6,
        "elev_lowestmode": 229.5,
        "elev_dem": 230.0,
        "rh100": 30.71,
        "quality_flag": 0,
        "beam": "BEAM07"
      }
    },
    {
      "type": "Feature",
      "geometry": {
        "type": "Point",
        "coordinates": [
          -70.08632,
          -12.552842
        ]
      },
      "properties": {
        "transect_id": 6,
        "elev_lowestmode": 235.80999755859375,
        "elev_dem": 236.0,
        "rh100": 22.46,
        "quality_flag": 1,
        "beam": "BEAM07"
      }
    },
    {
      "type": "Feature",
      "geometry": {
        "type": "Point",
        "coordinates": [
          -70.086454,
          -12.552616
        ]
      },
      "properties": {
        "transect_id": 6,
        "elev_lowestmode": 238.97999572753906,
        "elev_dem": 240.0,
        "rh100": 31.93,
        "quality_flag": 1,
        "beam": "BEAM07"
      }
    },
    {
      "type": "Feature",
      "geometry": {
        "type": "Point",
        "coordinates": [
          -70.08509,
          -12.552391
        ]
      },
      "properties": {
        "transect_id": 6,
        "elev_lowestmode": 235.0399932861328,
        "elev_dem": 234.0,
        "rh100": 30.92,
        "quality_flag": 1,
        "beam": "BEAM07"
      }
    },
    {
      "type": "Feature",
      "geometry": {
        "type": "Point",
        "coordinates": [
          -70.085869,
          -12.552166
        ]
      },
      "properties": {
        "transect_id": 6,
        "elev_lowestmode": 240.16000366210938,
        "elev_dem": 240.0,
        "rh100": 22.81,
        "quality_flag": 1,
        "beam": "BEAM07"
      }
    },
    {
      "type": "Feature",
      "geometry": {
        "type": "Point",
        "coordinates": [
          -70.085848,
          -12.551941
        ]
      },
      "properties": {
        "transect_id": 6,
        "elev_lowestmode": 236.5500030517578,
        "elev_dem": 238.0,
        "rh100": 22.55,
        "quality_flag": 1,
        "beam": "BEAM07"
      }
    },
    {
      "type": "Feature",
      "geometry": {
        "type": "Point",
        "coordinates": [
          -70.085634,
          -12.551715
        ]
      },
      "properties": {
        "transect_id": 6,
        "elev_lowestmode": 233.88999938964844,
        "elev_dem": 234.0,
        "rh100": 25.13,
        "quality_flag": 1,
        "beam": "BEAM07"
      }
    },
    {
      "type": "Feature",
      "geometry": {
        "type": "Point",
        "coordinates": [
          -70.085561,
          -12.55149
        ]
      },
      "properties": {
        "transect_id": 6,
        "elev_lowestmode": 227.83999633789062,
        "elev_dem": 227.0,
        "rh100": 23.41,
        "quality_flag": 0,
        "beam": "BEAM07"
      }
    },
    {
      "type": "Feature",
      "geometry": {
        "type": "Point",
        "coordinates": [
          -70.085758,
          -12.551265
        ]
      },
      "properties": {
        "transect_id": 6,
        "elev_lowestmode": 232.27000427246094,
        "elev_dem": 231.0,
        "rh100": 28.59,
        "quality_flag": 1,
        "beam": "BEAM07"
      }
    },
    {
      "type": "Feature",
      "geometry": {
        "type": "Point",
        "coordinates": [
          -70.084913,
          -12.55104
        ]
      },
      "properties": {
        "transect_id": 6,
        "elev_lowestmode": 225.1199951171875,
        "elev_dem": 225.0,
        "rh100": 33.16,
        "quality_flag": 1,
        "beam": "BEAM07"
      }
    },
    {
      "type": "Feature",
      "geometry": {
        "type": "Point",
        "coordinates": [
          -70.086371,
          -12.550815
        ]
      },
      "properties": {
        "transect_id": 6,
        "elev_lowestmode": 221.74000549316406,
        "elev_dem": 221.0,
        "rh100": 34.66,
        "quality_flag": 1,
        "beam": "BEAM07"
      }
    },
    {
      "type": "Feature",
      "geometry": {
        "type": "Point",
        "coordinates": [
          -70.085698,
          -12.550589
        ]
      },
      "properties": {
        "transect_id": 6,
        "elev_lowestmode": 223.1199951171875,
        "elev_dem": 222.0,
        "rh100": 30.89,
        "quality_flag": 1,
        "beam": "BEAM07"
      }
    },
    {
      "type": "Feature",
      "geometry": {
        "type": "Point",
        "coordinates": [
          -70.084985,
          -12.550364
        ]
      },
      "properties": {
        "transect_id": 6,
        "elev_lowestmode": 234.10000610351562,
        "elev_dem": 233.0,
        "rh100": 25.1,
        "quality_flag": 1,
        "beam": "BEAM07"
      }
    },
    {
      "type": "Feature",
      "geometry": {
        "type": "Point",
        "coordinates": [
          -70.086577,
          -12.550139
        ]
      },
      "properties": {
        "transect_id": 6,
        "elev_lowestmode": 217.94000244140625,
        "elev_dem": 218.0,
        "rh100": 25.68,
        "quality_flag": 1,
        "beam": "BEAM07"
      }
    },
    {
      "type": "Feature",
      "geometry": {
        "type": "Point",
        "coordinates": [
          -70.086261,
          -12.549914
        ]
      },
      "properties": {
        "transect_id": 6,
        "elev_lowestmode": 219.02999877929688,
        "elev_dem": 218.0,
        "rh100": 27.59,
        "quality_flag": 1,
        "beam": "BEAM07"
      }
    },
    {
      "type": "Feature",
      "geometry": {
        "type": "Point",
        "coordinates": [
          -70.084877,
          -12.549688
        ]
      },
      "properties": {
        "transect_id": 6,
        "elev_lowestmode": 223.86000061035156,
        "elev_dem": 224.0,
        "rh100": 21.36,
        "quality_flag": 0,
        "beam": "BEAM07"
      }
    },
    {
      "type": "Feature",
      "geometry": {
        "type": "Point",
        "coordinates": [
          -70.085308,
          -12.549463
        ]
      },
      "properties": {
        "transect_id": 6,
        "elev_lowestmode": 226.63999938964844,
        "elev_dem": 226.0,
        "rh100": 30.79,
        "quality_flag": 1,
        "beam": "BEAM07"
      }
    },
    {
      "type": "Feature",
      "geometry": {
        "type": "Point",
        "coordinates": [
          -70.085459,
          -12.549238
        ]
      },
      "properties": {
        "transect_id": 6,
        "elev_lowestmode": 233.9600067138672,
        "elev_dem": 233.0,
        "rh100": 21.68,
        "quality_flag": 1,
        "beam": "BEAM07"
      }
    },
    {
      "type": "Feature",
      "geometry": {
        "type": "Point",
        "coordinates": [
          -70.086059,
          -12.549013
        ]
      },
      "properties": {
        "transect_id": 6,
        "elev_lowestmode": 234.25999450683594,
        "elev_dem": 234.0,
        "rh100": 27.18,
        "quality_flag": 1,
        "beam": "BEAM07"
      }
    },
    {
      "type": "Feature",
      "geometry": {
        "type": "Point",
        "coordinates": [
          -70.086479,
          -12.548788
        ]
      },
      "properties": {
        "transect_id": 6,
        "elev_lowestmode": 231.0399932861328,
        "elev_dem": 231.0,
        "rh100": 29.93,
        "quality_flag": 0,
        "beam": "BEAM07"
      }
    },
    {
      "type": "Feature",
      "geometry": {
        "type": "Point",
        "coordinates": [
          -70.086392,
          -12.548562
        ]
      },
      "properties": {
        "transect_id": 6,
        "elev_lowestmode": 232.2100067138672,
        "elev_dem": 233.0,
        "rh100": 27.16,
        "quality_flag": 1,
        "beam": "BEAM07"
      }
    },
    {
      "type": "Feature",
      "geometry": {
        "type": "Point",
        "coordinates": [
          -70.085517,
          -12.548337
        ]
      },
      "properties": {
        "transect_id": 6,
        "elev_lowestmode": 237.64999389648438,
        "elev_dem": 237.0,
        "rh100": 24.41,
        "quality_flag": 1,
        "beam": "BEAM07"
      }
    },
    {
      "type": "Feature",
      "geometry": {
        "type": "Point",
        "coordinates": [
          -70.085368,
          -12.548112
        ]
      },
      "properties": {
        "transect_id": 6,
        "elev_lowestmode": 235.02999877929688,
        "elev_dem": 234.0,
        "rh100": 25.27,
        "quality_flag": 1,
        "beam": "BEAM07"
      }
    },
    {
      "type": "Feature",
      "geometry": {
        "type": "Point",
        "coordinates": [
          -70.086377,
          -12.547887
        ]
      },
      "properties": {
        "transect_id": 6,
        "elev_lowestmode": 234.33999633789062,
        "elev_dem": 235.0,
        "rh100": 21.01,
        "quality_flag": 1,
        "beam": "BEAM07"
      }
    },
    {
      "type": "Feature",
      "geometry": {
        "type": "Point",
        "coordinates": [
          -70.085254,
          -12.547661
        ]
      },
      "properties": {
        "transect_id": 6,
        "elev_lowestmode": 235.13999938964844,
        "elev_dem": 236.0,
        "rh100": 32.72,
        "quality_flag": 0,
        "beam": "BEAM07"
      }
    },
    {
      "type": "Feature",
      "geometry": {
        "type": "Point",
        "coordinates": [
          -70.085719,
          -12.547436
        ]
      },
      "properties": {
        "transect_id": 6,
        "elev_lowestmode": 236.8000030517578,
        "elev_dem": 235.0,
        "rh100": 24.98,
        "quality_flag": 1,
        "beam": "BEAM07"
      }
    },
    {
      "type": "Feature",
      "geometry": {
        "type": "Point",
        "coordinates": [
          -70.085171,
          -12.547211
        ]
      },
      "properties": {
        "transect_id": 6,
        "elev_lowestmode": 236.1999969482422,
        "elev_dem": 237.0,
        "rh100": 26.65,
        "quality_flag": 1,
        "beam": "BEAM07"
      }
    },
    {
      "type": "Feature",
      "geometry": {
        "type": "Point",
        "coordinates": [
          -70.085265,
          -12.546986
        ]
      },
      "properties": {
        "transect_id": 6,
        "elev_lowestmode": 237.4199981689453,
        "elev_dem": 238.0,
        "rh100": 27.25,
        "quality_flag": 1,
        "beam": "BEAM07"
      }
    },
    {
      "type": "Feature",
      "geometry": {
        "type": "Point",
        "coordinates": [
          -70.086362,
          -12.546761
        ]
      },
      "properties": {
        "transect_id": 6,
        "elev_lowestmode": 234.27999877929688,
        "elev_dem": 235.0,
        "rh100": 28.94,
        "quality_flag": 1,
        "beam": "BEAM07"
      }
    },
    {
      "type": "Feature",
      "geometry": {
        "type": "Point",
        "coordinates": [
          -70.084965,
          -12.546535
        ]
      },
      "properties": {
        "transect_id": 6,
        "elev_lowestmode": 240.88999938964844,
        "elev_dem": 240.0,
        "rh100": 32.96,
        "quality_flag": 1,
        "beam": "BEAM07"
      }
    },
    {
      "type": "Feature",
      "geometry": {
        "type": "Point",
        "coordinates": [
          -70.0862,
          -12.54631
        ]
      },
      "properties": {
        "transect_id": 6,
        "elev_lowestmode": 240.0500030517578,
        "elev_dem": 239.0,
        "rh100": 20.68,
        "quality_flag": 1,
        "beam": "BEAM07"
      }
    },
    {
      "type": "Feature",
      "geometry": {
        "type": "Point",
        "coordinates": [
          -70.086378,
          -12.546085
        ]
      },
      "properties": {
        "transect_id": 6,
        "elev_lowestmode": 237.66000366210938,
        "elev_dem": 238.0,
        "rh100": 24.59,
        "quality_flag": 1,
        "beam": "BEAM07"
      }
    },
    {
      "type": "Feature",
      "geometry": {
        "type": "Point",
        "coordinates": [
          -70.084775,
          -12.54586
        ]
      },
      "properties": {
        "transect_id": 6,
        "elev_lowestmode": 240.8300018310547,
        "elev_dem": 241.0,
        "rh100": 23.84,
        "quality_flag": 1,
        "beam": "BEAM07"
      }
    },
    {
      "type": "Feature",
      "geometry": {
        "type": "Point",
        "coordinates": [
          -70.085195,
          -12.545634
        ]
      },
      "properties": {
        "transect_id": 6,
        "elev_lowestmode": 244.07000732421875,
        "elev_dem": 244.0,
        "rh100": 26.48,
        "quality_flag": 1,
        "beam": "BEAM07"
      }
    },
    {
      "type": "Feature",
      "geometry": {
        "type": "Point",
        "coordinates": [
          -70.08518,
          -12.545409
        ]
      },
      "properties": {
        "transect_id": 6,
        "elev_lowestmode": 242.8000030517578,
        "elev_dem": 243.0,
        "rh100": 21.22,
        "quality_flag": 1,
        "beam": "BEAM07"
      }
    },
    {
      "type": "Feature",
      "geometry": {
        "type": "Point",
        "coordinates": [
          -70.084642,
          -12.545184
        ]
      },
      "properties": {
        "transect_id": 6,
        "elev_lowestmode": 244.2100067138672,
        "elev_dem": 244.0,
        "rh100": 31.21,
        "quality_flag": 1,
        "beam": "BEAM07"
      }
    },
    {
      "type": "Feature",
      "geometry": {
        "type": "Point",
        "coordinates": [
          -70.086155,
          -12.544959
        ]
      },
      "properties": {
        "transect_id": 6,
        "elev_lowestmode": 240.69000244140625,
        "elev_dem": 240.0,
        "rh100": 31.76,
        "quality_flag": 1,
        "beam": "BEAM07"
      }
    },
    {
      "type": "Feature",
      "geometry": {
        "type": "Point",
        "coordinates": [
          -70.086293,
          -12.544733
        ]
      },
      "properties": {
        "transect_id": 6,
        "elev_lowestmode": 237.11000061035156,
        "elev_dem": 237.0,
        "rh100": 20.49,
        "quality_flag": 1,
        "beam": "BEAM07"
      }
    },
    {
      "type": "Feature",
      "geometry": {
        "type": "Point",
        "coordinates": [
          -70.085331,
          -12.544508
        ]
      },
      "properties": {
        "transect_id": 6,
        "elev_lowestmode": 239.92999267578125,
        "elev_dem": 240.0,
        "rh100": 29.47,
        "quality_flag": 1,
        "beam": "BEAM07"
      }
    },
    {
      "type": "Feature",
      "geometry": {
        "type": "Point",
        "coordinates": [
          -70.084806,
          -12.544283
        ]
      },
      "properties": {
        "transect_id": 6,
        "elev_lowestmode": 240.80999755859375,
        "elev_dem": 241.0,
        "rh100": 21.84,
        "quality_flag": 1,
        "beam": "BEAM07"
      }
    },
    {
      "type": "Feature",
      "geometry": {
        "type": "Point",
        "coordinates": [
          -70.085582,
          -12.544058
        ]
      },
      "properties": {
        "transect_id": 6,
        "elev_lowestmode": 236.6300048828125,
        "elev_dem": 237.0,
        "rh100": 22.34,
        "quality_flag": 1,
        "beam": "BEAM07"
      }
    },
    {
      "type": "Feature",
      "geometry": {
        "type": "Point",
        "coordinates": [
          -70.085313,
          -12.543833
        ]
      },
      "properties": {
        "transect_id": 6,
        "elev_lowestmode": 237.1199951171875,
        "elev_dem": 237.0,
        "rh100": 28.43,
        "quality_flag": 1,
        "beam": "BEAM07"
      }
    },
    {
      "type": "Feature",
      "geometry": {
        "type": "Point",
        "coordinates": [
          -70.08571,
          -12.543607
        ]
      },
      "properties": {
        "transect_id": 6,
        "elev_lowestmode": 236.24000549316406,
        "elev_dem": 237.0,
        "rh100": 34.79,
        "quality_flag": 1,
        "beam": "BEAM07"
      }
    },
    {
      "type": "Feature",
      "geometry": {
        "type": "Point",
        "coordinates": [
          -70.086359,
          -12.543382
        ]
      },
      "properties": {
        "transect_id": 6,
        "elev_lowestmode": 241.24000549316406,
        "elev_dem": 241.0,
        "rh100": 34.19,
        "quality_flag": 1,
        "beam": "BEAM07"
      }
    },
    {
      "type": "Feature",
      "geometry": {
        "type": "Point",
        "coordinates": [
          -70.085217,
          -12.543157
        ]
      },
      "properties": {
        "transect_id": 6,
        "elev_lowestmode": 243.2100067138672,
        "elev_dem": 243.0,
        "rh100": 26.99,
        "quality_flag": 1,
        "beam": "BEAM07"
      }
    },
    {
      "type": "Feature",
      "geometry": {
        "type": "Point",
        "coordinates": [
          -70.085009,
          -12.542932
        ]
      },
      "properties": {
        "transect_id": 6,
        "elev_lowestmode": 243.25,
        "elev_dem": 242.0,
        "rh100": 32.16,
        "quality_flag": 1,
        "beam": "BEAM07"
      }
    },
    {
      "type": "Feature",
      "geometry": {
        "type": "Point",
        "coordinates": [
          -70.085696,
          -12.542706
        ]
      },
      "properties": {
        "transect_id": 6,
        "elev_lowestmode": 242.8300018310547,
        "elev_dem": 242.0,
        "rh100": 32.77,
        "quality_flag": 1,
        "beam": "BEAM07"
      }
    },
    {
      "type": "Feature",
      "geometry": {
        "type": "Point",
        "coordinates": [
          -70.086172,
          -12.542481
        ]
      },
      "properties": {
        "transect_id": 6,
        "elev_lowestmode": 240.52999877929688,
        "elev_dem": 240.0,
        "rh100": 23.81,
        "quality_flag": 1,
        "beam": "BEAM07"
      }
    },
    {
      "type": "Feature",
      "geometry": {
        "type": "Point",
        "coordinates": [
          -70.084838,
          -12.542256
        ]
      },
      "properties": {
        "transect_id": 6,
        "elev_lowestmode": 239.61000061035156,
        "elev_dem": 239.0,
        "rh100": 28.93,
        "quality_flag": 1,
        "beam": "BEAM07"
      }
    },
    {
      "type": "Feature",
      "geometry": {
        "type": "Point",
        "coordinates": [
          -70.084596,
          -12.542031
        ]
      },
      "properties": {
        "transect_id": 6,
        "elev_lowestmode": 239.8800048828125,
        "elev_dem": 239.0,
        "rh100": 20.5,
        "quality_flag": 1,
        "beam": "BEAM07"
      }
    },
    {
      "type": "Feature",
      "geometry": {
        "type": "Point",
        "coordinates": [
          -70.086044,
          -12.541806
        ]
      },
      "properties": {
        "transect_id": 6,
        "elev_lowestmode": 243.92999267578125,
        "elev_dem": 244.0,
        "rh100": 23.79,
        "quality_flag": 1,
        "beam": "BEAM07"
      }
    },
    {
      "type": "Feature",
      "geometry": {
        "type": "Point",
        "coordinates": [
          -70.085508,
          -12.54158
        ]
      },
      "properties": {
        "transect_id": 6,
        "elev_lowestmode": 241.22000122070312,
        "elev_dem": 242.0,
        "rh100": 22.93,
        "quality_flag": 1,
        "beam": "BEAM07"
      }
    },
    {
      "type": "Feature",
      "geometry": {
        "type": "Point",
        "coordinates": [
          -70.084948,
          -12.541355
        ]
      },
      "properties": {
        "transect_id": 6,
        "elev_lowestmode": 238.27000427246094,
        "elev_dem": 240.0,
        "rh100": 28.35,
        "quality_flag": 1,
        "beam": "BEAM07"
      }
    },
    {
      "type": "Feature",
      "geometry": {
        "type": "Point",
        "coordinates": [
          -70.085323,
          -12.54113
        ]
      },
      "properties": {
        "transect_id": 6,
        "elev_lowestmode": 240.33999633789062,
        "elev_dem": 242.0,
        "rh100": 21.38,
        "quality_flag": 1,
        "beam": "BEAM07"
      }
    },
    {
      "type": "Feature",
      "geometry": {
        "type": "Point",
        "coordinates": [
          -70.085421,
          -12.540905
        ]
      },
      "properties": {
        "transect_id": 6,
        "elev_lowestmode": 242.0500030517578,
        "elev_dem": 241.0,
        "rh100": 21.05,
        "quality_flag": 1,
        "beam": "BEAM07"
      }
    },
    {
      "type": "Feature",
      "geometry": {
        "type": "Point",
        "coordinates": [
          -70.085547,
          -12.540679
        ]
      },
      "properties": {
        "transect_id": 6,
        "elev_lowestmode": 240.19000244140625,
        "elev_dem": 239.0,
        "rh100": 29.95,
        "quality_flag": 1,
        "beam": "BEAM07"
      }
    },
    {
      "type": "Feature",
      "geometry": {
        "type": "Point",
        "coordinates": [
          -70.085573,
          -12.540454
        ]
      },
      "properties": {
        "transect_id": 6,
        "elev_lowestmode": 239.1199951171875,
        "elev_dem": 239.0,
        "rh100": 22.11,
        "quality_flag": 1,
        "beam": "BEAM07"
      }
    },
    {
      "type": "Feature",
      "geometry": {
        "type": "Point",
        "coordinates": [
          -70.085782,
          -12.540229
        ]
      },
      "properties": {
        "transect_id": 6,
        "elev_lowestmode": 239.52999877929688,
        "elev_dem": 239.0,
        "rh100": 20.59,
        "quality_flag": 1,
        "beam": "BEAM07"
      }
    },
    {
      "type": "Feature",
      "geometry": {
        "type": "Point",
        "coordinates": [
          -70.085935,
          -12.540004
        ]
      },
      "properties": {
        "transect_id": 6,
        "elev_lowestmode": 237.5,
        "elev_dem": 239.0,
        "rh100": 30.06,
        "quality_flag": 1,
        "beam": "BEAM07"
      }
    },
    {
      "type": "Feature",
      "geometry": {
        "type": "Point",
        "coordinates": [
          -70.078996,
          -12.599914
        ]
      },
      "properties": {
        "transect_id": 7,
        "elev_lowestmode": 240.3699951171875,
        "elev_dem": 240.0,
        "rh100": 30.18,
        "quality_flag": 1,
        "beam": "BEAM08"
      }
    },
    {
      "type": "Feature",
      "geometry": {
        "type": "Point",
        "coordinates": [
          -70.079921,
          -12.599688
        ]
      },
      "properties": {
        "transect_id": 7,
        "elev_lowestmode": 239.67999267578125,
        "elev_dem": 237.0,
        "rh100": 27.58,
        "quality_flag": 0,
        "beam": "BEAM08"
      }
    },
    {
      "type": "Feature",
      "geometry": {
        "type": "Point",
        "coordinates": [
          -70.079456,
          -12.599463
        ]
      },
      "properties": {
        "transect_id": 7,
        "elev_lowestmode": 237.60000610351562,
        "elev_dem": 238.0,
        "rh100": 31.27,
        "quality_flag": 0,
        "beam": "BEAM08"
      }
    },
    {
      "type": "Feature",
      "geometry": {
        "type": "Point",
        "coordinates": [
          -70.079822,
          -12.599238
        ]
      },
      "properties": {
        "transect_id": 7,
        "elev_lowestmode": 238.77000427246094,
        "elev_dem": 238.0,
        "rh100": 26.96,
        "quality_flag": 0,
        "beam": "BEAM08"
      }
    },
    {
      "type": "Feature",
      "geometry": {
        "type": "Point",
        "coordinates": [
          -70.080726,
          -12.599013
        ]
      },
      "properties": {
        "transect_id": 7,
        "elev_lowestmode": 229.3000030517578,
        "elev_dem": 230.0,
        "rh100": 27.33,
        "quality_flag": 1,
        "beam": "BEAM08"
      }
    },
    {
      "type": "Feature",
      "geometry": {
        "type": "Point",
        "coordinates": [
          -70.079588,
          -12.598788
        ]
      },
      "properties": {
        "transect_id": 7,
        "elev_lowestmode": 239.64999389648438,
        "elev_dem": 240.0,
        "rh100": 28.25,
        "quality_flag": 0,
        "beam": "BEAM08"
      }
    },
    {
      "type": "Feature",
      "geometry": {
        "type": "Point",
        "coordinates": [
          -70.079697,
          -12.598562
        ]
      },
      "properties": {
        "transect_id": 7,
        "elev_lowestmode": 240.5399932861328,
        "elev_dem": 238.0,
        "rh100": 23.79,
        "quality_flag": 1,
        "beam": "BEAM08"
      }
    },
    {
      "type": "Feature",
      "geometry": {
        "type": "Point",
        "coordinates": [
          -70.079435,
          -12.598337
        ]
      },
      "properties": {
        "transect_id": 7,
        "elev_lowestmode": 235.74000549316406,
        "elev_dem": 236.0,
        "rh100": 26.48,
        "quality_flag": 1,
        "beam": "BEAM08"
      }
    },
    {
      "type": "Feature",
      "geometry": {
        "type": "Point",
        "coordinates": [
          -70.079572,
          -12.598112
        ]
      },
      "properties": {
        "transect_id": 7,
        "elev_lowestmode": 215.3000030517578,
        "elev_dem": 215.0,
        "rh100": 27.33,
        "quality_flag": 1,
        "beam": "BEAM08"
      }
    },
    {
      "type": "Feature",
      "geometry": {
        "type": "Point",
        "coordinates": [
          -70.080103,
          -12.597887
        ]
      },
      "properties": {
        "transect_id": 7,
        "elev_lowestmode": 213.8000030517578,
        "elev_dem": 215.0,
        "rh100": 27.54,
        "quality_flag": 1,
        "beam": "BEAM08"
      }
    },
    {
      "type": "Feature",
      "geometry": {
        "type": "Point",
        "coordinates": [
          -70.080042,
          -12.597661
        ]
      },
      "properties": {
        "transect_id": 7,
        "elev_lowestmode": 215.32000732421875,
        "elev_dem": 215.0,
        "rh100": 28.39,
        "quality_flag": 1,
        "beam": "BEAM08"
      }
    },
    {
      "type": "Feature",
      "geometry": {
        "type": "Point",
        "coordinates": [
          -70.078855,
          -12.597436
        ]
      },
      "properties": {
        "transect_id": 7,
        "elev_lowestmode": 216.72999572753906,
        "elev_dem": 215.0,
        "rh100": 32.19,
        "quality_flag": 1,
        "beam": "BEAM08"
      }
    },
    {
      "type": "Feature",
      "geometry": {
        "type": "Point",
        "coordinates": [
          -70.079804,
          -12.597211
        ]
      },
      "properties": {
        "transect_id": 7,
        "elev_lowestmode": 213.42999267578125,
        "elev_dem": 215.0,
        "rh100": 27.37,
        "quality_flag": 0,
        "beam": "BEAM08"
      }
    },
    {
      "type": "Feature",
      "geometry": {
        "type": "Point",
        "coordinates": [
          -70.08019,
          -12.596986
        ]
      },
      "properties": {
        "transect_id": 7,
        "elev_lowestmode": 213.80999755859375,
        "elev_dem": 215.0,
        "rh100": 22.43,
        "quality_flag": 1,
        "beam": "BEAM08"
      }
    },
    {
      "type": "Feature",
      "geometry": {
        "type": "Point",
        "coordinates": [
          -70.079094,
          -12.596761
        ]
      },
      "properties": {
        "transect_id": 7,
        "elev_lowestmode": 213.92999267578125,
        "elev_dem": 215.0,
        "rh100": 27.52,
        "quality_flag": 1,
        "beam": "BEAM08"
      }
    },
    {
      "type": "Feature",
      "geometry": {
        "type": "Point",
        "coordinates": [
          -70.079433,
          -12.596535
        ]
      },
      "properties": {
        "transect_id": 7,
        "elev_lowestmode": 214.39999389648438,
        "elev_dem": 215.0,
        "rh100": 24.69,
        "quality_flag": 1,
        "beam": "BEAM08"
      }
    },
    {
      "type": "Feature",
      "geometry": {
        "type": "Point",
        "coordinates": [
          -70.080315,
          -12.59631
        ]
      },
      "properties": {
        "transect_id": 7,
        "elev_lowestmode": 214.35000610351562,
        "elev_dem": 215.0,
        "rh100": 30.15,
        "quality_flag": 1,
        "beam": "BEAM08"
      }
    },
    {
      "type": "Feature",
      "geometry": {
        "type": "Point",
        "coordinates": [
          -70.080633,
          -12.596085
        ]
      },
      "properties": {
        "transect_id": 7,
        "elev_lowestmode": 214.36000061035156,
        "elev_dem": 215.0,
        "rh100": 20.62,
        "quality_flag": 1,
        "beam": "BEAM08"
      }
    },
    {
      "type": "Feature",
      "geometry": {
        "type": "Point",
        "coordinates": [
          -70.078908,
          -12.59586
        ]
      },
      "properties": {
        "transect_id": 7,
        "elev_lowestmode": 214.92999267578125,
        "elev_dem": 215.0,
        "rh100": 20.68,
        "quality_flag": 1,
        "beam": "BEAM08"
      }
    },
    {
      "type": "Feature",
      "geometry": {
        "type": "Point",
        "coordinates": [
          -70.080462,
          -12.595634
        ]
      },
      "properties": {
        "transect_id": 7,
        "elev_lowestmode": 223.36000061035156,
        "elev_dem": 224.0,
        "rh100": 20.47,
        "quality_flag": 1,
        "beam": "BEAM08"
      }
    },
    {
      "type": "Feature",
      "geometry": {
        "type": "Point",
        "coordinates": [
          -70.080647,
          -12.595409
        ]
      },
      "properties": {
        "transect_id": 7,
        "elev_lowestmode": 230.85000610351562,
        "elev_dem": 229.0,
        "rh100": 23.97,
        "quality_flag": 1,
        "beam": "BEAM08"
      }
    },
    {
      "type": "Feature",
      "geometry": {
        "type": "Point",
        "coordinates": [
          -70.079576,
          -12.595184
        ]
      },
      "properties": {
        "transect_id": 7,
        "elev_lowestmode": 214.94000244140625,
        "elev_dem": 215.0,
        "rh100": 21.58,
        "quality_flag": 1,
        "beam": "BEAM08"
      }
    },
    {
      "type": "Feature",
      "geometry": {
        "type": "Point",
        "coordinates": [
          -70.079646,
          -12.594959
        ]
      },
      "properties": {
        "transect_id": 7,
        "elev_lowestmode": 225.33999633789062,
        "elev_dem": 224.0,
        "rh100": 26.01,
        "quality_flag": 1,
        "beam": "BEAM08"
      }
    },
    {
      "type": "Feature",
      "geometry": {
        "type": "Point",
        "coordinates": [
          -70.079941,
          -12.594733
        ]
      },
      "properties": {
        "transect_id": 7,
        "elev_lowestmode": 227.4499969482422,
        "elev_dem": 228.0,
        "rh100": 34.08,
        "quality_flag": 1,
        "beam": "BEAM08"
      }
    },
    {
      "type": "Feature",
      "geometry": {
        "type": "Point",
        "coordinates": [
          -70.079292,
          -12.594508
        ]
      },
      "properties": {
        "transect_id": 7,
        "elev_lowestmode": 213.27000427246094,
        "elev_dem": 215.0,
        "rh100": 26.85,
        "quality_flag": 1,
        "beam": "BEAM08"
      }
    },
    {
      "type": "Feature",
      "geometry": {
        "type": "Point",
        "coordinates": [
          -70.079806,
          -12.594283
        ]
      },
      "properties": {
        "transect_id": 7,
        "elev_lowestmode": 236.0399932861328,
        "elev_dem": 234.0,
        "rh100": 33.74,
        "quality_flag": 1,
        "beam": "BEAM08"
      }
    },
    {
      "type": "Feature",
      "geometry": {
        "type": "Point",
        "coordinates": [
          -70.079793,
          -12.594058
        ]
      },
      "properties": {
        "transect_id": 7,
        "elev_lowestmode": 234.55999755859375,
        "elev_dem": 234.0,
        "rh100": 26.06,
        "quality_flag": 1,
        "beam": "BEAM08"
      }
    },
    {
      "type": "Feature",
      "geometry": {
        "type": "Point",
        "coordinates": [
          -70.080643,
          -12.593833
        ]
      },
      "properties": {
        "transect_id": 7,
        "elev_lowestmode": 236.85000610351562,
        "elev_dem": 238.0,
        "rh100": 26.98,
        "quality_flag": 1,
        "beam": "BEAM08"
      }
    },
    {
      "type": "Feature",
      "geometry": {
        "type": "Point",
        "coordinates": [
          -70.080719,
          -12.593607
        ]
      },
      "properties": {
        "transect_id": 7,
        "elev_lowestmode": 240.4199981689453,
        "elev_dem": 241.0,
        "rh100": 26.85,
        "quality_flag": 1,
        "beam": "BEAM08"
      }
    },
    {
      "type": "Feature",
      "geometry": {
        "type": "Point",
        "coordinates": [
          -70.080648,
          -12.593382
        ]
      },
      "properties": {
        "transect_id": 7,
        "elev_lowestmode": 241.89999389648438,
        "elev_dem": 242.0,
        "rh100": 25.76,
        "quality_flag": 1,
        "beam": "BEAM08"
      }
    },
    {
      "type": "Feature",
      "geometry": {
        "type": "Point",
        "coordinates": [
          -70.080534,
          -12.593157
        ]
      },
      "properties": {
        "transect_id": 7,
        "elev_lowestmode": 243.27999877929688,
        "elev_dem": 243.0,
        "rh100": 32.8,
        "quality_flag": 1,
        "beam": "BEAM08"
      }
    },
    {
      "type": "Feature",
      "geometry": {
        "type": "Point",
        "coordinates": [
          -70.07935,
          -12.592932
        ]
      },
      "properties": {
        "transect_id": 7,
        "elev_lowestmode": 236.75,
        "elev_dem": 238.0,
        "rh100": 20.04,
        "quality_flag": 1,
        "beam": "BEAM08"
      }
    },
    {
      "type": "Feature",
      "geometry": {
        "type": "Point",
        "coordinates": [
          -70.079744,
          -12.592706
        ]
      },
      "properties": {
        "transect_id": 7,
        "elev_lowestmode": 239.77000427246094,
        "elev_dem": 240.0,
        "rh100": 31.12,
        "quality_flag": 1,
        "beam": "BEAM08"
      }
    },
    {
      "type": "Feature",
      "geometry": {
        "type": "Point",
        "coordinates": [
          -70.079678,
          -12.592481
        ]
      },
      "properties": {
        "transect_id": 7,
        "elev_lowestmode": 240.0800018310547,
        "elev_dem": 239.0,
        "rh100": 22.0,
        "quality_flag": 1,
        "beam": "BEAM08"
      }
    },
    {
      "type": "Feature",
      "geometry": {
        "type": "Point",
        "coordinates": [
          -70.079741,
          -12.592256
        ]
      },
      "properties": {
        "transect_id": 7,
        "elev_lowestmode": 241.2100067138672,
        "elev_dem": 240.0,
        "rh100": 27.55,
        "quality_flag": 1,
        "beam": "BEAM08"
      }
    },
    {
      "type": "Feature",
      "geometry": {
        "type": "Point",
        "coordinates": [
          -70.079067,
          -12.592031
        ]
      },
      "properties": {
        "transect_id": 7,
        "elev_lowestmode": 243.94000244140625,
        "elev_dem": 243.0,
        "rh100": 25.19,
        "quality_flag": 1,
        "beam": "BEAM08"
      }
    },
    {
      "type": "Feature",
      "geometry": {
        "type": "Point",
        "coordinates": [
          -70.07949,
          -12.591806
        ]
      },
      "properties": {
        "transect_id": 7,
        "elev_lowestmode": 241.85000610351562,
        "elev_dem": 244.0,
        "rh100": 28.98,
        "quality_flag": 1,
        "beam": "BEAM08"
      }
    },
    {
      "type": "Feature",
      "geometry": {
        "type": "Point",
        "coordinates": [
          -70.078934,
          -12.59158
        ]
      },
      "properties": {
        "transect_id": 7,
        "elev_lowestmode": 242.80999755859375,
        "elev_dem": 243.0,
        "rh100": 32.95,
        "quality_flag": 1,
        "beam": "BEAM08"
      }
    },
    {
      "type": "Feature",
      "geometry": {
        "type": "Point",
        "coordinates": [
          -70.079216,
          -12.591355
        ]
      },
      "properties": {
        "transect_id": 7,
        "elev_lowestmode": 243.3699951171875,
        "elev_dem": 244.0,
        "rh100": 30.3,
        "quality_flag": 1,
        "beam": "BEAM08"
      }
    },
    {
      "type": "Feature",
      "geometry": {
        "type": "Point",
        "coordinates": [
          -70.079859,
          -12.59113
        ]
      },
      "properties": {
        "transect_id": 7,
        "elev_lowestmode": 241.0399932861328,
        "elev_dem": 241.0,
        "rh100": 20.8,
        "quality_flag": 1,
        "beam": "BEAM08"
      }
    },
    {
      "type": "Feature",
      "geometry": {
        "type": "Point",
        "coordinates": [
          -70.080076,
          -12.590905
        ]
      },
      "properties": {
        "transect_id": 7,
        "elev_lowestmode": 242.0399932861328,
        "elev_dem": 242.0,
        "rh100": 21.55,
        "quality_flag": 1,
        "beam": "BEAM08"
      }
    },
    {
      "type": "Feature",
      "geometry": {
        "type": "Point",
        "coordinates": [
          -70.079585,
          -12.590679
        ]
      },
      "properties": {
        "transect_id": 7,
        "elev_lowestmode": 238.8800048828125,
        "elev_dem": 240.0,
        "rh100": 32.65,
        "quality_flag": 1,
        "beam": "BEAM08"
      }
    },
    {
      "type": "Feature",
      "geometry": {
        "type": "Point",
        "coordinates": [
          -70.079723,
          -12.590454
        ]
      },
      "properties": {
        "transect_id": 7,
        "elev_lowestmode": 237.6199951171875,
        "elev_dem": 240.0,
        "rh100": 24.16,
        "quality_flag": 1,
        "beam": "BEAM08"
      }
    },
    {
      "type": "Feature",
      "geometry": {
        "type": "Point",
        "coordinates": [
          -70.080571,
          -12.590229
        ]
      },
      "properties": {
        "transect_id": 7,
        "elev_lowestmode": 240.6699981689453,
        "elev_dem": 241.0,
        "rh100": 27.8,
        "quality_flag": 1,
        "beam": "BEAM08"
      }
    },
    {
      "type": "Feature",
      "geometry": {
        "type": "Point",
        "coordinates": [
          -70.079669,
          -12.590004
        ]
      },
      "properties": {
        "transect_id": 7,
        "elev_lowestmode": 236.9199981689453,
        "elev_dem": 237.0,
        "rh100": 24.04,
        "quality_flag": 0,
        "beam": "BEAM08"
      }
    },
    {
      "type": "Feature",
      "geometry": {
        "type": "Point",
        "coordinates": [
          -70.080567,
          -12.589779
        ]
      },
      "properties": {
        "transect_id": 7,
        "elev_lowestmode": 239.13999938964844,
        "elev_dem": 239.0,
        "rh100": 22.62,
        "quality_flag": 1,
        "beam": "BEAM08"
      }
    },
    {
      "type": "Feature",
      "geometry": {
        "type": "Point",
        "coordinates": [
          -70.079027,
          -12.589553
        ]
      },
      "properties": {
        "transect_id": 7,
        "elev_lowestmode": 239.57000732421875,
        "elev_dem": 241.0,
        "rh100": 24.77,
        "quality_flag": 1,
        "beam": "BEAM08"
      }
    },
    {
      "type": "Feature",
      "geometry": {
        "type": "Point",
        "coordinates": [
          -70.080463,
          -12.589328
        ]
      },
      "properties": {
        "transect_id": 7,
        "elev_lowestmode": 236.86000061035156,
        "elev_dem": 239.0,
        "rh100": 23.19,
        "quality_flag": 1,
        "beam": "BEAM08"
      }
    },
    {
      "type": "Feature",
      "geometry": {
        "type": "Point",
        "coordinates": [
          -70.079189,
          -12.589103
        ]
      },
      "properties": {
        "transect_id": 7,
        "elev_lowestmode": 240.3699951171875,
        "elev_dem": 239.0,
        "rh100": 28.52,
        "quality_flag": 1,
        "beam": "BEAM08"
      }
    },
    {
      "type": "Feature",
      "geometry": {
        "type": "Point",
        "coordinates": [
          -70.079119,
          -12.588878
        ]
      },
      "properties": {
        "transect_id": 7,
        "elev_lowestmode": 238.52000427246094,
        "elev_dem": 238.0,
        "rh100": 27.2,
        "quality_flag": 1,
        "beam": "BEAM08"
      }
    },
    {
      "type": "Feature",
      "geometry": {
        "type": "Point",
        "coordinates": [
          -70.079346,
          -12.588652
        ]
      },
      "properties": {
        "transect_id": 7,
        "elev_lowestmode": 235.3000030517578,
        "elev_dem": 237.0,
        "rh100": 28.76,
        "quality_flag": 1,
        "beam": "BEAM08"
      }
    },
    {
      "type": "Feature",
      "geometry": {
        "type": "Point",
        "coordinates": [
          -70.078788,
          -12.588427
        ]
      },
      "properties": {
        "transect_id": 7,
        "elev_lowestmode": 237.63999938964844,
        "elev_dem": 237.0,
        "rh100": 23.6,
        "quality_flag": 1,
        "beam": "BEAM08"
      }
    },
    {
      "type": "Feature",
      "geometry": {
        "type": "Point",
        "coordinates": [
          -70.079769,
          -12.588202
        ]
      },
      "properties": {
        "transect_id": 7,
        "elev_lowestmode": 236.5800018310547,
        "elev_dem": 238.0,
        "rh100": 28.58,
        "quality_flag": 0,
        "beam": "BEAM08"
      }
    },
    {
      "type": "Feature",
      "geometry": {
        "type": "Point",
        "coordinates": [
          -70.079642,
          -12.587977
        ]
      },
      "properties": {
        "transect_id": 7,
        "elev_lowestmode": 238.94000244140625,
        "elev_dem": 239.0,
        "rh100": 31.77,
        "quality_flag": 0,
        "beam": "BEAM08"
      }
    },
    {
      "type": "Feature",
      "geometry": {
        "type": "Point",
        "coordinates": [
          -70.079385,
          -12.587752
        ]
      },
      "properties": {
        "transect_id": 7,
        "elev_lowestmode": 241.64999389648438,
        "elev_dem": 241.0,
        "rh100": 26.48,
        "quality_flag": 1,
        "beam": "BEAM08"
      }
    },
    {
      "type": "Feature",
      "geometry": {
        "type": "Point",
        "coordinates": [
          -70.079031,
          -12.587526
        ]
      },
      "properties": {
        "transect_id": 7,
        "elev_lowestmode": 239.3300018310547,
        "elev_dem": 239.0,
        "rh100": 20.92,
        "quality_flag": 0,
        "beam": "BEAM08"
      }
    },
    {
      "type": "Feature",
      "geometry": {
        "type": "Point",
        "coordinates": [
          -70.079453,
          -12.587301
        ]
      },
      "properties": {
        "transect_id": 7,
        "elev_lowestmode": 243.17999267578125,
        "elev_dem": 242.0,
        "rh100": 34.61,
        "quality_flag": 1,
        "beam": "BEAM08"
      }
    },
    {
      "type": "Feature",
      "geometry": {
        "type": "Point",
        "coordinates": [
          -70.080145,
          -12.587076
        ]
      },
      "properties": {
        "transect_id": 7,
        "elev_lowestmode": 234.55999755859375,
        "elev_dem": 236.0,
        "rh100": 21.66,
        "quality_flag": 1,
        "beam": "BEAM08"
      }
    },
    {
      "type": "Feature",
      "geometry": {
        "type": "Point",
        "coordinates": [
          -70.078773,
          -12.586851
        ]
      },
      "properties": {
        "transect_id": 7,
        "elev_lowestmode": 239.47999572753906,
        "elev_dem": 239.0,
        "rh100": 24.46,
        "quality_flag": 1,
        "beam": "BEAM08"
      }
    },
    {
      "type": "Feature",
      "geometry": {
        "type": "Point",
        "coordinates": [
          -70.080094,
          -12.586625
        ]
      },
      "properties": {
        "transect_id": 7,
        "elev_lowestmode": 234.4199981689453,
        "elev_dem": 236.0,
        "rh100": 28.66,
        "quality_flag": 1,
        "beam": "BEAM08"
      }
    },
    {
      "type": "Feature",
      "geometry": {
        "type": "Point",
        "coordinates": [
          -70.078746,
          -12.5864
        ]
      },
      "properties": {
        "transect_id": 7,
        "elev_lowestmode": 236.41000366210938,
        "elev_dem": 236.0,
        "rh100": 32.67,
        "quality_flag": 1,
        "beam": "BEAM08"
      }
    },
    {
      "type": "Feature",
      "geometry": {
        "type": "Point",
        "coordinates": [
          -70.079267,
          -12.586175
        ]
      },
      "properties": {
        "transect_id": 7,
        "elev_lowestmode": 240.61000061035156,
        "elev_dem": 241.0,
        "rh100": 29.34,
        "quality_flag": 1,
        "beam": "BEAM08"
      }
    },
    {
      "type": "Feature",
      "geometry": {
        "type": "Point",
        "coordinates": [
          -70.079076,
          -12.58595
        ]
      },
      "properties": {
        "transect_id": 7,
        "elev_lowestmode": 240.39999389648438,
        "elev_dem": 241.0,
        "rh100": 28.09,
        "quality_flag": 1,
        "beam": "BEAM08"
      }
    },
    {
      "type": "Feature",
      "geometry": {
        "type": "Point",
        "coordinates": [
          -70.080206,
          -12.585724
        ]
      },
      "properties": {
        "transect_id": 7,
        "elev_lowestmode": 233.72000122070312,
        "elev_dem": 232.0,
        "rh100": 30.98,
        "quality_flag": 1,
        "beam": "BEAM08"
      }
    },
    {
      "type": "Feature",
      "geometry": {
        "type": "Point",
        "coordinates": [
          -70.08054,
          -12.585499
        ]
      },
      "properties": {
        "transect_id": 7,
        "elev_lowestmode": 232.16000366210938,
        "elev_dem": 232.0,
        "rh100": 21.73,
        "quality_flag": 1,
        "beam": "BEAM08"
      }
    },
    {
      "type": "Feature",
      "geometry": {
        "type": "Point",
        "coordinates": [
          -70.080381,
          -12.585274
        ]
      },
      "properties": {
        "transect_id": 7,
        "elev_lowestmode": 233.0800018310547,
        "elev_dem": 233.0,
        "rh100": 28.58,
        "quality_flag": 1,
        "beam": "BEAM08"
      }
    },
    {
      "type": "Feature",
      "geometry": {
        "type": "Point",
        "coordinates": [
          -70.079596,
          -12.585049
        ]
      },
      "properties": {
        "transect_id": 7,
        "elev_lowestmode": 228.75999450683594,
        "elev_dem": 231.0,
        "rh100": 25.63,
        "quality_flag": 1,
        "beam": "BEAM08"
      }
    },
    {
      "type": "Feature",
      "geometry": {
        "type": "Point",
        "coordinates": [
          -70.07878,
          -12.584824
        ]
      },
      "properties": {
        "transect_id": 7,
        "elev_lowestmode": 238.52000427246094,
        "elev_dem": 238.0,
        "rh100": 29.89,
        "quality_flag": 0,
        "beam": "BEAM08"
      }
    },
    {
      "type": "Feature",
      "geometry": {
        "type": "Point",
        "coordinates": [
          -70.079071,
          -12.584598
        ]
      },
      "properties": {
        "transect_id": 7,
        "elev_lowestmode": 238.0,
        "elev_dem": 237.0,
        "rh100": 28.16,
        "quality_flag": 1,
        "beam": "BEAM08"
      }
    },
    {
      "type": "Feature",
      "geometry": {
        "type": "Point",
        "coordinates": [
          -70.07925,
          -12.584373
        ]
      },
      "properties": {
        "transect_id": 7,
        "elev_lowestmode": 239.57000732421875,
        "elev_dem": 240.0,
        "rh100": 29.87,
        "quality_flag": 1,
        "beam": "BEAM08"
      }
    },
    {
      "type": "Feature",
      "geometry": {
        "type": "Point",
        "coordinates": [
          -70.08047,
          -12.584148
        ]
      },
      "properties": {
        "transect_id": 7,
        "elev_lowestmode": 234.44000244140625,
        "elev_dem": 236.0,
        "rh100": 27.64,
        "quality_flag": 1,
        "beam": "BEAM08"
      }
    },
    {
      "type": "Feature",
      "geometry": {
        "type": "Point",
        "coordinates": [
          -70.080197,
          -12.583923
        ]
      },
      "properties": {
        "transect_id": 7,
        "elev_lowestmode": 237.14999389648438,
        "elev_dem": 236.0,
        "rh100": 28.79,
        "quality_flag": 1,
        "beam": "BEAM08"
      }
    },
    {
      "type": "Feature",
      "geometry": {
        "type": "Point",
        "coordinates": [
          -70.080314,
          -12.583697
        ]
      },
      "properties": {
        "transect_id": 7,
        "elev_lowestmode": 236.1199951171875,
        "elev_dem": 237.0,
        "rh100": 24.38,
        "quality_flag": 1,
        "beam": "BEAM08"
      }
    },
    {
      "type": "Feature",
      "geometry": {
        "type": "Point",
        "coordinates": [
          -70.079126,
          -12.583472
        ]
      },
      "properties": {
        "transect_id": 7,
        "elev_lowestmode": 243.4199981689453,
        "elev_dem": 244.0,
        "rh100": 29.0,
        "quality_flag": 1,
        "beam": "BEAM08"
      }
    },
    {
      "type": "Feature",
      "geometry": {
        "type": "Point",
        "coordinates": [
          -70.078752,
          -12.583247
        ]
      },
      "properties": {
        "transect_id": 7,
        "elev_lowestmode": 244.50999450683594,
        "elev_dem": 245.0,
        "rh100": 27.32,
        "quality_flag": 0,
        "beam": "BEAM08"
      }
    },
    {
      "type": "Feature",
      "geometry": {
        "type": "Point",
        "coordinates": [
          -70.079336,
          -12.583022
        ]
      },
      "properties": {
        "transect_id": 7,
        "elev_lowestmode": 241.07000732421875,
        "elev_dem": 241.0,
        "rh100": 31.54,
        "quality_flag": 1,
        "beam": "BEAM08"
      }
    },
    {
      "type": "Feature",
      "geometry": {
        "type": "Point",
        "coordinates": [
          -70.080081,
          -12.582797
        ]
      },
      "properties": {
        "transect_id": 7,
        "elev_lowestmode": 239.88999938964844,
        "elev_dem": 239.0,
        "rh100": 24.07,
        "quality_flag": 1,
        "beam": "BEAM08"
      }
    },
    {
      "type": "Feature",
      "geometry": {
        "type": "Point",
        "coordinates": [
          -70.07949,
          -12.582571
        ]
      },
      "properties": {
        "transect_id": 7,
        "elev_lowestmode": 238.0500030517578,
        "elev_dem": 238.0,
        "rh100": 29.64,
        "quality_flag": 1,
        "beam": "BEAM08"
      }
    },
    {
      "type": "Feature",
      "geometry": {
        "type": "Point",
        "coordinates": [
          -70.079296,
          -12.582346
        ]
      },
      "properties": {
        "transect_id": 7,
        "elev_lowestmode": 235.41000366210938,
        "elev_dem": 237.0,
        "rh100": 26.98,
        "quality_flag": 1,
        "beam": "BEAM08"
      }
    },
    {
      "type": "Feature",
      "geometry": {
        "type": "Point",
        "coordinates": [
          -70.079717,
          -12.582121
        ]
      },
      "properties": {
        "transect_id": 7,
        "elev_lowestmode": 241.47999572753906,
        "elev_dem": 240.0,
        "rh100": 29.93,
        "quality_flag": 1,
        "beam": "BEAM08"
      }
    },
    {
      "type": "Feature",
      "geometry": {
        "type": "Point",
        "coordinates": [
          -70.080052,
          -12.581896
        ]
      },
      "properties": {
        "transect_id": 7,
        "elev_lowestmode": 238.74000549316406,
        "elev_dem": 237.0,
        "rh100": 31.91,
        "quality_flag": 1,
        "beam": "BEAM08"
      }
    },
    {
      "type": "Feature",
      "geometry": {
        "type": "Point",
        "coordinates": [
          -70.079704,
          -12.58167
        ]
      },
      "properties": {
        "transect_id": 7,
        "elev_lowestmode": 230.4199981689453,
        "elev_dem": 230.0,
        "rh100": 20.71,
        "quality_flag": 1,
        "beam": "BEAM08"
      }
    },
    {
      "type": "Feature",
      "geometry": {
        "type": "Point",
        "coordinates": [
          -70.079755,
          -12.581445
        ]
      },
      "properties": {
        "transect_id": 7,
        "elev_lowestmode": 223.8699951171875,
        "elev_dem": 226.0,
        "rh100": 20.58,
        "quality_flag": 0,
        "beam": "BEAM08"
      }
    },
    {
      "type": "Feature",
      "geometry": {
        "type": "Point",
        "coordinates": [
          -70.078809,
          -12.58122
        ]
      },
      "properties": {
        "transect_id": 7,
        "elev_lowestmode": 231.25999450683594,
        "elev_dem": 233.0,
        "rh100": 25.78,
        "quality_flag": 1,
        "beam": "BEAM08"
      }
    },
    {
      "type": "Feature",
      "geometry": {
        "type": "Point",
        "coordinates": [
          -70.078937,
          -12.580995
        ]
      },
      "properties": {
        "transect_id": 7,
        "elev_lowestmode": 233.85000610351562,
        "elev_dem": 233.0,
        "rh100": 24.24,
        "quality_flag": 1,
        "beam": "BEAM08"
      }
    },
    {
      "type": "Feature",
      "geometry": {
        "type": "Point",
        "coordinates": [
          -70.080399,
          -12.58077
        ]
      },
      "properties": {
        "transect_id": 7,
        "elev_lowestmode": 233.6999969482422,
        "elev_dem": 235.0,
        "rh100": 21.0,
        "quality_flag": 1,
        "beam": "BEAM08"
      }
    },
    {
      "type": "Feature",
      "geometry": {
        "type": "Point",
        "coordinates": [
          -70.079274,
          -12.580544
        ]
      },
      "properties": {
        "transect_id": 7,
        "elev_lowestmode": 231.05999755859375,
        "elev_dem": 231.0,
        "rh100": 20.09,
        "quality_flag": 1,
        "beam": "BEAM08"
      }
    },
    {
      "type": "Feature",
      "geometry": {
        "type": "Point",
        "coordinates": [
          -70.080645,
          -12.580319
        ]
      },
      "properties": {
        "transect_id": 7,
        "elev_lowestmode": 228.57000732421875,
        "elev_dem": 228.0,
        "rh100": 23.49,
        "quality_flag": 1,
        "beam": "BEAM08"
      }
    },
    {
      "type": "Feature",
      "geometry": {
        "type": "Point",
        "coordinates": [
          -70.080726,
          -12.580094
        ]
      },
      "properties": {
        "transect_id": 7,
        "elev_lowestmode": 221.30999755859375,
        "elev_dem": 221.0,
        "rh100": 24.54,
        "quality_flag": 1,
        "beam": "BEAM08"
      }
    },
    {
      "type": "Feature",
      "geometry": {
        "type": "Point",
        "coordinates": [
          -70.080376,
          -12.579869
        ]
      },
      "properties": {
        "transect_id": 7,
        "elev_lowestmode": 228.61000061035156,
        "elev_dem": 228.0,
        "rh100": 28.05,
        "quality_flag": 1,
        "beam": "BEAM08"
      }
    },
    {
      "type": "Feature",
      "geometry": {
        "type": "Point",
        "coordinates": [
          -70.079442,
          -12.579643
        ]
      },
      "properties": {
        "transect_id": 7,
        "elev_lowestmode": 234.9199981689453,
        "elev_dem": 236.0,
        "rh100": 33.5,
        "quality_flag": 1,
        "beam": "BEAM08"
      }
    },
    {
      "type": "Feature",
      "geometry": {
        "type": "Point",
        "coordinates": [
          -70.079239,
          -12.579418
        ]
      },
      "properties": {
        "transect_id": 7,
        "elev_lowestmode": 233.85000610351562,
        "elev_dem": 234.0,
        "rh100": 21.27,
        "quality_flag": 1,
        "beam": "BEAM08"
      }
    },
    {
      "type": "Feature",
      "geometry": {
        "type": "Point",
        "coordinates": [
          -70.079312,
          -12.579193
        ]
      },
      "properties": {
        "transect_id": 7,
        "elev_lowestmode": 224.0800018310547,
        "elev_dem": 225.0,
        "rh100": 28.94,
        "quality_flag": 1,
        "beam": "BEAM08"
      }
    },
    {
      "type": "Feature",
      "geometry": {
        "type": "Point",
        "coordinates": [
          -70.080205,
          -12.578968
        ]
      },
      "properties": {
        "transect_id": 7,
        "elev_lowestmode": 233.69000244140625,
        "elev_dem": 234.0,
        "rh100": 26.48,
        "quality_flag": 1,
        "beam": "BEAM08"
      }
    },
    {
      "type": "Feature",
      "geometry": {
        "type": "Point",
        "coordinates": [
          -70.080051,
          -12.578742
        ]
      },
      "properties": {
        "transect_id": 7,
        "elev_lowestmode": 231.92999267578125,
        "elev_dem": 232.0,
        "rh100": 22.7,
        "quality_flag": 1,
        "beam": "BEAM08"
      }
    },
    {
      "type": "Feature",
      "geometry": {
        "type": "Point",
        "coordinates": [
          -70.079574,
          -12.578517
        ]
      },
      "properties": {
        "transect_id": 7,
        "elev_lowestmode": 221.77000427246094,
        "elev_dem": 221.0,
        "rh100": 34.22,
        "quality_flag": 1,
        "beam": "BEAM08"
      }
    },
    {
      "type": "Feature",
      "geometry": {
        "type": "Point",
        "coordinates": [
          -70.079422,
          -12.578292
        ]
      },
      "properties": {
        "transect_id": 7,
        "elev_lowestmode": 222.4600067138672,
        "elev_dem": 223.0,
        "rh100": 24.64,
        "quality_flag": 1,
        "beam": "BEAM08"
      }
    },
    {
      "type": "Feature",
      "geometry": {
        "type": "Point",
        "coordinates": [
          -70.080693,
          -12.578067
        ]
      },
      "properties": {
        "transect_id": 7,
        "elev_lowestmode": 239.41000366210938,
        "elev_dem": 239.0,
        "rh100": 33.45,
        "quality_flag": 1,
        "beam": "BEAM08"
      }
    },
    {
      "type": "Feature",
      "geometry": {
        "type": "Point",
        "coordinates": [
          -70.079663,
          -12.577842
        ]
      },
      "properties": {
        "transect_id": 7,
        "elev_lowestmode": 232.61000061035156,
        "elev_dem": 233.0,
        "rh100": 32.65,
        "quality_flag": 1,
        "beam": "BEAM08"
      }
    },
    {
      "type": "Feature",
      "geometry": {
        "type": "Point",
        "coordinates": [
          -70.079506,
          -12.577616
        ]
      },
      "properties": {
        "transect_id": 7,
        "elev_lowestmode": 232.49000549316406,
        "elev_dem": 233.0,
        "rh100": 27.34,
        "quality_flag": 1,
        "beam": "BEAM08"
      }
    },
    {
      "type": "Feature",
      "geometry": {
        "type": "Point",
        "coordinates": [
          -70.079489,
          -12.577391
        ]
      },
      "properties": {
        "transect_id": 7,
        "elev_lowestmode": 235.19000244140625,
        "elev_dem": 233.0,
        "rh100": 34.79,
        "quality_flag": 1,
        "beam": "BEAM08"
      }
    },
    {
      "type": "Feature",
      "geometry": {
        "type": "Point",
        "coordinates": [
          -70.079249,
          -12.577166
        ]
      },
      "properties": {
        "transect_id": 7,
        "elev_lowestmode": 229.3000030517578,
        "elev_dem": 231.0,
        "rh100": 26.15,
        "quality_flag": 1,
        "beam": "BEAM08"
      }
    },
    {
      "type": "Feature",
      "geometry": {
        "type": "Point",
        "coordinates": [
          -70.080428,
          -12.576941
        ]
      },
      "properties": {
        "transect_id": 7,
        "elev_lowestmode": 236.69000244140625,
        "elev_dem": 236.0,
        "rh100": 29.45,
        "quality_flag": 1,
        "beam": "BEAM08"
      }
    },
    {
      "type": "Feature",
      "geometry": {
        "type": "Point",
        "coordinates": [
          -70.079333,
          -12.576715
        ]
      },
      "properties": {
        "transect_id": 7,
        "elev_lowestmode": 237.97999572753906,
        "elev_dem": 237.0,
        "rh100": 28.6,
        "quality_flag": 1,
        "beam": "BEAM08"
      }
    },
    {
      "type": "Feature",
      "geometry": {
        "type": "Point",
        "coordinates": [
          -70.079637,
          -12.57649
        ]
      },
      "properties": {
        "transect_id": 7,
        "elev_lowestmode": 240.08999633789062,
        "elev_dem": 240.0,
        "rh100": 29.16,
        "quality_flag": 1,
        "beam": "BEAM08"
      }
    },
    {
      "type": "Feature",
      "geometry": {
        "type": "Point",
        "coordinates": [
          -70.078968,
          -12.576265
        ]
      },
      "properties": {
        "transect_id": 7,
        "elev_lowestmode": 235.39999389648438,
        "elev_dem": 236.0,
        "rh100": 22.12,
        "quality_flag": 1,
        "beam": "BEAM08"
      }
    },
    {
      "type": "Feature",
      "geometry": {
        "type": "Point",
        "coordinates": [
          -70.080209,
          -12.57604
        ]
      },
      "properties": {
        "transect_id": 7,
        "elev_lowestmode": 241.44000244140625,
        "elev_dem": 242.0,
        "rh100": 22.07,
        "quality_flag": 1,
        "beam": "BEAM08"
      }
    },
    {
      "type": "Feature",
      "geometry": {
        "type": "Point",
        "coordinates": [
          -70.079344,
          -12.575815
        ]
      },
      "properties": {
        "transect_id": 7,
        "elev_lowestmode": 244.13999938964844,
        "elev_dem": 244.0,
        "rh100": 34.65,
        "quality_flag": 1,
        "beam": "BEAM08"
      }
    },
    {
      "type": "Feature",
      "geometry": {
        "type": "Point",
        "coordinates": [
          -70.079642,
          -12.575589
        ]
      },
      "properties": {
        "transect_id": 7,
        "elev_lowestmode": 242.75999450683594,
        "elev_dem": 242.0,
        "rh100": 23.7,
        "quality_flag": 1,
        "beam": "BEAM08"
      }
    },
    {
      "type": "Feature",
      "geometry": {
        "type": "Point",
        "coordinates": [
          -70.080226,
          -12.575364
        ]
      },
      "properties": {
        "transect_id": 7,
        "elev_lowestmode": 242.8300018310547,
        "elev_dem": 243.0,
        "rh100": 22.56,
        "quality_flag": 1,
        "beam": "BEAM08"
      }
    },
    {
      "type": "Feature",
      "geometry": {
        "type": "Point",
        "coordinates": [
          -70.079849,
          -12.575139
        ]
      },
      "properties": {
        "transect_id": 7,
        "elev_lowestmode": 237.1199951171875,
        "elev_dem": 239.0,
        "rh100": 30.82,
        "quality_flag": 1,
        "beam": "BEAM08"
      }
    },
    {
      "type": "Feature",
      "geometry": {
        "type": "Point",
        "coordinates": [
          -70.079729,
          -12.574914
        ]
      },
      "properties": {
        "transect_id": 7,
        "elev_lowestmode": 237.2100067138672,
        "elev_dem": 239.0,
        "rh100": 28.43,
        "quality_flag": 1,
        "beam": "BEAM08"
      }
    },
    {
      "type": "Feature",
      "geometry": {
        "type": "Point",
        "coordinates": [
          -70.079499,
          -12.574688
        ]
      },
      "properties": {
        "transect_id": 7,
        "elev_lowestmode": 240.8300018310547,
        "elev_dem": 239.0,
        "rh100": 32.61,
        "quality_flag": 1,
        "beam": "BEAM08"
      }
    },
    {
      "type": "Feature",
      "geometry": {
        "type": "Point",
        "coordinates": [
          -70.079473,
          -12.574463
        ]
      },
      "properties": {
        "transect_id": 7,
        "elev_lowestmode": 240.14999389648438,
        "elev_dem": 240.0,
        "rh100": 29.5,
        "quality_flag": 1,
        "beam": "BEAM08"
      }
    },
    {
      "type": "Feature",
      "geometry": {
        "type": "Point",
        "coordinates": [
          -70.08063,
          -12.574238
        ]
      },
      "properties": {
        "transect_id": 7,
        "elev_lowestmode": 246.0800018310547,
        "elev_dem": 248.0,
        "rh100": 33.06,
        "quality_flag": 1,
        "beam": "BEAM08"
      }
    },
    {
      "type": "Feature",
      "geometry": {
        "type": "Point",
        "coordinates": [
          -70.079787,
          -12.574013
        ]
      },
      "properties": {
        "transect_id": 7,
        "elev_lowestmode": 244.64999389648438,
        "elev_dem": 244.0,
        "rh100": 33.57,
        "quality_flag": 1,
        "beam": "BEAM08"
      }
    },
    {
      "type": "Feature",
      "geometry": {
        "type": "Point",
        "coordinates": [
          -70.079349,
          -12.573788
        ]
      },
      "properties": {
        "transect_id": 7,
        "elev_lowestmode": 242.77999877929688,
        "elev_dem": 243.0,
        "rh100": 32.65,
        "quality_flag": 1,
        "beam": "BEAM08"
      }
    },
    {
      "type": "Feature",
      "geometry": {
        "type": "Point",
        "coordinates": [
          -70.079564,
          -12.573562
        ]
      },
      "properties": {
        "transect_id": 7,
        "elev_lowestmode": 242.27000427246094,
        "elev_dem": 242.0,
        "rh100": 25.18,
        "quality_flag": 1,
        "beam": "BEAM08"
      }
    },
    {
      "type": "Feature",
      "geometry": {
        "type": "Point",
        "coordinates": [
          -70.078743,
          -12.573337
        ]
      },
      "properties": {
        "transect_id": 7,
        "elev_lowestmode": 238.88999938964844,
        "elev_dem": 237.0,
        "rh100": 34.8,
        "quality_flag": 1,
        "beam": "BEAM08"
      }
    },
    {
      "type": "Feature",
      "geometry": {
        "type": "Point",
        "coordinates": [
          -70.079912,
          -12.573112
        ]
      },
      "properties": {
        "transect_id": 7,
        "elev_lowestmode": 238.2100067138672,
        "elev_dem": 238.0,
        "rh100": 21.64,
        "quality_flag": 0,
        "beam": "BEAM08"
      }
    },
    {
      "type": "Feature",
      "geometry": {
        "type": "Point",
        "coordinates": [
          -70.08059,
          -12.572887
        ]
      },
      "properties": {
        "transect_id": 7,
        "elev_lowestmode": 243.17999267578125,
        "elev_dem": 243.0,
        "rh100": 27.32,
        "quality_flag": 1,
        "beam": "BEAM08"
      }
    },
    {
      "type": "Feature",
      "geometry": {
        "type": "Point",
        "coordinates": [
          -70.079261,
          -12.572661
        ]
      },
      "properties": {
        "transect_id": 7,
        "elev_lowestmode": 233.74000549316406,
        "elev_dem": 235.0,
        "rh100": 34.89,
        "quality_flag": 1,
        "beam": "BEAM08"
      }
    },
    {
      "type": "Feature",
      "geometry": {
        "type": "Point",
        "coordinates": [
          -70.079109,
          -12.572436
        ]
      },
      "properties": {
        "transect_id": 7,
        "elev_lowestmode": 236.97000122070312,
        "elev_dem": 236.0,
        "rh100": 30.08,
        "quality_flag": 1,
        "beam": "BEAM08"
      }
    },
    {
      "type": "Feature",
      "geometry": {
        "type": "Point",
        "coordinates": [
          -70.079023,
          -12.572211
        ]
      },
      "properties": {
        "transect_id": 7,
        "elev_lowestmode": 238.99000549316406,
        "elev_dem": 239.0,
        "rh100": 31.26,
        "quality_flag": 1,
        "beam": "BEAM08"
      }
    },
    {
      "type": "Feature",
      "geometry": {
        "type": "Point",
        "coordinates": [
          -70.080059,
          -12.571986
        ]
      },
      "properties": {
        "transect_id": 7,
        "elev_lowestmode": 237.50999450683594,
        "elev_dem": 238.0,
        "rh100": 33.22,
        "quality_flag": 1,
        "beam": "BEAM08"
      }
    },
    {
      "type": "Feature",
      "geometry": {
        "type": "Point",
        "coordinates": [
          -70.080624,
          -12.571761
        ]
      },
      "properties": {
        "transect_id": 7,
        "elev_lowestmode": 233.13999938964844,
        "elev_dem": 233.0,
        "rh100": 25.35,
        "quality_flag": 1,
        "beam": "BEAM08"
      }
    },
    {
      "type": "Feature",
      "geometry": {
        "type": "Point",
        "coordinates": [
          -70.079847,
          -12.571535
        ]
      },
      "properties": {
        "transect_id": 7,
        "elev_lowestmode": 242.55999755859375,
        "elev_dem": 240.0,
        "rh100": 32.93,
        "quality_flag": 1,
        "beam": "BEAM08"
      }
    },
    {
      "type": "Feature",
      "geometry": {
        "type": "Point",
        "coordinates": [
          -70.08038,
          -12.57131
        ]
      },
      "properties": {
        "transect_id": 7,
        "elev_lowestmode": 234.52000427246094,
        "elev_dem": 235.0,
        "rh100": 24.9,
        "quality_flag": 1,
        "beam": "BEAM08"
      }
    },
    {
      "type": "Feature",
      "geometry": {
        "type": "Point",
        "coordinates": [
          -70.080153,
          -12.571085
        ]
      },
      "properties": {
        "transect_id": 7,
        "elev_lowestmode": 238.1199951171875,
        "elev_dem": 237.0,
        "rh100": 20.86,
        "quality_flag": 1,
        "beam": "BEAM08"
      }
    },
    {
      "type": "Feature",
      "geometry": {
        "type": "Point",
        "coordinates": [
          -70.079429,
          -12.57086
        ]
      },
      "properties": {
        "transect_id": 7,
        "elev_lowestmode": 247.49000549316406,
        "elev_dem": 246.0,
        "rh100": 29.68,
        "quality_flag": 1,
        "beam": "BEAM08"
      }
    },
    {
      "type": "Feature",
      "geometry": {
        "type": "Point",
        "coordinates": [
          -70.080092,
          -12.570634
        ]
      },
      "properties": {
        "transect_id": 7,
        "elev_lowestmode": 240.6699981689453,
        "elev_dem": 240.0,
        "rh100": 33.61,
        "quality_flag": 1,
        "beam": "BEAM08"
      }
    },
    {
      "type": "Feature",
      "geometry": {
        "type": "Point",
        "coordinates": [
          -70.078903,
          -12.570409
        ]
      },
      "properties": {
        "transect_id": 7,
        "elev_lowestmode": 229.33999633789062,
        "elev_dem": 230.0,
        "rh100": 27.78,
        "quality_flag": 1,
        "beam": "BEAM08"
      }
    },
    {
      "type": "Feature",
      "geometry": {
        "type": "Point",
        "coordinates": [
          -70.080317,
          -12.570184
        ]
      },
      "properties": {
        "transect_id": 7,
        "elev_lowestmode": 236.0500030517578,
        "elev_dem": 235.0,
        "rh100": 33.01,
        "quality_flag": 0,
        "beam": "BEAM08"
      }
    },
    {
      "type": "Feature",
      "geometry": {
        "type": "Point",
        "coordinates": [
          -70.078957,
          -12.569959
        ]
      },
      "properties": {
        "transect_id": 7,
        "elev_lowestmode": 228.9499969482422,
        "elev_dem": 229.0,
        "rh100": 25.72,
        "quality_flag": 1,
        "beam": "BEAM08"
      }
    },
    {
      "type": "Feature",
      "geometry": {
        "type": "Point",
        "coordinates": [
          -70.080377,
          -12.569733
        ]
      },
      "properties": {
        "transect_id": 7,
        "elev_lowestmode": 236.02000427246094,
        "elev_dem": 237.0,
        "rh100": 23.09,
        "quality_flag": 1,
        "beam": "BEAM08"
      }
    },
    {
      "type": "Feature",
      "geometry": {
        "type": "Point",
        "coordinates": [
          -70.079913,
          -12.569508
        ]
      },
      "properties": {
        "transect_id": 7,
        "elev_lowestmode": 238.72000122070312,
        "elev_dem": 238.0,
        "rh100": 21.82,
        "quality_flag": 1,
        "beam": "BEAM08"
      }
    },
    {
      "type": "Feature",
      "geometry": {
        "type": "Point",
        "coordinates": [
          -70.078824,
          -12.569283
        ]
      },
      "properties": {
        "transect_id": 7,
        "elev_lowestmode": 240.89999389648438,
        "elev_dem": 241.0,
        "rh100": 34.5,
        "quality_flag": 1,
        "beam": "BEAM08"
      }
    },
    {
      "type": "Feature",
      "geometry": {
        "type": "Point",
        "coordinates": [
          -70.08007,
          -12.569058
        ]
      },
      "properties": {
        "transect_id": 7,
        "elev_lowestmode": 240.10000610351562,
        "elev_dem": 241.0,
        "rh100": 21.72,
        "quality_flag": 1,
        "beam": "BEAM08"
      }
    },
    {
      "type": "Feature",
      "geometry": {
        "type": "Point",
        "coordinates": [
          -70.078863,
          -12.568833
        ]
      },
      "properties": {
        "transect_id": 7,
        "elev_lowestmode": 244.25999450683594,
        "elev_dem": 242.0,
        "rh100": 31.59,
        "quality_flag": 1,
        "beam": "BEAM08"
      }
    },
    {
      "type": "Feature",
      "geometry": {
        "type": "Point",
        "coordinates": [
          -70.079218,
          -12.568607
        ]
      },
      "properties": {
        "transect_id": 7,
        "elev_lowestmode": 242.1999969482422,
        "elev_dem": 243.0,
        "rh100": 29.99,
        "quality_flag": 1,
        "beam": "BEAM08"
      }
    },
    {
      "type": "Feature",
      "geometry": {
        "type": "Point",
        "coordinates": [
          -70.07884,
          -12.568382
        ]
      },
      "properties": {
        "transect_id": 7,
        "elev_lowestmode": 238.27000427246094,
        "elev_dem": 238.0,
        "rh100": 23.41,
        "quality_flag": 1,
        "beam": "BEAM08"
      }
    },
    {
      "type": "Feature",
      "geometry": {
        "type": "Point",
        "coordinates": [
          -70.078849,
          -12.568157
        ]
      },
      "properties": {
        "transect_id": 7,
        "elev_lowestmode": 236.5,
        "elev_dem": 236.0,
        "rh100": 26.82,
        "quality_flag": 1,
        "beam": "BEAM08"
      }
    },
    {
      "type": "Feature",
      "geometry": {
        "type": "Point",
        "coordinates": [
          -70.080607,
          -12.567932
        ]
      },
      "properties": {
        "transect_id": 7,
        "elev_lowestmode": 234.02000427246094,
        "elev_dem": 233.0,
        "rh100": 24.05,
        "quality_flag": 1,
        "beam": "BEAM08"
      }
    },
    {
      "type": "Feature",
      "geometry": {
        "type": "Point",
        "coordinates": [
          -70.079995,
          -12.567706
        ]
      },
      "properties": {
        "transect_id": 7,
        "elev_lowestmode": 223.14999389648438,
        "elev_dem": 225.0,
        "rh100": 28.0,
        "quality_flag": 1,
        "beam": "BEAM08"
      }
    },
    {
      "type": "Feature",
      "geometry": {
        "type": "Point",
        "coordinates": [
          -70.079601,
          -12.567481
        ]
      },
      "properties": {
        "transect_id": 7,
        "elev_lowestmode": 225.25,
        "elev_dem": 226.0,
        "rh100": 34.32,
        "quality_flag": 1,
        "beam": "BEAM08"
      }
    },
    {
      "type": "Feature",
      "geometry": {
        "type": "Point",
        "coordinates": [
          -70.080691,
          -12.567256
        ]
      },
      "properties": {
        "transect_id": 7,
        "elev_lowestmode": 223.5500030517578,
        "elev_dem": 224.0,
        "rh100": 22.27,
        "quality_flag": 1,
        "beam": "BEAM08"
      }
    },
    {
      "type": "Feature",
      "geometry": {
        "type": "Point",
        "coordinates": [
          -70.080235,
          -12.567031
        ]
      },
      "properties": {
        "transect_id": 7,
        "elev_lowestmode": 229.27999877929688,
        "elev_dem": 228.0,
        "rh100": 23.18,
        "quality_flag": 1,
        "beam": "BEAM08"
      }
    },
    {
      "type": "Feature",
      "geometry": {
        "type": "Point",
        "coordinates": [
          -70.078819,
          -12.566806
        ]
      },
      "properties": {
        "transect_id": 7,
        "elev_lowestmode": 240.60000610351562,
        "elev_dem": 241.0,
        "rh100": 31.97,
        "quality_flag": 1,
        "beam": "BEAM08"
      }
    },
    {
      "type": "Feature",
      "geometry": {
        "type": "Point",
        "coordinates": [
          -70.079877,
          -12.56658
        ]
      },
      "properties": {
        "transect_id": 7,
        "elev_lowestmode": 236.33999633789062,
        "elev_dem": 238.0,
        "rh100": 26.61,
        "quality_flag": 1,
        "beam": "BEAM08"
      }
    },
    {
      "type": "Feature",
      "geometry": {
        "type": "Point",
        "coordinates": [
          -70.080602,
          -12.566355
        ]
      },
      "properties": {
        "transect_id": 7,
        "elev_lowestmode": 237.0,
        "elev_dem": 236.0,
        "rh100": 30.46,
        "quality_flag": 1,
        "beam": "BEAM08"
      }
    },
    {
      "type": "Feature",
      "geometry": {
        "type": "Point",
        "coordinates": [
          -70.079515,
          -12.56613
        ]
      },
      "properties": {
        "transect_id": 7,
        "elev_lowestmode": 246.8800048828125,
        "elev_dem": 247.0,
        "rh100": 33.13,
        "quality_flag": 1,
        "beam": "BEAM08"
      }
    },
    {
      "type": "Feature",
      "geometry": {
        "type": "Point",
        "coordinates": [
          -70.078825,
          -12.565905
        ]
      },
      "properties": {
        "transect_id": 7,
        "elev_lowestmode": 243.88999938964844,
        "elev_dem": 243.0,
        "rh100": 29.09,
        "quality_flag": 1,
        "beam": "BEAM08"
      }
    },
    {
      "type": "Feature",
      "geometry": {
        "type": "Point",
        "coordinates": [
          -70.079497,
          -12.565679
        ]
      },
      "properties": {
        "transect_id": 7,
        "elev_lowestmode": 244.9499969482422,
        "elev_dem": 245.0,
        "rh100": 22.94,
        "quality_flag": 1,
        "beam": "BEAM08"
      }
    },
    {
      "type": "Feature",
      "geometry": {
        "type": "Point",
        "coordinates": [
          -70.079107,
          -12.565454
        ]
      },
      "properties": {
        "transect_id": 7,
        "elev_lowestmode": 241.17999267578125,
        "elev_dem": 242.0,
        "rh100": 27.22,
        "quality_flag": 1,
        "beam": "BEAM08"
      }
    },
    {
      "type": "Feature",
      "geometry": {
        "type": "Point",
        "coordinates": [
          -70.079636,
          -12.565229
        ]
      },
      "properties": {
        "transect_id": 7,
        "elev_lowestmode": 237.5500030517578,
        "elev_dem": 240.0,
        "rh100": 20.8,
        "quality_flag": 1,
        "beam": "BEAM08"
      }
    },
    {
      "type": "Feature",
      "geometry": {
        "type": "Point",
        "coordinates": [
          -70.078739,
          -12.565004
        ]
      },
      "properties": {
        "transect_id": 7,
        "elev_lowestmode": 240.1999969482422,
        "elev_dem": 240.0,
        "rh100": 32.68,
        "quality_flag": 1,
        "beam": "BEAM08"
      }
    },
    {
      "type": "Feature",
      "geometry": {
        "type": "Point",
        "coordinates": [
          -70.079201,
          -12.564779
        ]
      },
      "properties": {
        "transect_id": 7,
        "elev_lowestmode": 244.2899932861328,
        "elev_dem": 243.0,
        "rh100": 31.26,
        "quality_flag": 1,
        "beam": "BEAM08"
      }
    },
    {
      "type": "Feature",
      "geometry": {
        "type": "Point",
        "coordinates": [
          -70.079755,
          -12.564553
        ]
      },
      "properties": {
        "transect_id": 7,
        "elev_lowestmode": 244.08999633789062,
        "elev_dem": 244.0,
        "rh100": 28.55,
        "quality_flag": 1,
        "beam": "BEAM08"
      }
    },
    {
      "type": "Feature",
      "geometry": {
        "type": "Point",
        "coordinates": [
          -70.079994,
          -12.564328
        ]
      },
      "properties": {
        "transect_id": 7,
        "elev_lowestmode": 244.49000549316406,
        "elev_dem": 244.0,
        "rh100": 24.88,
        "quality_flag": 1,
        "beam": "BEAM08"
      }
    },
    {
      "type": "Feature",
      "geometry": {
        "type": "Point",
        "coordinates": [
          -70.080178,
          -12.564103
        ]
      },
      "properties": {
        "transect_id": 7,
        "elev_lowestmode": 241.16000366210938,
        "elev_dem": 242.0,
        "rh100": 27.46,
        "quality_flag": 1,
        "beam": "BEAM08"
      }
    },
    {
      "type": "Feature",
      "geometry": {
        "type": "Point",
        "coordinates": [
          -70.079202,
          -12.563878
        ]
      },
      "properties": {
        "transect_id": 7,
        "elev_lowestmode": 240.00999450683594,
        "elev_dem": 241.0,
        "rh100": 30.64,
        "quality_flag": 1,
        "beam": "BEAM08"
      }
    },
    {
      "type": "Feature",
      "geometry": {
        "type": "Point",
        "coordinates": [
          -70.079591,
          -12.563652
        ]
      },
      "properties": {
        "transect_id": 7,
        "elev_lowestmode": 233.22999572753906,
        "elev_dem": 235.0,
        "rh100": 25.02,
        "quality_flag": 1,
        "beam": "BEAM08"
      }
    },
    {
      "type": "Feature",
      "geometry": {
        "type": "Point",
        "coordinates": [
          -70.080411,
          -12.563427
        ]
      },
      "properties": {
        "transect_id": 7,
        "elev_lowestmode": 226.67999267578125,
        "elev_dem": 228.0,
        "rh100": 30.55,
        "quality_flag": 1,
        "beam": "BEAM08"
      }
    },
    {
      "type": "Feature",
      "geometry": {
        "type": "Point",
        "coordinates": [
          -70.080506,
          -12.563202
        ]
      },
      "properties": {
        "transect_id": 7,
        "elev_lowestmode": 224.83999633789062,
        "elev_dem": 224.0,
        "rh100": 34.91,
        "quality_flag": 1,
        "beam": "BEAM08"
      }
    },
    {
      "type": "Feature",
      "geometry": {
        "type": "Point",
        "coordinates": [
          -70.080556,
          -12.562977
        ]
      },
      "properties": {
        "transect_id": 7,
        "elev_lowestmode": 225.85000610351562,
        "elev_dem": 228.0,
        "rh100": 22.82,
        "quality_flag": 1,
        "beam": "BEAM08"
      }
    },
    {
      "type": "Feature",
      "geometry": {
        "type": "Point",
        "coordinates": [
          -70.079564,
          -12.562752
        ]
      },
      "properties": {
        "transect_id": 7,
        "elev_lowestmode": 228.00999450683594,
        "elev_dem": 228.0,
        "rh100": 22.05,
        "quality_flag": 1,
        "beam": "BEAM08"
      }
    },
    {
      "type": "Feature",
      "geometry": {
        "type": "Point",
        "coordinates": [
          -70.079092,
          -12.562526
        ]
      },
      "properties": {
        "transect_id": 7,
        "elev_lowestmode": 224.72000122070312,
        "elev_dem": 225.0,
        "rh100": 34.63,
        "quality_flag": 1,
        "beam": "BEAM08"
      }
    },
    {
      "type": "Feature",
      "geometry": {
        "type": "Point",
        "coordinates": [
          -70.07951,
          -12.562301
        ]
      },
      "properties": {
        "transect_id": 7,
        "elev_lowestmode": 229.1999969482422,
        "elev_dem": 231.0,
        "rh100": 24.37,
        "quality_flag": 1,
        "beam": "BEAM08"
      }
    },
    {
      "type": "Feature",
      "geometry": {
        "type": "Point",
        "coordinates": [
          -70.07919,
          -12.562076
        ]
      },
      "properties": {
        "transect_id": 7,
        "elev_lowestmode": 231.6300048828125,
        "elev_dem": 232.0,
        "rh100": 25.28,
        "quality_flag": 1,
        "beam": "BEAM08"
      }
    },
    {
      "type": "Feature",
      "geometry": {
        "type": "Point",
        "coordinates": [
          -70.08062,
          -12.561851
        ]
      },
      "properties": {
        "transect_id": 7,
        "elev_lowestmode": 243.32000732421875,
        "elev_dem": 244.0,
        "rh100": 27.04,
        "quality_flag": 1,
        "beam": "BEAM08"
      }
    },
    {
      "type": "Feature",
      "geometry": {
        "type": "Point",
        "coordinates": [
          -70.079855,
          -12.561625
        ]
      },
      "properties": {
        "transect_id": 7,
        "elev_lowestmode": 241.27999877929688,
        "elev_dem": 241.0,
        "rh100": 29.15,
        "quality_flag": 1,
        "beam": "BEAM08"
      }
    },
    {
      "type": "Feature",
      "geometry": {
        "type": "Point",
        "coordinates": [
          -70.080313,
          -12.5614
        ]
      },
      "properties": {
        "transect_id": 7,
        "elev_lowestmode": 245.1199951171875,
        "elev_dem": 245.0,
        "rh100": 27.44,
        "quality_flag": 1,
        "beam": "BEAM08"
      }
    },
    {
      "type": "Feature",
      "geometry": {
        "type": "Point",
        "coordinates": [
          -70.080481,
          -12.561175
        ]
      },
      "properties": {
        "transect_id": 7,
        "elev_lowestmode": 244.94000244140625,
        "elev_dem": 244.0,
        "rh100": 34.57,
        "quality_flag": 1,
        "beam": "BEAM08"
      }
    },
    {
      "type": "Feature",
      "geometry": {
        "type": "Point",
        "coordinates": [
          -70.078766,
          -12.56095
        ]
      },
      "properties": {
        "transect_id": 7,
        "elev_lowestmode": 232.72999572753906,
        "elev_dem": 234.0,
        "rh100": 29.54,
        "quality_flag": 1,
        "beam": "BEAM08"
      }
    },
    {
      "type": "Feature",
      "geometry": {
        "type": "Point",
        "coordinates": [
          -70.08044,
          -12.560724
        ]
      },
      "properties": {
        "transect_id": 7,
        "elev_lowestmode": 243.77000427246094,
        "elev_dem": 243.0,
        "rh100": 24.9,
        "quality_flag": 1,
        "beam": "BEAM08"
      }
    },
    {
      "type": "Feature",
      "geometry": {
        "type": "Point",
        "coordinates": [
          -70.080506,
          -12.560499
        ]
      },
      "properties": {
        "transect_id": 7,
        "elev_lowestmode": 243.8699951171875,
        "elev_dem": 243.0,
        "rh100": 29.59,
        "quality_flag": 1,
        "beam": "BEAM08"
      }
    },
    {
      "type": "Feature",
      "geometry": {
        "type": "Point",
        "coordinates": [
          -70.07917,
          -12.560274
        ]
      },
      "properties": {
        "transect_id": 7,
        "elev_lowestmode": 233.6300048828125,
        "elev_dem": 234.0,
        "rh100": 22.91,
        "quality_flag": 1,
        "beam": "BEAM08"
      }
    },
    {
      "type": "Feature",
      "geometry": {
        "type": "Point",
        "coordinates": [
          -70.080174,
          -12.560049
        ]
      },
      "properties": {
        "transect_id": 7,
        "elev_lowestmode": 241.2899932861328,
        "elev_dem": 242.0,
        "rh100": 20.2,
        "quality_flag": 1,
        "beam": "BEAM08"
      }
    },
    {
      "type": "Feature",
      "geometry": {
        "type": "Point",
        "coordinates": [
          -70.079416,
          -12.559824
        ]
      },
      "properties": {
        "transect_id": 7,
        "elev_lowestmode": 237.07000732421875,
        "elev_dem": 237.0,
        "rh100": 33.43,
        "quality_flag": 1,
        "beam": "BEAM08"
      }
    },
    {
      "type": "Feature",
      "geometry": {
        "type": "Point",
        "coordinates": [
          -70.079613,
          -12.559598
        ]
      },
      "properties": {
        "transect_id": 7,
        "elev_lowestmode": 241.77000427246094,
        "elev_dem": 241.0,
        "rh100": 33.93,
        "quality_flag": 1,
        "beam": "BEAM08"
      }
    },
    {
      "type": "Feature",
      "geometry": {
        "type": "Point",
        "coordinates": [
          -70.078949,
          -12.559373
        ]
      },
      "properties": {
        "transect_id": 7,
        "elev_lowestmode": 227.72999572753906,
        "elev_dem": 229.0,
        "rh100": 25.3,
        "quality_flag": 1,
        "beam": "BEAM08"
      }
    },
    {
      "type": "Feature",
      "geometry": {
        "type": "Point",
        "coordinates": [
          -70.079062,
          -12.559148
        ]
      },
      "properties": {
        "transect_id": 7,
        "elev_lowestmode": 233.94000244140625,
        "elev_dem": 235.0,
        "rh100": 28.08,
        "quality_flag": 1,
        "beam": "BEAM08"
      }
    },
    {
      "type": "Feature",
      "geometry": {
        "type": "Point",
        "coordinates": [
          -70.078788,
          -12.558923
        ]
      },
      "properties": {
        "transect_id": 7,
        "elev_lowestmode": 232.88999938964844,
        "elev_dem": 233.0,
        "rh100": 21.58,
        "quality_flag": 1,
        "beam": "BEAM08"
      }
    },
    {
      "type": "Feature",
      "geometry": {
        "type": "Point",
        "coordinates": [
          -70.080718,
          -12.558697
        ]
      },
      "properties": {
        "transect_id": 7,
        "elev_lowestmode": 244.05999755859375,
        "elev_dem": 243.0,
        "rh100": 32.75,
        "quality_flag": 1,
        "beam": "BEAM08"
      }
    },
    {
      "type": "Feature",
      "geometry": {
        "type": "Point",
        "coordinates": [
          -70.080178,
          -12.558472
        ]
      },
      "properties": {
        "transect_id": 7,
        "elev_lowestmode": 230.75,
        "elev_dem": 230.0,
        "rh100": 20.85,
        "quality_flag": 1,
        "beam": "BEAM08"
      }
    },
    {
      "type": "Feature",
      "geometry": {
        "type": "Point",
        "coordinates": [
          -70.079495,
          -12.558247
        ]
      },
      "properties": {
        "transect_id": 7,
        "elev_lowestmode": 229.94000244140625,
        "elev_dem": 229.0,
        "rh100": 31.8,
        "quality_flag": 1,
        "beam": "BEAM08"
      }
    },
    {
      "type": "Feature",
      "geometry": {
        "type": "Point",
        "coordinates": [
          -70.07876,
          -12.558022
        ]
      },
      "properties": {
        "transect_id": 7,
        "elev_lowestmode": 238.8000030517578,
        "elev_dem": 238.0,
        "rh100": 34.86,
        "quality_flag": 1,
        "beam": "BEAM08"
      }
    },
    {
      "type": "Feature",
      "geometry": {
        "type": "Point",
        "coordinates": [
          -70.080448,
          -12.557797
        ]
      },
      "properties": {
        "transect_id": 7,
        "elev_lowestmode": 232.74000549316406,
        "elev_dem": 233.0,
        "rh100": 20.79,
        "quality_flag": 0,
        "beam": "BEAM08"
      }
    },
    {
      "type": "Feature",
      "geometry": {
        "type": "Point",
        "coordinates": [
          -70.079541,
          -12.557571
        ]
      },
      "properties": {
        "transect_id": 7,
        "elev_lowestmode": 235.0500030517578,
        "elev_dem": 235.0,
        "rh100": 33.86,
        "quality_flag": 1,
        "beam": "BEAM08"
      }
    },
    {
      "type": "Feature",
      "geometry": {
        "type": "Point",
        "coordinates": [
          -70.079103,
          -12.557346
        ]
      },
      "properties": {
        "transect_id": 7,
        "elev_lowestmode": 235.77000427246094,
        "elev_dem": 237.0,
        "rh100": 25.19,
        "quality_flag": 1,
        "beam": "BEAM08"
      }
    },
    {
      "type": "Feature",
      "geometry": {
        "type": "Point",
        "coordinates": [
          -70.080691,
          -12.557121
        ]
      },
      "properties": {
        "transect_id": 7,
        "elev_lowestmode": 232.19000244140625,
        "elev_dem": 231.0,
        "rh100": 29.47,
        "quality_flag": 1,
        "beam": "BEAM08"
      }
    },
    {
      "type": "Feature",
      "geometry": {
        "type": "Point",
        "coordinates": [
          -70.079106,
          -12.556896
        ]
      },
      "properties": {
        "transect_id": 7,
        "elev_lowestmode": 233.52000427246094,
        "elev_dem": 234.0,
        "rh100": 29.29,
        "quality_flag": 1,
        "beam": "BEAM08"
      }
    },
    {
      "type": "Feature",
      "geometry": {
        "type": "Point",
        "coordinates": [
          -70.080689,
          -12.55667
        ]
      },
      "properties": {
        "transect_id": 7,
        "elev_lowestmode": 230.27000427246094,
        "elev_dem": 229.0,
        "rh100": 32.1,
        "quality_flag": 1,
        "beam": "BEAM08"
      }
    },
    {
      "type": "Feature",
      "geometry": {
        "type": "Point",
        "coordinates": [
          -70.079972,
          -12.556445
        ]
      },
      "properties": {
        "transect_id": 7,
        "elev_lowestmode": 233.6999969482422,
        "elev_dem": 233.0,
        "rh100": 29.56,
        "quality_flag": 1,
        "beam": "BEAM08"
      }
    },
    {
      "type": "Feature",
      "geometry": {
        "type": "Point",
        "coordinates": [
          -70.080528,
          -12.55622
        ]
      },
      "properties": {
        "transect_id": 7,
        "elev_lowestmode": 228.83999633789062,
        "elev_dem": 229.0,
        "rh100": 34.14,
        "quality_flag": 1,
        "beam": "BEAM08"
      }
    },
    {
      "type": "Feature",
      "geometry": {
        "type": "Point",
        "coordinates": [
          -70.079131,
          -12.555995
        ]
      },
      "properties": {
        "transect_id": 7,
        "elev_lowestmode": 237.82000732421875,
        "elev_dem": 238.0,
        "rh100": 23.28,
        "quality_flag": 1,
        "beam": "BEAM08"
      }
    },
    {
      "type": "Feature",
      "geometry": {
        "type": "Point",
        "coordinates": [
          -70.07947,
          -12.55577
        ]
      },
      "properties": {
        "transect_id": 7,
        "elev_lowestmode": 239.5,
        "elev_dem": 241.0,
        "rh100": 25.0,
        "quality_flag": 1,
        "beam": "BEAM08"
      }
    },
    {
      "type": "Feature",
      "geometry": {
        "type": "Point",
        "coordinates": [
          -70.07879,
          -12.555544
        ]
      },
      "properties": {
        "transect_id": 7,
        "elev_lowestmode": 240.00999450683594,
        "elev_dem": 239.0,
        "rh100": 21.06,
        "quality_flag": 1,
        "beam": "BEAM08"
      }
    },
    {
      "type": "Feature",
      "geometry": {
        "type": "Point",
        "coordinates": [
          -70.078899,
          -12.555319
        ]
      },
      "properties": {
        "transect_id": 7,
        "elev_lowestmode": 236.97000122070312,
        "elev_dem": 236.0,
        "rh100": 24.21,
        "quality_flag": 1,
        "beam": "BEAM08"
      }
    },
    {
      "type": "Feature",
      "geometry": {
        "type": "Point",
        "coordinates": [
          -70.08011,
          -12.555094
        ]
      },
      "properties": {
        "transect_id": 7,
        "elev_lowestmode": 233.85000610351562,
        "elev_dem": 235.0,
        "rh100": 27.07,
        "quality_flag": 1,
        "beam": "BEAM08"
      }
    },
    {
      "type": "Feature",
      "geometry": {
        "type": "Point",
        "coordinates": [
          -70.079282,
          -12.554869
        ]
      },
      "properties": {
        "transect_id": 7,
        "elev_lowestmode": 237.00999450683594,
        "elev_dem": 234.0,
        "rh100": 20.71,
        "quality_flag": 1,
        "beam": "BEAM08"
      }
    },
    {
      "type": "Feature",
      "geometry": {
        "type": "Point",
        "coordinates": [
          -70.080483,
          -12.554643
        ]
      },
      "properties": {
        "transect_id": 7,
        "elev_lowestmode": 234.64999389648438,
        "elev_dem": 234.0,
        "rh100": 22.17,
        "quality_flag": 1,
        "beam": "BEAM08"
      }
    },
    {
      "type": "Feature",
      "geometry": {
        "type": "Point",
        "coordinates": [
          -70.079003,
          -12.554418
        ]
      },
      "properties": {
        "transect_id": 7,
        "elev_lowestmode": 234.11000061035156,
        "elev_dem": 234.0,
        "rh100": 25.34,
        "quality_flag": 1,
        "beam": "BEAM08"
      }
    },
    {
      "type": "Feature",
      "geometry": {
        "type": "Point",
        "coordinates": [
          -70.079483,
          -12.554193
        ]
      },
      "properties": {
        "transect_id": 7,
        "elev_lowestmode": 240.88999938964844,
        "elev_dem": 240.0,
        "rh100": 29.86,
        "quality_flag": 0,
        "beam": "BEAM08"
      }
    },
    {
      "type": "Feature",
      "geometry": {
        "type": "Point",
        "coordinates": [
          -70.079309,
          -12.553968
        ]
      },
      "properties": {
        "transect_id": 7,
        "elev_lowestmode": 242.8699951171875,
        "elev_dem": 242.0,
        "rh100": 30.26,
        "quality_flag": 1,
        "beam": "BEAM08"
      }
    },
    {
      "type": "Feature",
      "geometry": {
        "type": "Point",
        "coordinates": [
          -70.079503,
          -12.553742
        ]
      },
      "properties": {
        "transect_id": 7,
        "elev_lowestmode": 243.5,
        "elev_dem": 242.0,
        "rh100": 25.77,
        "quality_flag": 1,
        "beam": "BEAM08"
      }
    },
    {
      "type": "Feature",
      "geometry": {
        "type": "Point",
        "coordinates": [
          -70.078893,
          -12.553517
        ]
      },
      "properties": {
        "transect_id": 7,
        "elev_lowestmode": 237.99000549316406,
        "elev_dem": 237.0,
        "rh100": 20.69,
        "quality_flag": 1,
        "beam": "BEAM08"
      }
    },
    {
      "type": "Feature",
      "geometry": {
        "type": "Point",
        "coordinates": [
          -70.079362,
          -12.553292
        ]
      },
      "properties": {
        "transect_id": 7,
        "elev_lowestmode": 240.19000244140625,
        "elev_dem": 240.0,
        "rh100": 30.75,
        "quality_flag": 1,
        "beam": "BEAM08"
      }
    },
    {
      "type": "Feature",
      "geometry": {
        "type": "Point",
        "coordinates": [
          -70.078858,
          -12.553067
        ]
      },
      "properties": {
        "transect_id": 7,
        "elev_lowestmode": 240.30999755859375,
        "elev_dem": 240.0,
        "rh100": 31.53,
        "quality_flag": 0,
        "beam": "BEAM08"
      }
    },
    {
      "type": "Feature",
      "geometry": {
        "type": "Point",
        "coordinates": [
          -70.079405,
          -12.552842
        ]
      },
      "properties": {
        "transect_id": 7,
        "elev_lowestmode": 238.55999755859375,
        "elev_dem": 239.0,
        "rh100": 23.15,
        "quality_flag": 0,
        "beam": "BEAM08"
      }
    },
    {
      "type": "Feature",
      "geometry": {
        "type": "Point",
        "coordinates": [
          -70.080043,
          -12.552616
        ]
      },
      "properties": {
        "transect_id": 7,
        "elev_lowestmode": 241.39999389648438,
        "elev_dem": 240.0,
        "rh100": 33.57,
        "quality_flag": 1,
        "beam": "BEAM08"
      }
    },
    {
      "type": "Feature",
      "geometry": {
        "type": "Point",
        "coordinates": [
          -70.080079,
          -12.552391
        ]
      },
      "properties": {
        "transect_id": 7,
        "elev_lowestmode": 241.36000061035156,
        "elev_dem": 240.0,
        "rh100": 27.23,
        "quality_flag": 1,
        "beam": "BEAM08"
      }
    },
    {
      "type": "Feature",
      "geometry": {
        "type": "Point",
        "coordinates": [
          -70.080119,
          -12.552166
        ]
      },
      "properties": {
        "transect_id": 7,
        "elev_lowestmode": 242.02999877929688,
        "elev_dem": 241.0,
        "rh100": 33.52,
        "quality_flag": 1,
        "beam": "BEAM08"
      }
    },
    {
      "type": "Feature",
      "geometry": {
        "type": "Point",
        "coordinates": [
          -70.078986,
          -12.551941
        ]
      },
      "properties": {
        "transect_id": 7,
        "elev_lowestmode": 239.58999633789062,
        "elev_dem": 239.0,
        "rh100": 27.36,
        "quality_flag": 1,
        "beam": "BEAM08"
      }
    },
    {
      "type": "Feature",
      "geometry": {
        "type": "Point",
        "coordinates": [
          -70.080364,
          -12.551715
        ]
      },
      "properties": {
        "transect_id": 7,
        "elev_lowestmode": 224.88999938964844,
        "elev_dem": 225.0,
        "rh100": 28.02,
        "quality_flag": 1,
        "beam": "BEAM08"
      }
    },
    {
      "type": "Feature",
      "geometry": {
        "type": "Point",
        "coordinates": [
          -70.079593,
          -12.55149
        ]
      },
      "properties": {
        "transect_id": 7,
        "elev_lowestmode": 236.42999267578125,
        "elev_dem": 236.0,
        "rh100": 20.09,
        "quality_flag": 1,
        "beam": "BEAM08"
      }
    },
    {
      "type": "Feature",
      "geometry": {
        "type": "Point",
        "coordinates": [
          -70.079266,
          -12.551265
        ]
      },
      "properties": {
        "transect_id": 7,
        "elev_lowestmode": 243.30999755859375,
        "elev_dem": 243.0,
        "rh100": 29.37,
        "quality_flag": 1,
        "beam": "BEAM08"
      }
    },
    {
      "type": "Feature",
      "geometry": {
        "type": "Point",
        "coordinates": [
          -70.078828,
          -12.55104
        ]
      },
      "properties": {
        "transect_id": 7,
        "elev_lowestmode": 243.10000610351562,
        "elev_dem": 244.0,
        "rh100": 31.11,
        "quality_flag": 1,
        "beam": "BEAM08"
      }
    },
    {
      "type": "Feature",
      "geometry": {
        "type": "Point",
        "coordinates": [
          -70.079323,
          -12.550815
        ]
      },
      "properties": {
        "transect_id": 7,
        "elev_lowestmode": 234.36000061035156,
        "elev_dem": 236.0,
        "rh100": 21.84,
        "quality_flag": 1,
        "beam": "BEAM08"
      }
    },
    {
      "type": "Feature",
      "geometry": {
        "type": "Point",
        "coordinates": [
          -70.07895,
          -12.550589
        ]
      },
      "properties": {
        "transect_id": 7,
        "elev_lowestmode": 240.75,
        "elev_dem": 242.0,
        "rh100": 28.54,
        "quality_flag": 1,
        "beam": "BEAM08"
      }
    },
    {
      "type": "Feature",
      "geometry": {
        "type": "Point",
        "coordinates": [
          -70.078763,
          -12.550364
        ]
      },
      "properties": {
        "transect_id": 7,
        "elev_lowestmode": 237.97000122070312,
        "elev_dem": 237.0,
        "rh100": 34.03,
        "quality_flag": 1,
        "beam": "BEAM08"
      }
    },
    {
      "type": "Feature",
      "geometry": {
        "type": "Point",
        "coordinates": [
          -70.080186,
          -12.550139
        ]
      },
      "properties": {
        "transect_id": 7,
        "elev_lowestmode": 229.91000366210938,
        "elev_dem": 231.0,
        "rh100": 34.38,
        "quality_flag": 0,
        "beam": "BEAM08"
      }
    },
    {
      "type": "Feature",
      "geometry": {
        "type": "Point",
        "coordinates": [
          -70.080679,
          -12.549914
        ]
      },
      "properties": {
        "transect_id": 7,
        "elev_lowestmode": 234.05999755859375,
        "elev_dem": 234.0,
        "rh100": 27.28,
        "quality_flag": 1,
        "beam": "BEAM08"
      }
    },
    {
      "type": "Feature",
      "geometry": {
        "type": "Point",
        "coordinates": [
          -70.080348,
          -12.549688
        ]
      },
      "properties": {
        "transect_id": 7,
        "elev_lowestmode": 235.3300018310547,
        "elev_dem": 234.0,
        "rh100": 32.79,
        "quality_flag": 1,
        "beam": "BEAM08"
      }
    },
    {
      "type": "Feature",
      "geometry": {
        "type": "Point",
        "coordinates": [
          -70.080064,
          -12.549463
        ]
      },
      "properties": {
        "transect_id": 7,
        "elev_lowestmode": 228.14999389648438,
        "elev_dem": 230.0,
        "rh100": 20.36,
        "quality_flag": 1,
        "beam": "BEAM08"
      }
    },
    {
      "type": "Feature",
      "geometry": {
        "type": "Point",
        "coordinates": [
          -70.079897,
          -12.549238
        ]
      },
      "properties": {
        "transect_id": 7,
        "elev_lowestmode": 232.50999450683594,
        "elev_dem": 231.0,
        "rh100": 21.19,
        "quality_flag": 1,
        "beam": "BEAM08"
      }
    },
    {
      "type": "Feature",
      "geometry": {
        "type": "Point",
        "coordinates": [
          -70.079578,
          -12.549013
        ]
      },
      "properties": {
        "transect_id": 7,
        "elev_lowestmode": 222.35000610351562,
        "elev_dem": 224.0,
        "rh100": 21.38,
        "quality_flag": 1,
        "beam": "BEAM08"
      }
    },
    {
      "type": "Feature",
      "geometry": {
        "type": "Point",
        "coordinates": [
          -70.079383,
          -12.548788
        ]
      },
      "properties": {
        "transect_id": 7,
        "elev_lowestmode": 223.14999389648438,
        "elev_dem": 224.0,
        "rh100": 24.71,
        "quality_flag": 1,
        "beam": "BEAM08"
      }
    },
    {
      "type": "Feature",
      "geometry": {
        "type": "Point",
        "coordinates": [
          -70.079153,
          -12.548562
        ]
      },
      "properties": {
        "transect_id": 7,
        "elev_lowestmode": 228.6199951171875,
        "elev_dem": 228.0,
        "rh100": 22.24,
        "quality_flag": 1,
        "beam": "BEAM08"
      }
    },
    {
      "type": "Feature",
      "geometry": {
        "type": "Point",
        "coordinates": [
          -70.080062,
          -12.548337
        ]
      },
      "properties": {
        "transect_id": 7,
        "elev_lowestmode": 231.4499969482422,
        "elev_dem": 232.0,
        "rh100": 31.06,
        "quality_flag": 1,
        "beam": "BEAM08"
      }
    },
    {
      "type": "Feature",
      "geometry": {
        "type": "Point",
        "coordinates": [
          -70.079347,
          -12.548112
        ]
      },
      "properties": {
        "transect_id": 7,
        "elev_lowestmode": 233.89999389648438,
        "elev_dem": 233.0,
        "rh100": 30.54,
        "quality_flag": 1,
        "beam": "BEAM08"
      }
    },
    {
      "type": "Feature",
      "geometry": {
        "type": "Point",
        "coordinates": [
          -70.080322,
          -12.547887
        ]
      },
      "properties": {
        "transect_id": 7,
        "elev_lowestmode": 233.86000061035156,
        "elev_dem": 234.0,
        "rh100": 29.46,
        "quality_flag": 1,
        "beam": "BEAM08"
      }
    },
    {
      "type": "Feature",
      "geometry": {
        "type": "Point",
        "coordinates": [
          -70.080059,
          -12.547661
        ]
      },
      "properties": {
        "transect_id": 7,
        "elev_lowestmode": 230.8000030517578,
        "elev_dem": 231.0,
        "rh100": 26.61,
        "quality_flag": 1,
        "beam": "BEAM08"
      }
    },
    {
      "type": "Feature",
      "geometry": {
        "type": "Point",
        "coordinates": [
          -70.079746,
          -12.547436
        ]
      },
      "properties": {
        "transect_id": 7,
        "elev_lowestmode": 227.17999267578125,
        "elev_dem": 228.0,
        "rh100": 31.67,
        "quality_flag": 1,
        "beam": "BEAM08"
      }
    },
    {
      "type": "Feature",
      "geometry": {
        "type": "Point",
        "coordinates": [
          -70.080386,
          -12.547211
        ]
      },
      "properties": {
        "transect_id": 7,
        "elev_lowestmode": 226.97999572753906,
        "elev_dem": 227.0,
        "rh100": 27.51,
        "quality_flag": 0,
        "beam": "BEAM08"
      }
    },
    {
      "type": "Feature",
      "geometry": {
        "type": "Point",
        "coordinates": [
          -70.079404,
          -12.546986
        ]
      },
      "properties": {
        "transect_id": 7,
        "elev_lowestmode": 233.92999267578125,
        "elev_dem": 234.0,
        "rh100": 20.16,
        "quality_flag": 1,
        "beam": "BEAM08"
      }
    },
    {
      "type": "Feature",
      "geometry": {
        "type": "Point",
        "coordinates": [
          -70.07964,
          -12.546761
        ]
      },
      "properties": {
        "transect_id": 7,
        "elev_lowestmode": 236.35000610351562,
        "elev_dem": 237.0,
        "rh100": 23.64,
        "quality_flag": 1,
        "beam": "BEAM08"
      }
    },
    {
      "type": "Feature",
      "geometry": {
        "type": "Point",
        "coordinates": [
          -70.079636,
          -12.546535
        ]
      },
      "properties": {
        "transect_id": 7,
        "elev_lowestmode": 236.1199951171875,
        "elev_dem": 237.0,
        "rh100": 26.33,
        "quality_flag": 0,
        "beam": "BEAM08"
      }
    },
    {
      "type": "Feature",
      "geometry": {
        "type": "Point",
        "coordinates": [
          -70.079196,
          -12.54631
        ]
      },
      "properties": {
        "transect_id": 7,
        "elev_lowestmode": 241.14999389648438,
        "elev_dem": 240.0,
        "rh100": 22.8,
        "quality_flag": 1,
        "beam": "BEAM08"
      }
    },
    {
      "type": "Feature",
      "geometry": {
        "type": "Point",
        "coordinates": [
          -70.079868,
          -12.546085
        ]
      },
      "properties": {
        "transect_id": 7,
        "elev_lowestmode": 238.22000122070312,
        "elev_dem": 237.0,
        "rh100": 28.78,
        "quality_flag": 1,
        "beam": "BEAM08"
      }
    },
    {
      "type": "Feature",
      "geometry": {
        "type": "Point",
        "coordinates": [
          -70.079437,
          -12.54586
        ]
      },
      "properties": {
        "transect_id": 7,
        "elev_lowestmode": 242.25999450683594,
        "elev_dem": 240.0,
        "rh100": 20.03,
        "quality_flag": 1,
        "beam": "BEAM08"
      }
    },
    {
      "type": "Feature",
      "geometry": {
        "type": "Point",
        "coordinates": [
          -70.079932,
          -12.545634
        ]
      },
      "properties": {
        "transect_id": 7,
        "elev_lowestmode": 238.1999969482422,
        "elev_dem": 238.0,
        "rh100": 30.63,
        "quality_flag": 1,
        "beam": "BEAM08"
      }
    },
    {
      "type": "Feature",
      "geometry": {
        "type": "Point",
        "coordinates": [
          -70.079721,
          -12.545409
        ]
      },
      "properties": {
        "transect_id": 7,
        "elev_lowestmode": 241.9199981689453,
        "elev_dem": 241.0,
        "rh100": 22.33,
        "quality_flag": 1,
        "beam": "BEAM08"
      }
    },
    {
      "type": "Feature",
      "geometry": {
        "type": "Point",
        "coordinates": [
          -70.080364,
          -12.545184
        ]
      },
      "properties": {
        "transect_id": 7,
        "elev_lowestmode": 238.14999389648438,
        "elev_dem": 238.0,
        "rh100": 26.52,
        "quality_flag": 1,
        "beam": "BEAM08"
      }
    },
    {
      "type": "Feature",
      "geometry": {
        "type": "Point",
        "coordinates": [
          -70.079679,
          -12.544959
        ]
      },
      "properties": {
        "transect_id": 7,
        "elev_lowestmode": 241.6699981689453,
        "elev_dem": 241.0,
        "rh100": 28.86,
        "quality_flag": 1,
        "beam": "BEAM08"
      }
    },
    {
      "type": "Feature",
      "geometry": {
        "type": "Point",
        "coordinates": [
          -70.079131,
          -12.544733
        ]
      },
      "properties": {
        "transect_id": 7,
        "elev_lowestmode": 241.5399932861328,
        "elev_dem": 241.0,
        "rh100": 26.61,
        "quality_flag": 1,
        "beam": "BEAM08"
      }
    },
    {
      "type": "Feature",
      "geometry": {
        "type": "Point",
        "coordinates": [
          -70.079437,
          -12.544508
        ]
      },
      "properties": {
        "transect_id": 7,
        "elev_lowestmode": 240.24000549316406,
        "elev_dem": 239.0,
        "rh100": 34.13,
        "quality_flag": 1,
        "beam": "BEAM08"
      }
    },
    {
      "type": "Feature",
      "geometry": {
        "type": "Point",
        "coordinates": [
          -70.080568,
          -12.544283
        ]
      },
      "properties": {
        "transect_id": 7,
        "elev_lowestmode": 242.32000732421875,
        "elev_dem": 243.0,
        "rh100": 28.28,
        "quality_flag": 0,
        "beam": "BEAM08"
      }
    },
    {
      "type": "Feature",
      "geometry": {
        "type": "Point",
        "coordinates": [
          -70.079246,
          -12.544058
        ]
      },
      "properties": {
        "transect_id": 7,
        "elev_lowestmode": 239.5399932861328,
        "elev_dem": 240.0,
        "rh100": 21.44,
        "quality_flag": 1,
        "beam": "BEAM08"
      }
    },
    {
      "type": "Feature",
      "geometry": {
        "type": "Point",
        "coordinates": [
          -70.078986,
          -12.543833
        ]
      },
      "properties": {
        "transect_id": 7,
        "elev_lowestmode": 243.14999389648438,
        "elev_dem": 243.0,
        "rh100": 32.17,
        "quality_flag": 0,
        "beam": "BEAM08"
      }
    },
    {
      "type": "Feature",
      "geometry": {
        "type": "Point",
        "coordinates": [
          -70.079944,
          -12.543607
        ]
      },
      "properties": {
        "transect_id": 7,
        "elev_lowestmode": 241.11000061035156,
        "elev_dem": 241.0,
        "rh100": 30.59,
        "quality_flag": 0,
        "beam": "BEAM08"
      }
    },
    {
      "type": "Feature",
      "geometry": {
        "type": "Point",
        "coordinates": [
          -70.079924,
          -12.543382
        ]
      },
      "properties": {
        "transect_id": 7,
        "elev_lowestmode": 242.5,
        "elev_dem": 241.0,
        "rh100": 32.22,
        "quality_flag": 1,
        "beam": "BEAM08"
      }
    },
    {
      "type": "Feature",
      "geometry": {
        "type": "Point",
        "coordinates": [
          -70.080367,
          -12.543157
        ]
      },
      "properties": {
        "transect_id": 7,
        "elev_lowestmode": 238.97999572753906,
        "elev_dem": 240.0,
        "rh100": 27.49,
        "quality_flag": 1,
        "beam": "BEAM08"
      }
    },
    {
      "type": "Feature",
      "geometry": {
        "type": "Point",
        "coordinates": [
          -70.080451,
          -12.542932
        ]
      },
      "properties": {
        "transect_id": 7,
        "elev_lowestmode": 240.50999450683594,
        "elev_dem": 240.0,
        "rh100": 29.34,
        "quality_flag": 1,
        "beam": "BEAM08"
      }
    },
    {
      "type": "Feature",
      "geometry": {
        "type": "Point",
        "coordinates": [
          -70.079801,
          -12.542706
        ]
      },
      "properties": {
        "transect_id": 7,
        "elev_lowestmode": 243.22000122070312,
        "elev_dem": 243.0,
        "rh100": 22.77,
        "quality_flag": 1,
        "beam": "BEAM08"
      }
    },
    {
      "type": "Feature",
      "geometry": {
        "type": "Point",
        "coordinates": [
          -70.079173,
          -12.542481
        ]
      },
      "properties": {
        "transect_id": 7,
        "elev_lowestmode": 241.80999755859375,
        "elev_dem": 241.0,
        "rh100": 32.36,
        "quality_flag": 1,
        "beam": "BEAM08"
      }
    },
    {
      "type": "Feature",
      "geometry": {
        "type": "Point",
        "coordinates": [
          -70.079818,
          -12.542256
        ]
      },
      "properties": {
        "transect_id": 7,
        "elev_lowestmode": 241.57000732421875,
        "elev_dem": 242.0,
        "rh100": 31.37,
        "quality_flag": 0,
        "beam": "BEAM08"
      }
    },
    {
      "type": "Feature",
      "geometry": {
        "type": "Point",
        "coordinates": [
          -70.080525,
          -12.542031
        ]
      },
      "properties": {
        "transect_id": 7,
        "elev_lowestmode": 241.1999969482422,
        "elev_dem": 243.0,
        "rh100": 29.25,
        "quality_flag": 1,
        "beam": "BEAM08"
      }
    },
    {
      "type": "Feature",
      "geometry": {
        "type": "Point",
        "coordinates": [
          -70.079544,
          -12.541806
        ]
      },
      "properties": {
        "transect_id": 7,
        "elev_lowestmode": 242.49000549316406,
        "elev_dem": 243.0,
        "rh100": 27.66,
        "quality_flag": 1,
        "beam": "BEAM08"
      }
    },
    {
      "type": "Feature",
      "geometry": {
        "type": "Point",
        "coordinates": [
          -70.079649,
          -12.54158
        ]
      },
      "properties": {
        "transect_id": 7,
        "elev_lowestmode": 240.60000610351562,
        "elev_dem": 242.0,
        "rh100": 34.33,
        "quality_flag": 1,
        "beam": "BEAM08"
      }
    },
    {
      "type": "Feature",
      "geometry": {
        "type": "Point",
        "coordinates": [
          -70.079175,
          -12.541355
        ]
      },
      "properties": {
        "transect_id": 7,
        "elev_lowestmode": 243.4499969482422,
        "elev_dem": 244.0,
        "rh100": 24.5,
        "quality_flag": 1,
        "beam": "BEAM08"
      }
    },
    {
      "type": "Feature",
      "geometry": {
        "type": "Point",
        "coordinates": [
          -70.08009,
          -12.54113
        ]
      },
      "properties": {
        "transect_id": 7,
        "elev_lowestmode": 237.9600067138672,
        "elev_dem": 238.0,
        "rh100": 32.78,
        "quality_flag": 1,
        "beam": "BEAM08"
      }
    },
    {
      "type": "Feature",
      "geometry": {
        "type": "Point",
        "coordinates": [
          -70.080049,
          -12.540905
        ]
      },
      "properties": {
        "transect_id": 7,
        "elev_lowestmode": 239.10000610351562,
        "elev_dem": 239.0,
        "rh100": 21.6,
        "quality_flag": 1,
        "beam": "BEAM08"
      }
    },
    {
      "type": "Feature",
      "geometry": {
        "type": "Point",
        "coordinates": [
          -70.079287,
          -12.540679
        ]
      },
      "properties": {
        "transect_id": 7,
        "elev_lowestmode": 241.25,
        "elev_dem": 241.0,
        "rh100": 31.52,
        "quality_flag": 1,
        "beam": "BEAM08"
      }
    },
    {
      "type": "Feature",
      "geometry": {
        "type": "Point",
        "coordinates": [
          -70.079841,
          -12.540454
        ]
      },
      "properties": {
        "transect_id": 7,
        "elev_lowestmode": 242.49000549316406,
        "elev_dem": 243.0,
        "rh100": 25.88,
        "quality_flag": 1,
        "beam": "BEAM08"
      }
    },
    {
      "type": "Feature",
      "geometry": {
        "type": "Point",
        "coordinates": [
          -70.079206,
          -12.540229
        ]
      },
      "properties": {
        "transect_id": 7,
        "elev_lowestmode": 238.36000061035156,
        "elev_dem": 239.0,
        "rh100": 20.78,
        "quality_flag": 1,
        "beam": "BEAM08"
      }
    },
    {
      "type": "Feature",
      "geometry": {
        "type": "Point",
        "coordinates": [
          -70.079548,
          -12.540004
        ]
      },
      "properties": {
        "transect_id": 7,
        "elev_lowestmode": 239.3000030517578,
        "elev_dem": 238.0,
        "rh100": 27.18,
        "quality_flag": 0,
        "beam": "BEAM08"
      }
    },
    {
      "type": "Feature",
      "geometry": {
        "type": "Point",
        "coordinates": [
          -70.077751,
          -12.599914
        ]
      },
      "properties": {
        "transect_id": 8,
        "elev_lowestmode": 240.5399932861328,
        "elev_dem": 240.0,
        "rh100": 28.6,
        "quality_flag": 1,
        "beam": "BEAM01"
      }
    },
    {
      "type": "Feature",
      "geometry": {
        "type": "Point",
        "coordinates": [
          -70.076571,
          -12.599688
        ]
      },
      "properties": {
        "transect_id": 8,
        "elev_lowestmode": 238.72999572753906,
        "elev_dem": 238.0,
        "rh100": 30.57,
        "quality_flag": 1,
        "beam": "BEAM01"
      }
    },
    {
      "type": "Feature",
      "geometry": {
        "type": "Point",
        "coordinates": [
          -70.076533,
          -12.599463
        ]
      },
      "properties": {
        "transect_id": 8,
        "elev_lowestmode": 234.32000732421875,
        "elev_dem": 233.0,
        "rh100": 31.0,
        "quality_flag": 1,
        "beam": "BEAM01"
      }
    },
    {
      "type": "Feature",
      "geometry": {
        "type": "Point",
        "coordinates": [
          -70.076828,
          -12.599238
        ]
      },
      "properties": {
        "transect_id": 8,
        "elev_lowestmode": 229.5500030517578,
        "elev_dem": 230.0,
        "rh100": 22.79,
        "quality_flag": 1,
        "beam": "BEAM01"
      }
    },
    {
      "type": "Feature",
      "geometry": {
        "type": "Point",
        "coordinates": [
          -70.07612,
          -12.599013
        ]
      },
      "properties": {
        "transect_id": 8,
        "elev_lowestmode": 223.0800018310547,
        "elev_dem": 223.0,
        "rh100": 21.26,
        "quality_flag": 1,
        "beam": "BEAM01"
      }
    },
    {
      "type": "Feature",
      "geometry": {
        "type": "Point",
        "coordinates": [
          -70.076463,
          -12.598788
        ]
      },
      "properties": {
        "transect_id": 8,
        "elev_lowestmode": 223.47000122070312,
        "elev_dem": 223.0,
        "rh100": 33.5,
        "quality_flag": 1,
        "beam": "BEAM01"
      }
    },
    {
      "type": "Feature",
      "geometry": {
        "type": "Point",
        "coordinates": [
          -70.076103,
          -12.598562
        ]
      },
      "properties": {
        "transect_id": 8,
        "elev_lowestmode": 223.63999938964844,
        "elev_dem": 223.0,
        "rh100": 28.19,
        "quality_flag": 0,
        "beam": "BEAM01"
      }
    },
    {
      "type": "Feature",
      "geometry": {
        "type": "Point",
        "coordinates": [
          -70.075934,
          -12.598337
        ]
      },
      "properties": {
        "transect_id": 8,
        "elev_lowestmode": 227.50999450683594,
        "elev_dem": 225.0,
        "rh100": 32.64,
        "quality_flag": 1,
        "beam": "BEAM01"
      }
    },
    {
      "type": "Feature",
      "geometry": {
        "type": "Point",
        "coordinates": [
          -70.077342,
          -12.598112
        ]
      },
      "properties": {
        "transect_id": 8,
        "elev_lowestmode": 224.67999267578125,
        "elev_dem": 225.0,
        "rh100": 29.15,
        "quality_flag": 1,
        "beam": "BEAM01"
      }
    },
    {
      "type": "Feature",
      "geometry": {
        "type": "Point",
        "coordinates": [
          -70.077475,
          -12.597887
        ]
      },
      "properties": {
        "transect_id": 8,
        "elev_lowestmode": 228.00999450683594,
        "elev_dem": 228.0,
        "rh100": 25.45,
        "quality_flag": 1,
        "beam": "BEAM01"
      }
    },
    {
      "type": "Feature",
      "geometry": {
        "type": "Point",
        "coordinates": [
          -70.076249,
          -12.597661
        ]
      },
      "properties": {
        "transect_id": 8,
        "elev_lowestmode": 219.92999267578125,
        "elev_dem": 221.0,
        "rh100": 23.15,
        "quality_flag": 0,
        "beam": "BEAM01"
      }
    },
    {
      "type": "Feature",
      "geometry": {
        "type": "Point",
        "coordinates": [
          -70.077681,
          -12.597436
        ]
      },
      "properties": {
        "transect_id": 8,
        "elev_lowestmode": 226.33999633789062,
        "elev_dem": 228.0,
        "rh100": 34.86,
        "quality_flag": 1,
        "beam": "BEAM01"
      }
    },
    {
      "type": "Feature",
      "geometry": {
        "type": "Point",
        "coordinates": [
          -70.076116,
          -12.597211
        ]
      },
      "properties": {
        "transect_id": 8,
        "elev_lowestmode": 220.1199951171875,
        "elev_dem": 221.0,
        "rh100": 21.76,
        "quality_flag": 1,
        "beam": "BEAM01"
      }
    },
    {
      "type": "Feature",
      "geometry": {
        "type": "Point",
        "coordinates": [
          -70.077179,
          -12.596986
        ]
      },
      "properties": {
        "transect_id": 8,
        "elev_lowestmode": 225.3699951171875,
        "elev_dem": 226.0,
        "rh100": 22.74,
        "quality_flag": 1,
        "beam": "BEAM01"
      }
    },
    {
      "type": "Feature",
      "geometry": {
        "type": "Point",
        "coordinates": [
          -70.077346,
          -12.596761
        ]
      },
      "properties": {
        "transect_id": 8,
        "elev_lowestmode": 224.3300018310547,
        "elev_dem": 225.0,
        "rh100": 28.46,
        "quality_flag": 1,
        "beam": "BEAM01"
      }
    },
    {
      "type": "Feature",
      "geometry": {
        "type": "Point",
        "coordinates": [
          -70.076746,
          -12.596535
        ]
      },
      "properties": {
        "transect_id": 8,
        "elev_lowestmode": 222.97000122070312,
        "elev_dem": 223.0,
        "rh100": 29.42,
        "quality_flag": 0,
        "beam": "BEAM01"
      }
    },
    {
      "type": "Feature",
      "geometry": {
        "type": "Point",
        "coordinates": [
          -70.075994,
          -12.59631
        ]
      },
      "properties": {
        "transect_id": 8,
        "elev_lowestmode": 222.49000549316406,
        "elev_dem": 223.0,
        "rh100": 31.63,
        "quality_flag": 1,
        "beam": "BEAM01"
      }
    },
    {
      "type": "Feature",
      "geometry": {
        "type": "Point",
        "coordinates": [
          -70.076952,
          -12.596085
        ]
      },
      "properties": {
        "transect_id": 8,
        "elev_lowestmode": 225.16000366210938,
        "elev_dem": 225.0,
        "rh100": 22.08,
        "quality_flag": 1,
        "beam": "BEAM01"
      }
    },
    {
      "type": "Feature",
      "geometry": {
        "type": "Point",
        "coordinates": [
          -70.077468,
          -12.59586
        ]
      },
      "properties": {
        "transect_id": 8,
        "elev_lowestmode": 215.32000732421875,
        "elev_dem": 215.0,
        "rh100": 25.49,
        "quality_flag": 1,
        "beam": "BEAM01"
      }
    },
    {
      "type": "Feature",
      "geometry": {
        "type": "Point",
        "coordinates": [
          -70.07647,
          -12.595634
        ]
      },
      "properties": {
        "transect_id": 8,
        "elev_lowestmode": 226.30999755859375,
        "elev_dem": 226.0,
        "rh100": 23.15,
        "quality_flag": 1,
        "beam": "BEAM01"
      }
    },
    {
      "type": "Feature",
      "geometry": {
        "type": "Point",
        "coordinates": [
          -70.076595,
          -12.595409
        ]
      },
      "properties": {
        "transect_id": 8,
        "elev_lowestmode": 214.85000610351562,
        "elev_dem": 215.0,
        "rh100": 25.1,
        "quality_flag": 1,
        "beam": "BEAM01"
      }
    },
    {
      "type": "Feature",
      "geometry": {
        "type": "Point",
        "coordinates": [
          -70.076596,
          -12.595184
        ]
      },
      "properties": {
        "transect_id": 8,
        "elev_lowestmode": 215.64999389648438,
        "elev_dem": 215.0,
        "rh100": 25.5,
        "quality_flag": 1,
        "beam": "BEAM01"
      }
    },
    {
      "type": "Feature",
      "geometry": {
        "type": "Point",
        "coordinates": [
          -70.07624,
          -12.594959
        ]
      },
      "properties": {
        "transect_id": 8,
        "elev_lowestmode": 231.64999389648438,
        "elev_dem": 231.0,
        "rh100": 23.74,
        "quality_flag": 1,
        "beam": "BEAM01"
      }
    },
    {
      "type": "Feature",
      "geometry": {
        "type": "Point",
        "coordinates": [
          -70.077021,
          -12.594733
        ]
      },
      "properties": {
        "transect_id": 8,
        "elev_lowestmode": 214.60000610351562,
        "elev_dem": 215.0,
        "rh100": 23.06,
        "quality_flag": 1,
        "beam": "BEAM01"
      }
    },
    {
      "type": "Feature",
      "geometry": {
        "type": "Point",
        "coordinates": [
          -70.076861,
          -12.594508
        ]
      },
      "properties": {
        "transect_id": 8,
        "elev_lowestmode": 217.63999938964844,
        "elev_dem": 215.0,
        "rh100": 34.44,
        "quality_flag": 0,
        "beam": "BEAM01"
      }
    },
    {
      "type": "Feature",
      "geometry": {
        "type": "Point",
        "coordinates": [
          -70.077288,
          -12.594283
        ]
      },
      "properties": {
        "transect_id": 8,
        "elev_lowestmode": 215.57000732421875,
        "elev_dem": 215.0,
        "rh100": 27.61,
        "quality_flag": 1,
        "beam": "BEAM01"
      }
    },
    {
      "type": "Feature",
      "geometry": {
        "type": "Point",
        "coordinates": [
          -70.07613,
          -12.594058
        ]
      },
      "properties": {
        "transect_id": 8,
        "elev_lowestmode": 215.22999572753906,
        "elev_dem": 215.0,
        "rh100": 23.29,
        "quality_flag": 1,
        "beam": "BEAM01"
      }
    },
    {
      "type": "Feature",
      "geometry": {
        "type": "Point",
        "coordinates": [
          -70.076545,
          -12.593833
        ]
      },
      "properties": {
        "transect_id": 8,
        "elev_lowestmode": 215.0500030517578,
        "elev_dem": 215.0,
        "rh100": 23.99,
        "quality_flag": 1,
        "beam": "BEAM01"
      }
    },
    {
      "type": "Feature",
      "geometry": {
        "type": "Point",
        "coordinates": [
          -70.077113,
          -12.593607
        ]
      },
      "properties": {
        "transect_id": 8,
        "elev_lowestmode": 215.52000427246094,
        "elev_dem": 215.0,
        "rh100": 27.09,
        "quality_flag": 1,
        "beam": "BEAM01"
      }
    },
    {
      "type": "Feature",
      "geometry": {
        "type": "Point",
        "coordinates": [
          -70.076891,
          -12.593382
        ]
      },
      "properties": {
        "transect_id": 8,
        "elev_lowestmode": 213.6199951171875,
        "elev_dem": 215.0,
        "rh100": 30.25,
        "quality_flag": 1,
        "beam": "BEAM01"
      }
    },
    {
      "type": "Feature",
      "geometry": {
        "type": "Point",
        "coordinates": [
          -70.077262,
          -12.593157
        ]
      },
      "properties": {
        "transect_id": 8,
        "elev_lowestmode": 214.32000732421875,
        "elev_dem": 215.0,
        "rh100": 33.25,
        "quality_flag": 1,
        "beam": "BEAM01"
      }
    },
    {
      "type": "Feature",
      "geometry": {
        "type": "Point",
        "coordinates": [
          -70.077605,
          -12.592932
        ]
      },
      "properties": {
        "transect_id": 8,
        "elev_lowestmode": 215.44000244140625,
        "elev_dem": 215.0,
        "rh100": 24.85,
        "quality_flag": 1,
        "beam": "BEAM01"
      }
    },
    {
      "type": "Feature",
      "geometry": {
        "type": "Point",
        "coordinates": [
          -70.076878,
          -12.592706
        ]
      },
      "properties": {
        "transect_id": 8,
        "elev_lowestmode": 213.4199981689453,
        "elev_dem": 215.0,
        "rh100": 33.89,
        "quality_flag": 1,
        "beam": "BEAM01"
      }
    },
    {
      "type": "Feature",
      "geometry": {
        "type": "Point",
        "coordinates": [
          -70.076172,
          -12.592481
        ]
      },
      "properties": {
        "transect_id": 8,
        "elev_lowestmode": 213.60000610351562,
        "elev_dem": 215.0,
        "rh100": 33.79,
        "quality_flag": 1,
        "beam": "BEAM01"
      }
    },
    {
      "type": "Feature",
      "geometry": {
        "type": "Point",
        "coordinates": [
          -70.077364,
          -12.592256
        ]
      },
      "properties": {
        "transect_id": 8,
        "elev_lowestmode": 215.7100067138672,
        "elev_dem": 215.0,
        "rh100": 26.87,
        "quality_flag": 1,
        "beam": "BEAM01"
      }
    },
    {
      "type": "Feature",
      "geometry": {
        "type": "Point",
        "coordinates": [
          -70.076379,
          -12.592031
        ]
      },
      "properties": {
        "transect_id": 8,
        "elev_lowestmode": 212.6199951171875,
        "elev_dem": 215.0,
        "rh100": 31.21,
        "quality_flag": 1,
        "beam": "BEAM01"
      }
    },
    {
      "type": "Feature",
      "geometry": {
        "type": "Point",
        "coordinates": [
          -70.076391,
          -12.591806
        ]
      },
      "properties": {
        "transect_id": 8,
        "elev_lowestmode": 214.89999389648438,
        "elev_dem": 215.0,
        "rh100": 28.34,
        "quality_flag": 1,
        "beam": "BEAM01"
      }
    },
    {
      "type": "Feature",
      "geometry": {
        "type": "Point",
        "coordinates": [
          -70.077389,
          -12.59158
        ]
      },
      "properties": {
        "transect_id": 8,
        "elev_lowestmode": 234.75,
        "elev_dem": 234.0,
        "rh100": 28.9,
        "quality_flag": 1,
        "beam": "BEAM01"
      }
    },
    {
      "type": "Feature",
      "geometry": {
        "type": "Point",
        "coordinates": [
          -70.077763,
          -12.591355
        ]
      },
      "properties": {
        "transect_id": 8,
        "elev_lowestmode": 236.27000427246094,
        "elev_dem": 237.0,
        "rh100": 22.52,
        "quality_flag": 0,
        "beam": "BEAM01"
      }
    },
    {
      "type": "Feature",
      "geometry": {
        "type": "Point",
        "coordinates": [
          -70.077776,
          -12.59113
        ]
      },
      "properties": {
        "transect_id": 8,
        "elev_lowestmode": 238.33999633789062,
        "elev_dem": 236.0,
        "rh100": 22.31,
        "quality_flag": 0,
        "beam": "BEAM01"
      }
    },
    {
      "type": "Feature",
      "geometry": {
        "type": "Point",
        "coordinates": [
          -70.076007,
          -12.590905
        ]
      },
      "properties": {
        "transect_id": 8,
        "elev_lowestmode": 215.1999969482422,
        "elev_dem": 215.0,
        "rh100": 32.92,
        "quality_flag": 1,
        "beam": "BEAM01"
      }
    },
    {
      "type": "Feature",
      "geometry": {
        "type": "Point",
        "coordinates": [
          -70.077541,
          -12.590679
        ]
      },
      "properties": {
        "transect_id": 8,
        "elev_lowestmode": 234.7100067138672,
        "elev_dem": 234.0,
        "rh100": 28.84,
        "quality_flag": 1,
        "beam": "BEAM01"
      }
    },
    {
      "type": "Feature",
      "geometry": {
        "type": "Point",
        "coordinates": [
          -70.076025,
          -12.590454
        ]
      },
      "properties": {
        "transect_id": 8,
        "elev_lowestmode": 216.22000122070312,
        "elev_dem": 215.0,
        "rh100": 22.84,
        "quality_flag": 1,
        "beam": "BEAM01"
      }
    },
    {
      "type": "Feature",
      "geometry": {
        "type": "Point",
        "coordinates": [
          -70.077374,
          -12.590229
        ]
      },
      "properties": {
        "transect_id": 8,
        "elev_lowestmode": 237.32000732421875,
        "elev_dem": 237.0,
        "rh100": 22.59,
        "quality_flag": 1,
        "beam": "BEAM01"
      }
    },
    {
      "type": "Feature",
      "geometry": {
        "type": "Point",
        "coordinates": [
          -70.076697,
          -12.590004
        ]
      },
      "properties": {
        "transect_id": 8,
        "elev_lowestmode": 221.61000061035156,
        "elev_dem": 224.0,
        "rh100": 26.09,
        "quality_flag": 0,
        "beam": "BEAM01"
      }
    },
    {
      "type": "Feature",
      "geometry": {
        "type": "Point",
        "coordinates": [
          -70.076165,
          -12.589779
        ]
      },
      "properties": {
        "transect_id": 8,
        "elev_lowestmode": 214.85000610351562,
        "elev_dem": 215.0,
        "rh100": 21.86,
        "quality_flag": 1,
        "beam": "BEAM01"
      }
    },
    {
      "type": "Feature",
      "geometry": {
        "type": "Point",
        "coordinates": [
          -70.075924,
          -12.589553
        ]
      },
      "properties": {
        "transect_id": 8,
        "elev_lowestmode": 215.94000244140625,
        "elev_dem": 215.0,
        "rh100": 23.26,
        "quality_flag": 1,
        "beam": "BEAM01"
      }
    },
    {
      "type": "Feature",
      "geometry": {
        "type": "Point",
        "coordinates": [
          -70.076983,
          -12.589328
        ]
      },
      "properties": {
        "transect_id": 8,
        "elev_lowestmode": 231.9499969482422,
        "elev_dem": 233.0,
        "rh100": 23.25,
        "quality_flag": 1,
        "beam": "BEAM01"
      }
    },
    {
      "type": "Feature",
      "geometry": {
        "type": "Point",
        "coordinates": [
          -70.075924,
          -12.589103
        ]
      },
      "properties": {
        "transect_id": 8,
        "elev_lowestmode": 215.4499969482422,
        "elev_dem": 215.0,
        "rh100": 34.94,
        "quality_flag": 1,
        "beam": "BEAM01"
      }
    },
    {
      "type": "Feature",
      "geometry": {
        "type": "Point",
        "coordinates": [
          -70.076787,
          -12.588878
        ]
      },
      "properties": {
        "transect_id": 8,
        "elev_lowestmode": 231.72000122070312,
        "elev_dem": 231.0,
        "rh100": 24.63,
        "quality_flag": 1,
        "beam": "BEAM01"
      }
    },
    {
      "type": "Feature",
      "geometry": {
        "type": "Point",
        "coordinates": [
          -70.076561,
          -12.588652
        ]
      },
      "properties": {
        "transect_id": 8,
        "elev_lowestmode": 231.47999572753906,
        "elev_dem": 232.0,
        "rh100": 25.51,
        "quality_flag": 1,
        "beam": "BEAM01"
      }
    },
    {
      "type": "Feature",
      "geometry": {
        "type": "Point",
        "coordinates": [
          -70.077213,
          -12.588427
        ]
      },
      "properties": {
        "transect_id": 8,
        "elev_lowestmode": 240.92999267578125,
        "elev_dem": 242.0,
        "rh100": 27.19,
        "quality_flag": 1,
        "beam": "BEAM01"
      }
    },
    {
      "type": "Feature",
      "geometry": {
        "type": "Point",
        "coordinates": [
          -70.076375,
          -12.588202
        ]
      },
      "properties": {
        "transect_id": 8,
        "elev_lowestmode": 227.8800048828125,
        "elev_dem": 228.0,
        "rh100": 29.6,
        "quality_flag": 1,
        "beam": "BEAM01"
      }
    },
    {
      "type": "Feature",
      "geometry": {
        "type": "Point",
        "coordinates": [
          -70.076055,
          -12.587977
        ]
      },
      "properties": {
        "transect_id": 8,
        "elev_lowestmode": 226.22000122070312,
        "elev_dem": 226.0,
        "rh100": 34.13,
        "quality_flag": 1,
        "beam": "BEAM01"
      }
    },
    {
      "type": "Feature",
      "geometry": {
        "type": "Point",
        "coordinates": [
          -70.07651,
          -12.587752
        ]
      },
      "properties": {
        "transect_id": 8,
        "elev_lowestmode": 231.97000122070312,
        "elev_dem": 233.0,
        "rh100": 23.37,
        "quality_flag": 1,
        "beam": "BEAM01"
      }
    },
    {
      "type": "Feature",
      "geometry": {
        "type": "Point",
        "coordinates": [
          -70.076238,
          -12.587526
        ]
      },
      "properties": {
        "transect_id": 8,
        "elev_lowestmode": 226.1999969482422,
        "elev_dem": 226.0,
        "rh100": 23.94,
        "quality_flag": 1,
        "beam": "BEAM01"
      }
    },
    {
      "type": "Feature",
      "geometry": {
        "type": "Point",
        "coordinates": [
          -70.077003,
          -12.587301
        ]
      },
      "properties": {
        "transect_id": 8,
        "elev_lowestmode": 245.6300048828125,
        "elev_dem": 246.0,
        "rh100": 26.33,
        "quality_flag": 1,
        "beam": "BEAM01"
      }
    },
    {
      "type": "Feature",
      "geometry": {
        "type": "Point",
        "coordinates": [
          -70.077116,
          -12.587076
        ]
      },
      "properties": {
        "transect_id": 8,
        "elev_lowestmode": 243.13999938964844,
        "elev_dem": 243.0,
        "rh100": 26.65,
        "quality_flag": 1,
        "beam": "BEAM01"
      }
    },
    {
      "type": "Feature",
      "geometry": {
        "type": "Point",
        "coordinates": [
          -70.076007,
          -12.586851
        ]
      },
      "properties": {
        "transect_id": 8,
        "elev_lowestmode": 235.1300048828125,
        "elev_dem": 234.0,
        "rh100": 31.21,
        "quality_flag": 1,
        "beam": "BEAM01"
      }
    },
    {
      "type": "Feature",
      "geometry": {
        "type": "Point",
        "coordinates": [
          -70.077098,
          -12.586625
        ]
      },
      "properties": {
        "transect_id": 8,
        "elev_lowestmode": 237.4600067138672,
        "elev_dem": 238.0,
        "rh100": 21.66,
        "quality_flag": 1,
        "beam": "BEAM01"
      }
    },
    {
      "type": "Feature",
      "geometry": {
        "type": "Point",
        "coordinates": [
          -70.076953,
          -12.5864
        ]
      },
      "properties": {
        "transect_id": 8,
        "elev_lowestmode": 236.58999633789062,
        "elev_dem": 237.0,
        "rh100": 22.08,
        "quality_flag": 1,
        "beam": "BEAM01"
      }
    },
    {
      "type": "Feature",
      "geometry": {
        "type": "Point",
        "coordinates": [
          -70.077192,
          -12.586175
        ]
      },
      "properties": {
        "transect_id": 8,
        "elev_lowestmode": 233.1300048828125,
        "elev_dem": 233.0,
        "rh100": 30.42,
        "quality_flag": 1,
        "beam": "BEAM01"
      }
    },
    {
      "type": "Feature",
      "geometry": {
        "type": "Point",
        "coordinates": [
          -70.076151,
          -12.58595
        ]
      },
      "properties": {
        "transect_id": 8,
        "elev_lowestmode": 231.50999450683594,
        "elev_dem": 232.0,
        "rh100": 28.41,
        "quality_flag": 1,
        "beam": "BEAM01"
      }
    },
    {
      "type": "Feature",
      "geometry": {
        "type": "Point",
        "coordinates": [
          -70.076668,
          -12.585724
        ]
      },
      "properties": {
        "transect_id": 8,
        "elev_lowestmode": 230.8800048828125,
        "elev_dem": 230.0,
        "rh100": 28.71,
        "quality_flag": 1,
        "beam": "BEAM01"
      }
    },
    {
      "type": "Feature",
      "geometry": {
        "type": "Point",
        "coordinates": [
          -70.077123,
          -12.585499
        ]
      },
      "properties": {
        "transect_id": 8,
        "elev_lowestmode": 232.1999969482422,
        "elev_dem": 233.0,
        "rh100": 28.97,
        "quality_flag": 0,
        "beam": "BEAM01"
      }
    },
    {
      "type": "Feature",
      "geometry": {
        "type": "Point",
        "coordinates": [
          -70.077432,
          -12.585274
        ]
      },
      "properties": {
        "transect_id": 8,
        "elev_lowestmode": 237.47000122070312,
        "elev_dem": 239.0,
        "rh100": 30.82,
        "quality_flag": 1,
        "beam": "BEAM01"
      }
    },
    {
      "type": "Feature",
      "geometry": {
        "type": "Point",
        "coordinates": [
          -70.077509,
          -12.585049
        ]
      },
      "properties": {
        "transect_id": 8,
        "elev_lowestmode": 240.8699951171875,
        "elev_dem": 241.0,
        "rh100": 20.0,
        "quality_flag": 1,
        "beam": "BEAM01"
      }
    },
    {
      "type": "Feature",
      "geometry": {
        "type": "Point",
        "coordinates": [
          -70.075937,
          -12.584824
        ]
      },
      "properties": {
        "transect_id": 8,
        "elev_lowestmode": 232.1699981689453,
        "elev_dem": 231.0,
        "rh100": 20.73,
        "quality_flag": 1,
        "beam": "BEAM01"
      }
    },
    {
      "type": "Feature",
      "geometry": {
        "type": "Point",
        "coordinates": [
          -70.077536,
          -12.584598
        ]
      },
      "properties": {
        "transect_id": 8,
        "elev_lowestmode": 239.4600067138672,
        "elev_dem": 240.0,
        "rh100": 24.81,
        "quality_flag": 1,
        "beam": "BEAM01"
      }
    },
    {
      "type": "Feature",
      "geometry": {
        "type": "Point",
        "coordinates": [
          -70.076974,
          -12.584373
        ]
      },
      "properties": {
        "transect_id": 8,
        "elev_lowestmode": 239.5399932861328,
        "elev_dem": 239.0,
        "rh100": 33.59,
        "quality_flag": 1,
        "beam": "BEAM01"
      }
    },
    {
      "type": "Feature",
      "geometry": {
        "type": "Point",
        "coordinates": [
          -70.075898,
          -12.584148
        ]
      },
      "properties": {
        "transect_id": 8,
        "elev_lowestmode": 238.0,
        "elev_dem": 238.0,
        "rh100": 24.13,
        "quality_flag": 0,
        "beam": "BEAM01"
      }
    },
    {
      "type": "Feature",
      "geometry": {
        "type": "Point",
        "coordinates": [
          -70.077087,
          -12.583923
        ]
      },
      "properties": {
        "transect_id": 8,
        "elev_lowestmode": 242.74000549316406,
        "elev_dem": 244.0,
        "rh100": 27.69,
        "quality_flag": 1,
        "beam": "BEAM01"
      }
    },
    {
      "type": "Feature",
      "geometry": {
        "type": "Point",
        "coordinates": [
          -70.077274,
          -12.583697
        ]
      },
      "properties": {
        "transect_id": 8,
        "elev_lowestmode": 244.05999755859375,
        "elev_dem": 243.0,
        "rh100": 26.99,
        "quality_flag": 1,
        "beam": "BEAM01"
      }
    },
    {
      "type": "Feature",
      "geometry": {
        "type": "Point",
        "coordinates": [
          -70.076822,
          -12.583472
        ]
      },
      "properties": {
        "transect_id": 8,
        "elev_lowestmode": 241.75,
        "elev_dem": 240.0,
        "rh100": 20.99,
        "quality_flag": 1,
        "beam": "BEAM01"
      }
    },
    {
      "type": "Feature",
      "geometry": {
        "type": "Point",
        "coordinates": [
          -70.07663,
          -12.583247
        ]
      },
      "properties": {
        "transect_id": 8,
        "elev_lowestmode": 238.44000244140625,
        "elev_dem": 238.0,
        "rh100": 30.57,
        "quality_flag": 1,
        "beam": "BEAM01"
      }
    },
    {
      "type": "Feature",
      "geometry": {
        "type": "Point",
        "coordinates": [
          -70.077672,
          -12.583022
        ]
      },
      "properties": {
        "transect_id": 8,
        "elev_lowestmode": 246.94000244140625,
        "elev_dem": 245.0,
        "rh100": 25.54,
        "quality_flag": 1,
        "beam": "BEAM01"
      }
    },
    {
      "type": "Feature",
      "geometry": {
        "type": "Point",
        "coordinates": [
          -70.077308,
          -12.582797
        ]
      },
      "properties": {
        "transect_id": 8,
        "elev_lowestmode": 243.47000122070312,
        "elev_dem": 243.0,
        "rh100": 29.39,
        "quality_flag": 1,
        "beam": "BEAM01"
      }
    },
    {
      "type": "Feature",
      "geometry": {
        "type": "Point",
        "coordinates": [
          -70.076144,
          -12.582571
        ]
      },
      "properties": {
        "transect_id": 8,
        "elev_lowestmode": 242.02000427246094,
        "elev_dem": 242.0,
        "rh100": 32.39,
        "quality_flag": 1,
        "beam": "BEAM01"
      }
    },
    {
      "type": "Feature",
      "geometry": {
        "type": "Point",
        "coordinates": [
          -70.076442,
          -12.582346
        ]
      },
      "properties": {
        "transect_id": 8,
        "elev_lowestmode": 240.86000061035156,
        "elev_dem": 240.0,
        "rh100": 27.63,
        "quality_flag": 0,
        "beam": "BEAM01"
      }
    },
    {
      "type": "Feature",
      "geometry": {
        "type": "Point",
        "coordinates": [
          -70.076696,
          -12.582121
        ]
      },
      "properties": {
        "transect_id": 8,
        "elev_lowestmode": 239.64999389648438,
        "elev_dem": 241.0,
        "rh100": 20.57,
        "quality_flag": 1,
        "beam": "BEAM01"
      }
    },
    {
      "type": "Feature",
      "geometry": {
        "type": "Point",
        "coordinates": [
          -70.077549,
          -12.581896
        ]
      },
      "properties": {
        "transect_id": 8,
        "elev_lowestmode": 242.89999389648438,
        "elev_dem": 242.0,
        "rh100": 33.11,
        "quality_flag": 1,
        "beam": "BEAM01"
      }
    },
    {
      "type": "Feature",
      "geometry": {
        "type": "Point",
        "coordinates": [
          -70.076207,
          -12.58167
        ]
      },
      "properties": {
        "transect_id": 8,
        "elev_lowestmode": 236.2100067138672,
        "elev_dem": 236.0,
        "rh100": 34.18,
        "quality_flag": 1,
        "beam": "BEAM01"
      }
    },
    {
      "type": "Feature",
      "geometry": {
        "type": "Point",
        "coordinates": [
          -70.076415,
          -12.581445
        ]
      },
      "properties": {
        "transect_id": 8,
        "elev_lowestmode": 239.14999389648438,
        "elev_dem": 238.0,
        "rh100": 21.97,
        "quality_flag": 1,
        "beam": "BEAM01"
      }
    },
    {
      "type": "Feature",
      "geometry": {
        "type": "Point",
        "coordinates": [
          -70.076394,
          -12.58122
        ]
      },
      "properties": {
        "transect_id": 8,
        "elev_lowestmode": 239.27999877929688,
        "elev_dem": 239.0,
        "rh100": 25.43,
        "quality_flag": 1,
        "beam": "BEAM01"
      }
    },
    {
      "type": "Feature",
      "geometry": {
        "type": "Point",
        "coordinates": [
          -70.076269,
          -12.580995
        ]
      },
      "properties": {
        "transect_id": 8,
        "elev_lowestmode": 237.38999938964844,
        "elev_dem": 239.0,
        "rh100": 23.62,
        "quality_flag": 1,
        "beam": "BEAM01"
      }
    },
    {
      "type": "Feature",
      "geometry": {
        "type": "Point",
        "coordinates": [
          -70.077047,
          -12.58077
        ]
      },
      "properties": {
        "transect_id": 8,
        "elev_lowestmode": 242.97999572753906,
        "elev_dem": 242.0,
        "rh100": 24.71,
        "quality_flag": 1,
        "beam": "BEAM01"
      }
    },
    {
      "type": "Feature",
      "geometry": {
        "type": "Point",
        "coordinates": [
          -70.07744,
          -12.580544
        ]
      },
      "properties": {
        "transect_id": 8,
        "elev_lowestmode": 239.47999572753906,
        "elev_dem": 241.0,
        "rh100": 27.07,
        "quality_flag": 1,
        "beam": "BEAM01"
      }
    },
    {
      "type": "Feature",
      "geometry": {
        "type": "Point",
        "coordinates": [
          -70.077346,
          -12.580319
        ]
      },
      "properties": {
        "transect_id": 8,
        "elev_lowestmode": 236.25,
        "elev_dem": 237.0,
        "rh100": 20.94,
        "quality_flag": 1,
        "beam": "BEAM01"
      }
    },
    {
      "type": "Feature",
      "geometry": {
        "type": "Point",
        "coordinates": [
          -70.076213,
          -12.580094
        ]
      },
      "properties": {
        "transect_id": 8,
        "elev_lowestmode": 228.67999267578125,
        "elev_dem": 229.0,
        "rh100": 24.54,
        "quality_flag": 1,
        "beam": "BEAM01"
      }
    },
    {
      "type": "Feature",
      "geometry": {
        "type": "Point",
        "coordinates": [
          -70.075987,
          -12.579869
        ]
      },
      "properties": {
        "transect_id": 8,
        "elev_lowestmode": 227.55999755859375,
        "elev_dem": 229.0,
        "rh100": 20.57,
        "quality_flag": 1,
        "beam": "BEAM01"
      }
    },
    {
      "type": "Feature",
      "geometry": {
        "type": "Point",
        "coordinates": [
          -70.077834,
          -12.579643
        ]
      },
      "properties": {
        "transect_id": 8,
        "elev_lowestmode": 219.9600067138672,
        "elev_dem": 221.0,
        "rh100": 25.25,
        "quality_flag": 1,
        "beam": "BEAM01"
      }
    },
    {
      "type": "Feature",
      "geometry": {
        "type": "Point",
        "coordinates": [
          -70.077692,
          -12.579418
        ]
      },
      "properties": {
        "transect_id": 8,
        "elev_lowestmode": 218.74000549316406,
        "elev_dem": 217.0,
        "rh100": 30.93,
        "quality_flag": 1,
        "beam": "BEAM01"
      }
    },
    {
      "type": "Feature",
      "geometry": {
        "type": "Point",
        "coordinates": [
          -70.076156,
          -12.579193
        ]
      },
      "properties": {
        "transect_id": 8,
        "elev_lowestmode": 222.8699951171875,
        "elev_dem": 225.0,
        "rh100": 22.02,
        "quality_flag": 1,
        "beam": "BEAM01"
      }
    },
    {
      "type": "Feature",
      "geometry": {
        "type": "Point",
        "coordinates": [
          -70.076611,
          -12.578968
        ]
      },
      "properties": {
        "transect_id": 8,
        "elev_lowestmode": 225.1999969482422,
        "elev_dem": 226.0,
        "rh100": 21.68,
        "quality_flag": 1,
        "beam": "BEAM01"
      }
    },
    {
      "type": "Feature",
      "geometry": {
        "type": "Point",
        "coordinates": [
          -70.077263,
          -12.578742
        ]
      },
      "properties": {
        "transect_id": 8,
        "elev_lowestmode": 229.67999267578125,
        "elev_dem": 229.0,
        "rh100": 27.94,
        "quality_flag": 1,
        "beam": "BEAM01"
      }
    },
    {
      "type": "Feature",
      "geometry": {
        "type": "Point",
        "coordinates": [
          -70.076626,
          -12.578517
        ]
      },
      "properties": {
        "transect_id": 8,
        "elev_lowestmode": 231.44000244140625,
        "elev_dem": 232.0,
        "rh100": 27.04,
        "quality_flag": 1,
        "beam": "BEAM01"
      }
    },
    {
      "type": "Feature",
      "geometry": {
        "type": "Point",
        "coordinates": [
          -70.075902,
          -12.578292
        ]
      },
      "properties": {
        "transect_id": 8,
        "elev_lowestmode": 237.8300018310547,
        "elev_dem": 239.0,
        "rh100": 31.28,
        "quality_flag": 0,
        "beam": "BEAM01"
      }
    },
    {
      "type": "Feature",
      "geometry": {
        "type": "Point",
        "coordinates": [
          -70.076949,
          -12.578067
        ]
      },
      "properties": {
        "transect_id": 8,
        "elev_lowestmode": 229.47999572753906,
        "elev_dem": 230.0,
        "rh100": 29.32,
        "quality_flag": 1,
        "beam": "BEAM01"
      }
    },
    {
      "type": "Feature",
      "geometry": {
        "type": "Point",
        "coordinates": [
          -70.077463,
          -12.577842
        ]
      },
      "properties": {
        "transect_id": 8,
        "elev_lowestmode": 236.3800048828125,
        "elev_dem": 235.0,
        "rh100": 32.44,
        "quality_flag": 1,
        "beam": "BEAM01"
      }
    },
    {
      "type": "Feature",
      "geometry": {
        "type": "Point",
        "coordinates": [
          -70.077429,
          -12.577616
        ]
      },
      "properties": {
        "transect_id": 8,
        "elev_lowestmode": 235.74000549316406,
        "elev_dem": 237.0,
        "rh100": 27.7,
        "quality_flag": 1,
        "beam": "BEAM01"
      }
    },
    {
      "type": "Feature",
      "geometry": {
        "type": "Point",
        "coordinates": [
          -70.07666,
          -12.577391
        ]
      },
      "properties": {
        "transect_id": 8,
        "elev_lowestmode": 235.16000366210938,
        "elev_dem": 235.0,
        "rh100": 28.36,
        "quality_flag": 1,
        "beam": "BEAM01"
      }
    },
    {
      "type": "Feature",
      "geometry": {
        "type": "Point",
        "coordinates": [
          -70.077458,
          -12.577166
        ]
      },
      "properties": {
        "transect_id": 8,
        "elev_lowestmode": 236.50999450683594,
        "elev_dem": 236.0,
        "rh100": 29.81,
        "quality_flag": 1,
        "beam": "BEAM01"
      }
    },
    {
      "type": "Feature",
      "geometry": {
        "type": "Point",
        "coordinates": [
          -70.077667,
          -12.576941
        ]
      },
      "properties": {
        "transect_id": 8,
        "elev_lowestmode": 231.0500030517578,
        "elev_dem": 230.0,
        "rh100": 26.21,
        "quality_flag": 1,
        "beam": "BEAM01"
      }
    },
    {
      "type": "Feature",
      "geometry": {
        "type": "Point",
        "coordinates": [
          -70.077456,
          -12.576715
        ]
      },
      "properties": {
        "transect_id": 8,
        "elev_lowestmode": 227.72999572753906,
        "elev_dem": 228.0,
        "rh100": 31.7,
        "quality_flag": 1,
        "beam": "BEAM01"
      }
    },
    {
      "type": "Feature",
      "geometry": {
        "type": "Point",
        "coordinates": [
          -70.076416,
          -12.57649
        ]
      },
      "properties": {
        "transect_id": 8,
        "elev_lowestmode": 228.6999969482422,
        "elev_dem": 228.0,
        "rh100": 29.47,
        "quality_flag": 1,
        "beam": "BEAM01"
      }
    },
    {
      "type": "Feature",
      "geometry": {
        "type": "Point",
        "coordinates": [
          -70.077718,
          -12.576265
        ]
      },
      "properties": {
        "transect_id": 8,
        "elev_lowestmode": 228.4199981689453,
        "elev_dem": 227.0,
        "rh100": 20.79,
        "quality_flag": 1,
        "beam": "BEAM01"
      }
    },
    {
      "type": "Feature",
      "geometry": {
        "type": "Point",
        "coordinates": [
          -70.076014,
          -12.57604
        ]
      },
      "properties": {
        "transect_id": 8,
        "elev_lowestmode": 224.17999267578125,
        "elev_dem": 223.0,
        "rh100": 34.46,
        "quality_flag": 1,
        "beam": "BEAM01"
      }
    },
    {
      "type": "Feature",
      "geometry": {
        "type": "Point",
        "coordinates": [
          -70.076162,
          -12.575815
        ]
      },
      "properties": {
        "transect_id": 8,
        "elev_lowestmode": 225.44000244140625,
        "elev_dem": 225.0,
        "rh100": 33.66,
        "quality_flag": 1,
        "beam": "BEAM01"
      }
    },
    {
      "type": "Feature",
      "geometry": {
        "type": "Point",
        "coordinates": [
          -70.077414,
          -12.575589
        ]
      },
      "properties": {
        "transect_id": 8,
        "elev_lowestmode": 239.11000061035156,
        "elev_dem": 238.0,
        "rh100": 24.66,
        "quality_flag": 1,
        "beam": "BEAM01"
      }
    },
    {
      "type": "Feature",
      "geometry": {
        "type": "Point",
        "coordinates": [
          -70.076889,
          -12.575364
        ]
      },
      "properties": {
        "transect_id": 8,
        "elev_lowestmode": 238.8000030517578,
        "elev_dem": 239.0,
        "rh100": 29.73,
        "quality_flag": 1,
        "beam": "BEAM01"
      }
    },
    {
      "type": "Feature",
      "geometry": {
        "type": "Point",
        "coordinates": [
          -70.077827,
          -12.575139
        ]
      },
      "properties": {
        "transect_id": 8,
        "elev_lowestmode": 241.22999572753906,
        "elev_dem": 241.0,
        "rh100": 24.34,
        "quality_flag": 0,
        "beam": "BEAM01"
      }
    },
    {
      "type": "Feature",
      "geometry": {
        "type": "Point",
        "coordinates": [
          -70.077684,
          -12.574914
        ]
      },
      "properties": {
        "transect_id": 8,
        "elev_lowestmode": 241.7100067138672,
        "elev_dem": 241.0,
        "rh100": 20.9,
        "quality_flag": 1,
        "beam": "BEAM01"
      }
    },
    {
      "type": "Feature",
      "geometry": {
        "type": "Point",
        "coordinates": [
          -70.077087,
          -12.574688
        ]
      },
      "properties": {
        "transect_id": 8,
        "elev_lowestmode": 243.02999877929688,
        "elev_dem": 242.0,
        "rh100": 29.98,
        "quality_flag": 0,
        "beam": "BEAM01"
      }
    },
    {
      "type": "Feature",
      "geometry": {
        "type": "Point",
        "coordinates": [
          -70.076385,
          -12.574463
        ]
      },
      "properties": {
        "transect_id": 8,
        "elev_lowestmode": 242.1199951171875,
        "elev_dem": 242.0,
        "rh100": 28.03,
        "quality_flag": 1,
        "beam": "BEAM01"
      }
    },
    {
      "type": "Feature",
      "geometry": {
        "type": "Point",
        "coordinates": [
          -70.076086,
          -12.574238
        ]
      },
      "properties": {
        "transect_id": 8,
        "elev_lowestmode": 243.91000366210938,
        "elev_dem": 244.0,
        "rh100": 33.02,
        "quality_flag": 1,
        "beam": "BEAM01"
      }
    },
    {
      "type": "Feature",
      "geometry": {
        "type": "Point",
        "coordinates": [
          -70.077223,
          -12.574013
        ]
      },
      "properties": {
        "transect_id": 8,
        "elev_lowestmode": 243.27000427246094,
        "elev_dem": 242.0,
        "rh100": 26.98,
        "quality_flag": 1,
        "beam": "BEAM01"
      }
    },
    {
      "type": "Feature",
      "geometry": {
        "type": "Point",
        "coordinates": [
          -70.07764,
          -12.573788
        ]
      },
      "properties": {
        "transect_id": 8,
        "elev_lowestmode": 241.6300048828125,
        "elev_dem": 242.0,
        "rh100": 27.02,
        "quality_flag": 1,
        "beam": "BEAM01"
      }
    },
    {
      "type": "Feature",
      "geometry": {
        "type": "Point",
        "coordinates": [
          -70.075946,
          -12.573562
        ]
      },
      "properties": {
        "transect_id": 8,
        "elev_lowestmode": 242.5800018310547,
        "elev_dem": 244.0,
        "rh100": 31.32,
        "quality_flag": 1,
        "beam": "BEAM01"
      }
    },
    {
      "type": "Feature",
      "geometry": {
        "type": "Point",
        "coordinates": [
          -70.077639,
          -12.573337
        ]
      },
      "properties": {
        "transect_id": 8,
        "elev_lowestmode": 241.0399932861328,
        "elev_dem": 242.0,
        "rh100": 25.13,
        "quality_flag": 1,
        "beam": "BEAM01"
      }
    },
    {
      "type": "Feature",
      "geometry": {
        "type": "Point",
        "coordinates": [
          -70.076869,
          -12.573112
        ]
      },
      "properties": {
        "transect_id": 8,
        "elev_lowestmode": 243.1300048828125,
        "elev_dem": 241.0,
        "rh100": 25.27,
        "quality_flag": 1,
        "beam": "BEAM01"
      }
    },
    {
      "type": "Feature",
      "geometry": {
        "type": "Point",
        "coordinates": [
          -70.076046,
          -12.572887
        ]
      },
      "properties": {
        "transect_id": 8,
        "elev_lowestmode": 240.25,
        "elev_dem": 239.0,
        "rh100": 29.62,
        "quality_flag": 1,
        "beam": "BEAM01"
      }
    },
    {
      "type": "Feature",
      "geometry": {
        "type": "Point",
        "coordinates": [
          -70.076211,
          -12.572661
        ]
      },
      "properties": {
        "transect_id": 8,
        "elev_lowestmode": 239.67999267578125,
        "elev_dem": 239.0,
        "rh100": 25.36,
        "quality_flag": 1,
        "beam": "BEAM01"
      }
    },
    {
      "type": "Feature",
      "geometry": {
        "type": "Point",
        "coordinates": [
          -70.077474,
          -12.572436
        ]
      },
      "properties": {
        "transect_id": 8,
        "elev_lowestmode": 236.27999877929688,
        "elev_dem": 236.0,
        "rh100": 30.18,
        "quality_flag": 1,
        "beam": "BEAM01"
      }
    },
    {
      "type": "Feature",
      "geometry": {
        "type": "Point",
        "coordinates": [
          -70.077649,
          -12.572211
        ]
      },
      "properties": {
        "transect_id": 8,
        "elev_lowestmode": 238.4600067138672,
        "elev_dem": 239.0,
        "rh100": 34.71,
        "quality_flag": 1,
        "beam": "BEAM01"
      }
    },
    {
      "type": "Feature",
      "geometry": {
        "type": "Point",
        "coordinates": [
          -70.077338,
          -12.571986
        ]
      },
      "properties": {
        "transect_id": 8,
        "elev_lowestmode": 241.1300048828125,
        "elev_dem": 240.0,
        "rh100": 33.07,
        "quality_flag": 1,
        "beam": "BEAM01"
      }
    },
    {
      "type": "Feature",
      "geometry": {
        "type": "Point",
        "coordinates": [
          -70.076861,
          -12.571761
        ]
      },
      "properties": {
        "transect_id": 8,
        "elev_lowestmode": 236.72999572753906,
        "elev_dem": 238.0,
        "rh100": 28.52,
        "quality_flag": 0,
        "beam": "BEAM01"
      }
    },
    {
      "type": "Feature",
      "geometry": {
        "type": "Point",
        "coordinates": [
          -70.077506,
          -12.571535
        ]
      },
      "properties": {
        "transect_id": 8,
        "elev_lowestmode": 240.47000122070312,
        "elev_dem": 241.0,
        "rh100": 21.72,
        "quality_flag": 1,
        "beam": "BEAM01"
      }
    },
    {
      "type": "Feature",
      "geometry": {
        "type": "Point",
        "coordinates": [
          -70.076222,
          -12.57131
        ]
      },
      "properties": {
        "transect_id": 8,
        "elev_lowestmode": 238.42999267578125,
        "elev_dem": 237.0,
        "rh100": 26.8,
        "quality_flag": 1,
        "beam": "BEAM01"
      }
    },
    {
      "type": "Feature",
      "geometry": {
        "type": "Point",
        "coordinates": [
          -70.077704,
          -12.571085
        ]
      },
      "properties": {
        "transect_id": 8,
        "elev_lowestmode": 232.75,
        "elev_dem": 234.0,
        "rh100": 23.28,
        "quality_flag": 1,
        "beam": "BEAM01"
      }
    },
    {
      "type": "Feature",
      "geometry": {
        "type": "Point",
        "coordinates": [
          -70.076339,
          -12.57086
        ]
      },
      "properties": {
        "transect_id": 8,
        "elev_lowestmode": 236.61000061035156,
        "elev_dem": 236.0,
        "rh100": 31.66,
        "quality_flag": 1,
        "beam": "BEAM01"
      }
    },
    {
      "type": "Feature",
      "geometry": {
        "type": "Point",
        "coordinates": [
          -70.076565,
          -12.570634
        ]
      },
      "properties": {
        "transect_id": 8,
        "elev_lowestmode": 236.6999969482422,
        "elev_dem": 237.0,
        "rh100": 30.47,
        "quality_flag": 1,
        "beam": "BEAM01"
      }
    },
    {
      "type": "Feature",
      "geometry": {
        "type": "Point",
        "coordinates": [
          -70.076505,
          -12.570409
        ]
      },
      "properties": {
        "transect_id": 8,
        "elev_lowestmode": 242.94000244140625,
        "elev_dem": 241.0,
        "rh100": 24.28,
        "quality_flag": 1,
        "beam": "BEAM01"
      }
    },
    {
      "type": "Feature",
      "geometry": {
        "type": "Point",
        "coordinates": [
          -70.077143,
          -12.570184
        ]
      },
      "properties": {
        "transect_id": 8,
        "elev_lowestmode": 241.9600067138672,
        "elev_dem": 241.0,
        "rh100": 27.67,
        "quality_flag": 1,
        "beam": "BEAM01"
      }
    },
    {
      "type": "Feature",
      "geometry": {
        "type": "Point",
        "coordinates": [
          -70.077183,
          -12.569959
        ]
      },
      "properties": {
        "transect_id": 8,
        "elev_lowestmode": 240.9499969482422,
        "elev_dem": 242.0,
        "rh100": 33.79,
        "quality_flag": 1,
        "beam": "BEAM01"
      }
    },
    {
      "type": "Feature",
      "geometry": {
        "type": "Point",
        "coordinates": [
          -70.076862,
          -12.569733
        ]
      },
      "properties": {
        "transect_id": 8,
        "elev_lowestmode": 241.8800048828125,
        "elev_dem": 242.0,
        "rh100": 33.01,
        "quality_flag": 1,
        "beam": "BEAM01"
      }
    },
    {
      "type": "Feature",
      "geometry": {
        "type": "Point",
        "coordinates": [
          -70.077194,
          -12.569508
        ]
      },
      "properties": {
        "transect_id": 8,
        "elev_lowestmode": 237.92999267578125,
        "elev_dem": 241.0,
        "rh100": 30.84,
        "quality_flag": 1,
        "beam": "BEAM01"
      }
    },
    {
      "type": "Feature",
      "geometry": {
        "type": "Point",
        "coordinates": [
          -70.077028,
          -12.569283
        ]
      },
      "properties": {
        "transect_id": 8,
        "elev_lowestmode": 239.67999267578125,
        "elev_dem": 240.0,
        "rh100": 28.71,
        "quality_flag": 1,
        "beam": "BEAM01"
      }
    },
    {
      "type": "Feature",
      "geometry": {
        "type": "Point",
        "coordinates": [
          -70.076567,
          -12.569058
        ]
      },
      "properties": {
        "transect_id": 8,
        "elev_lowestmode": 239.72000122070312,
        "elev_dem": 240.0,
        "rh100": 24.83,
        "quality_flag": 1,
        "beam": "BEAM01"
      }
    },
    {
      "type": "Feature",
      "geometry": {
        "type": "Point",
        "coordinates": [
          -70.077093,
          -12.568833
        ]
      },
      "properties": {
        "transect_id": 8,
        "elev_lowestmode": 242.0,
        "elev_dem": 242.0,
        "rh100": 33.04,
        "quality_flag": 1,
        "beam": "BEAM01"
      }
    },
    {
      "type": "Feature",
      "geometry": {
        "type": "Point",
        "coordinates": [
          -70.07715,
          -12.568607
        ]
      },
      "properties": {
        "transect_id": 8,
        "elev_lowestmode": 241.4600067138672,
        "elev_dem": 242.0,
        "rh100": 22.9,
        "quality_flag": 1,
        "beam": "BEAM01"
      }
    },
    {
      "type": "Feature",
      "geometry": {
        "type": "Point",
        "coordinates": [
          -70.076176,
          -12.568382
        ]
      },
      "properties": {
        "transect_id": 8,
        "elev_lowestmode": 234.64999389648438,
        "elev_dem": 234.0,
        "rh100": 21.61,
        "quality_flag": 1,
        "beam": "BEAM01"
      }
    },
    {
      "type": "Feature",
      "geometry": {
        "type": "Point",
        "coordinates": [
          -70.077432,
          -12.568157
        ]
      },
      "properties": {
        "transect_id": 8,
        "elev_lowestmode": 233.22000122070312,
        "elev_dem": 234.0,
        "rh100": 27.32,
        "quality_flag": 1,
        "beam": "BEAM01"
      }
    },
    {
      "type": "Feature",
      "geometry": {
        "type": "Point",
        "coordinates": [
          -70.076557,
          -12.567932
        ]
      },
      "properties": {
        "transect_id": 8,
        "elev_lowestmode": 238.2100067138672,
        "elev_dem": 238.0,
        "rh100": 20.74,
        "quality_flag": 1,
        "beam": "BEAM01"
      }
    },
    {
      "type": "Feature",
      "geometry": {
        "type": "Point",
        "coordinates": [
          -70.076704,
          -12.567706
        ]
      },
      "properties": {
        "transect_id": 8,
        "elev_lowestmode": 235.80999755859375,
        "elev_dem": 234.0,
        "rh100": 26.54,
        "quality_flag": 0,
        "beam": "BEAM01"
      }
    },
    {
      "type": "Feature",
      "geometry": {
        "type": "Point",
        "coordinates": [
          -70.077384,
          -12.567481
        ]
      },
      "properties": {
        "transect_id": 8,
        "elev_lowestmode": 234.3699951171875,
        "elev_dem": 234.0,
        "rh100": 26.41,
        "quality_flag": 1,
        "beam": "BEAM01"
      }
    },
    {
      "type": "Feature",
      "geometry": {
        "type": "Point",
        "coordinates": [
          -70.076391,
          -12.567256
        ]
      },
      "properties": {
        "transect_id": 8,
        "elev_lowestmode": 232.3699951171875,
        "elev_dem": 233.0,
        "rh100": 31.99,
        "quality_flag": 0,
        "beam": "BEAM01"
      }
    },
    {
      "type": "Feature",
      "geometry": {
        "type": "Point",
        "coordinates": [
          -70.077475,
          -12.567031
        ]
      },
      "properties": {
        "transect_id": 8,
        "elev_lowestmode": 236.82000732421875,
        "elev_dem": 239.0,
        "rh100": 25.38,
        "quality_flag": 1,
        "beam": "BEAM01"
      }
    },
    {
      "type": "Feature",
      "geometry": {
        "type": "Point",
        "coordinates": [
          -70.076627,
          -12.566806
        ]
      },
      "properties": {
        "transect_id": 8,
        "elev_lowestmode": 235.1199951171875,
        "elev_dem": 235.0,
        "rh100": 30.33,
        "quality_flag": 1,
        "beam": "BEAM01"
      }
    },
    {
      "type": "Feature",
      "geometry": {
        "type": "Point",
        "coordinates": [
          -70.077272,
          -12.56658
        ]
      },
      "properties": {
        "transect_id": 8,
        "elev_lowestmode": 237.08999633789062,
        "elev_dem": 237.0,
        "rh100": 27.23,
        "quality_flag": 0,
        "beam": "BEAM01"
      }
    },
    {
      "type": "Feature",
      "geometry": {
        "type": "Point",
        "coordinates": [
          -70.077249,
          -12.566355
        ]
      },
      "properties": {
        "transect_id": 8,
        "elev_lowestmode": 236.36000061035156,
        "elev_dem": 236.0,
        "rh100": 23.23,
        "quality_flag": 1,
        "beam": "BEAM01"
      }
    },
    {
      "type": "Feature",
      "geometry": {
        "type": "Point",
        "coordinates": [
          -70.076232,
          -12.56613
        ]
      },
      "properties": {
        "transect_id": 8,
        "elev_lowestmode": 235.80999755859375,
        "elev_dem": 236.0,
        "rh100": 30.92,
        "quality_flag": 1,
        "beam": "BEAM01"
      }
    },
    {
      "type": "Feature",
      "geometry": {
        "type": "Point",
        "coordinates": [
          -70.07762,
          -12.565905
        ]
      },
      "properties": {
        "transect_id": 8,
        "elev_lowestmode": 237.44000244140625,
        "elev_dem": 237.0,
        "rh100": 22.74,
        "quality_flag": 1,
        "beam": "BEAM01"
      }
    },
    {
      "type": "Feature",
      "geometry": {
        "type": "Point",
        "coordinates": [
          -70.076335,
          -12.565679
        ]
      },
      "properties": {
        "transect_id": 8,
        "elev_lowestmode": 240.10000610351562,
        "elev_dem": 241.0,
        "rh100": 20.31,
        "quality_flag": 1,
        "beam": "BEAM01"
      }
    },
    {
      "type": "Feature",
      "geometry": {
        "type": "Point",
        "coordinates": [
          -70.076076,
          -12.565454
        ]
      },
      "properties": {
        "transect_id": 8,
        "elev_lowestmode": 238.85000610351562,
        "elev_dem": 239.0,
        "rh100": 27.66,
        "quality_flag": 0,
        "beam": "BEAM01"
      }
    },
    {
      "type": "Feature",
      "geometry": {
        "type": "Point",
        "coordinates": [
          -70.076771,
          -12.565229
        ]
      },
      "properties": {
        "transect_id": 8,
        "elev_lowestmode": 243.8300018310547,
        "elev_dem": 245.0,
        "rh100": 21.63,
        "quality_flag": 1,
        "beam": "BEAM01"
      }
    },
    {
      "type": "Feature",
      "geometry": {
        "type": "Point",
        "coordinates": [
          -70.077578,
          -12.565004
        ]
      },
      "properties": {
        "transect_id": 8,
        "elev_lowestmode": 241.2100067138672,
        "elev_dem": 241.0,
        "rh100": 31.89,
        "quality_flag": 1,
        "beam": "BEAM01"
      }
    },
    {
      "type": "Feature",
      "geometry": {
        "type": "Point",
        "coordinates": [
          -70.077581,
          -12.564779
        ]
      },
      "properties": {
        "transect_id": 8,
        "elev_lowestmode": 240.82000732421875,
        "elev_dem": 242.0,
        "rh100": 27.14,
        "quality_flag": 0,
        "beam": "BEAM01"
      }
    },
    {
      "type": "Feature",
      "geometry": {
        "type": "Point",
        "coordinates": [
          -70.077579,
          -12.564553
        ]
      },
      "properties": {
        "transect_id": 8,
        "elev_lowestmode": 241.6699981689453,
        "elev_dem": 242.0,
        "rh100": 28.51,
        "quality_flag": 1,
        "beam": "BEAM01"
      }
    },
    {
      "type": "Feature",
      "geometry": {
        "type": "Point",
        "coordinates": [
          -70.077183,
          -12.564328
        ]
      },
      "properties": {
        "transect_id": 8,
        "elev_lowestmode": 241.3800048828125,
        "elev_dem": 242.0,
        "rh100": 32.7,
        "quality_flag": 0,
        "beam": "BEAM01"
      }
    },
    {
      "type": "Feature",
      "geometry": {
        "type": "Point",
        "coordinates": [
          -70.07611,
          -12.564103
        ]
      },
      "properties": {
        "transect_id": 8,
        "elev_lowestmode": 243.69000244140625,
        "elev_dem": 244.0,
        "rh100": 23.14,
        "quality_flag": 1,
        "beam": "BEAM01"
      }
    },
    {
      "type": "Feature",
      "geometry": {
        "type": "Point",
        "coordinates": [
          -70.076311,
          -12.563878
        ]
      },
      "properties": {
        "transect_id": 8,
        "elev_lowestmode": 244.39999389648438,
        "elev_dem": 243.0,
        "rh100": 20.92,
        "quality_flag": 1,
        "beam": "BEAM01"
      }
    },
    {
      "type": "Feature",
      "geometry": {
        "type": "Point",
        "coordinates": [
          -70.076397,
          -12.563652
        ]
      },
      "properties": {
        "transect_id": 8,
        "elev_lowestmode": 242.22999572753906,
        "elev_dem": 242.0,
        "rh100": 33.93,
        "quality_flag": 1,
        "beam": "BEAM01"
      }
    },
    {
      "type": "Feature",
      "geometry": {
        "type": "Point",
        "coordinates": [
          -70.076923,
          -12.563427
        ]
      },
      "properties": {
        "transect_id": 8,
        "elev_lowestmode": 243.44000244140625,
        "elev_dem": 244.0,
        "rh100": 29.11,
        "quality_flag": 1,
        "beam": "BEAM01"
      }
    },
    {
      "type": "Feature",
      "geometry": {
        "type": "Point",
        "coordinates": [
          -70.076798,
          -12.563202
        ]
      },
      "properties": {
        "transect_id": 8,
        "elev_lowestmode": 243.10000610351562,
        "elev_dem": 243.0,
        "rh100": 33.87,
        "quality_flag": 1,
        "beam": "BEAM01"
      }
    },
    {
      "type": "Feature",
      "geometry": {
        "type": "Point",
        "coordinates": [
          -70.076846,
          -12.562977
        ]
      },
      "properties": {
        "transect_id": 8,
        "elev_lowestmode": 242.92999267578125,
        "elev_dem": 243.0,
        "rh100": 28.57,
        "quality_flag": 1,
        "beam": "BEAM01"
      }
    },
    {
      "type": "Feature",
      "geometry": {
        "type": "Point",
        "coordinates": [
          -70.075858,
          -12.562752
        ]
      },
      "properties": {
        "transect_id": 8,
        "elev_lowestmode": 241.86000061035156,
        "elev_dem": 240.0,
        "rh100": 28.38,
        "quality_flag": 1,
        "beam": "BEAM01"
      }
    },
    {
      "type": "Feature",
      "geometry": {
        "type": "Point",
        "coordinates": [
          -70.076263,
          -12.562526
        ]
      },
      "properties": {
        "transect_id": 8,
        "elev_lowestmode": 243.7100067138672,
        "elev_dem": 245.0,
        "rh100": 28.35,
        "quality_flag": 1,
        "beam": "BEAM01"
      }
    },
    {
      "type": "Feature",
      "geometry": {
        "type": "Point",
        "coordinates": [
          -70.077622,
          -12.562301
        ]
      },
      "properties": {
        "transect_id": 8,
        "elev_lowestmode": 244.8800048828125,
        "elev_dem": 245.0,
        "rh100": 28.41,
        "quality_flag": 0,
        "beam": "BEAM01"
      }
    },
    {
      "type": "Feature",
      "geometry": {
        "type": "Point",
        "coordinates": [
          -70.077802,
          -12.562076
        ]
      },
      "properties": {
        "transect_id": 8,
        "elev_lowestmode": 239.66000366210938,
        "elev_dem": 239.0,
        "rh100": 20.09,
        "quality_flag": 1,
        "beam": "BEAM01"
      }
    },
    {
      "type": "Feature",
      "geometry": {
        "type": "Point",
        "coordinates": [
          -70.077455,
          -12.561851
        ]
      },
      "properties": {
        "transect_id": 8,
        "elev_lowestmode": 242.4199981689453,
        "elev_dem": 242.0,
        "rh100": 27.81,
        "quality_flag": 1,
        "beam": "BEAM01"
      }
    },
    {
      "type": "Feature",
      "geometry": {
        "type": "Point",
        "coordinates": [
          -70.076594,
          -12.561625
        ]
      },
      "properties": {
        "transect_id": 8,
        "elev_lowestmode": 246.8699951171875,
        "elev_dem": 246.0,
        "rh100": 22.68,
        "quality_flag": 1,
        "beam": "BEAM01"
      }
    },
    {
      "type": "Feature",
      "geometry": {
        "type": "Point",
        "coordinates": [
          -70.077567,
          -12.5614
        ]
      },
      "properties": {
        "transect_id": 8,
        "elev_lowestmode": 232.10000610351562,
        "elev_dem": 231.0,
        "rh100": 21.41,
        "quality_flag": 1,
        "beam": "BEAM01"
      }
    },
    {
      "type": "Feature",
      "geometry": {
        "type": "Point",
        "coordinates": [
          -70.07735,
          -12.561175
        ]
      },
      "properties": {
        "transect_id": 8,
        "elev_lowestmode": 234.92999267578125,
        "elev_dem": 236.0,
        "rh100": 24.78,
        "quality_flag": 1,
        "beam": "BEAM01"
      }
    },
    {
      "type": "Feature",
      "geometry": {
        "type": "Point",
        "coordinates": [
          -70.077675,
          -12.56095
        ]
      },
      "properties": {
        "transect_id": 8,
        "elev_lowestmode": 233.8699951171875,
        "elev_dem": 236.0,
        "rh100": 33.16,
        "quality_flag": 1,
        "beam": "BEAM01"
      }
    },
    {
      "type": "Feature",
      "geometry": {
        "type": "Point",
        "coordinates": [
          -70.077671,
          -12.560724
        ]
      },
      "properties": {
        "transect_id": 8,
        "elev_lowestmode": 236.75999450683594,
        "elev_dem": 236.0,
        "rh100": 30.35,
        "quality_flag": 1,
        "beam": "BEAM01"
      }
    },
    {
      "type": "Feature",
      "geometry": {
        "type": "Point",
        "coordinates": [
          -70.07633,
          -12.560499
        ]
      },
      "properties": {
        "transect_id": 8,
        "elev_lowestmode": 236.72000122070312,
        "elev_dem": 236.0,
        "rh100": 25.91,
        "quality_flag": 1,
        "beam": "BEAM01"
      }
    },
    {
      "type": "Feature",
      "geometry": {
        "type": "Point",
        "coordinates": [
          -70.077688,
          -12.560274
        ]
      },
      "properties": {
        "transect_id": 8,
        "elev_lowestmode": 237.25999450683594,
        "elev_dem": 238.0,
        "rh100": 22.91,
        "quality_flag": 1,
        "beam": "BEAM01"
      }
    },
    {
      "type": "Feature",
      "geometry": {
        "type": "Point",
        "coordinates": [
          -70.076668,
          -12.560049
        ]
      },
      "properties": {
        "transect_id": 8,
        "elev_lowestmode": 238.02999877929688,
        "elev_dem": 236.0,
        "rh100": 32.22,
        "quality_flag": 1,
        "beam": "BEAM01"
      }
    },
    {
      "type": "Feature",
      "geometry": {
        "type": "Point",
        "coordinates": [
          -70.07751,
          -12.559824
        ]
      },
      "properties": {
        "transect_id": 8,
        "elev_lowestmode": 237.60000610351562,
        "elev_dem": 236.0,
        "rh100": 33.0,
        "quality_flag": 1,
        "beam": "BEAM01"
      }
    },
    {
      "type": "Feature",
      "geometry": {
        "type": "Point",
        "coordinates": [
          -70.076384,
          -12.559598
        ]
      },
      "properties": {
        "transect_id": 8,
        "elev_lowestmode": 238.1300048828125,
        "elev_dem": 237.0,
        "rh100": 25.01,
        "quality_flag": 1,
        "beam": "BEAM01"
      }
    },
    {
      "type": "Feature",
      "geometry": {
        "type": "Point",
        "coordinates": [
          -70.076912,
          -12.559373
        ]
      },
      "properties": {
        "transect_id": 8,
        "elev_lowestmode": 240.58999633789062,
        "elev_dem": 239.0,
        "rh100": 31.12,
        "quality_flag": 1,
        "beam": "BEAM01"
      }
    },
    {
      "type": "Feature",
      "geometry": {
        "type": "Point",
        "coordinates": [
          -70.077318,
          -12.559148
        ]
      },
      "properties": {
        "transect_id": 8,
        "elev_lowestmode": 240.80999755859375,
        "elev_dem": 241.0,
        "rh100": 31.16,
        "quality_flag": 1,
        "beam": "BEAM01"
      }
    },
    {
      "type": "Feature",
      "geometry": {
        "type": "Point",
        "coordinates": [
          -70.07629,
          -12.558923
        ]
      },
      "properties": {
        "transect_id": 8,
        "elev_lowestmode": 239.00999450683594,
        "elev_dem": 239.0,
        "rh100": 25.79,
        "quality_flag": 1,
        "beam": "BEAM01"
      }
    },
    {
      "type": "Feature",
      "geometry": {
        "type": "Point",
        "coordinates": [
          -70.077598,
          -12.558697
        ]
      },
      "properties": {
        "transect_id": 8,
        "elev_lowestmode": 241.82000732421875,
        "elev_dem": 241.0,
        "rh100": 29.59,
        "quality_flag": 1,
        "beam": "BEAM01"
      }
    },
    {
      "type": "Feature",
      "geometry": {
        "type": "Point",
        "coordinates": [
          -70.07778,
          -12.558472
        ]
      },
      "properties": {
        "transect_id": 8,
        "elev_lowestmode": 237.17999267578125,
        "elev_dem": 240.0,
        "rh100": 27.95,
        "quality_flag": 1,
        "beam": "BEAM01"
      }
    },
    {
      "type": "Feature",
      "geometry": {
        "type": "Point",
        "coordinates": [
          -70.076298,
          -12.558247
        ]
      },
      "properties": {
        "transect_id": 8,
        "elev_lowestmode": 238.22999572753906,
        "elev_dem": 238.0,
        "rh100": 32.87,
        "quality_flag": 1,
        "beam": "BEAM01"
      }
    },
    {
      "type": "Feature",
      "geometry": {
        "type": "Point",
        "coordinates": [
          -70.076485,
          -12.558022
        ]
      },
      "properties": {
        "transect_id": 8,
        "elev_lowestmode": 237.02000427246094,
        "elev_dem": 238.0,
        "rh100": 32.7,
        "quality_flag": 1,
        "beam": "BEAM01"
      }
    },
    {
      "type": "Feature",
      "geometry": {
        "type": "Point",
        "coordinates": [
          -70.077241,
          -12.557797
        ]
      },
      "properties": {
        "transect_id": 8,
        "elev_lowestmode": 242.47999572753906,
        "elev_dem": 240.0,
        "rh100": 28.75,
        "quality_flag": 1,
        "beam": "BEAM01"
      }
    },
    {
      "type": "Feature",
      "geometry": {
        "type": "Point",
        "coordinates": [
          -70.076653,
          -12.557571
        ]
      },
      "properties": {
        "transect_id": 8,
        "elev_lowestmode": 244.9499969482422,
        "elev_dem": 244.0,
        "rh100": 33.25,
        "quality_flag": 1,
        "beam": "BEAM01"
      }
    },
    {
      "type": "Feature",
      "geometry": {
        "type": "Point",
        "coordinates": [
          -70.077576,
          -12.557346
        ]
      },
      "properties": {
        "transect_id": 8,
        "elev_lowestmode": 242.75999450683594,
        "elev_dem": 241.0,
        "rh100": 28.89,
        "quality_flag": 1,
        "beam": "BEAM01"
      }
    },
    {
      "type": "Feature",
      "geometry": {
        "type": "Point",
        "coordinates": [
          -70.077626,
          -12.557121
        ]
      },
      "properties": {
        "transect_id": 8,
        "elev_lowestmode": 240.8300018310547,
        "elev_dem": 241.0,
        "rh100": 20.92,
        "quality_flag": 1,
        "beam": "BEAM01"
      }
    },
    {
      "type": "Feature",
      "geometry": {
        "type": "Point",
        "coordinates": [
          -70.077213,
          -12.556896
        ]
      },
      "properties": {
        "transect_id": 8,
        "elev_lowestmode": 240.24000549316406,
        "elev_dem": 239.0,
        "rh100": 21.1,
        "quality_flag": 1,
        "beam": "BEAM01"
      }
    },
    {
      "type": "Feature",
      "geometry": {
        "type": "Point",
        "coordinates": [
          -70.07747,
          -12.55667
        ]
      },
      "properties": {
        "transect_id": 8,
        "elev_lowestmode": 235.1199951171875,
        "elev_dem": 235.0,
        "rh100": 26.43,
        "quality_flag": 1,
        "beam": "BEAM01"
      }
    },
    {
      "type": "Feature",
      "geometry": {
        "type": "Point",
        "coordinates": [
          -70.077021,
          -12.556445
        ]
      },
      "properties": {
        "transect_id": 8,
        "elev_lowestmode": 241.49000549316406,
        "elev_dem": 240.0,
        "rh100": 20.89,
        "quality_flag": 1,
        "beam": "BEAM01"
      }
    },
    {
      "type": "Feature",
      "geometry": {
        "type": "Point",
        "coordinates": [
          -70.077314,
          -12.55622
        ]
      },
      "properties": {
        "transect_id": 8,
        "elev_lowestmode": 239.25999450683594,
        "elev_dem": 240.0,
        "rh100": 21.95,
        "quality_flag": 1,
        "beam": "BEAM01"
      }
    },
    {
      "type": "Feature",
      "geometry": {
        "type": "Point",
        "coordinates": [
          -70.076286,
          -12.555995
        ]
      },
      "properties": {
        "transect_id": 8,
        "elev_lowestmode": 242.14999389648438,
        "elev_dem": 243.0,
        "rh100": 23.92,
        "quality_flag": 0,
        "beam": "BEAM01"
      }
    },
    {
      "type": "Feature",
      "geometry": {
        "type": "Point",
        "coordinates": [
          -70.077556,
          -12.55577
        ]
      },
      "properties": {
        "transect_id": 8,
        "elev_lowestmode": 241.69000244140625,
        "elev_dem": 240.0,
        "rh100": 31.58,
        "quality_flag": 1,
        "beam": "BEAM01"
      }
    },
    {
      "type": "Feature",
      "geometry": {
        "type": "Point",
        "coordinates": [
          -70.077705,
          -12.555544
        ]
      },
      "properties": {
        "transect_id": 8,
        "elev_lowestmode": 240.25,
        "elev_dem": 238.0,
        "rh100": 26.95,
        "quality_flag": 1,
        "beam": "BEAM01"
      }
    },
    {
      "type": "Feature",
      "geometry": {
        "type": "Point",
        "coordinates": [
          -70.077089,
          -12.555319
        ]
      },
      "properties": {
        "transect_id": 8,
        "elev_lowestmode": 241.7899932861328,
        "elev_dem": 242.0,
        "rh100": 32.09,
        "quality_flag": 1,
        "beam": "BEAM01"
      }
    },
    {
      "type": "Feature",
      "geometry": {
        "type": "Point",
        "coordinates": [
          -70.07763,
          -12.555094
        ]
      },
      "properties": {
        "transect_id": 8,
        "elev_lowestmode": 242.8800048828125,
        "elev_dem": 242.0,
        "rh100": 24.46,
        "quality_flag": 1,
        "beam": "BEAM01"
      }
    },
    {
      "type": "Feature",
      "geometry": {
        "type": "Point",
        "coordinates": [
          -70.077627,
          -12.554869
        ]
      },
      "properties": {
        "transect_id": 8,
        "elev_lowestmode": 242.19000244140625,
        "elev_dem": 242.0,
        "rh100": 25.75,
        "quality_flag": 1,
        "beam": "BEAM01"
      }
    },
    {
      "type": "Feature",
      "geometry": {
        "type": "Point",
        "coordinates": [
          -70.076321,
          -12.554643
        ]
      },
      "properties": {
        "transect_id": 8,
        "elev_lowestmode": 239.7100067138672,
        "elev_dem": 241.0,
        "rh100": 32.47,
        "quality_flag": 1,
        "beam": "BEAM01"
      }
    },
    {
      "type": "Feature",
      "geometry": {
        "type": "Point",
        "coordinates": [
          -70.076598,
          -12.554418
        ]
      },
      "properties": {
        "transect_id": 8,
        "elev_lowestmode": 240.9600067138672,
        "elev_dem": 242.0,
        "rh100": 23.34,
        "quality_flag": 1,
        "beam": "BEAM01"
      }
    },
    {
      "type": "Feature",
      "geometry": {
        "type": "Point",
        "coordinates": [
          -70.077371,
          -12.554193
        ]
      },
      "properties": {
        "transect_id": 8,
        "elev_lowestmode": 240.35000610351562,
        "elev_dem": 240.0,
        "rh100": 22.58,
        "quality_flag": 1,
        "beam": "BEAM01"
      }
    },
    {
      "type": "Feature",
      "geometry": {
        "type": "Point",
        "coordinates": [
          -70.076341,
          -12.553968
        ]
      },
      "properties": {
        "transect_id": 8,
        "elev_lowestmode": 241.7100067138672,
        "elev_dem": 241.0,
        "rh100": 34.09,
        "quality_flag": 1,
        "beam": "BEAM01"
      }
    },
    {
      "type": "Feature",
      "geometry": {
        "type": "Point",
        "coordinates": [
          -70.076143,
          -12.553742
        ]
      },
      "properties": {
        "transect_id": 8,
        "elev_lowestmode": 241.25999450683594,
        "elev_dem": 242.0,
        "rh100": 29.88,
        "quality_flag": 1,
        "beam": "BEAM01"
      }
    },
    {
      "type": "Feature",
      "geometry": {
        "type": "Point",
        "coordinates": [
          -70.076419,
          -12.553517
        ]
      },
      "properties": {
        "transect_id": 8,
        "elev_lowestmode": 241.85000610351562,
        "elev_dem": 242.0,
        "rh100": 24.78,
        "quality_flag": 1,
        "beam": "BEAM01"
      }
    },
    {
      "type": "Feature",
      "geometry": {
        "type": "Point",
        "coordinates": [
          -70.076342,
          -12.553292
        ]
      },
      "properties": {
        "transect_id": 8,
        "elev_lowestmode": 238.92999267578125,
        "elev_dem": 241.0,
        "rh100": 33.21,
        "quality_flag": 1,
        "beam": "BEAM01"
      }
    },
    {
      "type": "Feature",
      "geometry": {
        "type": "Point",
        "coordinates": [
          -70.076306,
          -12.553067
        ]
      },
      "properties": {
        "transect_id": 8,
        "elev_lowestmode": 238.38999938964844,
        "elev_dem": 239.0,
        "rh100": 28.38,
        "quality_flag": 1,
        "beam": "BEAM01"
      }
    },
    {
      "type": "Feature",
      "geometry": {
        "type": "Point",
        "coordinates": [
          -70.077184,
          -12.552842
        ]
      },
      "properties": {
        "transect_id": 8,
        "elev_lowestmode": 237.3300018310547,
        "elev_dem": 237.0,
        "rh100": 22.78,
        "quality_flag": 1,
        "beam": "BEAM01"
      }
    },
    {
      "type": "Feature",
      "geometry": {
        "type": "Point",
        "coordinates": [
          -70.077707,
          -12.552616
        ]
      },
      "properties": {
        "transect_id": 8,
        "elev_lowestmode": 241.6199951171875,
        "elev_dem": 242.0,
        "rh100": 34.99,
        "quality_flag": 1,
        "beam": "BEAM01"
      }
    },
    {
      "type": "Feature",
      "geometry": {
        "type": "Point",
        "coordinates": [
          -70.076282,
          -12.552391
        ]
      },
      "properties": {
        "transect_id": 8,
        "elev_lowestmode": 242.1999969482422,
        "elev_dem": 241.0,
        "rh100": 30.01,
        "quality_flag": 1,
        "beam": "BEAM01"
      }
    },
    {
      "type": "Feature",
      "geometry": {
        "type": "Point",
        "coordinates": [
          -70.076023,
          -12.552166
        ]
      },
      "properties": {
        "transect_id": 8,
        "elev_lowestmode": 239.05999755859375,
        "elev_dem": 240.0,
        "rh100": 20.7,
        "quality_flag": 1,
        "beam": "BEAM01"
      }
    },
    {
      "type": "Feature",
      "geometry": {
        "type": "Point",
        "coordinates": [
          -70.077633,
          -12.551941
        ]
      },
      "properties": {
        "transect_id": 8,
        "elev_lowestmode": 240.6699981689453,
        "elev_dem": 241.0,
        "rh100": 20.73,
        "quality_flag": 1,
        "beam": "BEAM01"
      }
    },
    {
      "type": "Feature",
      "geometry": {
        "type": "Point",
        "coordinates": [
          -70.076655,
          -12.551715
        ]
      },
      "properties": {
        "transect_id": 8,
        "elev_lowestmode": 240.97999572753906,
        "elev_dem": 240.0,
        "rh100": 31.5,
        "quality_flag": 1,
        "beam": "BEAM01"
      }
    },
    {
      "type": "Feature",
      "geometry": {
        "type": "Point",
        "coordinates": [
          -70.07734,
          -12.55149
        ]
      },
      "properties": {
        "transect_id": 8,
        "elev_lowestmode": 243.08999633789062,
        "elev_dem": 244.0,
        "rh100": 21.27,
        "quality_flag": 1,
        "beam": "BEAM01"
      }
    },
    {
      "type": "Feature",
      "geometry": {
        "type": "Point",
        "coordinates": [
          -70.076386,
          -12.551265
        ]
      },
      "properties": {
        "transect_id": 8,
        "elev_lowestmode": 235.5800018310547,
        "elev_dem": 237.0,
        "rh100": 28.04,
        "quality_flag": 1,
        "beam": "BEAM01"
      }
    },
    {
      "type": "Feature",
      "geometry": {
        "type": "Point",
        "coordinates": [
          -70.07663,
          -12.55104
        ]
      },
      "properties": {
        "transect_id": 8,
        "elev_lowestmode": 239.47999572753906,
        "elev_dem": 239.0,
        "rh100": 32.79,
        "quality_flag": 1,
        "beam": "BEAM01"
      }
    },
    {
      "type": "Feature",
      "geometry": {
        "type": "Point",
        "coordinates": [
          -70.076025,
          -12.550815
        ]
      },
      "properties": {
        "transect_id": 8,
        "elev_lowestmode": 237.5,
        "elev_dem": 237.0,
        "rh100": 26.97,
        "quality_flag": 1,
        "beam": "BEAM01"
      }
    },
    {
      "type": "Feature",
      "geometry": {
        "type": "Point",
        "coordinates": [
          -70.076569,
          -12.550589
        ]
      },
      "properties": {
        "transect_id": 8,
        "elev_lowestmode": 242.7899932861328,
        "elev_dem": 242.0,
        "rh100": 32.67,
        "quality_flag": 1,
        "beam": "BEAM01"
      }
    },
    {
      "type": "Feature",
      "geometry": {
        "type": "Point",
        "coordinates": [
          -70.076002,
          -12.550364
        ]
      },
      "properties": {
        "transect_id": 8,
        "elev_lowestmode": 240.8300018310547,
        "elev_dem": 240.0,
        "rh100": 34.37,
        "quality_flag": 1,
        "beam": "BEAM01"
      }
    },
    {
      "type": "Feature",
      "geometry": {
        "type": "Point",
        "coordinates": [
          -70.076426,
          -12.550139
        ]
      },
      "properties": {
        "transect_id": 8,
        "elev_lowestmode": 241.7899932861328,
        "elev_dem": 241.0,
        "rh100": 31.18,
        "quality_flag": 1,
        "beam": "BEAM01"
      }
    },
    {
      "type": "Feature",
      "geometry": {
        "type": "Point",
        "coordinates": [
          -70.076789,
          -12.549914
        ]
      },
      "properties": {
        "transect_id": 8,
        "elev_lowestmode": 241.25999450683594,
        "elev_dem": 242.0,
        "rh100": 28.54,
        "quality_flag": 1,
        "beam": "BEAM01"
      }
    },
    {
      "type": "Feature",
      "geometry": {
        "type": "Point",
        "coordinates": [
          -70.077341,
          -12.549688
        ]
      },
      "properties": {
        "transect_id": 8,
        "elev_lowestmode": 243.3300018310547,
        "elev_dem": 243.0,
        "rh100": 21.11,
        "quality_flag": 1,
        "beam": "BEAM01"
      }
    },
    {
      "type": "Feature",
      "geometry": {
        "type": "Point",
        "coordinates": [
          -70.076351,
          -12.549463
        ]
      },
      "properties": {
        "transect_id": 8,
        "elev_lowestmode": 240.52999877929688,
        "elev_dem": 242.0,
        "rh100": 34.21,
        "quality_flag": 1,
        "beam": "BEAM01"
      }
    },
    {
      "type": "Feature",
      "geometry": {
        "type": "Point",
        "coordinates": [
          -70.076234,
          -12.549238
        ]
      },
      "properties": {
        "transect_id": 8,
        "elev_lowestmode": 241.72000122070312,
        "elev_dem": 243.0,
        "rh100": 28.32,
        "quality_flag": 1,
        "beam": "BEAM01"
      }
    },
    {
      "type": "Feature",
      "geometry": {
        "type": "Point",
        "coordinates": [
          -70.077537,
          -12.549013
        ]
      },
      "properties": {
        "transect_id": 8,
        "elev_lowestmode": 238.7899932861328,
        "elev_dem": 239.0,
        "rh100": 25.78,
        "quality_flag": 1,
        "beam": "BEAM01"
      }
    },
    {
      "type": "Feature",
      "geometry": {
        "type": "Point",
        "coordinates": [
          -70.076287,
          -12.548788
        ]
      },
      "properties": {
        "transect_id": 8,
        "elev_lowestmode": 238.6199951171875,
        "elev_dem": 238.0,
        "rh100": 25.14,
        "quality_flag": 1,
        "beam": "BEAM01"
      }
    },
    {
      "type": "Feature",
      "geometry": {
        "type": "Point",
        "coordinates": [
          -70.076265,
          -12.548562
        ]
      },
      "properties": {
        "transect_id": 8,
        "elev_lowestmode": 236.14999389648438,
        "elev_dem": 235.0,
        "rh100": 33.72,
        "quality_flag": 1,
        "beam": "BEAM01"
      }
    },
    {
      "type": "Feature",
      "geometry": {
        "type": "Point",
        "coordinates": [
          -70.077519,
          -12.548337
        ]
      },
      "properties": {
        "transect_id": 8,
        "elev_lowestmode": 243.6699981689453,
        "elev_dem": 243.0,
        "rh100": 23.09,
        "quality_flag": 1,
        "beam": "BEAM01"
      }
    },
    {
      "type": "Feature",
      "geometry": {
        "type": "Point",
        "coordinates": [
          -70.077197,
          -12.548112
        ]
      },
      "properties": {
        "transect_id": 8,
        "elev_lowestmode": 246.11000061035156,
        "elev_dem": 246.0,
        "rh100": 21.15,
        "quality_flag": 1,
        "beam": "BEAM01"
      }
    },
    {
      "type": "Feature",
      "geometry": {
        "type": "Point",
        "coordinates": [
          -70.077491,
          -12.547887
        ]
      },
      "properties": {
        "transect_id": 8,
        "elev_lowestmode": 245.9199981689453,
        "elev_dem": 244.0,
        "rh100": 23.72,
        "quality_flag": 0,
        "beam": "BEAM01"
      }
    },
    {
      "type": "Feature",
      "geometry": {
        "type": "Point",
        "coordinates": [
          -70.076519,
          -12.547661
        ]
      },
      "properties": {
        "transect_id": 8,
        "elev_lowestmode": 238.3699951171875,
        "elev_dem": 240.0,
        "rh100": 24.72,
        "quality_flag": 1,
        "beam": "BEAM01"
      }
    },
    {
      "type": "Feature",
      "geometry": {
        "type": "Point",
        "coordinates": [
          -70.076823,
          -12.547436
        ]
      },
      "properties": {
        "transect_id": 8,
        "elev_lowestmode": 243.02999877929688,
        "elev_dem": 243.0,
        "rh100": 27.21,
        "quality_flag": 1,
        "beam": "BEAM01"
      }
    },
    {
      "type": "Feature",
      "geometry": {
        "type": "Point",
        "coordinates": [
          -70.076854,
          -12.547211
        ]
      },
      "properties": {
        "transect_id": 8,
        "elev_lowestmode": 240.9499969482422,
        "elev_dem": 240.0,
        "rh100": 27.31,
        "quality_flag": 1,
        "beam": "BEAM01"
      }
    },
    {
      "type": "Feature",
      "geometry": {
        "type": "Point",
        "coordinates": [
          -70.076924,
          -12.546986
        ]
      },
      "properties": {
        "transect_id": 8,
        "elev_lowestmode": 241.17999267578125,
        "elev_dem": 240.0,
        "rh100": 30.61,
        "quality_flag": 1,
        "beam": "BEAM01"
      }
    },
    {
      "type": "Feature",
      "geometry": {
        "type": "Point",
        "coordinates": [
          -70.077647,
          -12.546761
        ]
      },
      "properties": {
        "transect_id": 8,
        "elev_lowestmode": 240.97999572753906,
        "elev_dem": 242.0,
        "rh100": 29.97,
        "quality_flag": 1,
        "beam": "BEAM01"
      }
    },
    {
      "type": "Feature",
      "geometry": {
        "type": "Point",
        "coordinates": [
          -70.077612,
          -12.546535
        ]
      },
      "properties": {
        "transect_id": 8,
        "elev_lowestmode": 242.3699951171875,
        "elev_dem": 241.0,
        "rh100": 32.48,
        "quality_flag": 1,
        "beam": "BEAM01"
      }
    },
    {
      "type": "Feature",
      "geometry": {
        "type": "Point",
        "coordinates": [
          -70.076713,
          -12.54631
        ]
      },
      "properties": {
        "transect_id": 8,
        "elev_lowestmode": 239.32000732421875,
        "elev_dem": 239.0,
        "rh100": 25.91,
        "quality_flag": 1,
        "beam": "BEAM01"
      }
    },
    {
      "type": "Feature",
      "geometry": {
        "type": "Point",
        "coordinates": [
          -70.076259,
          -12.546085
        ]
      },
      "properties": {
        "transect_id": 8,
        "elev_lowestmode": 241.4600067138672,
        "elev_dem": 241.0,
        "rh100": 23.51,
        "quality_flag": 1,
        "beam": "BEAM01"
      }
    },
    {
      "type": "Feature",
      "geometry": {
        "type": "Point",
        "coordinates": [
          -70.077525,
          -12.54586
        ]
      },
      "properties": {
        "transect_id": 8,
        "elev_lowestmode": 239.60000610351562,
        "elev_dem": 237.0,
        "rh100": 26.18,
        "quality_flag": 1,
        "beam": "BEAM01"
      }
    },
    {
      "type": "Feature",
      "geometry": {
        "type": "Point",
        "coordinates": [
          -70.076278,
          -12.545634
        ]
      },
      "properties": {
        "transect_id": 8,
        "elev_lowestmode": 243.22999572753906,
        "elev_dem": 245.0,
        "rh100": 32.53,
        "quality_flag": 1,
        "beam": "BEAM01"
      }
    },
    {
      "type": "Feature",
      "geometry": {
        "type": "Point",
        "coordinates": [
          -70.076546,
          -12.545409
        ]
      },
      "properties": {
        "transect_id": 8,
        "elev_lowestmode": 241.72999572753906,
        "elev_dem": 242.0,
        "rh100": 29.88,
        "quality_flag": 1,
        "beam": "BEAM01"
      }
    },
    {
      "type": "Feature",
      "geometry": {
        "type": "Point",
        "coordinates": [
          -70.07601,
          -12.545184
        ]
      },
      "properties": {
        "transect_id": 8,
        "elev_lowestmode": 247.27000427246094,
        "elev_dem": 245.0,
        "rh100": 33.67,
        "quality_flag": 1,
        "beam": "BEAM01"
      }
    },
    {
      "type": "Feature",
      "geometry": {
        "type": "Point",
        "coordinates": [
          -70.076162,
          -12.544959
        ]
      },
      "properties": {
        "transect_id": 8,
        "elev_lowestmode": 243.61000061035156,
        "elev_dem": 245.0,
        "rh100": 31.07,
        "quality_flag": 1,
        "beam": "BEAM01"
      }
    },
    {
      "type": "Feature",
      "geometry": {
        "type": "Point",
        "coordinates": [
          -70.076846,
          -12.544733
        ]
      },
      "properties": {
        "transect_id": 8,
        "elev_lowestmode": 243.61000061035156,
        "elev_dem": 243.0,
        "rh100": 29.6,
        "quality_flag": 1,
        "beam": "BEAM01"
      }
    },
    {
      "type": "Feature",
      "geometry": {
        "type": "Point",
        "coordinates": [
          -70.076917,
          -12.544508
        ]
      },
      "properties": {
        "transect_id": 8,
        "elev_lowestmode": 243.1199951171875,
        "elev_dem": 244.0,
        "rh100": 34.49,
        "quality_flag": 1,
        "beam": "BEAM01"
      }
    },
    {
      "type": "Feature",
      "geometry": {
        "type": "Point",
        "coordinates": [
          -70.077419,
          -12.544283
        ]
      },
      "properties": {
        "transect_id": 8,
        "elev_lowestmode": 246.82000732421875,
        "elev_dem": 246.0,
        "rh100": 24.15,
        "quality_flag": 1,
        "beam": "BEAM01"
      }
    },
    {
      "type": "Feature",
      "geometry": {
        "type": "Point",
        "coordinates": [
          -70.076508,
          -12.544058
        ]
      },
      "properties": {
        "transect_id": 8,
        "elev_lowestmode": 241.66000366210938,
        "elev_dem": 240.0,
        "rh100": 31.95,
        "quality_flag": 1,
        "beam": "BEAM01"
      }
    },
    {
      "type": "Feature",
      "geometry": {
        "type": "Point",
        "coordinates": [
          -70.076859,
          -12.543833
        ]
      },
      "properties": {
        "transect_id": 8,
        "elev_lowestmode": 246.5500030517578,
        "elev_dem": 246.0,
        "rh100": 33.46,
        "quality_flag": 1,
        "beam": "BEAM01"
      }
    },
    {
      "type": "Feature",
      "geometry": {
        "type": "Point",
        "coordinates": [
          -70.076158,
          -12.543607
        ]
      },
      "properties": {
        "transect_id": 8,
        "elev_lowestmode": 242.17999267578125,
        "elev_dem": 242.0,
        "rh100": 24.15,
        "quality_flag": 1,
        "beam": "BEAM01"
      }
    },
    {
      "type": "Feature",
      "geometry": {
        "type": "Point",
        "coordinates": [
          -70.077216,
          -12.543382
        ]
      },
      "properties": {
        "transect_id": 8,
        "elev_lowestmode": 242.25999450683594,
        "elev_dem": 242.0,
        "rh100": 22.1,
        "quality_flag": 1,
        "beam": "BEAM01"
      }
    },
    {
      "type": "Feature",
      "geometry": {
        "type": "Point",
        "coordinates": [
          -70.076209,
          -12.543157
        ]
      },
      "properties": {
        "transect_id": 8,
        "elev_lowestmode": 235.2899932861328,
        "elev_dem": 236.0,
        "rh100": 20.98,
        "quality_flag": 1,
        "beam": "BEAM01"
      }
    },
    {
      "type": "Feature",
      "geometry": {
        "type": "Point",
        "coordinates": [
          -70.076741,
          -12.542932
        ]
      },
      "properties": {
        "transect_id": 8,
        "elev_lowestmode": 239.52000427246094,
        "elev_dem": 239.0,
        "rh100": 25.4,
        "quality_flag": 1,
        "beam": "BEAM01"
      }
    },
    {
      "type": "Feature",
      "geometry": {
        "type": "Point",
        "coordinates": [
          -70.076032,
          -12.542706
        ]
      },
      "properties": {
        "transect_id": 8,
        "elev_lowestmode": 236.25,
        "elev_dem": 237.0,
        "rh100": 30.92,
        "quality_flag": 1,
        "beam": "BEAM01"
      }
    },
    {
      "type": "Feature",
      "geometry": {
        "type": "Point",
        "coordinates": [
          -70.077649,
          -12.542481
        ]
      },
      "properties": {
        "transect_id": 8,
        "elev_lowestmode": 245.16000366210938,
        "elev_dem": 245.0,
        "rh100": 23.34,
        "quality_flag": 1,
        "beam": "BEAM01"
      }
    },
    {
      "type": "Feature",
      "geometry": {
        "type": "Point",
        "coordinates": [
          -70.076093,
          -12.542256
        ]
      },
      "properties": {
        "transect_id": 8,
        "elev_lowestmode": 238.97000122070312,
        "elev_dem": 237.0,
        "rh100": 29.47,
        "quality_flag": 1,
        "beam": "BEAM01"
      }
    },
    {
      "type": "Feature",
      "geometry": {
        "type": "Point",
        "coordinates": [
          -70.077316,
          -12.542031
        ]
      },
      "properties": {
        "transect_id": 8,
        "elev_lowestmode": 239.92999267578125,
        "elev_dem": 240.0,
        "rh100": 33.47,
        "quality_flag": 1,
        "beam": "BEAM01"
      }
    },
    {
      "type": "Feature",
      "geometry": {
        "type": "Point",
        "coordinates": [
          -70.076156,
          -12.541806
        ]
      },
      "properties": {
        "transect_id": 8,
        "elev_lowestmode": 235.97000122070312,
        "elev_dem": 238.0,
        "rh100": 21.51,
        "quality_flag": 1,
        "beam": "BEAM01"
      }
    },
    {
      "type": "Feature",
      "geometry": {
        "type": "Point",
        "coordinates": [
          -70.077202,
          -12.54158
        ]
      },
      "properties": {
        "transect_id": 8,
        "elev_lowestmode": 239.97999572753906,
        "elev_dem": 241.0,
        "rh100": 20.35,
        "quality_flag": 1,
        "beam": "BEAM01"
      }
    },
    {
      "type": "Feature",
      "geometry": {
        "type": "Point",
        "coordinates": [
          -70.076854,
          -12.541355
        ]
      },
      "properties": {
        "transect_id": 8,
        "elev_lowestmode": 242.99000549316406,
        "elev_dem": 244.0,
        "rh100": 30.73,
        "quality_flag": 1,
        "beam": "BEAM01"
      }
    },
    {
      "type": "Feature",
      "geometry": {
        "type": "Point",
        "coordinates": [
          -70.076459,
          -12.54113
        ]
      },
      "properties": {
        "transect_id": 8,
        "elev_lowestmode": 243.97000122070312,
        "elev_dem": 243.0,
        "rh100": 23.53,
        "quality_flag": 1,
        "beam": "BEAM01"
      }
    },
    {
      "type": "Feature",
      "geometry": {
        "type": "Point",
        "coordinates": [
          -70.076171,
          -12.540905
        ]
      },
      "properties": {
        "transect_id": 8,
        "elev_lowestmode": 244.33999633789062,
        "elev_dem": 244.0,
        "rh100": 34.12,
        "quality_flag": 1,
        "beam": "BEAM01"
      }
    },
    {
      "type": "Feature",
      "geometry": {
        "type": "Point",
        "coordinates": [
          -70.07722,
          -12.540679
        ]
      },
      "properties": {
        "transect_id": 8,
        "elev_lowestmode": 243.5,
        "elev_dem": 245.0,
        "rh100": 25.9,
        "quality_flag": 1,
        "beam": "BEAM01"
      }
    },
    {
      "type": "Feature",
      "geometry": {
        "type": "Point",
        "coordinates": [
          -70.077557,
          -12.540454
        ]
      },
      "properties": {
        "transect_id": 8,
        "elev_lowestmode": 245.85000610351562,
        "elev_dem": 246.0,
        "rh100": 31.56,
        "quality_flag": 1,
        "beam": "BEAM01"
      }
    },
    {
      "type": "Feature",
      "geometry": {
        "type": "Point",
        "coordinates": [
          -70.077203,
          -12.540229
        ]
      },
      "properties": {
        "transect_id": 8,
        "elev_lowestmode": 243.1199951171875,
        "elev_dem": 243.0,
        "rh100": 23.43,
        "quality_flag": 1,
        "beam": "BEAM01"
      }
    },
    {
      "type": "Feature",
      "geometry": {
        "type": "Point",
        "coordinates": [
          -70.076095,
          -12.540004
        ]
      },
      "properties": {
        "transect_id": 8,
        "elev_lowestmode": 244.38999938964844,
        "elev_dem": 243.0,
        "rh100": 31.1,
        "quality_flag": 1,
        "beam": "BEAM01"
      }
    },
    {
      "type": "Feature",
      "geometry": {
        "type": "Point",
        "coordinates": [
          -70.063799,
          -12.599914
        ]
      },
      "properties": {
        "transect_id": 9,
        "elev_lowestmode": 241.27000427246094,
        "elev_dem": 239.0,
        "rh100": 31.44,
        "quality_flag": 1,
        "beam": "BEAM02"
      }
    },
    {
      "type": "Feature",
      "geometry": {
        "type": "Point",
        "coordinates": [
          -70.063174,
          -12.599688
        ]
      },
      "properties": {
        "transect_id": 9,
        "elev_lowestmode": 243.07000732421875,
        "elev_dem": 242.0,
        "rh100": 29.47,
        "quality_flag": 1,
        "beam": "BEAM02"
      }
    },
    {
      "type": "Feature",
      "geometry": {
        "type": "Point",
        "coordinates": [
          -70.063302,
          -12.599463
        ]
      },
      "properties": {
        "transect_id": 9,
        "elev_lowestmode": 242.50999450683594,
        "elev_dem": 242.0,
        "rh100": 29.5,
        "quality_flag": 1,
        "beam": "BEAM02"
      }
    },
    {
      "type": "Feature",
      "geometry": {
        "type": "Point",
        "coordinates": [
          -70.062381,
          -12.599238
        ]
      },
      "properties": {
        "transect_id": 9,
        "elev_lowestmode": 243.57000732421875,
        "elev_dem": 243.0,
        "rh100": 22.41,
        "quality_flag": 1,
        "beam": "BEAM02"
      }
    },
    {
      "type": "Feature",
      "geometry": {
        "type": "Point",
        "coordinates": [
          -70.063327,
          -12.599013
        ]
      },
      "properties": {
        "transect_id": 9,
        "elev_lowestmode": 248.67999267578125,
        "elev_dem": 247.0,
        "rh100": 20.25,
        "quality_flag": 1,
        "beam": "BEAM02"
      }
    },
    {
      "type": "Feature",
      "geometry": {
        "type": "Point",
        "coordinates": [
          -70.062387,
          -12.598788
        ]
      },
      "properties": {
        "transect_id": 9,
        "elev_lowestmode": 242.41000366210938,
        "elev_dem": 242.0,
        "rh100": 27.32,
        "quality_flag": 1,
        "beam": "BEAM02"
      }
    },
    {
      "type": "Feature",
      "geometry": {
        "type": "Point",
        "coordinates": [
          -70.062519,
          -12.598562
        ]
      },
      "properties": {
        "transect_id": 9,
        "elev_lowestmode": 214.72000122070312,
        "elev_dem": 215.0,
        "rh100": 29.29,
        "quality_flag": 1,
        "beam": "BEAM02"
      }
    },
    {
      "type": "Feature",
      "geometry": {
        "type": "Point",
        "coordinates": [
          -70.062777,
          -12.598337
        ]
      },
      "properties": {
        "transect_id": 9,
        "elev_lowestmode": 214.47999572753906,
        "elev_dem": 215.0,
        "rh100": 24.22,
        "quality_flag": 1,
        "beam": "BEAM02"
      }
    },
    {
      "type": "Feature",
      "geometry": {
        "type": "Point",
        "coordinates": [
          -70.063662,
          -12.598112
        ]
      },
      "properties": {
        "transect_id": 9,
        "elev_lowestmode": 214.69000244140625,
        "elev_dem": 215.0,
        "rh100": 29.84,
        "quality_flag": 1,
        "beam": "BEAM02"
      }
    },
    {
      "type": "Feature",
      "geometry": {
        "type": "Point",
        "coordinates": [
          -70.063246,
          -12.597887
        ]
      },
      "properties": {
        "transect_id": 9,
        "elev_lowestmode": 214.97999572753906,
        "elev_dem": 215.0,
        "rh100": 21.79,
        "quality_flag": 1,
        "beam": "BEAM02"
      }
    },
    {
      "type": "Feature",
      "geometry": {
        "type": "Point",
        "coordinates": [
          -70.062036,
          -12.597661
        ]
      },
      "properties": {
        "transect_id": 9,
        "elev_lowestmode": 214.97999572753906,
        "elev_dem": 215.0,
        "rh100": 22.08,
        "quality_flag": 1,
        "beam": "BEAM02"
      }
    },
    {
      "type": "Feature",
      "geometry": {
        "type": "Point",
        "coordinates": [
          -70.062664,
          -12.597436
        ]
      },
      "properties": {
        "transect_id": 9,
        "elev_lowestmode": 216.08999633789062,
        "elev_dem": 215.0,
        "rh100": 32.13,
        "quality_flag": 0,
        "beam": "BEAM02"
      }
    },
    {
      "type": "Feature",
      "geometry": {
        "type": "Point",
        "coordinates": [
          -70.063093,
          -12.597211
        ]
      },
      "properties": {
        "transect_id": 9,
        "elev_lowestmode": 215.30999755859375,
        "elev_dem": 215.0,
        "rh100": 24.1,
        "quality_flag": 1,
        "beam": "BEAM02"
      }
    },
    {
      "type": "Feature",
      "geometry": {
        "type": "Point",
        "coordinates": [
          -70.062046,
          -12.596986
        ]
      },
      "properties": {
        "transect_id": 9,
        "elev_lowestmode": 215.42999267578125,
        "elev_dem": 215.0,
        "rh100": 32.5,
        "quality_flag": 1,
        "beam": "BEAM02"
      }
    },
    {
      "type": "Feature",
      "geometry": {
        "type": "Point",
        "coordinates": [
          -70.062558,
          -12.596761
        ]
      },
      "properties": {
        "transect_id": 9,
        "elev_lowestmode": 214.89999389648438,
        "elev_dem": 215.0,
        "rh100": 32.26,
        "quality_flag": 1,
        "beam": "BEAM02"
      }
    },
    {
      "type": "Feature",
      "geometry": {
        "type": "Point",
        "coordinates": [
          -70.062279,
          -12.596535
        ]
      },
      "properties": {
        "transect_id": 9,
        "elev_lowestmode": 213.2899932861328,
        "elev_dem": 215.0,
        "rh100": 30.25,
        "quality_flag": 1,
        "beam": "BEAM02"
      }
    },
    {
      "type": "Feature",
      "geometry": {
        "type": "Point",
        "coordinates": [
          -70.063759,
          -12.59631
        ]
      },
      "properties": {
        "transect_id": 9,
        "elev_lowestmode": 215.16000366210938,
        "elev_dem": 215.0,
        "rh100": 29.36,
        "quality_flag": 1,
        "beam": "BEAM02"
      }
    },
    {
      "type": "Feature",
      "geometry": {
        "type": "Point",
        "coordinates": [
          -70.063824,
          -12.596085
        ]
      },
      "properties": {
        "transect_id": 9,
        "elev_lowestmode": 214.47999572753906,
        "elev_dem": 215.0,
        "rh100": 29.92,
        "quality_flag": 0,
        "beam": "BEAM02"
      }
    },
    {
      "type": "Feature",
      "geometry": {
        "type": "Point",
        "coordinates": [
          -70.063656,
          -12.59586
        ]
      },
      "properties": {
        "transect_id": 9,
        "elev_lowestmode": 229.1999969482422,
        "elev_dem": 230.0,
        "rh100": 23.4,
        "quality_flag": 1,
        "beam": "BEAM02"
      }
    },
    {
      "type": "Feature",
      "geometry": {
        "type": "Point",
        "coordinates": [
          -70.063476,
          -12.595634
        ]
      },
      "properties": {
        "transect_id": 9,
        "elev_lowestmode": 234.89999389648438,
        "elev_dem": 235.0,
        "rh100": 26.78,
        "quality_flag": 1,
        "beam": "BEAM02"
      }
    },
    {
      "type": "Feature",
      "geometry": {
        "type": "Point",
        "coordinates": [
          -70.062239,
          -12.595409
        ]
      },
      "properties": {
        "transect_id": 9,
        "elev_lowestmode": 236.3000030517578,
        "elev_dem": 240.0,
        "rh100": 27.29,
        "quality_flag": 1,
        "beam": "BEAM02"
      }
    },
    {
      "type": "Feature",
      "geometry": {
        "type": "Point",
        "coordinates": [
          -70.063767,
          -12.595184
        ]
      },
      "properties": {
        "transect_id": 9,
        "elev_lowestmode": 237.0399932861328,
        "elev_dem": 238.0,
        "rh100": 20.65,
        "quality_flag": 1,
        "beam": "BEAM02"
      }
    },
    {
      "type": "Feature",
      "geometry": {
        "type": "Point",
        "coordinates": [
          -70.062942,
          -12.594959
        ]
      },
      "properties": {
        "transect_id": 9,
        "elev_lowestmode": 241.88999938964844,
        "elev_dem": 242.0,
        "rh100": 28.8,
        "quality_flag": 0,
        "beam": "BEAM02"
      }
    },
    {
      "type": "Feature",
      "geometry": {
        "type": "Point",
        "coordinates": [
          -70.063219,
          -12.594733
        ]
      },
      "properties": {
        "transect_id": 9,
        "elev_lowestmode": 238.75,
        "elev_dem": 240.0,
        "rh100": 25.99,
        "quality_flag": 1,
        "beam": "BEAM02"
      }
    },
    {
      "type": "Feature",
      "geometry": {
        "type": "Point",
        "coordinates": [
          -70.06269,
          -12.594508
        ]
      },
      "properties": {
        "transect_id": 9,
        "elev_lowestmode": 245.57000732421875,
        "elev_dem": 244.0,
        "rh100": 26.09,
        "quality_flag": 1,
        "beam": "BEAM02"
      }
    },
    {
      "type": "Feature",
      "geometry": {
        "type": "Point",
        "coordinates": [
          -70.063732,
          -12.594283
        ]
      },
      "properties": {
        "transect_id": 9,
        "elev_lowestmode": 242.25999450683594,
        "elev_dem": 243.0,
        "rh100": 24.39,
        "quality_flag": 1,
        "beam": "BEAM02"
      }
    },
    {
      "type": "Feature",
      "geometry": {
        "type": "Point",
        "coordinates": [
          -70.062226,
          -12.594058
        ]
      },
      "properties": {
        "transect_id": 9,
        "elev_lowestmode": 245.27000427246094,
        "elev_dem": 246.0,
        "rh100": 26.56,
        "quality_flag": 1,
        "beam": "BEAM02"
      }
    },
    {
      "type": "Feature",
      "geometry": {
        "type": "Point",
        "coordinates": [
          -70.062157,
          -12.593833
        ]
      },
      "properties": {
        "transect_id": 9,
        "elev_lowestmode": 245.61000061035156,
        "elev_dem": 246.0,
        "rh100": 21.72,
        "quality_flag": 0,
        "beam": "BEAM02"
      }
    },
    {
      "type": "Feature",
      "geometry": {
        "type": "Point",
        "coordinates": [
          -70.063083,
          -12.593607
        ]
      },
      "properties": {
        "transect_id": 9,
        "elev_lowestmode": 239.32000732421875,
        "elev_dem": 240.0,
        "rh100": 29.83,
        "quality_flag": 1,
        "beam": "BEAM02"
      }
    },
    {
      "type": "Feature",
      "geometry": {
        "type": "Point",
        "coordinates": [
          -70.063981,
          -12.593382
        ]
      },
      "properties": {
        "transect_id": 9,
        "elev_lowestmode": 241.72000122070312,
        "elev_dem": 242.0,
        "rh100": 34.88,
        "quality_flag": 1,
        "beam": "BEAM02"
      }
    },
    {
      "type": "Feature",
      "geometry": {
        "type": "Point",
        "coordinates": [
          -70.062893,
          -12.593157
        ]
      },
      "properties": {
        "transect_id": 9,
        "elev_lowestmode": 246.47000122070312,
        "elev_dem": 245.0,
        "rh100": 32.32,
        "quality_flag": 1,
        "beam": "BEAM02"
      }
    },
    {
      "type": "Feature",
      "geometry": {
        "type": "Point",
        "coordinates": [
          -70.063395,
          -12.592932
        ]
      },
      "properties": {
        "transect_id": 9,
        "elev_lowestmode": 244.4499969482422,
        "elev_dem": 244.0,
        "rh100": 34.28,
        "quality_flag": 1,
        "beam": "BEAM02"
      }
    },
    {
      "type": "Feature",
      "geometry": {
        "type": "Point",
        "coordinates": [
          -70.062615,
          -12.592706
        ]
      },
      "properties": {
        "transect_id": 9,
        "elev_lowestmode": 246.77999877929688,
        "elev_dem": 246.0,
        "rh100": 28.67,
        "quality_flag": 0,
        "beam": "BEAM02"
      }
    },
    {
      "type": "Feature",
      "geometry": {
        "type": "Point",
        "coordinates": [
          -70.063588,
          -12.592481
        ]
      },
      "properties": {
        "transect_id": 9,
        "elev_lowestmode": 247.00999450683594,
        "elev_dem": 247.0,
        "rh100": 33.78,
        "quality_flag": 1,
        "beam": "BEAM02"
      }
    },
    {
      "type": "Feature",
      "geometry": {
        "type": "Point",
        "coordinates": [
          -70.063209,
          -12.592256
        ]
      },
      "properties": {
        "transect_id": 9,
        "elev_lowestmode": 246.6300048828125,
        "elev_dem": 249.0,
        "rh100": 31.83,
        "quality_flag": 1,
        "beam": "BEAM02"
      }
    },
    {
      "type": "Feature",
      "geometry": {
        "type": "Point",
        "coordinates": [
          -70.062068,
          -12.592031
        ]
      },
      "properties": {
        "transect_id": 9,
        "elev_lowestmode": 242.57000732421875,
        "elev_dem": 241.0,
        "rh100": 26.85,
        "quality_flag": 1,
        "beam": "BEAM02"
      }
    },
    {
      "type": "Feature",
      "geometry": {
        "type": "Point",
        "coordinates": [
          -70.062075,
          -12.591806
        ]
      },
      "properties": {
        "transect_id": 9,
        "elev_lowestmode": 241.80999755859375,
        "elev_dem": 241.0,
        "rh100": 32.55,
        "quality_flag": 1,
        "beam": "BEAM02"
      }
    },
    {
      "type": "Feature",
      "geometry": {
        "type": "Point",
        "coordinates": [
          -70.063663,
          -12.59158
        ]
      },
      "properties": {
        "transect_id": 9,
        "elev_lowestmode": 242.57000732421875,
        "elev_dem": 243.0,
        "rh100": 34.89,
        "quality_flag": 1,
        "beam": "BEAM02"
      }
    },
    {
      "type": "Feature",
      "geometry": {
        "type": "Point",
        "coordinates": [
          -70.063989,
          -12.591355
        ]
      },
      "properties": {
        "transect_id": 9,
        "elev_lowestmode": 242.66000366210938,
        "elev_dem": 243.0,
        "rh100": 24.38,
        "quality_flag": 1,
        "beam": "BEAM02"
      }
    },
    {
      "type": "Feature",
      "geometry": {
        "type": "Point",
        "coordinates": [
          -70.063006,
          -12.59113
        ]
      },
      "properties": {
        "transect_id": 9,
        "elev_lowestmode": 244.25,
        "elev_dem": 245.0,
        "rh100": 32.09,
        "quality_flag": 1,
        "beam": "BEAM02"
      }
    },
    {
      "type": "Feature",
      "geometry": {
        "type": "Point",
        "coordinates": [
          -70.062441,
          -12.590905
        ]
      },
      "properties": {
        "transect_id": 9,
        "elev_lowestmode": 248.0500030517578,
        "elev_dem": 246.0,
        "rh100": 28.86,
        "quality_flag": 1,
        "beam": "BEAM02"
      }
    },
    {
      "type": "Feature",
      "geometry": {
        "type": "Point",
        "coordinates": [
          -70.062443,
          -12.590679
        ]
      },
      "properties": {
        "transect_id": 9,
        "elev_lowestmode": 247.9199981689453,
        "elev_dem": 248.0,
        "rh100": 27.59,
        "quality_flag": 1,
        "beam": "BEAM02"
      }
    },
    {
      "type": "Feature",
      "geometry": {
        "type": "Point",
        "coordinates": [
          -70.062072,
          -12.590454
        ]
      },
      "properties": {
        "transect_id": 9,
        "elev_lowestmode": 247.94000244140625,
        "elev_dem": 249.0,
        "rh100": 31.49,
        "quality_flag": 1,
        "beam": "BEAM02"
      }
    },
    {
      "type": "Feature",
      "geometry": {
        "type": "Point",
        "coordinates": [
          -70.063365,
          -12.590229
        ]
      },
      "properties": {
        "transect_id": 9,
        "elev_lowestmode": 243.5800018310547,
        "elev_dem": 244.0,
        "rh100": 28.25,
        "quality_flag": 0,
        "beam": "BEAM02"
      }
    },
    {
      "type": "Feature",
      "geometry": {
        "type": "Point",
        "coordinates": [
          -70.063704,
          -12.590004
        ]
      },
      "properties": {
        "transect_id": 9,
        "elev_lowestmode": 244.13999938964844,
        "elev_dem": 244.0,
        "rh100": 20.06,
        "quality_flag": 1,
        "beam": "BEAM02"
      }
    },
    {
      "type": "Feature",
      "geometry": {
        "type": "Point",
        "coordinates": [
          -70.062293,
          -12.589779
        ]
      },
      "properties": {
        "transect_id": 9,
        "elev_lowestmode": 243.94000244140625,
        "elev_dem": 243.0,
        "rh100": 29.83,
        "quality_flag": 1,
        "beam": "BEAM02"
      }
    },
    {
      "type": "Feature",
      "geometry": {
        "type": "Point",
        "coordinates": [
          -70.063642,
          -12.589553
        ]
      },
      "properties": {
        "transect_id": 9,
        "elev_lowestmode": 245.66000366210938,
        "elev_dem": 245.0,
        "rh100": 27.35,
        "quality_flag": 1,
        "beam": "BEAM02"
      }
    },
    {
      "type": "Feature",
      "geometry": {
        "type": "Point",
        "coordinates": [
          -70.062408,
          -12.589328
        ]
      },
      "properties": {
        "transect_id": 9,
        "elev_lowestmode": 244.6300048828125,
        "elev_dem": 245.0,
        "rh100": 21.46,
        "quality_flag": 1,
        "beam": "BEAM02"
      }
    },
    {
      "type": "Feature",
      "geometry": {
        "type": "Point",
        "coordinates": [
          -70.063954,
          -12.589103
        ]
      },
      "properties": {
        "transect_id": 9,
        "elev_lowestmode": 244.36000061035156,
        "elev_dem": 245.0,
        "rh100": 23.71,
        "quality_flag": 1,
        "beam": "BEAM02"
      }
    },
    {
      "type": "Feature",
      "geometry": {
        "type": "Point",
        "coordinates": [
          -70.063205,
          -12.588878
        ]
      },
      "properties": {
        "transect_id": 9,
        "elev_lowestmode": 244.1999969482422,
        "elev_dem": 243.0,
        "rh100": 32.01,
        "quality_flag": 0,
        "beam": "BEAM02"
      }
    },
    {
      "type": "Feature",
      "geometry": {
        "type": "Point",
        "coordinates": [
          -70.062546,
          -12.588652
        ]
      },
      "properties": {
        "transect_id": 9,
        "elev_lowestmode": 237.72999572753906,
        "elev_dem": 240.0,
        "rh100": 31.01,
        "quality_flag": 1,
        "beam": "BEAM02"
      }
    },
    {
      "type": "Feature",
      "geometry": {
        "type": "Point",
        "coordinates": [
          -70.06264,
          -12.588427
        ]
      },
      "properties": {
        "transect_id": 9,
        "elev_lowestmode": 237.52999877929688,
        "elev_dem": 239.0,
        "rh100": 33.25,
        "quality_flag": 1,
        "beam": "BEAM02"
      }
    },
    {
      "type": "Feature",
      "geometry": {
        "type": "Point",
        "coordinates": [
          -70.063903,
          -12.588202
        ]
      },
      "properties": {
        "transect_id": 9,
        "elev_lowestmode": 241.1199951171875,
        "elev_dem": 241.0,
        "rh100": 34.86,
        "quality_flag": 1,
        "beam": "BEAM02"
      }
    },
    {
      "type": "Feature",
      "geometry": {
        "type": "Point",
        "coordinates": [
          -70.062574,
          -12.587977
        ]
      },
      "properties": {
        "transect_id": 9,
        "elev_lowestmode": 239.2899932861328,
        "elev_dem": 238.0,
        "rh100": 22.21,
        "quality_flag": 1,
        "beam": "BEAM02"
      }
    },
    {
      "type": "Feature",
      "geometry": {
        "type": "Point",
        "coordinates": [
          -70.063488,
          -12.587752
        ]
      },
      "properties": {
        "transect_id": 9,
        "elev_lowestmode": 237.8699951171875,
        "elev_dem": 237.0,
        "rh100": 31.45,
        "quality_flag": 1,
        "beam": "BEAM02"
      }
    },
    {
      "type": "Feature",
      "geometry": {
        "type": "Point",
        "coordinates": [
          -70.063797,
          -12.587526
        ]
      },
      "properties": {
        "transect_id": 9,
        "elev_lowestmode": 237.77000427246094,
        "elev_dem": 238.0,
        "rh100": 29.56,
        "quality_flag": 1,
        "beam": "BEAM02"
      }
    },
    {
      "type": "Feature",
      "geometry": {
        "type": "Point",
        "coordinates": [
          -70.063658,
          -12.587301
        ]
      },
      "properties": {
        "transect_id": 9,
        "elev_lowestmode": 239.0800018310547,
        "elev_dem": 239.0,
        "rh100": 33.15,
        "quality_flag": 1,
        "beam": "BEAM02"
      }
    },
    {
      "type": "Feature",
      "geometry": {
        "type": "Point",
        "coordinates": [
          -70.062091,
          -12.587076
        ]
      },
      "properties": {
        "transect_id": 9,
        "elev_lowestmode": 234.42999267578125,
        "elev_dem": 235.0,
        "rh100": 25.2,
        "quality_flag": 1,
        "beam": "BEAM02"
      }
    },
    {
      "type": "Feature",
      "geometry": {
        "type": "Point",
        "coordinates": [
          -70.06325,
          -12.586851
        ]
      },
      "properties": {
        "transect_id": 9,
        "elev_lowestmode": 239.27000427246094,
        "elev_dem": 240.0,
        "rh100": 31.89,
        "quality_flag": 0,
        "beam": "BEAM02"
      }
    },
    {
      "type": "Feature",
      "geometry": {
        "type": "Point",
        "coordinates": [
          -70.064008,
          -12.586625
        ]
      },
      "properties": {
        "transect_id": 9,
        "elev_lowestmode": 238.92999267578125,
        "elev_dem": 241.0,
        "rh100": 23.77,
        "quality_flag": 1,
        "beam": "BEAM02"
      }
    },
    {
      "type": "Feature",
      "geometry": {
        "type": "Point",
        "coordinates": [
          -70.063204,
          -12.5864
        ]
      },
      "properties": {
        "transect_id": 9,
        "elev_lowestmode": 239.6300048828125,
        "elev_dem": 240.0,
        "rh100": 28.95,
        "quality_flag": 1,
        "beam": "BEAM02"
      }
    },
    {
      "type": "Feature",
      "geometry": {
        "type": "Point",
        "coordinates": [
          -70.06325,
          -12.586175
        ]
      },
      "properties": {
        "transect_id": 9,
        "elev_lowestmode": 235.39999389648438,
        "elev_dem": 238.0,
        "rh100": 30.18,
        "quality_flag": 1,
        "beam": "BEAM02"
      }
    },
    {
      "type": "Feature",
      "geometry": {
        "type": "Point",
        "coordinates": [
          -70.062547,
          -12.58595
        ]
      },
      "properties": {
        "transect_id": 9,
        "elev_lowestmode": 236.72999572753906,
        "elev_dem": 236.0,
        "rh100": 27.22,
        "quality_flag": 1,
        "beam": "BEAM02"
      }
    },
    {
      "type": "Feature",
      "geometry": {
        "type": "Point",
        "coordinates": [
          -70.063156,
          -12.585724
        ]
      },
      "properties": {
        "transect_id": 9,
        "elev_lowestmode": 238.94000244140625,
        "elev_dem": 238.0,
        "rh100": 29.05,
        "quality_flag": 1,
        "beam": "BEAM02"
      }
    },
    {
      "type": "Feature",
      "geometry": {
        "type": "Point",
        "coordinates": [
          -70.063146,
          -12.585499
        ]
      },
      "properties": {
        "transect_id": 9,
        "elev_lowestmode": 238.88999938964844,
        "elev_dem": 238.0,
        "rh100": 32.81,
        "quality_flag": 1,
        "beam": "BEAM02"
      }
    },
    {
      "type": "Feature",
      "geometry": {
        "type": "Point",
        "coordinates": [
          -70.062103,
          -12.585274
        ]
      },
      "properties": {
        "transect_id": 9,
        "elev_lowestmode": 235.49000549316406,
        "elev_dem": 236.0,
        "rh100": 30.55,
        "quality_flag": 1,
        "beam": "BEAM02"
      }
    },
    {
      "type": "Feature",
      "geometry": {
        "type": "Point",
        "coordinates": [
          -70.062983,
          -12.585049
        ]
      },
      "properties": {
        "transect_id": 9,
        "elev_lowestmode": 235.9199981689453,
        "elev_dem": 236.0,
        "rh100": 25.42,
        "quality_flag": 1,
        "beam": "BEAM02"
      }
    },
    {
      "type": "Feature",
      "geometry": {
        "type": "Point",
        "coordinates": [
          -70.06281,
          -12.584824
        ]
      },
      "properties": {
        "transect_id": 9,
        "elev_lowestmode": 237.75,
        "elev_dem": 239.0,
        "rh100": 24.34,
        "quality_flag": 1,
        "beam": "BEAM02"
      }
    },
    {
      "type": "Feature",
      "geometry": {
        "type": "Point",
        "coordinates": [
          -70.06388,
          -12.584598
        ]
      },
      "properties": {
        "transect_id": 9,
        "elev_lowestmode": 240.80999755859375,
        "elev_dem": 241.0,
        "rh100": 22.9,
        "quality_flag": 1,
        "beam": "BEAM02"
      }
    },
    {
      "type": "Feature",
      "geometry": {
        "type": "Point",
        "coordinates": [
          -70.062725,
          -12.584373
        ]
      },
      "properties": {
        "transect_id": 9,
        "elev_lowestmode": 239.77999877929688,
        "elev_dem": 241.0,
        "rh100": 29.44,
        "quality_flag": 1,
        "beam": "BEAM02"
      }
    },
    {
      "type": "Feature",
      "geometry": {
        "type": "Point",
        "coordinates": [
          -70.063042,
          -12.584148
        ]
      },
      "properties": {
        "transect_id": 9,
        "elev_lowestmode": 242.11000061035156,
        "elev_dem": 243.0,
        "rh100": 24.56,
        "quality_flag": 1,
        "beam": "BEAM02"
      }
    },
    {
      "type": "Feature",
      "geometry": {
        "type": "Point",
        "coordinates": [
          -70.063954,
          -12.583923
        ]
      },
      "properties": {
        "transect_id": 9,
        "elev_lowestmode": 241.97999572753906,
        "elev_dem": 243.0,
        "rh100": 31.55,
        "quality_flag": 1,
        "beam": "BEAM02"
      }
    },
    {
      "type": "Feature",
      "geometry": {
        "type": "Point",
        "coordinates": [
          -70.062522,
          -12.583697
        ]
      },
      "properties": {
        "transect_id": 9,
        "elev_lowestmode": 244.3000030517578,
        "elev_dem": 246.0,
        "rh100": 28.69,
        "quality_flag": 1,
        "beam": "BEAM02"
      }
    },
    {
      "type": "Feature",
      "geometry": {
        "type": "Point",
        "coordinates": [
          -70.063743,
          -12.583472
        ]
      },
      "properties": {
        "transect_id": 9,
        "elev_lowestmode": 246.05999755859375,
        "elev_dem": 246.0,
        "rh100": 27.82,
        "quality_flag": 1,
        "beam": "BEAM02"
      }
    },
    {
      "type": "Feature",
      "geometry": {
        "type": "Point",
        "coordinates": [
          -70.063081,
          -12.583247
        ]
      },
      "properties": {
        "transect_id": 9,
        "elev_lowestmode": 244.49000549316406,
        "elev_dem": 245.0,
        "rh100": 34.96,
        "quality_flag": 1,
        "beam": "BEAM02"
      }
    },
    {
      "type": "Feature",
      "geometry": {
        "type": "Point",
        "coordinates": [
          -70.062561,
          -12.583022
        ]
      },
      "properties": {
        "transect_id": 9,
        "elev_lowestmode": 241.63999938964844,
        "elev_dem": 244.0,
        "rh100": 27.37,
        "quality_flag": 1,
        "beam": "BEAM02"
      }
    },
    {
      "type": "Feature",
      "geometry": {
        "type": "Point",
        "coordinates": [
          -70.063121,
          -12.582797
        ]
      },
      "properties": {
        "transect_id": 9,
        "elev_lowestmode": 241.3800048828125,
        "elev_dem": 240.0,
        "rh100": 29.37,
        "quality_flag": 1,
        "beam": "BEAM02"
      }
    },
    {
      "type": "Feature",
      "geometry": {
        "type": "Point",
        "coordinates": [
          -70.063018,
          -12.582571
        ]
      },
      "properties": {
        "transect_id": 9,
        "elev_lowestmode": 240.9600067138672,
        "elev_dem": 242.0,
        "rh100": 25.74,
        "quality_flag": 1,
        "beam": "BEAM02"
      }
    },
    {
      "type": "Feature",
      "geometry": {
        "type": "Point",
        "coordinates": [
          -70.063374,
          -12.582346
        ]
      },
      "properties": {
        "transect_id": 9,
        "elev_lowestmode": 242.3000030517578,
        "elev_dem": 242.0,
        "rh100": 32.94,
        "quality_flag": 1,
        "beam": "BEAM02"
      }
    },
    {
      "type": "Feature",
      "geometry": {
        "type": "Point",
        "coordinates": [
          -70.063919,
          -12.582121
        ]
      },
      "properties": {
        "transect_id": 9,
        "elev_lowestmode": 241.86000061035156,
        "elev_dem": 243.0,
        "rh100": 32.4,
        "quality_flag": 1,
        "beam": "BEAM02"
      }
    },
    {
      "type": "Feature",
      "geometry": {
        "type": "Point",
        "coordinates": [
          -70.063514,
          -12.581896
        ]
      },
      "properties": {
        "transect_id": 9,
        "elev_lowestmode": 245.17999267578125,
        "elev_dem": 244.0,
        "rh100": 21.45,
        "quality_flag": 1,
        "beam": "BEAM02"
      }
    },
    {
      "type": "Feature",
      "geometry": {
        "type": "Point",
        "coordinates": [
          -70.063797,
          -12.58167
        ]
      },
      "properties": {
        "transect_id": 9,
        "elev_lowestmode": 243.2100067138672,
        "elev_dem": 243.0,
        "rh100": 21.79,
        "quality_flag": 1,
        "beam": "BEAM02"
      }
    },
    {
      "type": "Feature",
      "geometry": {
        "type": "Point",
        "coordinates": [
          -70.063862,
          -12.581445
        ]
      },
      "properties": {
        "transect_id": 9,
        "elev_lowestmode": 239.22000122070312,
        "elev_dem": 240.0,
        "rh100": 23.3,
        "quality_flag": 1,
        "beam": "BEAM02"
      }
    },
    {
      "type": "Feature",
      "geometry": {
        "type": "Point",
        "coordinates": [
          -70.06297,
          -12.58122
        ]
      },
      "properties": {
        "transect_id": 9,
        "elev_lowestmode": 235.85000610351562,
        "elev_dem": 236.0,
        "rh100": 29.36,
        "quality_flag": 1,
        "beam": "BEAM02"
      }
    },
    {
      "type": "Feature",
      "geometry": {
        "type": "Point",
        "coordinates": [
          -70.063739,
          -12.580995
        ]
      },
      "properties": {
        "transect_id": 9,
        "elev_lowestmode": 237.44000244140625,
        "elev_dem": 236.0,
        "rh100": 24.19,
        "quality_flag": 1,
        "beam": "BEAM02"
      }
    },
    {
      "type": "Feature",
      "geometry": {
        "type": "Point",
        "coordinates": [
          -70.062547,
          -12.58077
        ]
      },
      "properties": {
        "transect_id": 9,
        "elev_lowestmode": 225.1699981689453,
        "elev_dem": 225.0,
        "rh100": 24.04,
        "quality_flag": 1,
        "beam": "BEAM02"
      }
    },
    {
      "type": "Feature",
      "geometry": {
        "type": "Point",
        "coordinates": [
          -70.063563,
          -12.580544
        ]
      },
      "properties": {
        "transect_id": 9,
        "elev_lowestmode": 221.19000244140625,
        "elev_dem": 221.0,
        "rh100": 33.53,
        "quality_flag": 1,
        "beam": "BEAM02"
      }
    },
    {
      "type": "Feature",
      "geometry": {
        "type": "Point",
        "coordinates": [
          -70.062704,
          -12.580319
        ]
      },
      "properties": {
        "transect_id": 9,
        "elev_lowestmode": 214.9600067138672,
        "elev_dem": 215.0,
        "rh100": 21.58,
        "quality_flag": 1,
        "beam": "BEAM02"
      }
    },
    {
      "type": "Feature",
      "geometry": {
        "type": "Point",
        "coordinates": [
          -70.063816,
          -12.580094
        ]
      },
      "properties": {
        "transect_id": 9,
        "elev_lowestmode": 215.4499969482422,
        "elev_dem": 215.0,
        "rh100": 30.49,
        "quality_flag": 1,
        "beam": "BEAM02"
      }
    },
    {
      "type": "Feature",
      "geometry": {
        "type": "Point",
        "coordinates": [
          -70.062385,
          -12.579869
        ]
      },
      "properties": {
        "transect_id": 9,
        "elev_lowestmode": 216.27999877929688,
        "elev_dem": 215.0,
        "rh100": 27.83,
        "quality_flag": 1,
        "beam": "BEAM02"
      }
    },
    {
      "type": "Feature",
      "geometry": {
        "type": "Point",
        "coordinates": [
          -70.063225,
          -12.579643
        ]
      },
      "properties": {
        "transect_id": 9,
        "elev_lowestmode": 214.52000427246094,
        "elev_dem": 215.0,
        "rh100": 27.52,
        "quality_flag": 1,
        "beam": "BEAM02"
      }
    },
    {
      "type": "Feature",
      "geometry": {
        "type": "Point",
        "coordinates": [
          -70.062029,
          -12.579418
        ]
      },
      "properties": {
        "transect_id": 9,
        "elev_lowestmode": 214.88999938964844,
        "elev_dem": 215.0,
        "rh100": 34.63,
        "quality_flag": 1,
        "beam": "BEAM02"
      }
    },
    {
      "type": "Feature",
      "geometry": {
        "type": "Point",
        "coordinates": [
          -70.062896,
          -12.579193
        ]
      },
      "properties": {
        "transect_id": 9,
        "elev_lowestmode": 213.69000244140625,
        "elev_dem": 215.0,
        "rh100": 30.82,
        "quality_flag": 1,
        "beam": "BEAM02"
      }
    },
    {
      "type": "Feature",
      "geometry": {
        "type": "Point",
        "coordinates": [
          -70.063578,
          -12.578968
        ]
      },
      "properties": {
        "transect_id": 9,
        "elev_lowestmode": 214.94000244140625,
        "elev_dem": 215.0,
        "rh100": 29.3,
        "quality_flag": 0,
        "beam": "BEAM02"
      }
    },
    {
      "type": "Feature",
      "geometry": {
        "type": "Point",
        "coordinates": [
          -70.06351,
          -12.578742
        ]
      },
      "properties": {
        "transect_id": 9,
        "elev_lowestmode": 215.02000427246094,
        "elev_dem": 215.0,
        "rh100": 23.39,
        "quality_flag": 0,
        "beam": "BEAM02"
      }
    },
    {
      "type": "Feature",
      "geometry": {
        "type": "Point",
        "coordinates": [
          -70.062436,
          -12.578517
        ]
      },
      "properties": {
        "transect_id": 9,
        "elev_lowestmode": 214.9199981689453,
        "elev_dem": 215.0,
        "rh100": 25.48,
        "quality_flag": 0,
        "beam": "BEAM02"
      }
    },
    {
      "type": "Feature",
      "geometry": {
        "type": "Point",
        "coordinates": [
          -70.062703,
          -12.578292
        ]
      },
      "properties": {
        "transect_id": 9,
        "elev_lowestmode": 214.02999877929688,
        "elev_dem": 215.0,
        "rh100": 25.21,
        "quality_flag": 1,
        "beam": "BEAM02"
      }
    },
    {
      "type": "Feature",
      "geometry": {
        "type": "Point",
        "coordinates": [
          -70.063638,
          -12.578067
        ]
      },
      "properties": {
        "transect_id": 9,
        "elev_lowestmode": 215.6300048828125,
        "elev_dem": 215.0,
        "rh100": 33.29,
        "quality_flag": 1,
        "beam": "BEAM02"
      }
    },
    {
      "type": "Feature",
      "geometry": {
        "type": "Point",
        "coordinates": [
          -70.063,
          -12.577842
        ]
      },
      "properties": {
        "transect_id": 9,
        "elev_lowestmode": 226.8000030517578,
        "elev_dem": 227.0,
        "rh100": 22.37,
        "quality_flag": 0,
        "beam": "BEAM02"
      }
    },
    {
      "type": "Feature",
      "geometry": {
        "type": "Point",
        "coordinates": [
          -70.062798,
          -12.577616
        ]
      },
      "properties": {
        "transect_id": 9,
        "elev_lowestmode": 228.6999969482422,
        "elev_dem": 228.0,
        "rh100": 29.24,
        "quality_flag": 1,
        "beam": "BEAM02"
      }
    },
    {
      "type": "Feature",
      "geometry": {
        "type": "Point",
        "coordinates": [
          -70.063435,
          -12.577391
        ]
      },
      "properties": {
        "transect_id": 9,
        "elev_lowestmode": 230.99000549316406,
        "elev_dem": 230.0,
        "rh100": 22.41,
        "quality_flag": 0,
        "beam": "BEAM02"
      }
    },
    {
      "type": "Feature",
      "geometry": {
        "type": "Point",
        "coordinates": [
          -70.062954,
          -12.577166
        ]
      },
      "properties": {
        "transect_id": 9,
        "elev_lowestmode": 230.89999389648438,
        "elev_dem": 230.0,
        "rh100": 29.0,
        "quality_flag": 1,
        "beam": "BEAM02"
      }
    },
    {
      "type": "Feature",
      "geometry": {
        "type": "Point",
        "coordinates": [
          -70.063819,
          -12.576941
        ]
      },
      "properties": {
        "transect_id": 9,
        "elev_lowestmode": 229.67999267578125,
        "elev_dem": 229.0,
        "rh100": 34.26,
        "quality_flag": 1,
        "beam": "BEAM02"
      }
    },
    {
      "type": "Feature",
      "geometry": {
        "type": "Point",
        "coordinates": [
          -70.063691,
          -12.576715
        ]
      },
      "properties": {
        "transect_id": 9,
        "elev_lowestmode": 234.44000244140625,
        "elev_dem": 234.0,
        "rh100": 34.31,
        "quality_flag": 1,
        "beam": "BEAM02"
      }
    },
    {
      "type": "Feature",
      "geometry": {
        "type": "Point",
        "coordinates": [
          -70.063221,
          -12.57649
        ]
      },
      "properties": {
        "transect_id": 9,
        "elev_lowestmode": 231.7100067138672,
        "elev_dem": 232.0,
        "rh100": 33.95,
        "quality_flag": 1,
        "beam": "BEAM02"
      }
    },
    {
      "type": "Feature",
      "geometry": {
        "type": "Point",
        "coordinates": [
          -70.062635,
          -12.576265
        ]
      },
      "properties": {
        "transect_id": 9,
        "elev_lowestmode": 231.08999633789062,
        "elev_dem": 230.0,
        "rh100": 29.91,
        "quality_flag": 1,
        "beam": "BEAM02"
      }
    },
    {
      "type": "Feature",
      "geometry": {
        "type": "Point",
        "coordinates": [
          -70.063111,
          -12.57604
        ]
      },
      "properties": {
        "transect_id": 9,
        "elev_lowestmode": 229.11000061035156,
        "elev_dem": 227.0,
        "rh100": 21.16,
        "quality_flag": 1,
        "beam": "BEAM02"
      }
    },
    {
      "type": "Feature",
      "geometry": {
        "type": "Point",
        "coordinates": [
          -70.062178,
          -12.575815
        ]
      },
      "properties": {
        "transect_id": 9,
        "elev_lowestmode": 230.6199951171875,
        "elev_dem": 230.0,
        "rh100": 22.91,
        "quality_flag": 1,
        "beam": "BEAM02"
      }
    },
    {
      "type": "Feature",
      "geometry": {
        "type": "Point",
        "coordinates": [
          -70.063399,
          -12.575589
        ]
      },
      "properties": {
        "transect_id": 9,
        "elev_lowestmode": 227.47000122070312,
        "elev_dem": 227.0,
        "rh100": 33.77,
        "quality_flag": 1,
        "beam": "BEAM02"
      }
    },
    {
      "type": "Feature",
      "geometry": {
        "type": "Point",
        "coordinates": [
          -70.063287,
          -12.575364
        ]
      },
      "properties": {
        "transect_id": 9,
        "elev_lowestmode": 228.75999450683594,
        "elev_dem": 228.0,
        "rh100": 23.59,
        "quality_flag": 1,
        "beam": "BEAM02"
      }
    },
    {
      "type": "Feature",
      "geometry": {
        "type": "Point",
        "coordinates": [
          -70.063298,
          -12.575139
        ]
      },
      "properties": {
        "transect_id": 9,
        "elev_lowestmode": 228.1199951171875,
        "elev_dem": 229.0,
        "rh100": 26.93,
        "quality_flag": 1,
        "beam": "BEAM02"
      }
    },
    {
      "type": "Feature",
      "geometry": {
        "type": "Point",
        "coordinates": [
          -70.06238,
          -12.574914
        ]
      },
      "properties": {
        "transect_id": 9,
        "elev_lowestmode": 233.16000366210938,
        "elev_dem": 233.0,
        "rh100": 24.72,
        "quality_flag": 1,
        "beam": "BEAM02"
      }
    },
    {
      "type": "Feature",
      "geometry": {
        "type": "Point",
        "coordinates": [
          -70.063636,
          -12.574688
        ]
      },
      "properties": {
        "transect_id": 9,
        "elev_lowestmode": 232.2100067138672,
        "elev_dem": 232.0,
        "rh100": 34.48,
        "quality_flag": 1,
        "beam": "BEAM02"
      }
    },
    {
      "type": "Feature",
      "geometry": {
        "type": "Point",
        "coordinates": [
          -70.063485,
          -12.574463
        ]
      },
      "properties": {
        "transect_id": 9,
        "elev_lowestmode": 230.57000732421875,
        "elev_dem": 232.0,
        "rh100": 20.61,
        "quality_flag": 1,
        "beam": "BEAM02"
      }
    },
    {
      "type": "Feature",
      "geometry": {
        "type": "Point",
        "coordinates": [
          -70.063793,
          -12.574238
        ]
      },
      "properties": {
        "transect_id": 9,
        "elev_lowestmode": 236.41000366210938,
        "elev_dem": 236.0,
        "rh100": 32.47,
        "quality_flag": 1,
        "beam": "BEAM02"
      }
    },
    {
      "type": "Feature",
      "geometry": {
        "type": "Point",
        "coordinates": [
          -70.063728,
          -12.574013
        ]
      },
      "properties": {
        "transect_id": 9,
        "elev_lowestmode": 235.10000610351562,
        "elev_dem": 235.0,
        "rh100": 30.39,
        "quality_flag": 1,
        "beam": "BEAM02"
      }
    },
    {
      "type": "Feature",
      "geometry": {
        "type": "Point",
        "coordinates": [
          -70.062074,
          -12.573788
        ]
      },
      "properties": {
        "transect_id": 9,
        "elev_lowestmode": 236.92999267578125,
        "elev_dem": 237.0,
        "rh100": 28.57,
        "quality_flag": 1,
        "beam": "BEAM02"
      }
    },
    {
      "type": "Feature",
      "geometry": {
        "type": "Point",
        "coordinates": [
          -70.063438,
          -12.573562
        ]
      },
      "properties": {
        "transect_id": 9,
        "elev_lowestmode": 237.55999755859375,
        "elev_dem": 237.0,
        "rh100": 23.1,
        "quality_flag": 1,
        "beam": "BEAM02"
      }
    },
    {
      "type": "Feature",
      "geometry": {
        "type": "Point",
        "coordinates": [
          -70.063444,
          -12.573337
        ]
      },
      "properties": {
        "transect_id": 9,
        "elev_lowestmode": 237.44000244140625,
        "elev_dem": 238.0,
        "rh100": 21.32,
        "quality_flag": 1,
        "beam": "BEAM02"
      }
    },
    {
      "type": "Feature",
      "geometry": {
        "type": "Point",
        "coordinates": [
          -70.063164,
          -12.573112
        ]
      },
      "properties": {
        "transect_id": 9,
        "elev_lowestmode": 239.0800018310547,
        "elev_dem": 238.0,
        "rh100": 20.54,
        "quality_flag": 1,
        "beam": "BEAM02"
      }
    },
    {
      "type": "Feature",
      "geometry": {
        "type": "Point",
        "coordinates": [
          -70.062477,
          -12.572887
        ]
      },
      "properties": {
        "transect_id": 9,
        "elev_lowestmode": 242.42999267578125,
        "elev_dem": 242.0,
        "rh100": 32.67,
        "quality_flag": 1,
        "beam": "BEAM02"
      }
    },
    {
      "type": "Feature",
      "geometry": {
        "type": "Point",
        "coordinates": [
          -70.063227,
          -12.572661
        ]
      },
      "properties": {
        "transect_id": 9,
        "elev_lowestmode": 240.47000122070312,
        "elev_dem": 240.0,
        "rh100": 28.01,
        "quality_flag": 1,
        "beam": "BEAM02"
      }
    },
    {
      "type": "Feature",
      "geometry": {
        "type": "Point",
        "coordinates": [
          -70.063709,
          -12.572436
        ]
      },
      "properties": {
        "transect_id": 9,
        "elev_lowestmode": 245.25999450683594,
        "elev_dem": 245.0,
        "rh100": 23.7,
        "quality_flag": 1,
        "beam": "BEAM02"
      }
    },
    {
      "type": "Feature",
      "geometry": {
        "type": "Point",
        "coordinates": [
          -70.063327,
          -12.572211
        ]
      },
      "properties": {
        "transect_id": 9,
        "elev_lowestmode": 245.41000366210938,
        "elev_dem": 245.0,
        "rh100": 25.58,
        "quality_flag": 0,
        "beam": "BEAM02"
      }
    },
    {
      "type": "Feature",
      "geometry": {
        "type": "Point",
        "coordinates": [
          -70.062083,
          -12.571986
        ]
      },
      "properties": {
        "transect_id": 9,
        "elev_lowestmode": 226.02999877929688,
        "elev_dem": 227.0,
        "rh100": 23.4,
        "quality_flag": 1,
        "beam": "BEAM02"
      }
    },
    {
      "type": "Feature",
      "geometry": {
        "type": "Point",
        "coordinates": [
          -70.062025,
          -12.571761
        ]
      },
      "properties": {
        "transect_id": 9,
        "elev_lowestmode": 230.7899932861328,
        "elev_dem": 231.0,
        "rh100": 28.78,
        "quality_flag": 1,
        "beam": "BEAM02"
      }
    },
    {
      "type": "Feature",
      "geometry": {
        "type": "Point",
        "coordinates": [
          -70.062244,
          -12.571535
        ]
      },
      "properties": {
        "transect_id": 9,
        "elev_lowestmode": 230.5800018310547,
        "elev_dem": 230.0,
        "rh100": 31.67,
        "quality_flag": 1,
        "beam": "BEAM02"
      }
    },
    {
      "type": "Feature",
      "geometry": {
        "type": "Point",
        "coordinates": [
          -70.063735,
          -12.57131
        ]
      },
      "properties": {
        "transect_id": 9,
        "elev_lowestmode": 229.9199981689453,
        "elev_dem": 231.0,
        "rh100": 29.43,
        "quality_flag": 1,
        "beam": "BEAM02"
      }
    },
    {
      "type": "Feature",
      "geometry": {
        "type": "Point",
        "coordinates": [
          -70.062235,
          -12.571085
        ]
      },
      "properties": {
        "transect_id": 9,
        "elev_lowestmode": 236.69000244140625,
        "elev_dem": 238.0,
        "rh100": 20.13,
        "quality_flag": 1,
        "beam": "BEAM02"
      }
    },
    {
      "type": "Feature",
      "geometry": {
        "type": "Point",
        "coordinates": [
          -70.062969,
          -12.57086
        ]
      },
      "properties": {
        "transect_id": 9,
        "elev_lowestmode": 238.75,
        "elev_dem": 240.0,
        "rh100": 29.57,
        "quality_flag": 1,
        "beam": "BEAM02"
      }
    },
    {
      "type": "Feature",
      "geometry": {
        "type": "Point",
        "coordinates": [
          -70.063061,
          -12.570634
        ]
      },
      "properties": {
        "transect_id": 9,
        "elev_lowestmode": 239.27999877929688,
        "elev_dem": 240.0,
        "rh100": 32.36,
        "quality_flag": 1,
        "beam": "BEAM02"
      }
    },
    {
      "type": "Feature",
      "geometry": {
        "type": "Point",
        "coordinates": [
          -70.064013,
          -12.570409
        ]
      },
      "properties": {
        "transect_id": 9,
        "elev_lowestmode": 234.5500030517578,
        "elev_dem": 236.0,
        "rh100": 27.29,
        "quality_flag": 1,
        "beam": "BEAM02"
      }
    },
    {
      "type": "Feature",
      "geometry": {
        "type": "Point",
        "coordinates": [
          -70.06208,
          -12.570184
        ]
      },
      "properties": {
        "transect_id": 9,
        "elev_lowestmode": 233.7899932861328,
        "elev_dem": 235.0,
        "rh100": 28.29,
        "quality_flag": 0,
        "beam": "BEAM02"
      }
    },
    {
      "type": "Feature",
      "geometry": {
        "type": "Point",
        "coordinates": [
          -70.063494,
          -12.569959
        ]
      },
      "properties": {
        "transect_id": 9,
        "elev_lowestmode": 240.1300048828125,
        "elev_dem": 240.0,
        "rh100": 21.43,
        "quality_flag": 1,
        "beam": "BEAM02"
      }
    },
    {
      "type": "Feature",
      "geometry": {
        "type": "Point",
        "coordinates": [
          -70.062461,
          -12.569733
        ]
      },
      "properties": {
        "transect_id": 9,
        "elev_lowestmode": 239.33999633789062,
        "elev_dem": 239.0,
        "rh100": 24.41,
        "quality_flag": 1,
        "beam": "BEAM02"
      }
    },
    {
      "type": "Feature",
      "geometry": {
        "type": "Point",
        "coordinates": [
          -70.064011,
          -12.569508
        ]
      },
      "properties": {
        "transect_id": 9,
        "elev_lowestmode": 239.6199951171875,
        "elev_dem": 239.0,
        "rh100": 32.51,
        "quality_flag": 1,
        "beam": "BEAM02"
      }
    },
    {
      "type": "Feature",
      "geometry": {
        "type": "Point",
        "coordinates": [
          -70.063453,
          -12.569283
        ]
      },
      "properties": {
        "transect_id": 9,
        "elev_lowestmode": 244.7899932861328,
        "elev_dem": 244.0,
        "rh100": 21.42,
        "quality_flag": 1,
        "beam": "BEAM02"
      }
    },
    {
      "type": "Feature",
      "geometry": {
        "type": "Point",
        "coordinates": [
          -70.062682,
          -12.569058
        ]
      },
      "properties": {
        "transect_id": 9,
        "elev_lowestmode": 239.80999755859375,
        "elev_dem": 240.0,
        "rh100": 23.8,
        "quality_flag": 1,
        "beam": "BEAM02"
      }
    },
    {
      "type": "Feature",
      "geometry": {
        "type": "Point",
        "coordinates": [
          -70.062468,
          -12.568833
        ]
      },
      "properties": {
        "transect_id": 9,
        "elev_lowestmode": 240.0,
        "elev_dem": 238.0,
        "rh100": 21.51,
        "quality_flag": 1,
        "beam": "BEAM02"
      }
    },
    {
      "type": "Feature",
      "geometry": {
        "type": "Point",
        "coordinates": [
          -70.063241,
          -12.568607
        ]
      },
      "properties": {
        "transect_id": 9,
        "elev_lowestmode": 242.8699951171875,
        "elev_dem": 243.0,
        "rh100": 32.17,
        "quality_flag": 1,
        "beam": "BEAM02"
      }
    },
    {
      "type": "Feature",
      "geometry": {
        "type": "Point",
        "coordinates": [
          -70.063161,
          -12.568382
        ]
      },
      "properties": {
        "transect_id": 9,
        "elev_lowestmode": 239.97999572753906,
        "elev_dem": 240.0,
        "rh100": 23.82,
        "quality_flag": 1,
        "beam": "BEAM02"
      }
    },
    {
      "type": "Feature",
      "geometry": {
        "type": "Point",
        "coordinates": [
          -70.062127,
          -12.568157
        ]
      },
      "properties": {
        "transect_id": 9,
        "elev_lowestmode": 240.22999572753906,
        "elev_dem": 240.0,
        "rh100": 22.68,
        "quality_flag": 1,
        "beam": "BEAM02"
      }
    },
    {
      "type": "Feature",
      "geometry": {
        "type": "Point",
        "coordinates": [
          -70.06338,
          -12.567932
        ]
      },
      "properties": {
        "transect_id": 9,
        "elev_lowestmode": 244.41000366210938,
        "elev_dem": 244.0,
        "rh100": 34.29,
        "quality_flag": 1,
        "beam": "BEAM02"
      }
    },
    {
      "type": "Feature",
      "geometry": {
        "type": "Point",
        "coordinates": [
          -70.062719,
          -12.567706
        ]
      },
      "properties": {
        "transect_id": 9,
        "elev_lowestmode": 239.61000061035156,
        "elev_dem": 239.0,
        "rh100": 25.51,
        "quality_flag": 1,
        "beam": "BEAM02"
      }
    },
    {
      "type": "Feature",
      "geometry": {
        "type": "Point",
        "coordinates": [
          -70.062969,
          -12.567481
        ]
      },
      "properties": {
        "transect_id": 9,
        "elev_lowestmode": 238.55999755859375,
        "elev_dem": 238.0,
        "rh100": 24.77,
        "quality_flag": 1,
        "beam": "BEAM02"
      }
    },
    {
      "type": "Feature",
      "geometry": {
        "type": "Point",
        "coordinates": [
          -70.063937,
          -12.567256
        ]
      },
      "properties": {
        "transect_id": 9,
        "elev_lowestmode": 237.74000549316406,
        "elev_dem": 239.0,
        "rh100": 23.67,
        "quality_flag": 1,
        "beam": "BEAM02"
      }
    },
    {
      "type": "Feature",
      "geometry": {
        "type": "Point",
        "coordinates": [
          -70.062752,
          -12.567031
        ]
      },
      "properties": {
        "transect_id": 9,
        "elev_lowestmode": 240.5500030517578,
        "elev_dem": 240.0,
        "rh100": 34.46,
        "quality_flag": 1,
        "beam": "BEAM02"
      }
    },
    {
      "type": "Feature",
      "geometry": {
        "type": "Point",
        "coordinates": [
          -70.062548,
          -12.566806
        ]
      },
      "properties": {
        "transect_id": 9,
        "elev_lowestmode": 242.1300048828125,
        "elev_dem": 242.0,
        "rh100": 30.55,
        "quality_flag": 1,
        "beam": "BEAM02"
      }
    },
    {
      "type": "Feature",
      "geometry": {
        "type": "Point",
        "coordinates": [
          -70.063567,
          -12.56658
        ]
      },
      "properties": {
        "transect_id": 9,
        "elev_lowestmode": 237.85000610351562,
        "elev_dem": 237.0,
        "rh100": 32.84,
        "quality_flag": 1,
        "beam": "BEAM02"
      }
    },
    {
      "type": "Feature",
      "geometry": {
        "type": "Point",
        "coordinates": [
          -70.063119,
          -12.566355
        ]
      },
      "properties": {
        "transect_id": 9,
        "elev_lowestmode": 239.10000610351562,
        "elev_dem": 239.0,
        "rh100": 23.86,
        "quality_flag": 1,
        "beam": "BEAM02"
      }
    },
    {
      "type": "Feature",
      "geometry": {
        "type": "Point",
        "coordinates": [
          -70.062317,
          -12.56613
        ]
      },
      "properties": {
        "transect_id": 9,
        "elev_lowestmode": 238.08999633789062,
        "elev_dem": 238.0,
        "rh100": 24.8,
        "quality_flag": 1,
        "beam": "BEAM02"
      }
    },
    {
      "type": "Feature",
      "geometry": {
        "type": "Point",
        "coordinates": [
          -70.062329,
          -12.565905
        ]
      },
      "properties": {
        "transect_id": 9,
        "elev_lowestmode": 236.00999450683594,
        "elev_dem": 236.0,
        "rh100": 34.82,
        "quality_flag": 1,
        "beam": "BEAM02"
      }
    },
    {
      "type": "Feature",
      "geometry": {
        "type": "Point",
        "coordinates": [
          -70.062347,
          -12.565679
        ]
      },
      "properties": {
        "transect_id": 9,
        "elev_lowestmode": 236.67999267578125,
        "elev_dem": 237.0,
        "rh100": 22.39,
        "quality_flag": 1,
        "beam": "BEAM02"
      }
    },
    {
      "type": "Feature",
      "geometry": {
        "type": "Point",
        "coordinates": [
          -70.062901,
          -12.565454
        ]
      },
      "properties": {
        "transect_id": 9,
        "elev_lowestmode": 241.1999969482422,
        "elev_dem": 240.0,
        "rh100": 26.96,
        "quality_flag": 1,
        "beam": "BEAM02"
      }
    },
    {
      "type": "Feature",
      "geometry": {
        "type": "Point",
        "coordinates": [
          -70.063628,
          -12.565229
        ]
      },
      "properties": {
        "transect_id": 9,
        "elev_lowestmode": 241.22999572753906,
        "elev_dem": 242.0,
        "rh100": 26.59,
        "quality_flag": 1,
        "beam": "BEAM02"
      }
    },
    {
      "type": "Feature",
      "geometry": {
        "type": "Point",
        "coordinates": [
          -70.063799,
          -12.565004
        ]
      },
      "properties": {
        "transect_id": 9,
        "elev_lowestmode": 238.47000122070312,
        "elev_dem": 240.0,
        "rh100": 32.33,
        "quality_flag": 1,
        "beam": "BEAM02"
      }
    },
    {
      "type": "Feature",
      "geometry": {
        "type": "Point",
        "coordinates": [
          -70.063246,
          -12.564779
        ]
      },
      "properties": {
        "transect_id": 9,
        "elev_lowestmode": 238.52999877929688,
        "elev_dem": 237.0,
        "rh100": 32.29,
        "quality_flag": 1,
        "beam": "BEAM02"
      }
    },
    {
      "type": "Feature",
      "geometry": {
        "type": "Point",
        "coordinates": [
          -70.063278,
          -12.564553
        ]
      },
      "properties": {
        "transect_id": 9,
        "elev_lowestmode": 238.91000366210938,
        "elev_dem": 238.0,
        "rh100": 32.32,
        "quality_flag": 1,
        "beam": "BEAM02"
      }
    },
    {
      "type": "Feature",
      "geometry": {
        "type": "Point",
        "coordinates": [
          -70.06215,
          -12.564328
        ]
      },
      "properties": {
        "transect_id": 9,
        "elev_lowestmode": 243.2100067138672,
        "elev_dem": 244.0,
        "rh100": 26.73,
        "quality_flag": 1,
        "beam": "BEAM02"
      }
    },
    {
      "type": "Feature",
      "geometry": {
        "type": "Point",
        "coordinates": [
          -70.062174,
          -12.564103
        ]
      },
      "properties": {
        "transect_id": 9,
        "elev_lowestmode": 244.5800018310547,
        "elev_dem": 244.0,
        "rh100": 33.4,
        "quality_flag": 0,
        "beam": "BEAM02"
      }
    },
    {
      "type": "Feature",
      "geometry": {
        "type": "Point",
        "coordinates": [
          -70.062067,
          -12.563878
        ]
      },
      "properties": {
        "transect_id": 9,
        "elev_lowestmode": 244.22999572753906,
        "elev_dem": 244.0,
        "rh100": 25.69,
        "quality_flag": 0,
        "beam": "BEAM02"
      }
    },
    {
      "type": "Feature",
      "geometry": {
        "type": "Point",
        "coordinates": [
          -70.063636,
          -12.563652
        ]
      },
      "properties": {
        "transect_id": 9,
        "elev_lowestmode": 237.99000549316406,
        "elev_dem": 239.0,
        "rh100": 26.24,
        "quality_flag": 1,
        "beam": "BEAM02"
      }
    },
    {
      "type": "Feature",
      "geometry": {
        "type": "Point",
        "coordinates": [
          -70.06378,
          -12.563427
        ]
      },
      "properties": {
        "transect_id": 9,
        "elev_lowestmode": 237.8300018310547,
        "elev_dem": 236.0,
        "rh100": 28.47,
        "quality_flag": 0,
        "beam": "BEAM02"
      }
    },
    {
      "type": "Feature",
      "geometry": {
        "type": "Point",
        "coordinates": [
          -70.062204,
          -12.563202
        ]
      },
      "properties": {
        "transect_id": 9,
        "elev_lowestmode": 235.2899932861328,
        "elev_dem": 237.0,
        "rh100": 23.67,
        "quality_flag": 1,
        "beam": "BEAM02"
      }
    },
    {
      "type": "Feature",
      "geometry": {
        "type": "Point",
        "coordinates": [
          -70.06205,
          -12.562977
        ]
      },
      "properties": {
        "transect_id": 9,
        "elev_lowestmode": 232.97000122070312,
        "elev_dem": 234.0,
        "rh100": 30.73,
        "quality_flag": 1,
        "beam": "BEAM02"
      }
    },
    {
      "type": "Feature",
      "geometry": {
        "type": "Point",
        "coordinates": [
          -70.063808,
          -12.562752
        ]
      },
      "properties": {
        "transect_id": 9,
        "elev_lowestmode": 236.86000061035156,
        "elev_dem": 237.0,
        "rh100": 25.78,
        "quality_flag": 1,
        "beam": "BEAM02"
      }
    },
    {
      "type": "Feature",
      "geometry": {
        "type": "Point",
        "coordinates": [
          -70.062119,
          -12.562526
        ]
      },
      "properties": {
        "transect_id": 9,
        "elev_lowestmode": 239.63999938964844,
        "elev_dem": 239.0,
        "rh100": 22.11,
        "quality_flag": 1,
        "beam": "BEAM02"
      }
    },
    {
      "type": "Feature",
      "geometry": {
        "type": "Point",
        "coordinates": [
          -70.06338,
          -12.562301
        ]
      },
      "properties": {
        "transect_id": 9,
        "elev_lowestmode": 240.1199951171875,
        "elev_dem": 241.0,
        "rh100": 30.04,
        "quality_flag": 1,
        "beam": "BEAM02"
      }
    },
    {
      "type": "Feature",
      "geometry": {
        "type": "Point",
        "coordinates": [
          -70.062878,
          -12.562076
        ]
      },
      "properties": {
        "transect_id": 9,
        "elev_lowestmode": 243.5,
        "elev_dem": 243.0,
        "rh100": 29.66,
        "quality_flag": 1,
        "beam": "BEAM02"
      }
    },
    {
      "type": "Feature",
      "geometry": {
        "type": "Point",
        "coordinates": [
          -70.062905,
          -12.561851
        ]
      },
      "properties": {
        "transect_id": 9,
        "elev_lowestmode": 243.63999938964844,
        "elev_dem": 243.0,
        "rh100": 23.89,
        "quality_flag": 1,
        "beam": "BEAM02"
      }
    },
    {
      "type": "Feature",
      "geometry": {
        "type": "Point",
        "coordinates": [
          -70.062739,
          -12.561625
        ]
      },
      "properties": {
        "transect_id": 9,
        "elev_lowestmode": 242.75999450683594,
        "elev_dem": 243.0,
        "rh100": 34.69,
        "quality_flag": 1,
        "beam": "BEAM02"
      }
    },
    {
      "type": "Feature",
      "geometry": {
        "type": "Point",
        "coordinates": [
          -70.062869,
          -12.5614
        ]
      },
      "properties": {
        "transect_id": 9,
        "elev_lowestmode": 240.3000030517578,
        "elev_dem": 240.0,
        "rh100": 31.62,
        "quality_flag": 1,
        "beam": "BEAM02"
      }
    },
    {
      "type": "Feature",
      "geometry": {
        "type": "Point",
        "coordinates": [
          -70.062389,
          -12.561175
        ]
      },
      "properties": {
        "transect_id": 9,
        "elev_lowestmode": 238.41000366210938,
        "elev_dem": 238.0,
        "rh100": 31.31,
        "quality_flag": 1,
        "beam": "BEAM02"
      }
    },
    {
      "type": "Feature",
      "geometry": {
        "type": "Point",
        "coordinates": [
          -70.063928,
          -12.56095
        ]
      },
      "properties": {
        "transect_id": 9,
        "elev_lowestmode": 240.55999755859375,
        "elev_dem": 241.0,
        "rh100": 34.85,
        "quality_flag": 1,
        "beam": "BEAM02"
      }
    },
    {
      "type": "Feature",
      "geometry": {
        "type": "Point",
        "coordinates": [
          -70.06375,
          -12.560724
        ]
      },
      "properties": {
        "transect_id": 9,
        "elev_lowestmode": 241.32000732421875,
        "elev_dem": 241.0,
        "rh100": 24.76,
        "quality_flag": 1,
        "beam": "BEAM02"
      }
    },
    {
      "type": "Feature",
      "geometry": {
        "type": "Point",
        "coordinates": [
          -70.063618,
          -12.560499
        ]
      },
      "properties": {
        "transect_id": 9,
        "elev_lowestmode": 241.49000549316406,
        "elev_dem": 242.0,
        "rh100": 29.58,
        "quality_flag": 1,
        "beam": "BEAM02"
      }
    },
    {
      "type": "Feature",
      "geometry": {
        "type": "Point",
        "coordinates": [
          -70.062919,
          -12.560274
        ]
      },
      "properties": {
        "transect_id": 9,
        "elev_lowestmode": 242.3300018310547,
        "elev_dem": 242.0,
        "rh100": 26.26,
        "quality_flag": 1,
        "beam": "BEAM02"
      }
    },
    {
      "type": "Feature",
      "geometry": {
        "type": "Point",
        "coordinates": [
          -70.063937,
          -12.560049
        ]
      },
      "properties": {
        "transect_id": 9,
        "elev_lowestmode": 242.27999877929688,
        "elev_dem": 242.0,
        "rh100": 22.14,
        "quality_flag": 1,
        "beam": "BEAM02"
      }
    },
    {
      "type": "Feature",
      "geometry": {
        "type": "Point",
        "coordinates": [
          -70.062344,
          -12.559824
        ]
      },
      "properties": {
        "transect_id": 9,
        "elev_lowestmode": 239.4600067138672,
        "elev_dem": 240.0,
        "rh100": 33.71,
        "quality_flag": 1,
        "beam": "BEAM02"
      }
    },
    {
      "type": "Feature",
      "geometry": {
        "type": "Point",
        "coordinates": [
          -70.063502,
          -12.559598
        ]
      },
      "properties": {
        "transect_id": 9,
        "elev_lowestmode": 241.22000122070312,
        "elev_dem": 241.0,
        "rh100": 31.44,
        "quality_flag": 1,
        "beam": "BEAM02"
      }
    },
    {
      "type": "Feature",
      "geometry": {
        "type": "Point",
        "coordinates": [
          -70.062392,
          -12.559373
        ]
      },
      "properties": {
        "transect_id": 9,
        "elev_lowestmode": 239.07000732421875,
        "elev_dem": 239.0,
        "rh100": 28.07,
        "quality_flag": 1,
        "beam": "BEAM02"
      }
    },
    {
      "type": "Feature",
      "geometry": {
        "type": "Point",
        "coordinates": [
          -70.062985,
          -12.559148
        ]
      },
      "properties": {
        "transect_id": 9,
        "elev_lowestmode": 244.92999267578125,
        "elev_dem": 243.0,
        "rh100": 20.64,
        "quality_flag": 1,
        "beam": "BEAM02"
      }
    },
    {
      "type": "Feature",
      "geometry": {
        "type": "Point",
        "coordinates": [
          -70.062898,
          -12.558923
        ]
      },
      "properties": {
        "transect_id": 9,
        "elev_lowestmode": 244.9600067138672,
        "elev_dem": 244.0,
        "rh100": 23.52,
        "quality_flag": 1,
        "beam": "BEAM02"
      }
    },
    {
      "type": "Feature",
      "geometry": {
        "type": "Point",
        "coordinates": [
          -70.063584,
          -12.558697
        ]
      },
      "properties": {
        "transect_id": 9,
        "elev_lowestmode": 241.17999267578125,
        "elev_dem": 240.0,
        "rh100": 32.02,
        "quality_flag": 1,
        "beam": "BEAM02"
      }
    },
    {
      "type": "Feature",
      "geometry": {
        "type": "Point",
        "coordinates": [
          -70.062034,
          -12.558472
        ]
      },
      "properties": {
        "transect_id": 9,
        "elev_lowestmode": 242.5500030517578,
        "elev_dem": 244.0,
        "rh100": 32.27,
        "quality_flag": 1,
        "beam": "BEAM02"
      }
    },
    {
      "type": "Feature",
      "geometry": {
        "type": "Point",
        "coordinates": [
          -70.062256,
          -12.558247
        ]
      },
      "properties": {
        "transect_id": 9,
        "elev_lowestmode": 243.41000366210938,
        "elev_dem": 244.0,
        "rh100": 24.61,
        "quality_flag": 1,
        "beam": "BEAM02"
      }
    },
    {
      "type": "Feature",
      "geometry": {
        "type": "Point",
        "coordinates": [
          -70.063809,
          -12.558022
        ]
      },
      "properties": {
        "transect_id": 9,
        "elev_lowestmode": 243.77999877929688,
        "elev_dem": 243.0,
        "rh100": 25.03,
        "quality_flag": 1,
        "beam": "BEAM02"
      }
    },
    {
      "type": "Feature",
      "geometry": {
        "type": "Point",
        "coordinates": [
          -70.063788,
          -12.557797
        ]
      },
      "properties": {
        "transect_id": 9,
        "elev_lowestmode": 245.39999389648438,
        "elev_dem": 244.0,
        "rh100": 27.38,
        "quality_flag": 1,
        "beam": "BEAM02"
      }
    },
    {
      "type": "Feature",
      "geometry": {
        "type": "Point",
        "coordinates": [
          -70.062188,
          -12.557571
        ]
      },
      "properties": {
        "transect_id": 9,
        "elev_lowestmode": 239.24000549316406,
        "elev_dem": 240.0,
        "rh100": 31.06,
        "quality_flag": 1,
        "beam": "BEAM02"
      }
    },
    {
      "type": "Feature",
      "geometry": {
        "type": "Point",
        "coordinates": [
          -70.063389,
          -12.557346
        ]
      },
      "properties": {
        "transect_id": 9,
        "elev_lowestmode": 241.8800048828125,
        "elev_dem": 242.0,
        "rh100": 23.63,
        "quality_flag": 1,
        "beam": "BEAM02"
      }
    },
    {
      "type": "Feature",
      "geometry": {
        "type": "Point",
        "coordinates": [
          -70.063972,
          -12.557121
        ]
      },
      "properties": {
        "transect_id": 9,
        "elev_lowestmode": 243.17999267578125,
        "elev_dem": 243.0,
        "rh100": 25.72,
        "quality_flag": 1,
        "beam": "BEAM02"
      }
    },
    {
      "type": "Feature",
      "geometry": {
        "type": "Point",
        "coordinates": [
          -70.06366,
          -12.556896
        ]
      },
      "properties": {
        "transect_id": 9,
        "elev_lowestmode": 244.99000549316406,
        "elev_dem": 244.0,
        "rh100": 30.72,
        "quality_flag": 0,
        "beam": "BEAM02"
      }
    },
    {
      "type": "Feature",
      "geometry": {
        "type": "Point",
        "coordinates": [
          -70.062669,
          -12.55667
        ]
      },
      "properties": {
        "transect_id": 9,
        "elev_lowestmode": 241.13999938964844,
        "elev_dem": 240.0,
        "rh100": 24.15,
        "quality_flag": 1,
        "beam": "BEAM02"
      }
    },
    {
      "type": "Feature",
      "geometry": {
        "type": "Point",
        "coordinates": [
          -70.062473,
          -12.556445
        ]
      },
      "properties": {
        "transect_id": 9,
        "elev_lowestmode": 239.24000549316406,
        "elev_dem": 240.0,
        "rh100": 32.44,
        "quality_flag": 1,
        "beam": "BEAM02"
      }
    },
    {
      "type": "Feature",
      "geometry": {
        "type": "Point",
        "coordinates": [
          -70.062291,
          -12.55622
        ]
      },
      "properties": {
        "transect_id": 9,
        "elev_lowestmode": 238.9600067138672,
        "elev_dem": 240.0,
        "rh100": 30.54,
        "quality_flag": 1,
        "beam": "BEAM02"
      }
    },
    {
      "type": "Feature",
      "geometry": {
        "type": "Point",
        "coordinates": [
          -70.062771,
          -12.555995
        ]
      },
      "properties": {
        "transect_id": 9,
        "elev_lowestmode": 240.6300048828125,
        "elev_dem": 240.0,
        "rh100": 32.42,
        "quality_flag": 1,
        "beam": "BEAM02"
      }
    },
    {
      "type": "Feature",
      "geometry": {
        "type": "Point",
        "coordinates": [
          -70.062525,
          -12.55577
        ]
      },
      "properties": {
        "transect_id": 9,
        "elev_lowestmode": 237.6199951171875,
        "elev_dem": 238.0,
        "rh100": 34.12,
        "quality_flag": 1,
        "beam": "BEAM02"
      }
    },
    {
      "type": "Feature",
      "geometry": {
        "type": "Point",
        "coordinates": [
          -70.063352,
          -12.555544
        ]
      },
      "properties": {
        "transect_id": 9,
        "elev_lowestmode": 242.11000061035156,
        "elev_dem": 244.0,
        "rh100": 22.43,
        "quality_flag": 0,
        "beam": "BEAM02"
      }
    },
    {
      "type": "Feature",
      "geometry": {
        "type": "Point",
        "coordinates": [
          -70.063884,
          -12.555319
        ]
      },
      "properties": {
        "transect_id": 9,
        "elev_lowestmode": 242.0399932861328,
        "elev_dem": 240.0,
        "rh100": 32.9,
        "quality_flag": 1,
        "beam": "BEAM02"
      }
    },
    {
      "type": "Feature",
      "geometry": {
        "type": "Point",
        "coordinates": [
          -70.063546,
          -12.555094
        ]
      },
      "properties": {
        "transect_id": 9,
        "elev_lowestmode": 238.8699951171875,
        "elev_dem": 240.0,
        "rh100": 25.31,
        "quality_flag": 1,
        "beam": "BEAM02"
      }
    },
    {
      "type": "Feature",
      "geometry": {
        "type": "Point",
        "coordinates": [
          -70.062676,
          -12.554869
        ]
      },
      "properties": {
        "transect_id": 9,
        "elev_lowestmode": 239.61000061035156,
        "elev_dem": 241.0,
        "rh100": 33.81,
        "quality_flag": 1,
        "beam": "BEAM02"
      }
    },
    {
      "type": "Feature",
      "geometry": {
        "type": "Point",
        "coordinates": [
          -70.062026,
          -12.554643
        ]
      },
      "properties": {
        "transect_id": 9,
        "elev_lowestmode": 239.3000030517578,
        "elev_dem": 237.0,
        "rh100": 21.45,
        "quality_flag": 1,
        "beam": "BEAM02"
      }
    },
    {
      "type": "Feature",
      "geometry": {
        "type": "Point",
        "coordinates": [
          -70.062573,
          -12.554418
        ]
      },
      "properties": {
        "transect_id": 9,
        "elev_lowestmode": 242.5,
        "elev_dem": 242.0,
        "rh100": 34.1,
        "quality_flag": 1,
        "beam": "BEAM02"
      }
    },
    {
      "type": "Feature",
      "geometry": {
        "type": "Point",
        "coordinates": [
          -70.06301,
          -12.554193
        ]
      },
      "properties": {
        "transect_id": 9,
        "elev_lowestmode": 238.08999633789062,
        "elev_dem": 238.0,
        "rh100": 30.89,
        "quality_flag": 1,
        "beam": "BEAM02"
      }
    },
    {
      "type": "Feature",
      "geometry": {
        "type": "Point",
        "coordinates": [
          -70.06232,
          -12.553968
        ]
      },
      "properties": {
        "transect_id": 9,
        "elev_lowestmode": 244.05999755859375,
        "elev_dem": 245.0,
        "rh100": 29.84,
        "quality_flag": 1,
        "beam": "BEAM02"
      }
    },
    {
      "type": "Feature",
      "geometry": {
        "type": "Point",
        "coordinates": [
          -70.063056,
          -12.553742
        ]
      },
      "properties": {
        "transect_id": 9,
        "elev_lowestmode": 239.05999755859375,
        "elev_dem": 239.0,
        "rh100": 20.49,
        "quality_flag": 1,
        "beam": "BEAM02"
      }
    },
    {
      "type": "Feature",
      "geometry": {
        "type": "Point",
        "coordinates": [
          -70.062274,
          -12.553517
        ]
      },
      "properties": {
        "transect_id": 9,
        "elev_lowestmode": 243.02000427246094,
        "elev_dem": 244.0,
        "rh100": 24.54,
        "quality_flag": 0,
        "beam": "BEAM02"
      }
    },
    {
      "type": "Feature",
      "geometry": {
        "type": "Point",
        "coordinates": [
          -70.062231,
          -12.553292
        ]
      },
      "properties": {
        "transect_id": 9,
        "elev_lowestmode": 241.9600067138672,
        "elev_dem": 242.0,
        "rh100": 28.55,
        "quality_flag": 1,
        "beam": "BEAM02"
      }
    },
    {
      "type": "Feature",
      "geometry": {
        "type": "Point",
        "coordinates": [
          -70.063698,
          -12.553067
        ]
      },
      "properties": {
        "transect_id": 9,
        "elev_lowestmode": 238.1699981689453,
        "elev_dem": 237.0,
        "rh100": 23.6,
        "quality_flag": 1,
        "beam": "BEAM02"
      }
    },
    {
      "type": "Feature",
      "geometry": {
        "type": "Point",
        "coordinates": [
          -70.063671,
          -12.552842
        ]
      },
      "properties": {
        "transect_id": 9,
        "elev_lowestmode": 236.08999633789062,
        "elev_dem": 236.0,
        "rh100": 22.98,
        "quality_flag": 1,
        "beam": "BEAM02"
      }
    },
    {
      "type": "Feature",
      "geometry": {
        "type": "Point",
        "coordinates": [
          -70.063284,
          -12.552616
        ]
      },
      "properties": {
        "transect_id": 9,
        "elev_lowestmode": 237.14999389648438,
        "elev_dem": 236.0,
        "rh100": 31.01,
        "quality_flag": 1,
        "beam": "BEAM02"
      }
    },
    {
      "type": "Feature",
      "geometry": {
        "type": "Point",
        "coordinates": [
          -70.062496,
          -12.552391
        ]
      },
      "properties": {
        "transect_id": 9,
        "elev_lowestmode": 240.35000610351562,
        "elev_dem": 240.0,
        "rh100": 34.29,
        "quality_flag": 1,
        "beam": "BEAM02"
      }
    },
    {
      "type": "Feature",
      "geometry": {
        "type": "Point",
        "coordinates": [
          -70.062763,
          -12.552166
        ]
      },
      "properties": {
        "transect_id": 9,
        "elev_lowestmode": 236.74000549316406,
        "elev_dem": 235.0,
        "rh100": 26.75,
        "quality_flag": 1,
        "beam": "BEAM02"
      }
    },
    {
      "type": "Feature",
      "geometry": {
        "type": "Point",
        "coordinates": [
          -70.062924,
          -12.551941
        ]
      },
      "properties": {
        "transect_id": 9,
        "elev_lowestmode": 231.94000244140625,
        "elev_dem": 232.0,
        "rh100": 27.27,
        "quality_flag": 1,
        "beam": "BEAM02"
      }
    },
    {
      "type": "Feature",
      "geometry": {
        "type": "Point",
        "coordinates": [
          -70.063376,
          -12.551715
        ]
      },
      "properties": {
        "transect_id": 9,
        "elev_lowestmode": 232.14999389648438,
        "elev_dem": 233.0,
        "rh100": 32.64,
        "quality_flag": 1,
        "beam": "BEAM02"
      }
    },
    {
      "type": "Feature",
      "geometry": {
        "type": "Point",
        "coordinates": [
          -70.063898,
          -12.55149
        ]
      },
      "properties": {
        "transect_id": 9,
        "elev_lowestmode": 230.5,
        "elev_dem": 230.0,
        "rh100": 21.57,
        "quality_flag": 1,
        "beam": "BEAM02"
      }
    },
    {
      "type": "Feature",
      "geometry": {
        "type": "Point",
        "coordinates": [
          -70.063823,
          -12.551265
        ]
      },
      "properties": {
        "transect_id": 9,
        "elev_lowestmode": 230.11000061035156,
        "elev_dem": 230.0,
        "rh100": 31.87,
        "quality_flag": 1,
        "beam": "BEAM02"
      }
    },
    {
      "type": "Feature",
      "geometry": {
        "type": "Point",
        "coordinates": [
          -70.062949,
          -12.55104
        ]
      },
      "properties": {
        "transect_id": 9,
        "elev_lowestmode": 239.42999267578125,
        "elev_dem": 238.0,
        "rh100": 24.45,
        "quality_flag": 1,
        "beam": "BEAM02"
      }
    },
    {
      "type": "Feature",
      "geometry": {
        "type": "Point",
        "coordinates": [
          -70.064003,
          -12.550815
        ]
      },
      "properties": {
        "transect_id": 9,
        "elev_lowestmode": 231.25999450683594,
        "elev_dem": 231.0,
        "rh100": 30.16,
        "quality_flag": 1,
        "beam": "BEAM02"
      }
    },
    {
      "type": "Feature",
      "geometry": {
        "type": "Point",
        "coordinates": [
          -70.062756,
          -12.550589
        ]
      },
      "properties": {
        "transect_id": 9,
        "elev_lowestmode": 239.7899932861328,
        "elev_dem": 240.0,
        "rh100": 22.05,
        "quality_flag": 1,
        "beam": "BEAM02"
      }
    },
    {
      "type": "Feature",
      "geometry": {
        "type": "Point",
        "coordinates": [
          -70.063661,
          -12.550364
        ]
      },
      "properties": {
        "transect_id": 9,
        "elev_lowestmode": 233.38999938964844,
        "elev_dem": 233.0,
        "rh100": 28.21,
        "quality_flag": 1,
        "beam": "BEAM02"
      }
    },
    {
      "type": "Feature",
      "geometry": {
        "type": "Point",
        "coordinates": [
          -70.063665,
          -12.550139
        ]
      },
      "properties": {
        "transect_id": 9,
        "elev_lowestmode": 234.77000427246094,
        "elev_dem": 235.0,
        "rh100": 23.12,
        "quality_flag": 1,
        "beam": "BEAM02"
      }
    },
    {
      "type": "Feature",
      "geometry": {
        "type": "Point",
        "coordinates": [
          -70.062676,
          -12.549914
        ]
      },
      "properties": {
        "transect_id": 9,
        "elev_lowestmode": 238.49000549316406,
        "elev_dem": 239.0,
        "rh100": 29.32,
        "quality_flag": 1,
        "beam": "BEAM02"
      }
    },
    {
      "type": "Feature",
      "geometry": {
        "type": "Point",
        "coordinates": [
          -70.062605,
          -12.549688
        ]
      },
      "properties": {
        "transect_id": 9,
        "elev_lowestmode": 243.35000610351562,
        "elev_dem": 242.0,
        "rh100": 27.24,
        "quality_flag": 1,
        "beam": "BEAM02"
      }
    },
    {
      "type": "Feature",
      "geometry": {
        "type": "Point",
        "coordinates": [
          -70.062514,
          -12.549463
        ]
      },
      "properties": {
        "transect_id": 9,
        "elev_lowestmode": 243.00999450683594,
        "elev_dem": 245.0,
        "rh100": 26.66,
        "quality_flag": 1,
        "beam": "BEAM02"
      }
    },
    {
      "type": "Feature",
      "geometry": {
        "type": "Point",
        "coordinates": [
          -70.062315,
          -12.549238
        ]
      },
      "properties": {
        "transect_id": 9,
        "elev_lowestmode": 246.16000366210938,
        "elev_dem": 248.0,
        "rh100": 29.36,
        "quality_flag": 1,
        "beam": "BEAM02"
      }
    },
    {
      "type": "Feature",
      "geometry": {
        "type": "Point",
        "coordinates": [
          -70.062907,
          -12.549013
        ]
      },
      "properties": {
        "transect_id": 9,
        "elev_lowestmode": 241.41000366210938,
        "elev_dem": 240.0,
        "rh100": 30.22,
        "quality_flag": 1,
        "beam": "BEAM02"
      }
    },
    {
      "type": "Feature",
      "geometry": {
        "type": "Point",
        "coordinates": [
          -70.062031,
          -12.548788
        ]
      },
      "properties": {
        "transect_id": 9,
        "elev_lowestmode": 255.24000549316406,
        "elev_dem": 253.0,
        "rh100": 22.53,
        "quality_flag": 1,
        "beam": "BEAM02"
      }
    },
    {
      "type": "Feature",
      "geometry": {
        "type": "Point",
        "coordinates": [
          -70.063204,
          -12.548562
        ]
      },
      "properties": {
        "transect_id": 9,
        "elev_lowestmode": 237.57000732421875,
        "elev_dem": 239.0,
        "rh100": 26.12,
        "quality_flag": 1,
        "beam": "BEAM02"
      }
    },
    {
      "type": "Feature",
      "geometry": {
        "type": "Point",
        "coordinates": [
          -70.063643,
          -12.548337
        ]
      },
      "properties": {
        "transect_id": 9,
        "elev_lowestmode": 240.41000366210938,
        "elev_dem": 240.0,
        "rh100": 29.59,
        "quality_flag": 1,
        "beam": "BEAM02"
      }
    },
    {
      "type": "Feature",
      "geometry": {
        "type": "Point",
        "coordinates": [
          -70.062594,
          -12.548112
        ]
      },
      "properties": {
        "transect_id": 9,
        "elev_lowestmode": 253.2100067138672,
        "elev_dem": 253.0,
        "rh100": 21.77,
        "quality_flag": 1,
        "beam": "BEAM02"
      }
    },
    {
      "type": "Feature",
      "geometry": {
        "type": "Point",
        "coordinates": [
          -70.062327,
          -12.547887
        ]
      },
      "properties": {
        "transect_id": 9,
        "elev_lowestmode": 258.0799865722656,
        "elev_dem": 257.0,
        "rh100": 23.31,
        "quality_flag": 1,
        "beam": "BEAM02"
      }
    },
    {
      "type": "Feature",
      "geometry": {
        "type": "Point",
        "coordinates": [
          -70.063137,
          -12.547661
        ]
      },
      "properties": {
        "transect_id": 9,
        "elev_lowestmode": 249.55999755859375,
        "elev_dem": 249.0,
        "rh100": 28.96,
        "quality_flag": 1,
        "beam": "BEAM02"
      }
    },
    {
      "type": "Feature",
      "geometry": {
        "type": "Point",
        "coordinates": [
          -70.062321,
          -12.547436
        ]
      },
      "properties": {
        "transect_id": 9,
        "elev_lowestmode": 257.2799987792969,
        "elev_dem": 257.0,
        "rh100": 34.0,
        "quality_flag": 1,
        "beam": "BEAM02"
      }
    },
    {
      "type": "Feature",
      "geometry": {
        "type": "Point",
        "coordinates": [
          -70.063882,
          -12.547211
        ]
      },
      "properties": {
        "transect_id": 9,
        "elev_lowestmode": 237.86000061035156,
        "elev_dem": 237.0,
        "rh100": 32.06,
        "quality_flag": 1,
        "beam": "BEAM02"
      }
    },
    {
      "type": "Feature",
      "geometry": {
        "type": "Point",
        "coordinates": [
          -70.062737,
          -12.546986
        ]
      },
      "properties": {
        "transect_id": 9,
        "elev_lowestmode": 250.57000732421875,
        "elev_dem": 252.0,
        "rh100": 34.48,
        "quality_flag": 1,
        "beam": "BEAM02"
      }
    },
    {
      "type": "Feature",
      "geometry": {
        "type": "Point",
        "coordinates": [
          -70.063033,
          -12.546761
        ]
      },
      "properties": {
        "transect_id": 9,
        "elev_lowestmode": 239.97999572753906,
        "elev_dem": 241.0,
        "rh100": 28.33,
        "quality_flag": 1,
        "beam": "BEAM02"
      }
    },
    {
      "type": "Feature",
      "geometry": {
        "type": "Point",
        "coordinates": [
          -70.062744,
          -12.546535
        ]
      },
      "properties": {
        "transect_id": 9,
        "elev_lowestmode": 247.77000427246094,
        "elev_dem": 247.0,
        "rh100": 32.16,
        "quality_flag": 1,
        "beam": "BEAM02"
      }
    },
    {
      "type": "Feature",
      "geometry": {
        "type": "Point",
        "coordinates": [
          -70.062879,
          -12.54631
        ]
      },
      "properties": {
        "transect_id": 9,
        "elev_lowestmode": 243.5500030517578,
        "elev_dem": 243.0,
        "rh100": 26.58,
        "quality_flag": 1,
        "beam": "BEAM02"
      }
    },
    {
      "type": "Feature",
      "geometry": {
        "type": "Point",
        "coordinates": [
          -70.063815,
          -12.546085
        ]
      },
      "properties": {
        "transect_id": 9,
        "elev_lowestmode": 243.77999877929688,
        "elev_dem": 242.0,
        "rh100": 30.71,
        "quality_flag": 1,
        "beam": "BEAM02"
      }
    },
    {
      "type": "Feature",
      "geometry": {
        "type": "Point",
        "coordinates": [
          -70.06225,
          -12.54586
        ]
      },
      "properties": {
        "transect_id": 9,
        "elev_lowestmode": 248.6999969482422,
        "elev_dem": 247.0,
        "rh100": 28.41,
        "quality_flag": 1,
        "beam": "BEAM02"
      }
    },
    {
      "type": "Feature",
      "geometry": {
        "type": "Point",
        "coordinates": [
          -70.063908,
          -12.545634
        ]
      },
      "properties": {
        "transect_id": 9,
        "elev_lowestmode": 241.72000122070312,
        "elev_dem": 242.0,
        "rh100": 27.93,
        "quality_flag": 1,
        "beam": "BEAM02"
      }
    },
    {
      "type": "Feature",
      "geometry": {
        "type": "Point",
        "coordinates": [
          -70.06293,
          -12.545409
        ]
      },
      "properties": {
        "transect_id": 9,
        "elev_lowestmode": 235.14999389648438,
        "elev_dem": 237.0,
        "rh100": 24.05,
        "quality_flag": 1,
        "beam": "BEAM02"
      }
    },
    {
      "type": "Feature",
      "geometry": {
        "type": "Point",
        "coordinates": [
          -70.062789,
          -12.545184
        ]
      },
      "properties": {
        "transect_id": 9,
        "elev_lowestmode": 237.33999633789062,
        "elev_dem": 238.0,
        "rh100": 33.91,
        "quality_flag": 1,
        "beam": "BEAM02"
      }
    },
    {
      "type": "Feature",
      "geometry": {
        "type": "Point",
        "coordinates": [
          -70.063076,
          -12.544959
        ]
      },
      "properties": {
        "transect_id": 9,
        "elev_lowestmode": 235.02999877929688,
        "elev_dem": 236.0,
        "rh100": 32.17,
        "quality_flag": 1,
        "beam": "BEAM02"
      }
    },
    {
      "type": "Feature",
      "geometry": {
        "type": "Point",
        "coordinates": [
          -70.063984,
          -12.544733
        ]
      },
      "properties": {
        "transect_id": 9,
        "elev_lowestmode": 236.9499969482422,
        "elev_dem": 235.0,
        "rh100": 21.26,
        "quality_flag": 1,
        "beam": "BEAM02"
      }
    },
    {
      "type": "Feature",
      "geometry": {
        "type": "Point",
        "coordinates": [
          -70.062983,
          -12.544508
        ]
      },
      "properties": {
        "transect_id": 9,
        "elev_lowestmode": 233.3800048828125,
        "elev_dem": 235.0,
        "rh100": 21.07,
        "quality_flag": 1,
        "beam": "BEAM02"
      }
    },
    {
      "type": "Feature",
      "geometry": {
        "type": "Point",
        "coordinates": [
          -70.062253,
          -12.544283
        ]
      },
      "properties": {
        "transect_id": 9,
        "elev_lowestmode": 236.6199951171875,
        "elev_dem": 238.0,
        "rh100": 21.24,
        "quality_flag": 1,
        "beam": "BEAM02"
      }
    },
    {
      "type": "Feature",
      "geometry": {
        "type": "Point",
        "coordinates": [
          -70.062297,
          -12.544058
        ]
      },
      "properties": {
        "transect_id": 9,
        "elev_lowestmode": 237.5800018310547,
        "elev_dem": 238.0,
        "rh100": 26.88,
        "quality_flag": 0,
        "beam": "BEAM02"
      }
    },
    {
      "type": "Feature",
      "geometry": {
        "type": "Point",
        "coordinates": [
          -70.063158,
          -12.543833
        ]
      },
      "properties": {
        "transect_id": 9,
        "elev_lowestmode": 241.22999572753906,
        "elev_dem": 242.0,
        "rh100": 21.6,
        "quality_flag": 1,
        "beam": "BEAM02"
      }
    },
    {
      "type": "Feature",
      "geometry": {
        "type": "Point",
        "coordinates": [
          -70.063836,
          -12.543607
        ]
      },
      "properties": {
        "transect_id": 9,
        "elev_lowestmode": 240.5500030517578,
        "elev_dem": 241.0,
        "rh100": 34.67,
        "quality_flag": 1,
        "beam": "BEAM02"
      }
    },
    {
      "type": "Feature",
      "geometry": {
        "type": "Point",
        "coordinates": [
          -70.063893,
          -12.543382
        ]
      },
      "properties": {
        "transect_id": 9,
        "elev_lowestmode": 242.80999755859375,
        "elev_dem": 243.0,
        "rh100": 20.59,
        "quality_flag": 1,
        "beam": "BEAM02"
      }
    },
    {
      "type": "Feature",
      "geometry": {
        "type": "Point",
        "coordinates": [
          -70.062934,
          -12.543157
        ]
      },
      "properties": {
        "transect_id": 9,
        "elev_lowestmode": 251.5399932861328,
        "elev_dem": 251.0,
        "rh100": 20.65,
        "quality_flag": 1,
        "beam": "BEAM02"
      }
    },
    {
      "type": "Feature",
      "geometry": {
        "type": "Point",
        "coordinates": [
          -70.063586,
          -12.542932
        ]
      },
      "properties": {
        "transect_id": 9,
        "elev_lowestmode": 250.80999755859375,
        "elev_dem": 250.0,
        "rh100": 21.06,
        "quality_flag": 1,
        "beam": "BEAM02"
      }
    },
    {
      "type": "Feature",
      "geometry": {
        "type": "Point",
        "coordinates": [
          -70.06235,
          -12.542706
        ]
      },
      "properties": {
        "transect_id": 9,
        "elev_lowestmode": 255.0,
        "elev_dem": 258.0,
        "rh100": 33.48,
        "quality_flag": 1,
        "beam": "BEAM02"
      }
    },
    {
      "type": "Feature",
      "geometry": {
        "type": "Point",
        "coordinates": [
          -70.063989,
          -12.542481
        ]
      },
      "properties": {
        "transect_id": 9,
        "elev_lowestmode": 252.99000549316406,
        "elev_dem": 252.0,
        "rh100": 28.36,
        "quality_flag": 1,
        "beam": "BEAM02"
      }
    },
    {
      "type": "Feature",
      "geometry": {
        "type": "Point",
        "coordinates": [
          -70.062381,
          -12.542256
        ]
      },
      "properties": {
        "transect_id": 9,
        "elev_lowestmode": 256.3999938964844,
        "elev_dem": 256.0,
        "rh100": 30.18,
        "quality_flag": 1,
        "beam": "BEAM02"
      }
    },
    {
      "type": "Feature",
      "geometry": {
        "type": "Point",
        "coordinates": [
          -70.062904,
          -12.542031
        ]
      },
      "properties": {
        "transect_id": 9,
        "elev_lowestmode": 253.6199951171875,
        "elev_dem": 253.0,
        "rh100": 31.91,
        "quality_flag": 1,
        "beam": "BEAM02"
      }
    },
    {
      "type": "Feature",
      "geometry": {
        "type": "Point",
        "coordinates": [
          -70.062761,
          -12.541806
        ]
      },
      "properties": {
        "transect_id": 9,
        "elev_lowestmode": 252.86000061035156,
        "elev_dem": 254.0,
        "rh100": 30.56,
        "quality_flag": 1,
        "beam": "BEAM02"
      }
    },
    {
      "type": "Feature",
      "geometry": {
        "type": "Point",
        "coordinates": [
          -70.062818,
          -12.54158
        ]
      },
      "properties": {
        "transect_id": 9,
        "elev_lowestmode": 253.0800018310547,
        "elev_dem": 254.0,
        "rh100": 21.18,
        "quality_flag": 1,
        "beam": "BEAM02"
      }
    },
    {
      "type": "Feature",
      "geometry": {
        "type": "Point",
        "coordinates": [
          -70.063014,
          -12.541355
        ]
      },
      "properties": {
        "transect_id": 9,
        "elev_lowestmode": 256.75,
        "elev_dem": 256.0,
        "rh100": 21.97,
        "quality_flag": 1,
        "beam": "BEAM02"
      }
    },
    {
      "type": "Feature",
      "geometry": {
        "type": "Point",
        "coordinates": [
          -70.063796,
          -12.54113
        ]
      },
      "properties": {
        "transect_id": 9,
        "elev_lowestmode": 256.04998779296875,
        "elev_dem": 258.0,
        "rh100": 31.02,
        "quality_flag": 1,
        "beam": "BEAM02"
      }
    },
    {
      "type": "Feature",
      "geometry": {
        "type": "Point",
        "coordinates": [
          -70.062567,
          -12.540905
        ]
      },
      "properties": {
        "transect_id": 9,
        "elev_lowestmode": 259.69000244140625,
        "elev_dem": 259.0,
        "rh100": 26.01,
        "quality_flag": 1,
        "beam": "BEAM02"
      }
    },
    {
      "type": "Feature",
      "geometry": {
        "type": "Point",
        "coordinates": [
          -70.063747,
          -12.540679
        ]
      },
      "properties": {
        "transect_id": 9,
        "elev_lowestmode": 257.760009765625,
        "elev_dem": 257.0,
        "rh100": 21.29,
        "quality_flag": 1,
        "beam": "BEAM02"
      }
    },
    {
      "type": "Feature",
      "geometry": {
        "type": "Point",
        "coordinates": [
          -70.063343,
          -12.540454
        ]
      },
      "properties": {
        "transect_id": 9,
        "elev_lowestmode": 255.9600067138672,
        "elev_dem": 256.0,
        "rh100": 20.84,
        "quality_flag": 1,
        "beam": "BEAM02"
      }
    },
    {
      "type": "Feature",
      "geometry": {
        "type": "Point",
        "coordinates": [
          -70.062576,
          -12.540229
        ]
      },
      "properties": {
        "transect_id": 9,
        "elev_lowestmode": 259.8900146484375,
        "elev_dem": 259.0,
        "rh100": 33.55,
        "quality_flag": 1,
        "beam": "BEAM02"
      }
    },
    {
      "type": "Feature",
      "geometry": {
        "type": "Point",
        "coordinates": [
          -70.062991,
          -12.540004
        ]
      },
      "properties": {
        "transect_id": 9,
        "elev_lowestmode": 258.9200134277344,
        "elev_dem": 258.0,
        "rh100": 33.0,
        "quality_flag": 1,
        "beam": "BEAM02"
      }
    }
  ]
}