transect_id,longitude,latitude,elev_lowestmode,elev_dem,rh100,quality_flag,beam
0,-70.140025,-12.599914,245.88999938964844,245.0,24.12,1,BEAM01
0,-70.139123,-12.599463,244.4600067138672,244.0,26.14,1,BEAM01
0,-70.139731,-12.599238,243.82000732421875,246.0,25.53,1,BEAM01
0,-70.140068,-12.598788,245.77000427246094,247.0,25.55,1,BEAM01
0,-70.139201,-12.598562,247.8000030517578,247.0,24.03,1,BEAM01
0,-70.139739,-12.597887,244.2899932861328,245.0,20.09,1,BEAM01
0,-70.139834,-12.597211,242.0399932861328,242.0,29.07,1,BEAM01
0,-70.139902,-12.596986,243.83999633789062,243.0,26.6,0,BEAM01
0,-70.139907,-12.596761,244.97999572753906,244.0,20.79,1,BEAM01
0,-70.139569,-12.596535,240.63999938964844,242.0,23.98,1,BEAM01
0,-70.139291,-12.595634,231.35000610351562,232.0,26.73,0,BEAM01
0,-70.139191,-12.594959,235.19000244140625,234.0,26.44,1,BEAM01
0,-70.139917,-12.594733,230.5500030517578,232.0,26.4,1,BEAM01
0,-70.139471,-12.594058,231.75,231.0,26.67,1,BEAM01
0,-70.13937,-12.593833,229.42999267578125,229.0,26.6,1,BEAM01
0,-70.139236,-12.592932,218.22000122070312,220.0,23.89,1,BEAM01
0,-70.139447,-12.592706,221.9600067138672,220.0,31.54,1,BEAM01
0,-70.13996,-12.592481,222.3300018310547,221.0,25.39,1,BEAM01
0,-70.13964,-12.592031,221.05999755859375,221.0,31.64,1,BEAM01
0,-70.139153,-12.59158,220.55999755859375,220.0,26.47,1,BEAM01
0,-70.1392,-12.590905,227.61000061035156,228.0,34.13,1,BEAM01
0,-70.140036,-12.590679,226.6999969482422,226.0,24.19,1,BEAM01
0,-70.139872,-12.589779,225.7899932861328,225.0,22.7,1,BEAM01
0,-70.139841,-12.588878,240.50999450683594,241.0,30.11,0,BEAM01
0,-70.139424,-12.588652,240.30999755859375,240.0,32.33,1,BEAM01
0,-70.139408,-12.588427,242.47000122070312,241.0,34.55,1,BEAM01
0,-70.139607,-12.588202,239.86000061035156,240.0,31.62,1,BEAM01
0,-70.139475,-12.587301,249.35000610351562,248.0,20.29,1,BEAM01
0,-70.139248,-12.587076,248.5399932861328,248.0,28.25,0,BEAM01
0,-70.139507,-12.586851,244.61000061035156,246.0,28.52,1,BEAM01
0,-70.139838,-12.586625,244.66000366210938,245.0,25.01,1,BEAM01
0,-70.139993,-12.5864,250.16000366210938,248.0,34.45,1,BEAM01
0,-70.139187,-12.586175,250.5399932861328,250.0,28.3,1,BEAM01
0,-70.139399,-12.585724,249.32000732421875,248.0,23.13,0,BEAM01
0,-70.139941,-12.585499,249.4600067138672,249.0,29.63,1,BEAM01
0,-70.139836,-12.585274,248.07000732421875,248.0,30.87,1,BEAM01
0,-70.139955,-12.585049,247.22999572753906,248.0,29.91,1,BEAM01
0,-70.13967,-12.584824,250.02000427246094,250.0,22.26,1,BEAM01
0,-70.139907,-12.584598,246.32000732421875,249.0,29.14,1,BEAM01
0,-70.140061,-12.584373,250.64999389648438,250.0,29.08,1,BEAM01
0,-70.140138,-12.584148,250.74000549316406,251.0,33.68,1,BEAM01
0,-70.139248,-12.583247,235.5399932861328,236.0,24.02,1,BEAM01
0,-70.139454,-12.583022,242.97999572753906,241.0,20.82,1,BEAM01
0,-70.139401,-12.582797,241.61000061035156,241.0,31.64,1,BEAM01
0,-70.139724,-12.582346,246.1199951171875,245.0,27.58,1,BEAM01
0,-70.139464,-12.581445,242.47999572753906,242.0,32.0,1,BEAM01
0,-70.139884,-12.58122,242.9199981689453,242.0,24.19,1,BEAM01
0,-70.139427,-12.580995,235.66000366210938,237.0,23.14,1,BEAM01
0,-70.14009,-12.580319,221.27000427246094,221.0,26.54,1,BEAM01
0,-70.139393,-12.579643,220.6300048828125,221.0,30.12,1,BEAM01
0,-70.139747,-12.579418,221.83999633789062,221.0,20.83,1,BEAM01
0,-70.139923,-12.578517,220.6300048828125,221.0,28.8,1,BEAM01
0,-70.139833,-12.578292,220.5800018310547,221.0,28.19,1,BEAM01
0,-70.140031,-12.577842,219.94000244140625,221.0,28.44,1,BEAM01
0,-70.139114,-12.577391,234.72000122070312,235.0,22.37,1,BEAM01
0,-70.139731,-12.577166,240.14999389648438,238.0,24.15,1,BEAM01
0,-70.140127,-12.57604,248.47999572753906,248.0,33.12,1,BEAM01
0,-70.139463,-12.575815,247.8800048828125,247.0,33.34,1,BEAM01
0,-70.13916,-12.575589,249.35000610351562,248.0,28.6,1,BEAM01
0,-70.139153,-12.575364,247.58999633789062,247.0,31.54,1,BEAM01
0,-70.139955,-12.575139,245.89999389648438,246.0,33.52,1,BEAM01
0,-70.139543,-12.574914,245.3699951171875,246.0,23.45,1,BEAM01
0,-70.139444,-12.574688,243.52999877929688,244.0,32.8,1,BEAM01
0,-70.139521,-12.573788,245.4199981689453,245.0,31.48,1,BEAM01
0,-70.139448,-12.573337,247.42999267578125,249.0,32.9,1,BEAM01
0,-70.139256,-12.573112,245.4600067138672,245.0,20.53,1,BEAM01
0,-70.139544,-12.572887,245.07000732421875,245.0,34.2,1,BEAM01
0,-70.139705,-12.572661,246.1699981689453,247.0,33.08,1,BEAM01
0,-70.14003,-12.572211,245.57000732421875,244.0,24.73,1,BEAM01
0,-70.13913,-12.571986,241.0,241.0,27.3,1,BEAM01
0,-70.139373,-12.571085,235.5399932861328,236.0,20.25,1,BEAM01
0,-70.139885,-12.57086,241.05999755859375,241.0,23.74,1,BEAM01
0,-70.140131,-12.570409,221.02999877929688,221.0,29.53,1,BEAM01
0,-70.139267,-12.569508,220.82000732421875,221.0,34.71,1,BEAM01
0,-70.139491,-12.569283,220.6300048828125,221.0,33.04,1,BEAM01
0,-70.13971,-12.568833,223.00999450683594,221.0,34.63,1,BEAM01
0,-70.139528,-12.568607,221.17999267578125,221.0,31.93,1,BEAM01
0,-70.14006,-12.568382,222.1300048828125,221.0,24.5,1,BEAM01
0,-70.13958,-12.567706,221.0800018310547,221.0,21.55,1,BEAM01
0,-70.140128,-12.567481,237.42999267578125,237.0,32.09,1,BEAM01
0,-70.140011,-12.567031,237.82000732421875,239.0,32.91,1,BEAM01
0,-70.139572,-12.566806,220.41000366210938,221.0,21.54,1,BEAM01
0,-70.139133,-12.56658,220.7100067138672,221.0,31.64,1,BEAM01
0,-70.139563,-12.565905,221.69000244140625,221.0,29.11,1,BEAM01
0,-70.139576,-12.565229,234.00999450683594,235.0,31.27,1,BEAM01
0,-70.139499,-12.565004,234.3000030517578,234.0,32.36,1,BEAM01
0,-70.13998,-12.564779,231.25999450683594,231.0,31.89,1,BEAM01
0,-70.139973,-12.564553,232.16000366210938,232.0,30.38,1,BEAM01
0,-70.140035,-12.564328,232.8300018310547,232.0,24.36,1,BEAM01
0,-70.139344,-12.564103,237.1699981689453,238.0,30.51,1,BEAM01
0,-70.139258,-12.563878,245.0399932861328,245.0,34.42,1,BEAM01
0,-70.139737,-12.563202,238.7100067138672,240.0,22.14,1,BEAM01
0,-70.139611,-12.562977,239.6999969482422,239.0,25.13,1,BEAM01
0,-70.139697,-12.562526,239.69000244140625,239.0,21.91,1,BEAM01
0,-70.139403,-12.562301,242.0500030517578,242.0,20.23,1,BEAM01
0,-70.139885,-12.561851,242.7899932861328,242.0,24.44,1,BEAM01
0,-70.140134,-12.560274,252.08999633789062,250.0,22.66,0,BEAM01
0,-70.140044,-12.559824,251.17999267578125,251.0,25.12,1,BEAM01
0,-70.139478,-12.558923,276.8599853515625,276.0,30.6,1,BEAM01
0,-70.139987,-12.558247,271.9599914550781,273.0,26.5,1,BEAM01
0,-70.139642,-12.557797,285.30999755859375,287.0,22.39,0,BEAM01
0,-70.139728,-12.557571,290.1199951171875,289.0,24.61,1,BEAM01
0,-70.139188,-12.557121,288.8299865722656,289.0,27.04,1,BEAM01
0,-70.13945,-12.556896,284.7900085449219,286.0,27.96,1,BEAM01
0,-70.13942,-12.55667,285.3399963378906,287.0,25.69,1,BEAM01
0,-70.139859,-12.55622,286.4200134277344,287.0,20.83,1,BEAM01
0,-70.139277,-12.55577,291.92999267578125,291.0,26.67,1,BEAM01
0,-70.139467,-12.555544,288.9800109863281,289.0,26.47,1,BEAM01
0,-70.139399,-12.555319,288.6700134277344,289.0,31.49,1,BEAM01
0,-70.139153,-12.554869,287.0299987792969,287.0,33.27,1,BEAM01
0,-70.139825,-12.554643,286.4800109863281,287.0,31.01,1,BEAM01
0,-70.139678,-12.554193,283.5199890136719,283.0,22.39,1,BEAM01
0,-70.139974,-12.553968,285.79998779296875,285.0,23.08,1,BEAM01
0,-70.140054,-12.553517,287.1099853515625,287.0,24.24,0,BEAM01
0,-70.139617,-12.552842,292.7099914550781,293.0,32.93,1,BEAM01
0,-70.13987,-12.552391,293.3800048828125,292.0,26.29,1,BEAM01
0,-70.13927,-12.551715,299.82000732421875,300.0,21.99,1,BEAM01
0,-70.139915,-12.550815,301.6199951171875,301.0,20.38,1,BEAM01
0,-70.139719,-12.549914,296.9800109863281,297.0,30.27,1,BEAM01
0,-70.139553,-12.549688,297.9200134277344,298.0,27.18,1,BEAM01
0,-70.139387,-12.549463,295.4100036621094,297.0,26.93,1,BEAM01
0,-70.140059,-12.549238,296.5199890136719,298.0,32.44,1,BEAM01
0,-70.139319,-12.548112,301.3500061035156,301.0,21.43,1,BEAM01
0,-70.139164,-12.547661,299.75,300.0,22.63,1,BEAM01
0,-70.139362,-12.547211,298.3500061035156,298.0,25.81,1,BEAM01
0,-70.139216,-12.546986,295.6400146484375,296.0,34.82,1,BEAM01
0,-70.139804,-12.546761,297.3299865722656,298.0,30.55,1,BEAM01
0,-70.139233,-12.546535,293.8599853515625,294.0,31.88,1,BEAM01
0,-70.139246,-12.54586,293.2699890136719,295.0,34.8,1,BEAM01
0,-70.139196,-12.545634,293.69000244140625,293.0,33.18,1,BEAM01
0,-70.139888,-12.544733,295.6499938964844,297.0,20.73,1,BEAM01
0,-70.139851,-12.544508,299.5899963378906,299.0,32.42,1,BEAM01
0,-70.139289,-12.544283,299.8800048828125,299.0,30.38,0,BEAM01
0,-70.139704,-12.544058,297.29998779296875,296.0,24.98,1,BEAM01
0,-70.139475,-12.543833,296.1099853515625,297.0,34.27,1,BEAM01
0,-70.139102,-12.543382,295.29998779296875,295.0,28.08,1,BEAM01
0,-70.139858,-12.543157,295.1499938964844,295.0,27.49,1,BEAM01
0,-70.13925,-12.542932,295.32000732421875,296.0,28.06,1,BEAM01
0,-70.140075,-12.542031,295.55999755859375,297.0,34.27,1,BEAM01
0,-70.139614,-12.541355,300.07000732421875,299.0,29.12,1,BEAM01
0,-70.139929,-12.540679,301.55999755859375,302.0,29.58,1,BEAM01
0,-70.139612,-12.540229,301.75,302.0,30.81,0,BEAM01
1,-70.129393,-12.599914,237.77999877929688,237.0,32.16,1,BEAM02
1,-70.127843,-12.599688,230.58999633789062,231.0,26.88,1,BEAM02
1,-70.129278,-12.599463,229.14999389648438,230.0,33.74,1,BEAM02
1,-70.128323,-12.599238,236.72999572753906,237.0,29.89,1,BEAM02
1,-70.128816,-12.599013,230.9600067138672,229.0,29.6,1,BEAM02
1,-70.129437,-12.598788,230.25,230.0,20.55,1,BEAM02
1,-70.127823,-12.598562,241.10000610351562,240.0,20.36,1,BEAM02
1,-70.127954,-12.598337,239.14999389648438,240.0,22.06,1,BEAM02
1,-70.127605,-12.598112,244.08999633789062,244.0,31.92,1,BEAM02
1,-70.128988,-12.597887,231.32000732421875,231.0,32.16,1,BEAM02
1,-70.128708,-12.597661,235.17999267578125,234.0,23.98,1,BEAM02
1,-70.128909,-12.597436,235.52999877929688,235.0,31.55,1,BEAM02
1,-70.128996,-12.597211,237.52999877929688,236.0,33.11,1,BEAM02
1,-70.128824,-12.596986,236.7899932861328,237.0,27.74,1,BEAM02
1,-70.128615,-12.596761,242.58999633789062,243.0,21.86,0,BEAM02
1,-70.128316,-12.596535,244.8000030517578,244.0,31.67,1,BEAM02
1,-70.127761,-12.59631,244.66000366210938,245.0,29.57,0,BEAM02
1,-70.128086,-12.596085,245.52000427246094,244.0,20.43,1,BEAM02
1,-70.129483,-12.59586,245.8800048828125,244.0,31.46,1,BEAM02
1,-70.128411,-12.595634,244.0500030517578,243.0,31.41,1,BEAM02
1,-70.128901,-12.595409,246.64999389648438,246.0,22.23,1,BEAM02
1,-70.128561,-12.595184,243.9600067138672,245.0,30.31,1,BEAM02
1,-70.128029,-12.594959,244.75,245.0,29.45,1,BEAM02
1,-70.129052,-12.594733,242.08999633789062,241.0,20.74,0,BEAM02
1,-70.127635,-12.594508,242.60000610351562,243.0,23.91,1,BEAM02
1,-70.127985,-12.594283,237.83999633789062,239.0,27.01,1,BEAM02
1,-70.128694,-12.594058,242.1199951171875,243.0,30.65,0,BEAM02
1,-70.128156,-12.593833,239.60000610351562,240.0,22.39,1,BEAM02
1,-70.129157,-12.593607,241.0500030517578,242.0,29.34,1,BEAM02
1,-70.1281,-12.593382,237.72000122070312,237.0,24.42,0,BEAM02
1,-70.129021,-12.593157,242.13999938964844,243.0,22.58,1,BEAM02
1,-70.128505,-12.592932,238.52999877929688,240.0,21.26,1,BEAM02
1,-70.127919,-12.592706,238.2100067138672,237.0,21.52,1,BEAM02
1,-70.129066,-12.592481,247.57000732421875,246.0,32.66,1,BEAM02
1,-70.129421,-12.592256,242.82000732421875,244.0,32.29,1,BEAM02
1,-70.127652,-12.592031,239.49000549316406,240.0,24.12,1,BEAM02
1,-70.128725,-12.591806,239.97000122070312,239.0,33.96,1,BEAM02
1,-70.129352,-12.59158,244.47000122070312,244.0,32.05,1,BEAM02
1,-70.128933,-12.591355,233.94000244140625,235.0,25.62,0,BEAM02
1,-70.128815,-12.59113,233.25,232.0,25.8,0,BEAM02
1,-70.127611,-12.590905,230.77999877929688,230.0,23.21,1,BEAM02
1,-70.129366,-12.590679,235.9199981689453,235.0,29.91,1,BEAM02
1,-70.128316,-12.590454,229.88999938964844,231.0,20.01,1,BEAM02
1,-70.128801,-12.590229,229.8699951171875,231.0,21.13,1,BEAM02
1,-70.128288,-12.590004,232.13999938964844,233.0,30.3,1,BEAM02
1,-70.128171,-12.589779,238.38999938964844,238.0,29.59,1,BEAM02
1,-70.129473,-12.589553,242.80999755859375,242.0,25.87,1,BEAM02
1,-70.128264,-12.589328,239.67999267578125,241.0,25.15,1,BEAM02
1,-70.127684,-12.589103,243.92999267578125,246.0,30.56,1,BEAM02
1,-70.129256,-12.588878,240.4499969482422,243.0,27.43,1,BEAM02
1,-70.128452,-12.588652,239.14999389648438,242.0,26.75,1,BEAM02
1,-70.128814,-12.588427,244.41000366210938,245.0,23.84,1,BEAM02
1,-70.12926,-12.588202,245.6999969482422,246.0,28.87,1,BEAM02
1,-70.128561,-12.587977,242.22000122070312,241.0,28.64,1,BEAM02
1,-70.128292,-12.587752,241.72000122070312,242.0,22.04,1,BEAM02
1,-70.128058,-12.587526,241.82000732421875,242.0,27.79,1,BEAM02
1,-70.129528,-12.587301,243.2899932861328,244.0,21.38,1,BEAM02
1,-70.12949,-12.587076,245.75999450683594,245.0,23.37,1,BEAM02
1,-70.128743,-12.586851,242.89999389648438,242.0,30.7,1,BEAM02
1,-70.12951,-12.586625,245.13999938964844,245.0,27.64,1,BEAM02
1,-70.129123,-12.5864,246.02999877929688,246.0,27.35,1,BEAM02
1,-70.128831,-12.586175,246.66000366210938,247.0,31.18,1,BEAM02
1,-70.129247,-12.58595,244.32000732421875,244.0,31.12,1,BEAM02
1,-70.129385,-12.585724,243.6300048828125,244.0,28.89,1,BEAM02
1,-70.128794,-12.585499,244.36000061035156,244.0,20.65,1,BEAM02
1,-70.12916,-12.585274,242.85000610351562,241.0,26.94,1,BEAM02
1,-70.129256,-12.585049,240.0399932861328,240.0,23.15,1,BEAM02
1,-70.128109,-12.584824,240.8000030517578,241.0,29.11,0,BEAM02
1,-70.128446,-12.584598,240.08999633789062,240.0,33.14,1,BEAM02
1,-70.128807,-12.584373,242.39999389648438,243.0,34.61,1,BEAM02
1,-70.127568,-12.584148,248.97999572753906,248.0,33.57,0,BEAM02
1,-70.128707,-12.583923,245.44000244140625,244.0,25.1,1,BEAM02
1,-70.12758,-12.583697,248.97999572753906,247.0,34.26,1,BEAM02
1,-70.127848,-12.583472,243.16000366210938,242.0,29.07,1,BEAM02
1,-70.128892,-12.583247,240.05999755859375,241.0,33.93,1,BEAM02
1,-70.128256,-12.583022,244.69000244140625,245.0,22.65,0,BEAM02
1,-70.128332,-12.582797,246.77000427246094,247.0,27.89,1,BEAM02
1,-70.129392,-12.582571,244.27999877929688,245.0,23.9,1,BEAM02
1,-70.127858,-12.582346,242.80999755859375,242.0,21.33,1,BEAM02
1,-70.128186,-12.582121,241.9199981689453,242.0,29.86,1,BEAM02
1,-70.127819,-12.581896,243.3300018310547,243.0,23.23,1,BEAM02
1,-70.127549,-12.58167,247.50999450683594,246.0,28.73,1,BEAM02
1,-70.129463,-12.581445,240.5500030517578,241.0,23.78,1,BEAM02
1,-70.127769,-12.58122,240.5800018310547,240.0,22.16,1,BEAM02
1,-70.129336,-12.580995,239.38999938964844,240.0,34.71,1,BEAM02
1,-70.128917,-12.58077,245.52999877929688,244.0,32.89,1,BEAM02
1,-70.128933,-12.580544,246.4600067138672,246.0,20.53,1,BEAM02
1,-70.129252,-12.580319,243.47999572753906,245.0,26.53,1,BEAM02
1,-70.128632,-12.580094,246.32000732421875,245.0,31.25,1,BEAM02
1,-70.1289,-12.579869,245.41000366210938,244.0,30.44,1,BEAM02
1,-70.127756,-12.579643,244.74000549316406,243.0,25.15,1,BEAM02
1,-70.127592,-12.579418,241.3800048828125,242.0,30.53,0,BEAM02
1,-70.128756,-12.579193,240.05999755859375,240.0,27.41,1,BEAM02
1,-70.128361,-12.578968,243.0,243.0,25.21,1,BEAM02
1,-70.127842,-12.578742,243.3300018310547,243.0,23.05,1,BEAM02
1,-70.129177,-12.578517,233.55999755859375,233.0,25.09,1,BEAM02
1,-70.127877,-12.578292,236.5500030517578,237.0,24.23,1,BEAM02
1,-70.128892,-12.578067,229.7899932861328,231.0,26.61,1,BEAM02
1,-70.129354,-12.577842,230.4499969482422,230.0,25.4,1,BEAM02
1,-70.127783,-12.577616,234.4199981689453,234.0,32.41,1,BEAM02
1,-70.128517,-12.577391,231.05999755859375,231.0,26.31,1,BEAM02
1,-70.128295,-12.577166,231.75,232.0,34.62,1,BEAM02
1,-70.128325,-12.576941,232.27999877929688,233.0,25.65,1,BEAM02
1,-70.129141,-12.576715,227.6300048828125,228.0,28.96,1,BEAM02
1,-70.127887,-12.57649,233.25999450683594,233.0,23.96,1,BEAM02
1,-70.12857,-12.576265,230.0,230.0,29.11,1,BEAM02
1,-70.128576,-12.57604,232.7100067138672,232.0,23.28,1,BEAM02
1,-70.127678,-12.575815,234.50999450683594,235.0,33.87,1,BEAM02
1,-70.128963,-12.575589,235.60000610351562,235.0,31.6,1,BEAM02
1,-70.12762,-12.575364,233.39999389648438,232.0,32.11,0,BEAM02
1,-70.129108,-12.575139,241.5399932861328,240.0,24.76,1,BEAM02
1,-70.128455,-12.574914,233.52999877929688,234.0,33.09,1,BEAM02
1,-70.12846,-12.574688,233.61000061035156,235.0,30.23,1,BEAM02
1,-70.127962,-12.574463,233.83999633789062,234.0,33.13,1,BEAM02
1,-70.129134,-12.574238,239.7100067138672,241.0,31.19,1,BEAM02
1,-70.128054,-12.574013,235.10000610351562,236.0,34.37,1,BEAM02
1,-70.127605,-12.573788,232.44000244140625,233.0,29.39,1,BEAM02
1,-70.129306,-12.573562,241.60000610351562,243.0,24.06,1,BEAM02
1,-70.128513,-12.573337,242.75,242.0,34.28,1,BEAM02
1,-70.128204,-12.573112,242.14999389648438,243.0,21.65,1,BEAM02
1,-70.127652,-12.572887,243.30999755859375,245.0,34.45,1,BEAM02
1,-70.129156,-12.572661,245.42999267578125,245.0,21.64,1,BEAM02
1,-70.128892,-12.572436,243.69000244140625,243.0,24.85,0,BEAM02
1,-70.128485,-12.572211,242.64999389648438,242.0,29.24,1,BEAM02
1,-70.128203,-12.571986,239.6300048828125,240.0,27.11,1,BEAM02
1,-70.128438,-12.571761,240.27999877929688,241.0,27.67,1,BEAM02
1,-70.127925,-12.571535,239.91000366210938,240.0,31.13,1,BEAM02
1,-70.12839,-12.57131,242.35000610351562,241.0,23.1,1,BEAM02
1,-70.128514,-12.571085,236.97000122070312,237.0,28.35,1,BEAM02
1,-70.127742,-12.57086,228.47999572753906,228.0,21.54,1,BEAM02
1,-70.127868,-12.570634,226.3000030517578,225.0,20.65,1,BEAM02
1,-70.128612,-12.570409,232.97000122070312,232.0,25.33,1,BEAM02
1,-70.128521,-12.570184,231.5500030517578,232.0,28.71,1,BEAM02
1,-70.129459,-12.569959,237.97999572753906,239.0,21.17,1,BEAM02
1,-70.12843,-12.569733,231.0500030517578,231.0,31.63,1,BEAM02
1,-70.12904,-12.569508,239.1199951171875,240.0,23.08,1,BEAM02
1,-70.128081,-12.569283,233.9600067138672,235.0,31.45,1,BEAM02
1,-70.128056,-12.569058,235.61000061035156,235.0,20.42,1,BEAM02
1,-70.129338,-12.568833,240.77999877929688,240.0,30.48,1,BEAM02
1,-70.127905,-12.568607,235.63999938964844,236.0,22.96,1,BEAM02
1,-70.128789,-12.568382,241.67999267578125,241.0,31.56,1,BEAM02
1,-70.128727,-12.568157,242.5800018310547,243.0,33.29,1,BEAM02
1,-70.129445,-12.567932,243.24000549316406,243.0,20.07,1,BEAM02
1,-70.128868,-12.567706,242.38999938964844,243.0,22.33,1,BEAM02
1,-70.128504,-12.567481,241.77999877929688,241.0,24.97,1,BEAM02
1,-70.129085,-12.567256,242.60000610351562,244.0,25.07,1,BEAM02
1,-70.129131,-12.567031,243.14999389648438,243.0,27.24,1,BEAM02
1,-70.127784,-12.566806,241.07000732421875,241.0,23.9,1,BEAM02
1,-70.129472,-12.56658,246.22000122070312,245.0,30.46,1,BEAM02
1,-70.129539,-12.566355,241.88999938964844,243.0,34.16,1,BEAM02
1,-70.128695,-12.56613,238.83999633789062,240.0,29.82,1,BEAM02
1,-70.127711,-12.565905,242.4199981689453,242.0,31.49,1,BEAM02
1,-70.127787,-12.565679,243.6199951171875,243.0,28.07,1,BEAM02
1,-70.128515,-12.565454,244.14999389648438,243.0,33.39,1,BEAM02
1,-70.129519,-12.565229,241.4499969482422,241.0,21.22,1,BEAM02
1,-70.128292,-12.565004,248.82000732421875,247.0,25.21,1,BEAM02
1,-70.128941,-12.564779,245.80999755859375,246.0,21.52,1,BEAM02
1,-70.127658,-12.564553,247.02000427246094,247.0,30.27,0,BEAM02
1,-70.128372,-12.564328,249.5500030517578,248.0,27.16,1,BEAM02
1,-70.127816,-12.564103,247.00999450683594,247.0,31.63,1,BEAM02
1,-70.127814,-12.563878,247.32000732421875,248.0,20.67,1,BEAM02
1,-70.128866,-12.563652,245.6199951171875,246.0,23.46,1,BEAM02
1,-70.129137,-12.563427,247.24000549316406,245.0,22.88,1,BEAM02
1,-70.128365,-12.563202,245.02000427246094,244.0,32.74,1,BEAM02
1,-70.128673,-12.562977,245.4600067138672,246.0,21.57,1,BEAM02
1,-70.128427,-12.562752,245.3699951171875,245.0,26.53,1,BEAM02
1,-70.12891,-12.562526,245.74000549316406,246.0,24.56,0,BEAM02
1,-70.128626,-12.562301,244.13999938964844,244.0,27.72,1,BEAM02
1,-70.128943,-12.562076,243.52999877929688,243.0,28.54,1,BEAM02
1,-70.128134,-12.561851,237.13999938964844,238.0,27.44,1,BEAM02
1,-70.127583,-12.561625,240.8000030517578,240.0,20.61,1,BEAM02
1,-70.127738,-12.5614,241.3800048828125,241.0,24.8,1,BEAM02
1,-70.128232,-12.561175,236.94000244140625,237.0,25.93,1,BEAM02
1,-70.127741,-12.56095,238.82000732421875,238.0,22.66,1,BEAM02
1,-70.129516,-12.560724,242.27000427246094,239.0,29.45,1,BEAM02
1,-70.12858,-12.560499,237.7899932861328,237.0,24.54,1,BEAM02
1,-70.129388,-12.560274,239.19000244140625,239.0,31.93,1,BEAM02
1,-70.12902,-12.560049,236.1199951171875,237.0,21.31,1,BEAM02
1,-70.129418,-12.559824,240.6999969482422,242.0,26.96,1,BEAM02
1,-70.128553,-12.559598,238.33999633789062,237.0,25.16,1,BEAM02
1,-70.129296,-12.559373,243.50999450683594,243.0,30.4,1,BEAM02
1,-70.129329,-12.559148,244.55999755859375,244.0,29.73,1,BEAM02
1,-70.129224,-12.558923,249.8300018310547,248.0,33.46,1,BEAM02
1,-70.128466,-12.558697,243.60000610351562,242.0,34.98,1,BEAM02
1,-70.128972,-12.558472,247.49000549316406,247.0,21.93,1,BEAM02
1,-70.12927,-12.558247,250.3000030517578,249.0,23.15,1,BEAM02
1,-70.128146,-12.558022,243.0800018310547,242.0,31.9,1,BEAM02
1,-70.12879,-12.557797,245.9199981689453,247.0,25.43,1,BEAM02
1,-70.129176,-12.557571,247.60000610351562,248.0,28.75,0,BEAM02
1,-70.127776,-12.557346,243.05999755859375,243.0,33.36,0,BEAM02
1,-70.128087,-12.557121,245.47999572753906,245.0,22.37,1,BEAM02
1,-70.129043,-12.556896,244.89999389648438,246.0,27.34,1,BEAM02
1,-70.128208,-12.55667,245.8000030517578,248.0,30.41,1,BEAM02
1,-70.128563,-12.556445,246.69000244140625,247.0,24.63,1,BEAM02
1,-70.129387,-12.55622,251.60000610351562,252.0,28.68,0,BEAM02
1,-70.12889,-12.555995,249.5500030517578,250.0,20.33,1,BEAM02
1,-70.128161,-12.55577,247.0,247.0,28.71,0,BEAM02
1,-70.128639,-12.555544,249.8699951171875,250.0,34.44,1,BEAM02
1,-70.12765,-12.555319,247.4199981689453,248.0,21.69,1,BEAM02
1,-70.128689,-12.555094,258.5400085449219,259.0,20.55,1,BEAM02
1,-70.12894,-12.554869,263.8800048828125,262.0,33.54,1,BEAM02
1,-70.129183,-12.554643,274.70001220703125,274.0,20.28,1,BEAM02
1,-70.12863,-12.554418,275.45001220703125,276.0,27.97,1,BEAM02
1,-70.128855,-12.554193,287.8299865722656,287.0,21.89,1,BEAM02
1,-70.12819,-12.553968,282.17999267578125,283.0,33.92,1,BEAM02
1,-70.128045,-12.553742,285.6499938964844,287.0,31.67,1,BEAM02
1,-70.129226,-12.553517,286.6099853515625,286.0,23.21,1,BEAM02
1,-70.127722,-12.553292,289.05999755859375,289.0,21.9,1,BEAM02
1,-70.127769,-12.553067,289.54998779296875,290.0,20.52,1,BEAM02
1,-70.129479,-12.552842,292.82000732421875,294.0,21.25,1,BEAM02
1,-70.127859,-12.552616,287.5899963378906,287.0,31.54,1,BEAM02
1,-70.128884,-12.552391,286.8399963378906,287.0,31.69,1,BEAM02
1,-70.127993,-12.552166,290.20001220703125,290.0,31.02,1,BEAM02
1,-70.128309,-12.551941,285.9700012207031,285.0,33.66,1,BEAM02
1,-70.129191,-12.551715,276.989990234375,278.0,22.34,1,BEAM02
1,-70.128846,-12.55149,273.29998779296875,273.0,32.3,1,BEAM02
1,-70.12788,-12.551265,277.9599914550781,276.0,32.92,1,BEAM02
1,-70.128541,-12.55104,275.95001220703125,275.0,34.62,1,BEAM02
1,-70.129123,-12.550815,278.42999267578125,278.0,29.39,1,BEAM02
1,-70.12932,-12.550589,282.25,282.0,22.04,0,BEAM02
1,-70.127565,-12.550364,275.0199890136719,273.0,21.79,1,BEAM02
1,-70.128896,-12.550139,290.44000244140625,290.0,33.47,1,BEAM02
1,-70.127588,-12.549914,274.67999267578125,274.0,23.06,1,BEAM02
1,-70.129209,-12.549688,293.70001220703125,292.0,27.83,0,BEAM02
1,-70.128278,-12.549463,285.07000732421875,288.0,31.12,1,BEAM02
1,-70.127992,-12.549238,278.7900085449219,280.0,22.99,1,BEAM02
1,-70.129071,-12.549013,293.510009765625,292.0,32.95,1,BEAM02
1,-70.12781,-12.548788,276.0,275.0,21.14,1,BEAM02
1,-70.128813,-12.548562,288.1400146484375,288.0,33.28,1,BEAM02
1,-70.12883,-12.548337,286.32000732421875,286.0,30.31,1,BEAM02
1,-70.127571,-12.548112,277.9100036621094,278.0,20.9,1,BEAM02
1,-70.128042,-12.547887,282.0,282.0,23.18,1,BEAM02
1,-70.128872,-12.547661,286.8800048828125,288.0,25.81,1,BEAM02
1,-70.129265,-12.547436,291.32000732421875,291.0,25.74,0,BEAM02
1,-70.129192,-12.547211,292.9800109863281,292.0,21.74,1,BEAM02
1,-70.128436,-12.546986,284.239990234375,285.0,33.33,1,BEAM02
1,-70.128003,-12.546761,284.1199951171875,283.0,28.74,1,BEAM02
1,-70.128757,-12.546535,285.5400085449219,287.0,25.59,1,BEAM02
1,-70.128522,-12.54631,286.5400085449219,285.0,22.49,1,BEAM02
1,-70.128659,-12.546085,286.010009765625,286.0,25.23,1,BEAM02
1,-70.128583,-12.54586,283.6700134277344,283.0,21.48,1,BEAM02
1,-70.129028,-12.545634,282.04998779296875,283.0,27.36,1,BEAM02
1,-70.129344,-12.545409,282.79998779296875,284.0,27.84,1,BEAM02
1,-70.129361,-12.545184,283.9200134277344,284.0,22.11,1,BEAM02
1,-70.128559,-12.544959,286.29998779296875,285.0,20.84,1,BEAM02
1,-70.128145,-12.544733,292.1600036621094,292.0,33.5,1,BEAM02
1,-70.128744,-12.544508,288.17999267578125,290.0,24.66,1,BEAM02
1,-70.128372,-12.544283,290.6000061035156,293.0,28.74,1,BEAM02
1,-70.127915,-12.544058,292.4599914550781,293.0,32.59,1,BEAM02
1,-70.128816,-12.543833,284.3500061035156,286.0,31.02,1,BEAM02
1,-70.129262,-12.543607,290.3299865722656,291.0,32.71,1,BEAM02
1,-70.129386,-12.543382,297.7699890136719,296.0,28.07,1,BEAM02
1,-70.128693,-12.543157,291.25,292.0,24.57,1,BEAM02
1,-70.127952,-12.542932,293.04998779296875,294.0,21.44,1,BEAM02
1,-70.128337,-12.542706,294.70001220703125,295.0,24.81,1,BEAM02
1,-70.128045,-12.542481,294.92999267578125,295.0,31.15,1,BEAM02
1,-70.128404,-12.542256,296.0799865722656,296.0,29.05,0,BEAM02
1,-70.127739,-12.542031,296.010009765625,295.0,22.65,1,BEAM02
1,-70.128268,-12.541806,296.4800109863281,296.0,33.13,1,BEAM02
1,-70.12767,-12.54158,294.4800109863281,294.0,27.14,0,BEAM02
1,-70.12906,-12.541355,298.3900146484375,297.0,34.34,1,BEAM02
1,-70.128821,-12.54113,296.1000061035156,296.0,31.45,1,BEAM02
1,-70.129421,-12.540905,296.9800109863281,296.0,33.03,1,BEAM02
1,-70.128346,-12.540679,292.2300109863281,292.0,25.17,1,BEAM02
1,-70.129271,-12.540454,297.54998779296875,295.0,31.83,1,BEAM02
1,-70.128686,-12.540229,292.8599853515625,293.0,22.71,1,BEAM02
1,-70.127907,-12.540004,286.1300048828125,286.0,32.38,1,BEAM02
2,-70.120358,-12.599914,235.82000732421875,237.0,24.13,1,BEAM03
2,-70.119016,-12.599688,226.08999633789062,227.0,26.82,1,BEAM03
2,-70.11983,-12.599463,239.3000030517578,238.0,23.45,1,BEAM03
2,-70.120165,-12.599238,241.5800018310547,242.0,31.7,1,BEAM03
2,-70.119136,-12.599013,237.8000030517578,239.0,22.95,1,BEAM03
2,-70.118891,-12.598788,238.6300048828125,239.0,34.38,1,BEAM03
2,-70.119772,-12.598562,242.30999755859375,243.0,34.01,1,BEAM03
2,-70.119312,-12.598337,242.9499969482422,242.0,31.3,0,BEAM03
2,-70.11965,-12.598112,247.05999755859375,246.0,30.5,0,BEAM03
2,-70.119775,-12.597887,245.17999267578125,246.0,27.08,1,BEAM03
2,-70.120207,-12.597661,247.66000366210938,248.0,22.38,1,BEAM03
2,-70.120217,-12.597436,248.77999877929688,247.0,34.5,1,BEAM03
2,-70.120272,-12.597211,243.8300018310547,245.0,28.67,0,BEAM03
2,-70.118457,-12.596986,228.13999938964844,230.0,24.66,0,BEAM03
2,-70.119113,-12.596761,232.77999877929688,233.0,31.36,1,BEAM03
2,-70.119593,-12.596535,236.85000610351562,237.0,20.55,1,BEAM03
2,-70.118785,-12.59631,236.17999267578125,235.0,28.7,1,BEAM03
2,-70.118659,-12.596085,237.91000366210938,240.0,34.7,1,BEAM03
2,-70.118845,-12.59586,245.05999755859375,246.0,27.56,1,BEAM03
2,-70.119501,-12.595634,243.13999938964844,245.0,24.94,1,BEAM03
2,-70.119241,-12.595409,243.25999450683594,244.0,30.87,1,BEAM03
2,-70.119188,-12.595184,245.6699981689453,244.0,33.0,1,BEAM03
2,-70.120419,-12.594959,242.44000244140625,242.0,31.87,1,BEAM03
2,-70.120228,-12.594733,243.08999633789062,243.0,34.35,1,BEAM03
2,-70.119958,-12.594508,244.1300048828125,245.0,34.16,1,BEAM03
2,-70.118507,-12.594283,245.7899932861328,246.0,27.22,1,BEAM03
2,-70.12042,-12.594058,242.64999389648438,243.0,20.5,1,BEAM03
2,-70.119631,-12.593833,240.32000732421875,241.0,22.56,1,BEAM03
2,-70.120301,-12.593607,237.91000366210938,240.0,21.78,1,BEAM03
2,-70.119979,-12.593382,237.86000061035156,239.0,27.12,1,BEAM03
2,-70.120401,-12.593157,239.9499969482422,240.0,24.03,1,BEAM03
2,-70.118481,-12.592932,240.36000061035156,241.0,28.75,1,BEAM03
2,-70.120209,-12.592706,238.1999969482422,238.0,28.04,1,BEAM03
2,-70.119389,-12.592481,235.80999755859375,236.0,27.65,1,BEAM03
2,-70.120035,-12.592256,240.66000366210938,240.0,31.24,1,BEAM03
2,-70.11944,-12.592031,234.1699981689453,237.0,24.98,1,BEAM03
2,-70.120373,-12.591806,242.57000732421875,244.0,24.6,1,BEAM03
2,-70.120401,-12.59158,241.6699981689453,244.0,24.38,1,BEAM03
2,-70.118611,-12.591355,239.4499969482422,238.0,24.66,1,BEAM03
2,-70.119959,-12.59113,243.17999267578125,242.0,33.71,0,BEAM03
2,-70.119999,-12.590905,243.8800048828125,244.0,33.78,1,BEAM03
2,-70.120102,-12.590679,243.86000061035156,244.0,29.39,1,BEAM03
2,-70.120274,-12.590454,245.39999389648438,245.0,21.65,1,BEAM03
2,-70.120285,-12.590229,243.74000549316406,244.0,22.98,1,BEAM03
2,-70.119769,-12.590004,236.66000366210938,236.0,27.35,1,BEAM03
2,-70.120213,-12.589779,238.8699951171875,237.0,32.72,1,BEAM03
2,-70.120347,-12.589553,236.6999969482422,237.0,25.23,1,BEAM03
2,-70.119054,-12.589328,239.42999267578125,240.0,27.94,1,BEAM03
2,-70.119057,-12.589103,243.6999969482422,242.0,25.36,1,BEAM03
2,-70.119972,-12.588878,239.3800048828125,240.0,22.36,0,BEAM03
2,-70.119788,-12.588652,242.0399932861328,242.0,34.67,1,BEAM03
2,-70.118864,-12.588427,243.67999267578125,244.0,22.06,0,BEAM03
2,-70.118739,-12.588202,241.4199981689453,241.0,29.21,1,BEAM03
2,-70.118892,-12.587977,242.82000732421875,243.0,30.62,1,BEAM03
2,-70.120143,-12.587752,231.38999938964844,233.0,29.99,1,BEAM03
2,-70.118796,-12.587526,240.7100067138672,241.0,21.14,1,BEAM03
2,-70.120272,-12.587301,230.2899932861328,230.0,32.59,1,BEAM03
2,-70.119246,-12.587076,236.6999969482422,236.0,23.86,1,BEAM03
2,-70.119399,-12.586851,232.5399932861328,233.0,25.56,1,BEAM03
2,-70.118908,-12.586625,231.69000244140625,233.0,27.5,1,BEAM03
2,-70.119617,-12.5864,230.17999267578125,229.0,22.83,0,BEAM03
2,-70.12039,-12.586175,222.3800048828125,226.0,26.43,1,BEAM03
2,-70.118805,-12.58595,227.4600067138672,228.0,20.8,1,BEAM03
2,-70.119526,-12.585724,228.0800018310547,227.0,24.47,1,BEAM03
2,-70.119664,-12.585499,228.97999572753906,228.0,30.09,1,BEAM03
2,-70.11973,-12.585274,228.3300018310547,229.0,28.98,1,BEAM03
2,-70.11931,-12.585049,227.25999450683594,228.0,25.47,1,BEAM03
2,-70.119405,-12.584824,227.6199951171875,228.0,34.57,0,BEAM03
2,-70.119044,-12.584598,227.7100067138672,228.0,33.79,1,BEAM03
2,-70.118446,-12.584373,225.50999450683594,227.0,34.84,1,BEAM03
2,-70.119467,-12.584148,233.99000549316406,234.0,25.41,1,BEAM03
2,-70.119116,-12.583923,231.85000610351562,233.0,25.16,1,BEAM03
2,-70.12025,-12.583697,233.92999267578125,233.0,21.78,1,BEAM03
2,-70.118865,-12.583472,236.0500030517578,236.0,26.86,1,BEAM03
2,-70.120357,-12.583247,233.35000610351562,234.0,30.02,1,BEAM03
2,-70.120135,-12.583022,235.3800048828125,234.0,33.25,1,BEAM03
2,-70.119579,-12.582797,238.22000122070312,238.0,32.4,0,BEAM03
2,-70.11984,-12.582571,240.24000549316406,239.0,20.15,1,BEAM03
2,-70.119842,-12.582346,238.7899932861328,238.0,25.92,0,BEAM03
2,-70.119118,-12.582121,238.80999755859375,240.0,25.18,1,BEAM03
2,-70.118973,-12.581896,239.27999877929688,239.0,31.11,1,BEAM03
2,-70.118513,-12.58167,241.47000122070312,240.0,33.08,1,BEAM03
2,-70.120219,-12.581445,241.58999633789062,242.0,20.99,1,BEAM03
2,-70.120137,-12.58122,239.27000427246094,239.0,29.23,1,BEAM03
2,-70.120316,-12.580995,241.64999389648438,241.0,22.13,1,BEAM03
2,-70.11984,-12.58077,238.19000244140625,237.0,30.06,1,BEAM03
2,-70.120168,-12.580544,241.8699951171875,240.0,20.9,1,BEAM03
2,-70.119991,-12.580319,236.47000122070312,238.0,28.66,1,BEAM03
2,-70.118969,-12.580094,239.83999633789062,241.0,23.61,1,BEAM03
2,-70.119912,-12.579869,238.7100067138672,238.0,29.31,0,BEAM03
2,-70.119016,-12.579643,244.83999633789062,244.0,29.98,1,BEAM03
2,-70.118618,-12.579418,241.02999877929688,241.0,26.54,1,BEAM03
2,-70.118577,-12.579193,242.25,242.0,25.78,1,BEAM03
2,-70.118484,-12.578968,243.17999267578125,241.0,21.77,1,BEAM03
2,-70.118759,-12.578742,236.72000122070312,237.0,22.5,1,BEAM03
2,-70.120234,-12.578517,242.1699981689453,242.0,26.83,1,BEAM03
2,-70.119995,-12.578292,241.08999633789062,240.0,20.47,1,BEAM03
2,-70.119497,-12.578067,239.4199981689453,240.0,27.91,1,BEAM03
2,-70.11895,-12.577842,239.44000244140625,239.0,26.07,1,BEAM03
2,-70.118489,-12.577616,232.63999938964844,233.0,24.19,0,BEAM03
2,-70.120295,-12.577391,236.6699981689453,238.0,22.61,1,BEAM03
2,-70.119669,-12.577166,238.27999877929688,238.0,31.83,1,BEAM03
2,-70.118456,-12.576941,232.3800048828125,232.0,33.46,1,BEAM03
2,-70.120057,-12.576715,239.49000549316406,240.0,24.57,1,BEAM03
2,-70.119197,-12.57649,237.22999572753906,238.0,29.46,1,BEAM03
2,-70.120036,-12.576265,243.82000732421875,244.0,31.66,1,BEAM03
2,-70.119672,-12.57604,244.24000549316406,245.0,20.95,1,BEAM03
2,-70.119477,-12.575815,241.60000610351562,243.0,28.16,1,BEAM03
2,-70.119827,-12.575589,243.0,242.0,24.64,1,BEAM03
2,-70.118715,-12.575364,244.77999877929688,246.0,32.85,1,BEAM03
2,-70.119491,-12.575139,243.02999877929688,242.0,24.52,1,BEAM03
2,-70.120397,-12.574914,238.3300018310547,239.0,30.16,1,BEAM03
2,-70.120212,-12.574688,236.4199981689453,237.0,25.64,1,BEAM03
2,-70.119327,-12.574463,235.25,236.0,24.38,1,BEAM03
2,-70.118472,-12.574238,240.89999389648438,240.0,29.81,1,BEAM03
2,-70.118547,-12.574013,237.7100067138672,239.0,22.63,1,BEAM03
2,-70.118946,-12.573788,240.3699951171875,239.0,33.69,1,BEAM03
2,-70.119316,-12.573562,237.25999450683594,237.0,21.42,1,BEAM03
2,-70.119785,-12.573337,237.86000061035156,237.0,32.54,1,BEAM03
2,-70.119394,-12.573112,243.36000061035156,243.0,25.47,1,BEAM03
2,-70.119975,-12.572887,238.1300048828125,238.0,26.14,1,BEAM03
2,-70.118675,-12.572661,241.11000061035156,242.0,28.74,1,BEAM03
2,-70.119223,-12.572436,238.1300048828125,238.0,26.5,1,BEAM03
2,-70.118945,-12.572211,237.3000030517578,238.0,30.94,1,BEAM03
2,-70.118528,-12.571986,237.24000549316406,237.0,30.77,1,BEAM03
2,-70.120343,-12.571761,235.16000366210938,236.0,30.99,1,BEAM03
2,-70.119053,-12.571535,231.16000366210938,231.0,29.96,1,BEAM03
2,-70.119501,-12.57131,228.72000122070312,231.0,30.31,1,BEAM03
2,-70.120258,-12.571085,230.9600067138672,232.0,21.06,1,BEAM03
2,-70.119349,-12.57086,226.33999633789062,225.0,27.76,1,BEAM03
2,-70.11975,-12.570634,226.38999938964844,226.0,31.44,1,BEAM03
2,-70.120256,-12.570409,233.72000122070312,234.0,28.45,1,BEAM03
2,-70.118876,-12.570184,240.3800048828125,240.0,33.37,1,BEAM03
2,-70.119112,-12.569959,242.47000122070312,241.0,24.65,0,BEAM03
2,-70.119918,-12.569733,244.1999969482422,245.0,21.23,1,BEAM03
2,-70.118974,-12.569508,239.57000732421875,242.0,33.67,1,BEAM03
2,-70.119634,-12.569283,246.2899932861328,246.0,34.71,0,BEAM03
2,-70.118628,-12.569058,240.97000122070312,242.0,31.46,1,BEAM03
2,-70.119444,-12.568833,246.6999969482422,247.0,28.02,1,BEAM03
2,-70.119144,-12.568607,244.38999938964844,246.0,26.84,1,BEAM03
2,-70.118703,-12.568382,246.9199981689453,247.0,27.94,1,BEAM03
2,-70.120182,-12.568157,242.5800018310547,241.0,33.11,1,BEAM03
2,-70.119209,-12.567932,248.9199981689453,248.0,31.67,1,BEAM03
2,-70.119091,-12.567706,246.58999633789062,248.0,34.09,1,BEAM03
2,-70.119523,-12.567481,250.02000427246094,249.0,20.45,1,BEAM03
2,-70.119966,-12.567256,247.3699951171875,247.0,24.67,1,BEAM03
2,-70.11947,-12.567031,250.52999877929688,251.0,26.67,1,BEAM03
2,-70.118625,-12.566806,244.60000610351562,246.0,29.09,1,BEAM03
2,-70.118989,-12.56658,247.13999938964844,247.0,32.49,1,BEAM03
2,-70.120043,-12.566355,247.47000122070312,248.0,32.78,1,BEAM03
2,-70.119172,-12.56613,244.24000549316406,244.0,30.19,1,BEAM03
2,-70.119689,-12.565905,243.36000061035156,245.0,27.31,0,BEAM03
2,-70.119874,-12.565679,243.11000061035156,244.0,23.09,1,BEAM03
2,-70.120034,-12.565454,244.3300018310547,244.0,31.01,1,BEAM03
2,-70.119789,-12.565229,246.17999267578125,246.0,29.8,1,BEAM03
2,-70.11847,-12.565004,242.60000610351562,243.0,30.58,0,BEAM03
2,-70.119136,-12.564779,240.22999572753906,241.0,34.03,1,BEAM03
2,-70.119029,-12.564553,240.5399932861328,240.0,21.83,1,BEAM03
2,-70.119028,-12.564328,240.38999938964844,240.0,29.22,1,BEAM03
2,-70.120308,-12.564103,243.14999389648438,243.0,30.85,0,BEAM03
2,-70.118459,-12.563878,238.55999755859375,238.0,24.29,1,BEAM03
2,-70.1195,-12.563652,243.72000122070312,244.0,29.76,1,BEAM03
2,-70.119898,-12.563427,237.3000030517578,238.0,30.28,1,BEAM03
2,-70.119205,-12.563202,243.1699981689453,243.0,28.46,1,BEAM03
2,-70.12034,-12.562977,236.19000244140625,237.0,23.69,0,BEAM03
2,-70.118905,-12.562752,240.25999450683594,240.0,22.03,1,BEAM03
2,-70.11991,-12.562526,242.38999938964844,242.0,27.55,1,BEAM03
2,-70.119525,-12.562301,240.3300018310547,239.0,20.3,1,BEAM03
2,-70.119826,-12.562076,239.52999877929688,239.0,31.19,1,BEAM03
2,-70.119059,-12.561851,239.74000549316406,239.0,31.91,1,BEAM03
2,-70.119688,-12.561625,238.4199981689453,238.0,21.59,1,BEAM03
2,-70.11862,-12.5614,237.58999633789062,239.0,22.31,1,BEAM03
2,-70.118539,-12.561175,238.0,239.0,26.58,1,BEAM03
2,-70.119271,-12.56095,241.6699981689453,240.0,27.36,1,BEAM03
2,-70.119555,-12.560724,241.1300048828125,241.0,27.1,1,BEAM03
2,-70.120112,-12.560499,239.8300018310547,239.0,20.65,0,BEAM03
2,-70.118725,-12.560274,237.75999450683594,239.0,26.85,1,BEAM03
2,-70.119761,-12.560049,237.36000061035156,237.0,32.83,0,BEAM03
2,-70.11951,-12.559824,238.36000061035156,237.0,21.5,1,BEAM03
2,-70.11867,-12.559598,237.57000732421875,238.0,25.75,1,BEAM03
2,-70.120017,-12.559373,233.7100067138672,234.0,22.56,1,BEAM03
2,-70.119691,-12.559148,235.75999450683594,235.0,23.19,1,BEAM03
2,-70.119441,-12.558923,238.57000732421875,237.0,21.95,0,BEAM03
2,-70.11919,-12.558697,238.08999633789062,239.0,20.41,0,BEAM03
2,-70.120227,-12.558472,236.63999938964844,237.0,27.71,0,BEAM03
2,-70.119365,-12.558247,239.0399932861328,238.0,34.2,0,BEAM03
2,-70.12043,-12.558022,233.4600067138672,234.0,24.47,1,BEAM03
2,-70.118604,-12.557797,242.52000427246094,241.0,29.44,1,BEAM03
2,-70.119402,-12.557571,237.69000244140625,238.0,28.31,1,BEAM03
2,-70.119463,-12.557346,237.8800048828125,238.0,32.88,1,BEAM03
2,-70.119104,-12.557121,238.57000732421875,238.0,21.55,1,BEAM03
2,-70.119986,-12.556896,241.9499969482422,242.0,31.11,1,BEAM03
2,-70.119827,-12.55667,245.16000366210938,244.0,30.89,1,BEAM03
2,-70.120102,-12.556445,243.08999633789062,244.0,29.34,0,BEAM03
2,-70.118576,-12.55622,244.33999633789062,244.0,20.67,1,BEAM03
2,-70.118531,-12.555995,245.63999938964844,244.0,31.88,1,BEAM03
2,-70.119477,-12.55577,245.39999389648438,246.0,20.52,1,BEAM03
2,-70.119085,-12.555544,244.60000610351562,244.0,32.53,1,BEAM03
2,-70.12026,-12.555319,244.86000061035156,245.0,27.54,1,BEAM03
2,-70.119703,-12.555094,248.3000030517578,247.0,25.57,1,BEAM03
2,-70.118503,-12.554869,252.89999389648438,251.0,26.9,0,BEAM03
2,-70.118465,-12.554643,257.79998779296875,258.0,29.94,1,BEAM03
2,-70.119026,-12.554418,259.989990234375,259.0,23.84,0,BEAM03
2,-70.119089,-12.554193,265.2699890136719,265.0,24.48,1,BEAM03
2,-70.120144,-12.553968,263.54998779296875,263.0,22.38,1,BEAM03
2,-70.120189,-12.553742,270.75,270.0,33.97,1,BEAM03
2,-70.118459,-12.553517,279.6300048828125,279.0,32.88,1,BEAM03
2,-70.120221,-12.553292,279.4800109863281,280.0,33.84,1,BEAM03
2,-70.11894,-12.553067,288.19000244140625,287.0,32.62,1,BEAM03
2,-70.11983,-12.552842,289.7099914550781,290.0,23.69,1,BEAM03
2,-70.119194,-12.552616,295.45001220703125,295.0,26.72,0,BEAM03
2,-70.118782,-12.552391,294.2200012207031,295.0,23.56,1,BEAM03
2,-70.120048,-12.552166,290.55999755859375,292.0,32.01,1,BEAM03
2,-70.118722,-12.551941,290.5,290.0,34.89,1,BEAM03
2,-70.119009,-12.551715,287.2300109863281,286.0,20.44,0,BEAM03
2,-70.120331,-12.55149,292.1000061035156,293.0,21.16,1,BEAM03
2,-70.119253,-12.551265,280.8699951171875,281.0,29.51,1,BEAM03
2,-70.118669,-12.55104,284.1700134277344,284.0,25.64,1,BEAM03
2,-70.118479,-12.550815,281.79998779296875,282.0,28.85,1,BEAM03
2,-70.120008,-12.550589,297.989990234375,297.0,32.86,1,BEAM03
2,-70.119055,-12.550364,287.95001220703125,288.0,20.47,1,BEAM03
2,-70.118639,-12.550139,283.8699951171875,284.0,34.02,0,BEAM03
2,-70.119357,-12.549914,296.2900085449219,295.0,30.82,1,BEAM03
2,-70.120245,-12.549688,292.8900146484375,292.0,32.74,0,BEAM03
2,-70.119123,-12.549463,291.95001220703125,294.0,33.82,1,BEAM03
2,-70.11975,-12.549238,293.9100036621094,292.0,21.18,1,BEAM03
2,-70.120431,-12.549013,294.92999267578125,294.0,32.75,1,BEAM03
2,-70.120124,-12.548788,292.1099853515625,293.0,23.75,1,BEAM03
2,-70.118661,-12.548562,290.739990234375,290.0,22.54,1,BEAM03
2,-70.119722,-12.548337,297.2099914550781,296.0,21.61,1,BEAM03
2,-70.120031,-12.548112,297.989990234375,298.0,22.02,0,BEAM03
2,-70.119026,-12.547887,290.1700134277344,290.0,20.43,1,BEAM03
2,-70.118561,-12.547661,289.55999755859375,291.0,24.78,0,BEAM03
2,-70.118651,-12.547436,290.6700134277344,290.0,22.76,1,BEAM03
2,-70.120352,-12.547211,292.6300048828125,293.0,21.67,1,BEAM03
2,-70.119255,-12.546986,295.5299987792969,296.0,24.32,1,BEAM03
2,-70.120374,-12.546761,290.3800048828125,291.0,21.4,1,BEAM03
2,-70.12042,-12.546535,293.04998779296875,292.0,24.35,1,BEAM03
2,-70.119824,-12.54631,290.20001220703125,292.0,26.76,1,BEAM03
2,-70.11858,-12.546085,298.8599853515625,298.0,25.34,1,BEAM03
2,-70.119579,-12.54586,297.67999267578125,298.0,20.26,1,BEAM03
2,-70.119158,-12.545634,297.04998779296875,298.0,27.73,1,BEAM03
2,-70.119854,-12.545409,297.30999755859375,296.0,22.56,0,BEAM03
2,-70.120041,-12.545184,295.489990234375,295.0,29.04,1,BEAM03
2,-70.119022,-12.544959,293.82000732421875,295.0,34.65,1,BEAM03
2,-70.119502,-12.544733,286.20001220703125,288.0,20.48,1,BEAM03
2,-70.119,-12.544508,290.010009765625,290.0,26.56,1,BEAM03
2,-70.120236,-12.544283,286.2799987792969,285.0,32.27,0,BEAM03
2,-70.119825,-12.544058,285.2300109863281,286.0,29.11,1,BEAM03
2,-70.120126,-12.543833,284.3599853515625,285.0,20.1,0,BEAM03
2,-70.12043,-12.543607,274.8500061035156,274.0,25.98,1,BEAM03
2,-70.120247,-12.543382,274.7200012207031,274.0,33.24,0,BEAM03
2,-70.119195,-12.543157,278.989990234375,280.0,20.86,1,BEAM03
2,-70.119441,-12.542932,277.95001220703125,279.0,28.92,1,BEAM03
2,-70.120041,-12.542706,267.8299865722656,268.0,20.97,0,BEAM03
2,-70.119808,-12.542481,265.19000244140625,266.0,21.46,1,BEAM03
2,-70.119772,-12.542256,263.3299865722656,263.0,31.79,1,BEAM03
2,-70.118809,-12.542031,277.45001220703125,277.0,30.42,0,BEAM03
2,-70.119813,-12.541806,270.6000061035156,271.0,24.26,1,BEAM03
2,-70.120279,-12.54158,261.8599853515625,262.0,32.23,0,BEAM03
2,-70.11941,-12.541355,274.57000732421875,274.0,30.82,1,BEAM03
2,-70.119454,-12.54113,269.69000244140625,270.0,30.94,1,BEAM03
2,-70.119493,-12.540905,264.8999938964844,264.0,29.31,1,BEAM03
2,-70.119221,-12.540679,259.5199890136719,261.0,33.94,1,BEAM03
2,-70.119546,-12.540454,258.0400085449219,258.0,21.43,1,BEAM03
2,-70.11976,-12.540229,256.8699951171875,257.0,30.46,1,BEAM03
2,-70.120256,-12.540004,284.8999938964844,283.0,32.5,1,BEAM03
3,-70.112709,-12.599914,229.07000732421875,229.0,23.67,1,BEAM04
3,-70.112159,-12.599688,236.4600067138672,236.0,27.98,1,BEAM04
3,-70.112308,-12.599463,237.4600067138672,237.0,25.95,1,BEAM04
3,-70.113938,-12.599238,217.69000244140625,218.0,29.48,1,BEAM04
3,-70.112449,-12.599013,227.35000610351562,227.0,20.32,1,BEAM04
3,-70.112061,-12.598788,231.69000244140625,232.0,27.97,1,BEAM04
3,-70.112444,-12.598562,223.74000549316406,225.0,30.1,1,BEAM04
3,-70.112683,-12.598337,218.36000061035156,218.0,21.75,1,BEAM04
3,-70.112202,-12.598112,218.02000427246094,218.0,33.13,1,BEAM04
3,-70.11334,-12.597887,216.86000061035156,218.0,21.58,1,BEAM04
3,-70.113264,-12.597661,217.97999572753906,218.0,31.84,1,BEAM04
3,-70.11372,-12.597436,216.88999938964844,218.0,30.73,1,BEAM04
3,-70.113024,-12.597211,218.75999450683594,218.0,31.65,1,BEAM04
3,-70.113772,-12.596986,218.33999633789062,218.0,23.33,1,BEAM04
3,-70.113274,-12.596761,218.9199981689453,218.0,22.32,1,BEAM04
3,-70.112767,-12.596535,218.75999450683594,218.0,33.37,0,BEAM04
3,-70.11365,-12.59631,217.3800048828125,218.0,21.77,1,BEAM04
3,-70.113537,-12.596085,217.57000732421875,218.0,31.88,1,BEAM04
3,-70.113519,-12.59586,229.7899932861328,229.0,23.02,1,BEAM04
3,-70.112209,-12.595634,216.39999389648438,217.0,33.44,1,BEAM04
3,-70.113132,-12.595409,234.02999877929688,234.0,22.55,1,BEAM04
3,-70.112144,-12.595184,230.35000610351562,231.0,30.22,1,BEAM04
3,-70.113887,-12.594959,239.82000732421875,240.0,30.42,1,BEAM04
3,-70.112913,-12.594733,241.8300018310547,241.0,26.19,1,BEAM04
3,-70.112253,-12.594508,239.38999938964844,239.0,33.81,1,BEAM04
3,-70.113436,-12.594283,243.5,243.0,34.68,1,BEAM04
3,-70.113476,-12.594058,243.75,244.0,27.27,1,BEAM04
3,-70.113888,-12.593833,241.9499969482422,242.0,23.75,1,BEAM04
3,-70.113268,-12.593607,245.69000244140625,244.0,21.7,1,BEAM04
3,-70.113395,-12.593382,246.27000427246094,246.0,22.3,1,BEAM04
3,-70.112977,-12.593157,247.6699981689453,249.0,27.64,0,BEAM04
3,-70.112972,-12.592932,249.6199951171875,249.0,33.96,1,BEAM04
3,-70.113423,-12.592706,245.16000366210938,247.0,26.21,1,BEAM04
3,-70.112022,-12.592481,241.97000122070312,241.0,20.08,1,BEAM04
3,-70.112145,-12.592256,241.75999450683594,242.0,22.3,0,BEAM04
3,-70.113908,-12.592031,242.47999572753906,242.0,28.85,1,BEAM04
3,-70.113959,-12.591806,241.6999969482422,242.0,26.98,1,BEAM04
3,-70.113321,-12.59158,242.91000366210938,243.0,29.57,1,BEAM04
3,-70.112059,-12.591355,228.33999633789062,228.0,26.17,1,BEAM04
3,-70.112309,-12.59113,236.39999389648438,235.0,32.08,1,BEAM04
3,-70.112315,-12.590905,236.0,237.0,26.26,1,BEAM04
3,-70.112481,-12.590679,242.4199981689453,242.0,24.82,0,BEAM04
3,-70.113682,-12.590454,242.83999633789062,242.0,31.4,1,BEAM04
3,-70.111999,-12.590229,236.8000030517578,236.0,27.85,1,BEAM04
3,-70.112196,-12.590004,238.9600067138672,240.0,22.16,1,BEAM04
3,-70.112718,-12.589779,239.47000122070312,241.0,20.95,1,BEAM04
3,-70.113259,-12.589553,245.02999877929688,244.0,27.96,1,BEAM04
3,-70.112739,-12.589328,240.92999267578125,240.0,28.69,0,BEAM04
3,-70.113265,-12.589103,242.52000427246094,243.0,29.65,1,BEAM04
3,-70.113891,-12.588878,244.9499969482422,245.0,20.81,1,BEAM04
3,-70.112581,-12.588652,238.1199951171875,239.0,33.67,1,BEAM04
3,-70.113339,-12.588427,245.35000610351562,244.0,30.05,0,BEAM04
3,-70.112335,-12.588202,237.5399932861328,237.0,33.89,1,BEAM04
3,-70.112644,-12.587977,238.3800048828125,239.0,22.27,1,BEAM04
3,-70.112274,-12.587752,235.69000244140625,234.0,29.99,0,BEAM04
3,-70.112704,-12.587526,234.3300018310547,236.0,27.88,1,BEAM04
3,-70.112256,-12.587301,226.3699951171875,227.0,28.07,1,BEAM04
3,-70.112645,-12.587076,229.86000061035156,231.0,34.79,1,BEAM04
3,-70.112631,-12.586851,228.77000427246094,228.0,29.07,1,BEAM04
3,-70.112605,-12.586625,224.50999450683594,225.0,23.45,1,BEAM04
3,-70.113586,-12.5864,236.91000366210938,234.0,32.33,1,BEAM04
3,-70.112067,-12.586175,216.6199951171875,216.0,28.61,0,BEAM04
3,-70.11375,-12.58595,239.6300048828125,237.0,23.3,1,BEAM04
3,-70.112197,-12.585724,214.3800048828125,216.0,33.73,1,BEAM04
3,-70.112467,-12.585499,216.55999755859375,216.0,21.37,1,BEAM04
3,-70.112449,-12.585274,215.8000030517578,216.0,30.88,1,BEAM04
3,-70.111963,-12.585049,214.91000366210938,216.0,32.72,0,BEAM04
3,-70.113361,-12.584824,235.92999267578125,236.0,20.55,1,BEAM04
3,-70.112209,-12.584598,216.02000427246094,216.0,24.37,1,BEAM04
3,-70.112855,-12.584373,227.24000549316406,228.0,26.73,1,BEAM04
3,-70.113418,-12.584148,234.92999267578125,235.0,25.46,1,BEAM04
3,-70.112428,-12.583923,215.83999633789062,216.0,28.96,0,BEAM04
3,-70.113163,-12.583697,231.86000061035156,233.0,33.03,1,BEAM04
3,-70.113385,-12.583472,237.4499969482422,238.0,27.53,1,BEAM04
3,-70.113326,-12.583247,239.11000061035156,238.0,29.52,1,BEAM04
3,-70.113505,-12.583022,239.13999938964844,240.0,27.09,1,BEAM04
3,-70.113914,-12.582797,236.13999938964844,236.0,27.61,0,BEAM04
3,-70.113852,-12.582571,232.85000610351562,233.0,28.21,1,BEAM04
3,-70.113521,-12.582346,229.86000061035156,230.0,28.72,1,BEAM04
3,-70.112388,-12.582121,216.1300048828125,216.0,31.4,1,BEAM04
3,-70.11298,-12.581896,214.77999877929688,216.0,21.0,1,BEAM04
3,-70.112664,-12.58167,216.02000427246094,216.0,20.53,1,BEAM04
3,-70.113075,-12.581445,216.08999633789062,216.0,33.94,1,BEAM04
3,-70.113737,-12.58122,215.3300018310547,216.0,33.58,1,BEAM04
3,-70.112891,-12.580995,214.8300018310547,216.0,31.88,1,BEAM04
3,-70.113204,-12.58077,216.3000030517578,216.0,33.64,1,BEAM04
3,-70.112504,-12.580544,217.2899932861328,216.0,25.99,1,BEAM04
3,-70.113229,-12.580319,216.2899932861328,216.0,33.1,0,BEAM04
3,-70.112,-12.580094,215.02999877929688,216.0,33.67,1,BEAM04
3,-70.113877,-12.579869,226.55999755859375,228.0,24.53,1,BEAM04
3,-70.112914,-12.579643,215.6199951171875,216.0,34.97,1,BEAM04
3,-70.112003,-12.579418,215.22999572753906,216.0,30.94,1,BEAM04
3,-70.112925,-12.579193,217.5399932861328,216.0,27.29,1,BEAM04
3,-70.113142,-12.578968,215.85000610351562,216.0,22.37,1,BEAM04
3,-70.112152,-12.578742,215.02999877929688,216.0,21.94,1,BEAM04
3,-70.112503,-12.578517,216.75999450683594,216.0,27.85,0,BEAM04
3,-70.113455,-12.578292,217.57000732421875,216.0,23.38,1,BEAM04
3,-70.11268,-12.578067,217.6699981689453,216.0,32.34,1,BEAM04
3,-70.112284,-12.577842,216.8000030517578,216.0,29.97,1,BEAM04
3,-70.111986,-12.577616,214.94000244140625,216.0,30.67,1,BEAM04
3,-70.11218,-12.577391,214.8699951171875,216.0,32.0,1,BEAM04
3,-70.112739,-12.577166,215.30999755859375,216.0,21.86,1,BEAM04
3,-70.113362,-12.576941,215.67999267578125,216.0,24.39,1,BEAM04
3,-70.113823,-12.576715,228.94000244140625,231.0,20.22,1,BEAM04
3,-70.113958,-12.57649,234.2899932861328,233.0,21.08,0,BEAM04
3,-70.11351,-12.576265,216.97999572753906,216.0,31.79,1,BEAM04
3,-70.112894,-12.57604,214.02000427246094,216.0,22.99,1,BEAM04
3,-70.112146,-12.575815,215.17999267578125,216.0,29.15,1,BEAM04
3,-70.112007,-12.575589,216.60000610351562,216.0,27.9,1,BEAM04
3,-70.113907,-12.575364,227.75,228.0,24.16,1,BEAM04
3,-70.112456,-12.575139,215.9499969482422,216.0,34.4,1,BEAM04
3,-70.113525,-12.574914,216.4199981689453,216.0,32.68,1,BEAM04
3,-70.113144,-12.574688,216.5500030517578,216.0,23.07,1,BEAM04
3,-70.113584,-12.574463,218.24000549316406,216.0,20.17,0,BEAM04
3,-70.112857,-12.574238,217.19000244140625,216.0,20.41,1,BEAM04
3,-70.111971,-12.574013,216.25,216.0,31.43,1,BEAM04
3,-70.113849,-12.573788,234.32000732421875,234.0,22.17,0,BEAM04
3,-70.113818,-12.573562,230.5800018310547,232.0,24.68,1,BEAM04
3,-70.113463,-12.573337,215.13999938964844,216.0,28.07,0,BEAM04
3,-70.11219,-12.573112,215.97999572753906,216.0,29.22,1,BEAM04
3,-70.112198,-12.572887,214.30999755859375,216.0,33.63,1,BEAM04
3,-70.113286,-12.572661,214.91000366210938,216.0,32.09,1,BEAM04
3,-70.112712,-12.572436,217.36000061035156,216.0,21.49,1,BEAM04
3,-70.112726,-12.572211,215.8699951171875,216.0,33.72,1,BEAM04
3,-70.113753,-12.571986,234.10000610351562,232.0,29.64,1,BEAM04
3,-70.113607,-12.571761,216.4199981689453,216.0,21.29,1,BEAM04
3,-70.113683,-12.571535,215.14999389648438,216.0,24.6,1,BEAM04
3,-70.112829,-12.57131,217.0,216.0,34.07,1,BEAM04
3,-70.112499,-12.571085,217.3300018310547,216.0,21.19,1,BEAM04
3,-70.112288,-12.57086,216.52000427246094,216.0,24.75,0,BEAM04
3,-70.113082,-12.570634,216.72000122070312,216.0,28.66,1,BEAM04
3,-70.113073,-12.570409,216.47000122070312,216.0,30.22,1,BEAM04
3,-70.112499,-12.570184,215.6999969482422,216.0,33.37,1,BEAM04
3,-70.11218,-12.569959,216.25999450683594,216.0,24.36,1,BEAM04
3,-70.113875,-12.569733,226.72999572753906,229.0,25.42,1,BEAM04
3,-70.112235,-12.569508,215.82000732421875,216.0,23.73,1,BEAM04
3,-70.113181,-12.569283,230.64999389648438,229.0,27.72,1,BEAM04
3,-70.113105,-12.569058,228.92999267578125,229.0,24.66,0,BEAM04
3,-70.112134,-12.568833,214.13999938964844,216.0,20.22,1,BEAM04
3,-70.1126,-12.568607,229.63999938964844,230.0,28.99,1,BEAM04
3,-70.113913,-12.568382,235.9199981689453,235.0,29.07,1,BEAM04
3,-70.113145,-12.568157,237.4600067138672,237.0,28.04,1,BEAM04
3,-70.112166,-12.567932,237.07000732421875,237.0,34.34,1,BEAM04
3,-70.113785,-12.567706,239.42999267578125,239.0,21.13,0,BEAM04
3,-70.112124,-12.567481,230.00999450683594,229.0,26.01,1,BEAM04
3,-70.112378,-12.567256,232.27000427246094,232.0,28.22,1,BEAM04
3,-70.113174,-12.567031,238.60000610351562,238.0,34.52,1,BEAM04
3,-70.113356,-12.566806,240.30999755859375,241.0,31.25,1,BEAM04
3,-70.112443,-12.56658,231.0,231.0,28.72,1,BEAM04
3,-70.112708,-12.566355,238.10000610351562,237.0,32.43,0,BEAM04
3,-70.112761,-12.56613,237.97999572753906,238.0,28.95,0,BEAM04
3,-70.112799,-12.565905,238.49000549316406,239.0,28.78,1,BEAM04
3,-70.113732,-12.565679,236.05999755859375,236.0,30.8,1,BEAM04
3,-70.113093,-12.565454,239.1199951171875,240.0,25.1,1,BEAM04
3,-70.112356,-12.565229,239.33999633789062,239.0,24.65,1,BEAM04
3,-70.113054,-12.565004,238.67999267578125,239.0,32.83,1,BEAM04
3,-70.113236,-12.564779,240.8800048828125,241.0,25.39,1,BEAM04
3,-70.113871,-12.564553,242.64999389648438,242.0,23.75,1,BEAM04
3,-70.112327,-12.564328,237.02000427246094,238.0,27.07,1,BEAM04
3,-70.113617,-12.564103,243.11000061035156,244.0,21.08,1,BEAM04
3,-70.113745,-12.563878,243.44000244140625,244.0,24.49,1,BEAM04
3,-70.11354,-12.563652,244.22999572753906,244.0,26.72,1,BEAM04
3,-70.112821,-12.563427,242.32000732421875,243.0,29.29,1,BEAM04
3,-70.112946,-12.563202,243.6199951171875,243.0,28.7,1,BEAM04
3,-70.112309,-12.562977,243.3000030517578,243.0,20.25,1,BEAM04
3,-70.113467,-12.562752,243.52999877929688,243.0,20.63,1,BEAM04
3,-70.113542,-12.562526,243.64999389648438,243.0,20.62,1,BEAM04
3,-70.113229,-12.562301,241.77000427246094,243.0,25.57,0,BEAM04
3,-70.113098,-12.562076,242.8000030517578,244.0,32.91,1,BEAM04
3,-70.11287,-12.561851,246.5,245.0,21.79,0,BEAM04
3,-70.113865,-12.561625,243.11000061035156,244.0,20.83,1,BEAM04
3,-70.113945,-12.5614,245.63999938964844,244.0,22.12,1,BEAM04
3,-70.113567,-12.561175,242.97000122070312,244.0,25.96,1,BEAM04
3,-70.113765,-12.56095,243.5800018310547,243.0,26.23,1,BEAM04
3,-70.112914,-12.560724,240.02999877929688,241.0,23.46,1,BEAM04
3,-70.113761,-12.560499,242.74000549316406,243.0,32.81,1,BEAM04
3,-70.113208,-12.560274,242.74000549316406,243.0,32.66,1,BEAM04
3,-70.113185,-12.560049,241.39999389648438,242.0,26.21,1,BEAM04
3,-70.113936,-12.559824,241.3300018310547,242.0,21.82,1,BEAM04
3,-70.113614,-12.559598,241.30999755859375,242.0,30.71,1,BEAM04
3,-70.11362,-12.559373,242.17999267578125,241.0,24.16,1,BEAM04
3,-70.11224,-12.559148,241.42999267578125,240.0,25.36,1,BEAM04
3,-70.111996,-12.558923,241.32000732421875,242.0,26.76,1,BEAM04
3,-70.112058,-12.558697,242.52999877929688,243.0,20.06,1,BEAM04
3,-70.112973,-12.558472,243.16000366210938,243.0,24.2,1,BEAM04
3,-70.112092,-12.558247,242.61000061035156,243.0,32.53,1,BEAM04
3,-70.113554,-12.558022,238.8300018310547,240.0,25.23,1,BEAM04
3,-70.113438,-12.557797,239.35000610351562,239.0,34.13,1,BEAM04
3,-70.111996,-12.557571,241.25,242.0,30.47,1,BEAM04
3,-70.1133,-12.557346,240.39999389648438,240.0,26.49,1,BEAM04
3,-70.113539,-12.557121,239.1699981689453,239.0,29.46,1,BEAM04
3,-70.11234,-12.556896,243.24000549316406,244.0,20.18,1,BEAM04
3,-70.113562,-12.55667,243.64999389648438,242.0,33.01,1,BEAM04
3,-70.111981,-12.556445,243.85000610351562,243.0,30.14,1,BEAM04
3,-70.112423,-12.55622,243.86000061035156,244.0,30.2,1,BEAM04
3,-70.112733,-12.555995,243.02999877929688,244.0,28.28,1,BEAM04
3,-70.113268,-12.55577,246.72999572753906,246.0,22.54,1,BEAM04
3,-70.112671,-12.555544,248.4199981689453,248.0,24.55,1,BEAM04
3,-70.112868,-12.555319,246.30999755859375,248.0,31.36,1,BEAM04
3,-70.113502,-12.555094,243.69000244140625,244.0,23.73,1,BEAM04
3,-70.112385,-12.554869,252.57000732421875,251.0,31.52,1,BEAM04
3,-70.113364,-12.554643,247.99000549316406,248.0,20.98,1,BEAM04
3,-70.111961,-12.554418,265.7099914550781,267.0,29.2,1,BEAM04
3,-70.112531,-12.554193,265.6300048828125,268.0,26.87,1,BEAM04
3,-70.113385,-12.553968,268.8699951171875,271.0,28.03,0,BEAM04
3,-70.112581,-12.553742,293.6400146484375,293.0,33.61,1,BEAM04
3,-70.113197,-12.553517,279.1700134277344,279.0,29.1,1,BEAM04
3,-70.113819,-12.553292,290.05999755859375,290.0,21.02,1,BEAM04
3,-70.113289,-12.553067,288.57000732421875,289.0,32.41,1,BEAM04
3,-70.112963,-12.552842,288.80999755859375,291.0,23.01,1,BEAM04
3,-70.112753,-12.552616,292.4200134277344,293.0,28.74,1,BEAM04
3,-70.113688,-12.552391,283.8699951171875,284.0,32.41,1,BEAM04
3,-70.113735,-12.552166,285.1000061035156,285.0,20.97,1,BEAM04
3,-70.112358,-12.551941,297.6499938964844,297.0,28.99,1,BEAM04
3,-70.112043,-12.551715,294.9200134277344,295.0,25.62,1,BEAM04
3,-70.112612,-12.55149,298.17999267578125,298.0,21.69,1,BEAM04
3,-70.112417,-12.551265,297.2900085449219,298.0,30.72,1,BEAM04
3,-70.113822,-12.55104,295.05999755859375,295.0,24.32,1,BEAM04
3,-70.112202,-12.550815,294.8599853515625,293.0,23.25,1,BEAM04
3,-70.113198,-12.550589,295.3599853515625,296.0,29.51,1,BEAM04
3,-70.112596,-12.550364,292.7900085449219,293.0,26.38,1,BEAM04
3,-70.112462,-12.550139,293.5799865722656,292.0,34.31,1,BEAM04
3,-70.112647,-12.549914,293.80999755859375,295.0,23.62,1,BEAM04
3,-70.111988,-12.549688,292.1600036621094,293.0,32.77,1,BEAM04
3,-70.113545,-12.549463,290.239990234375,291.0,31.65,1,BEAM04
3,-70.112226,-12.549238,288.32000732421875,287.0,29.04,0,BEAM04
3,-70.112978,-12.549013,295.239990234375,295.0,25.51,1,BEAM04
3,-70.113354,-12.548788,295.5899963378906,295.0,23.81,1,BEAM04
3,-70.113373,-12.548562,296.0899963378906,296.0,24.9,1,BEAM04
3,-70.112232,-12.548337,293.55999755859375,293.0,24.84,1,BEAM04
3,-70.113173,-12.548112,291.4200134277344,291.0,20.85,1,BEAM04
3,-70.112243,-12.547887,292.54998779296875,292.0,27.69,1,BEAM04
3,-70.113539,-12.547661,290.82000732421875,291.0,26.38,0,BEAM04
3,-70.112639,-12.547436,293.6199951171875,294.0,32.57,1,BEAM04
3,-70.113141,-12.547211,292.8500061035156,292.0,24.9,1,BEAM04
3,-70.113225,-12.546986,287.25,287.0,31.36,1,BEAM04
3,-70.113578,-12.546761,284.4700012207031,286.0,29.84,1,BEAM04
3,-70.112946,-12.546535,287.20001220703125,287.0,21.42,0,BEAM04
3,-70.112521,-12.54631,288.0400085449219,289.0,26.07,1,BEAM04
3,-70.113919,-12.546085,286.5400085449219,285.0,28.93,1,BEAM04
3,-70.113875,-12.54586,284.54998779296875,284.0,28.47,1,BEAM04
3,-70.113438,-12.545634,288.0299987792969,289.0,26.75,1,BEAM04
3,-70.112441,-12.545409,291.54998779296875,290.0,34.12,1,BEAM04
3,-70.11325,-12.545184,291.7699890136719,291.0,20.61,1,BEAM04
3,-70.113675,-12.544959,292.3599853515625,291.0,20.97,1,BEAM04
3,-70.112679,-12.544733,294.2699890136719,293.0,29.49,1,BEAM04
3,-70.11202,-12.544508,278.92999267578125,279.0,22.23,1,BEAM04
3,-70.112349,-12.544283,281.4599914550781,278.0,24.91,0,BEAM04
3,-70.112386,-12.544058,283.32000732421875,282.0,28.95,1,BEAM04
3,-70.113253,-12.543833,289.739990234375,290.0,29.65,1,BEAM04
3,-70.112453,-12.543607,272.9100036621094,271.0,26.37,1,BEAM04
3,-70.112514,-12.543382,265.30999755859375,266.0,23.9,1,BEAM04
3,-70.113878,-12.543157,286.17999267578125,287.0,28.67,1,BEAM04
3,-70.113894,-12.542932,285.0400085449219,287.0,29.57,0,BEAM04
3,-70.113688,-12.542706,286.7300109863281,286.0,23.95,1,BEAM04
3,-70.11229,-12.542481,252.08999633789062,252.0,31.62,1,BEAM04
3,-70.113516,-12.542256,278.67999267578125,280.0,27.85,1,BEAM04
3,-70.113437,-12.542031,274.8299865722656,274.0,33.06,1,BEAM04
3,-70.113355,-12.541806,273.0899963378906,273.0,31.16,1,BEAM04
3,-70.112835,-12.54158,263.4700012207031,263.0,33.99,1,BEAM04
3,-70.112429,-12.541355,260.7300109863281,260.0,28.69,0,BEAM04
3,-70.11385,-12.54113,286.989990234375,286.0,28.37,1,BEAM04
3,-70.112638,-12.540905,265.07000732421875,264.0,34.77,1,BEAM04
3,-70.112895,-12.540679,260.2900085449219,261.0,30.57,1,BEAM04
3,-70.113069,-12.540454,264.0899963378906,265.0,24.88,1,BEAM04
3,-70.113373,-12.540229,266.94000244140625,267.0,32.98,0,BEAM04
3,-70.112007,-12.540004,253.52000427246094,254.0,34.59,1,BEAM04
4,-70.100957,-12.599914,244.1300048828125,243.0,26.71,1,BEAM05
4,-70.10221,-12.599688,241.69000244140625,244.0,22.76,1,BEAM05
4,-70.102676,-12.599463,241.38999938964844,242.0,27.35,1,BEAM05
4,-70.102531,-12.599238,241.13999938964844,241.0,24.67,1,BEAM05
4,-70.102079,-12.599013,244.17999267578125,245.0,33.82,1,BEAM05
4,-70.10119,-12.598788,246.39999389648438,246.0,23.26,1,BEAM05
4,-70.101803,-12.598562,248.8300018310547,249.0,29.94,1,BEAM05
4,-70.101372,-12.598337,245.72000122070312,246.0,25.42,1,BEAM05
4,-70.100915,-12.598112,243.99000549316406,244.0,26.02,1,BEAM05
4,-70.102132,-12.597887,247.00999450683594,246.0,22.28,1,BEAM05
4,-70.101444,-12.597661,244.3000030517578,244.0,29.75,1,BEAM05
4,-70.102206,-12.597436,246.74000549316406,246.0,26.43,1,BEAM05
4,-70.102703,-12.597211,241.85000610351562,242.0,21.28,0,BEAM05
4,-70.102304,-12.596986,244.66000366210938,244.0,23.18,1,BEAM05
4,-70.102238,-12.596761,241.9199981689453,242.0,27.27,1,BEAM05
4,-70.102858,-12.596535,242.07000732421875,242.0,29.5,1,BEAM05
4,-70.101089,-12.59631,241.7100067138672,243.0,24.16,1,BEAM05
4,-70.101486,-12.596085,243.49000549316406,243.0,24.5,1,BEAM05
4,-70.102088,-12.59586,244.5399932861328,244.0,34.5,1,BEAM05
4,-70.101328,-12.595634,241.25,241.0,30.74,1,BEAM05
4,-70.101253,-12.595409,243.7899932861328,243.0,20.54,0,BEAM05
4,-70.102538,-12.595184,243.3000030517578,245.0,28.33,1,BEAM05
4,-70.101674,-12.594959,249.07000732421875,246.0,20.38,1,BEAM05
4,-70.101438,-12.594733,247.6999969482422,247.0,29.99,1,BEAM05
4,-70.10157,-12.594508,245.6300048828125,247.0,29.08,1,BEAM05
4,-70.101375,-12.594283,247.9499969482422,248.0,27.84,1,BEAM05
4,-70.101887,-12.594058,248.33999633789062,247.0,33.42,1,BEAM05
4,-70.101226,-12.593833,247.25999450683594,246.0,31.02,1,BEAM05
4,-70.1022,-12.593607,240.6699981689453,241.0,26.07,1,BEAM05
4,-70.102563,-12.593382,239.10000610351562,239.0,27.01,0,BEAM05
4,-70.102588,-12.593157,239.92999267578125,240.0,26.42,1,BEAM05
4,-70.101392,-12.592932,241.49000549316406,242.0,20.37,1,BEAM05
4,-70.102732,-12.592706,240.1699981689453,239.0,21.8,1,BEAM05
4,-70.101617,-12.592481,241.89999389648438,242.0,24.45,1,BEAM05
4,-70.101561,-12.592256,242.61000061035156,242.0,33.07,1,BEAM05
4,-70.100963,-12.592031,247.74000549316406,247.0,32.65,1,BEAM05
4,-70.102799,-12.591806,233.38999938964844,234.0,30.01,0,BEAM05
4,-70.101852,-12.59158,241.02000427246094,241.0,32.18,1,BEAM05
4,-70.101415,-12.591355,241.1999969482422,242.0,23.94,1,BEAM05
4,-70.101226,-12.59113,242.75,244.0,30.39,1,BEAM05
4,-70.101989,-12.590905,238.57000732421875,238.0,33.11,1,BEAM05
4,-70.102247,-12.590679,239.5399932861328,237.0,22.02,0,BEAM05
4,-70.102241,-12.590454,239.07000732421875,237.0,29.11,1,BEAM05
4,-70.102778,-12.590229,233.00999450683594,231.0,24.24,1,BEAM05
4,-70.102461,-12.590004,237.42999267578125,237.0,29.47,1,BEAM05
4,-70.101224,-12.589779,240.36000061035156,241.0,31.39,1,BEAM05
4,-70.101265,-12.589553,239.5500030517578,239.0,28.47,1,BEAM05
4,-70.101568,-12.589328,238.92999267578125,240.0,34.13,1,BEAM05
4,-70.102356,-12.589103,239.05999755859375,238.0,32.24,1,BEAM05
4,-70.102764,-12.588878,227.72999572753906,228.0,31.22,1,BEAM05
4,-70.101391,-12.588652,239.5800018310547,239.0,26.66,1,BEAM05
4,-70.102758,-12.588427,229.02000427246094,229.0,29.06,1,BEAM05
4,-70.1022,-12.588202,235.8000030517578,236.0,20.59,1,BEAM05
4,-70.101412,-12.587977,242.27999877929688,243.0,34.33,1,BEAM05
4,-70.102359,-12.587752,238.66000366210938,240.0,32.9,1,BEAM05
4,-70.102179,-12.587526,237.39999389648438,238.0,31.17,1,BEAM05
4,-70.102056,-12.587301,241.25,240.0,32.89,1,BEAM05
4,-70.102585,-12.587076,238.08999633789062,238.0,24.15,1,BEAM05
4,-70.102737,-12.586851,239.27000427246094,240.0,25.97,0,BEAM05
4,-70.101291,-12.586625,242.92999267578125,244.0,26.75,1,BEAM05
4,-70.10273,-12.5864,239.83999633789062,239.0,23.71,1,BEAM05
4,-70.101694,-12.586175,242.4499969482422,242.0,27.24,1,BEAM05
4,-70.102099,-12.58595,241.13999938964844,240.0,22.44,1,BEAM05
4,-70.101265,-12.585724,242.0800018310547,243.0,29.86,1,BEAM05
4,-70.101204,-12.585499,242.6699981689453,243.0,34.12,1,BEAM05
4,-70.101014,-12.585274,242.1300048828125,244.0,28.22,1,BEAM05
4,-70.102354,-12.585049,243.47999572753906,243.0,34.71,1,BEAM05
4,-70.101601,-12.584824,241.5,240.0,22.5,1,BEAM05
4,-70.102211,-12.584598,241.72000122070312,242.0,34.25,1,BEAM05
4,-70.101962,-12.584373,242.97999572753906,242.0,23.44,1,BEAM05
4,-70.101314,-12.584148,243.5500030517578,243.0,23.77,1,BEAM05
4,-70.102081,-12.583923,245.80999755859375,245.0,22.57,1,BEAM05
4,-70.101877,-12.583697,244.39999389648438,245.0,34.08,1,BEAM05
4,-70.102522,-12.583472,246.49000549316406,245.0,34.77,1,BEAM05
4,-70.101458,-12.583247,246.7899932861328,247.0,25.3,1,BEAM05
4,-70.101657,-12.583022,241.33999633789062,243.0,30.67,1,BEAM05
4,-70.102633,-12.582797,245.83999633789062,245.0,34.12,1,BEAM05
4,-70.10152,-12.582571,238.52000427246094,240.0,31.61,1,BEAM05
4,-70.10111,-12.582346,240.91000366210938,240.0,34.22,1,BEAM05
4,-70.102357,-12.582121,242.97000122070312,244.0,34.5,1,BEAM05
4,-70.101503,-12.581896,241.94000244140625,241.0,30.26,1,BEAM05
4,-70.102386,-12.58167,240.6300048828125,241.0,29.34,0,BEAM05
4,-70.102588,-12.581445,237.8300018310547,239.0,27.82,1,BEAM05
4,-70.102047,-12.58122,239.33999633789062,240.0,30.06,1,BEAM05
4,-70.102426,-12.580995,241.3300018310547,240.0,30.8,1,BEAM05
4,-70.10214,-12.58077,242.55999755859375,241.0,32.86,1,BEAM05
4,-70.102192,-12.580544,239.9199981689453,241.0,34.21,1,BEAM05
4,-70.102846,-12.580319,241.3000030517578,240.0,23.95,1,BEAM05
4,-70.101473,-12.580094,243.83999633789062,243.0,28.88,1,BEAM05
4,-70.10176,-12.579869,241.97000122070312,242.0,30.72,1,BEAM05
4,-70.101525,-12.579643,244.33999633789062,245.0,31.65,1,BEAM05
4,-70.101797,-12.579418,243.6199951171875,244.0,29.14,1,BEAM05
4,-70.101958,-12.579193,240.99000549316406,242.0,23.16,1,BEAM05
4,-70.102,-12.578968,241.32000732421875,242.0,21.88,1,BEAM05
4,-70.102642,-12.578742,246.27999877929688,246.0,32.98,1,BEAM05
4,-70.101047,-12.578517,242.6300048828125,242.0,28.61,1,BEAM05
4,-70.102126,-12.578292,242.41000366210938,243.0,22.04,0,BEAM05
4,-70.101579,-12.578067,241.3699951171875,241.0,24.26,1,BEAM05
4,-70.101023,-12.577842,240.25,239.0,24.33,1,BEAM05
4,-70.101939,-12.577616,242.92999267578125,242.0,27.5,0,BEAM05
4,-70.10279,-12.577391,243.69000244140625,244.0,22.88,1,BEAM05
4,-70.101017,-12.577166,240.5800018310547,241.0,22.18,1,BEAM05
4,-70.101205,-12.576941,241.47000122070312,240.0,27.18,1,BEAM05
4,-70.101442,-12.576715,243.16000366210938,242.0,20.73,1,BEAM05
4,-70.102783,-12.57649,242.99000549316406,244.0,30.82,1,BEAM05
4,-70.102027,-12.576265,244.3000030517578,243.0,21.05,1,BEAM05
4,-70.101988,-12.57604,244.5500030517578,245.0,20.77,1,BEAM05
4,-70.101054,-12.575815,215.5800018310547,216.0,29.59,1,BEAM05
4,-70.102135,-12.575589,243.8800048828125,243.0,26.8,1,BEAM05
4,-70.102352,-12.575364,234.25,234.0,28.21,1,BEAM05
4,-70.102524,-12.575139,238.3000030517578,237.0,20.15,1,BEAM05
4,-70.101236,-12.574914,214.77999877929688,216.0,20.71,1,BEAM05
4,-70.102143,-12.574688,216.44000244140625,216.0,26.96,0,BEAM05
4,-70.101533,-12.574463,215.57000732421875,216.0,27.75,1,BEAM05
4,-70.102324,-12.574238,215.47999572753906,216.0,29.47,1,BEAM05
4,-70.101251,-12.574013,216.35000610351562,216.0,33.18,1,BEAM05
4,-70.101396,-12.573788,216.42999267578125,216.0,33.45,1,BEAM05
4,-70.101388,-12.573562,213.97000122070312,216.0,25.24,1,BEAM05
4,-70.10239,-12.573337,217.38999938964844,216.0,33.65,1,BEAM05
4,-70.10256,-12.573112,215.9600067138672,216.0,25.46,1,BEAM05
4,-70.101817,-12.572887,214.5800018310547,216.0,22.12,1,BEAM05
4,-70.10227,-12.572661,215.39999389648438,216.0,25.81,1,BEAM05
4,-70.101203,-12.572436,216.74000549316406,216.0,32.99,1,BEAM05
4,-70.101598,-12.572211,215.5800018310547,216.0,22.39,1,BEAM05
4,-70.102425,-12.571986,214.9199981689453,216.0,24.45,1,BEAM05
4,-70.102081,-12.571761,217.3699951171875,216.0,25.14,0,BEAM05
4,-70.102724,-12.571535,216.32000732421875,216.0,23.53,1,BEAM05
4,-70.102036,-12.57131,214.41000366210938,216.0,24.25,1,BEAM05
4,-70.102468,-12.571085,216.27000427246094,216.0,20.2,1,BEAM05
4,-70.102809,-12.57086,217.08999633789062,216.0,34.53,1,BEAM05
4,-70.101016,-12.570634,233.14999389648438,234.0,30.83,1,BEAM05
4,-70.102342,-12.570409,216.3300018310547,216.0,20.3,0,BEAM05
4,-70.102646,-12.570184,215.47000122070312,216.0,23.0,0,BEAM05
4,-70.100967,-12.569959,253.00999450683594,253.0,26.2,1,BEAM05
4,-70.101926,-12.569733,222.58999633789062,223.0,32.81,1,BEAM05
4,-70.102836,-12.569508,216.1199951171875,216.0,32.92,1,BEAM05
4,-70.102113,-12.569283,221.9199981689453,223.0,21.23,1,BEAM05
4,-70.10118,-12.569058,266.8399963378906,267.0,28.35,1,BEAM05
4,-70.101739,-12.568833,244.58999633789062,246.0,24.95,1,BEAM05
4,-70.100998,-12.568607,269.239990234375,269.0,20.94,1,BEAM05
4,-70.102882,-12.568382,216.3699951171875,216.0,32.81,0,BEAM05
4,-70.102499,-12.568157,228.6199951171875,228.0,29.11,1,BEAM05
4,-70.101244,-12.567932,276.05999755859375,276.0,23.21,1,BEAM05
4,-70.101952,-12.567706,248.42999267578125,248.0,20.17,1,BEAM05
4,-70.101669,-12.567481,266.42999267578125,266.0,20.33,1,BEAM05
4,-70.100986,-12.567256,278.6499938964844,278.0,25.67,1,BEAM05
4,-70.101013,-12.567031,276.7799987792969,277.0,24.14,1,BEAM05
4,-70.102111,-12.566806,269.260009765625,268.0,23.58,1,BEAM05
4,-70.102125,-12.56658,267.260009765625,268.0,29.71,1,BEAM05
4,-70.10144,-12.566355,279.3800048828125,278.0,25.69,1,BEAM05
4,-70.101345,-12.56613,285.1499938964844,284.0,22.52,1,BEAM05
4,-70.101476,-12.565905,286.05999755859375,286.0,30.06,1,BEAM05
4,-70.102818,-12.565679,281.6600036621094,281.0,29.06,1,BEAM05
4,-70.101327,-12.565454,285.8399963378906,287.0,29.6,1,BEAM05
4,-70.101172,-12.565229,288.5299987792969,288.0,24.89,1,BEAM05
4,-70.101071,-12.565004,289.67999267578125,290.0,34.9,0,BEAM05
4,-70.101242,-12.564779,290.6600036621094,291.0,33.55,1,BEAM05
4,-70.101576,-12.564553,288.4800109863281,288.0,29.77,1,BEAM05
4,-70.101121,-12.564328,290.6000061035156,292.0,34.55,1,BEAM05
4,-70.10269,-12.564103,286.95001220703125,287.0,21.33,1,BEAM05
4,-70.101355,-12.563878,286.9599914550781,287.0,30.76,0,BEAM05
4,-70.10198,-12.563652,283.1400146484375,282.0,26.87,1,BEAM05
4,-70.101265,-12.563427,282.1700134277344,282.0,32.66,1,BEAM05
4,-70.102323,-12.563202,282.2200012207031,281.0,29.08,1,BEAM05
4,-70.102696,-12.562977,286.010009765625,288.0,22.19,1,BEAM05
4,-70.102067,-12.562752,284.69000244140625,286.0,31.13,1,BEAM05
4,-70.102391,-12.562526,288.95001220703125,290.0,29.74,1,BEAM05
4,-70.101822,-12.562301,284.5,286.0,24.38,1,BEAM05
4,-70.101316,-12.562076,286.3699951171875,286.0,22.12,0,BEAM05
4,-70.101659,-12.561851,285.25,286.0,21.72,1,BEAM05
4,-70.102126,-12.561625,289.0400085449219,290.0,20.35,0,BEAM05
4,-70.102203,-12.5614,290.010009765625,290.0,32.82,1,BEAM05
4,-70.101777,-12.561175,288.45001220703125,289.0,27.82,1,BEAM05
4,-70.102199,-12.56095,289.6199951171875,290.0,33.46,1,BEAM05
4,-70.102804,-12.560724,290.29998779296875,289.0,26.24,1,BEAM05
4,-70.101558,-12.560499,288.6499938964844,288.0,28.2,0,BEAM05
4,-70.101747,-12.560274,289.9800109863281,290.0,21.61,1,BEAM05
4,-70.102618,-12.560049,284.8900146484375,285.0,26.08,1,BEAM05
4,-70.102717,-12.559824,288.70001220703125,288.0,28.14,1,BEAM05
4,-70.100962,-12.559598,285.0400085449219,286.0,24.41,1,BEAM05
4,-70.10094,-12.559373,283.2099914550781,285.0,24.78,0,BEAM05
4,-70.101186,-12.559148,287.7300109863281,286.0,32.56,1,BEAM05
4,-70.101502,-12.558923,287.82000732421875,287.0,27.75,1,BEAM05
4,-70.102129,-12.558697,290.2300109863281,289.0,31.16,1,BEAM05
4,-70.101897,-12.558472,291.8500061035156,292.0,26.37,1,BEAM05
4,-70.101355,-12.558247,287.80999755859375,288.0,28.66,1,BEAM05
4,-70.102255,-12.558022,291.6300048828125,292.0,27.82,1,BEAM05
4,-70.102095,-12.557797,288.8299865722656,291.0,29.17,1,BEAM05
4,-70.101272,-12.557571,296.94000244140625,296.0,34.22,1,BEAM05
4,-70.101281,-12.557346,297.3599853515625,296.0,21.45,1,BEAM05
4,-70.101424,-12.557121,296.6099853515625,296.0,25.6,1,BEAM05
4,-70.102048,-12.556896,289.57000732421875,290.0,23.66,1,BEAM05
4,-70.102326,-12.55667,286.8299865722656,288.0,32.52,1,BEAM05
4,-70.102482,-12.556445,289.45001220703125,288.0,30.62,1,BEAM05
4,-70.101985,-12.55622,284.57000732421875,286.0,23.26,1,BEAM05
4,-70.102396,-12.555995,287.760009765625,288.0,21.38,1,BEAM05
4,-70.10261,-12.55577,288.55999755859375,288.0,24.45,0,BEAM05
4,-70.100937,-12.555544,277.29998779296875,278.0,31.78,1,BEAM05
4,-70.102296,-12.555319,289.8699951171875,289.0,21.9,1,BEAM05
4,-70.101642,-12.555094,292.3999938964844,293.0,20.81,1,BEAM05
4,-70.102501,-12.554869,289.0299987792969,289.0,31.1,1,BEAM05
4,-70.101331,-12.554643,289.989990234375,289.0,24.57,1,BEAM05
4,-70.102363,-12.554418,285.6099853515625,287.0,34.74,1,BEAM05
4,-70.102504,-12.554193,286.79998779296875,285.0,21.22,1,BEAM05
4,-70.10109,-12.553968,286.8599853515625,287.0,27.13,1,BEAM05
4,-70.101471,-12.553742,283.94000244140625,283.0,33.87,0,BEAM05
4,-70.102295,-12.553517,281.4100036621094,282.0,23.92,1,BEAM05
4,-70.101931,-12.553292,282.5299987792969,282.0,29.65,1,BEAM05
4,-70.102285,-12.553067,284.79998779296875,284.0,28.04,1,BEAM05
4,-70.10216,-12.552842,289.67999267578125,288.0,20.01,1,BEAM05
4,-70.10192,-12.552616,289.5899963378906,288.0,34.23,1,BEAM05
4,-70.101087,-12.552391,293.1000061035156,293.0,21.43,1,BEAM05
4,-70.102817,-12.552166,292.6600036621094,292.0,29.88,1,BEAM05
4,-70.101846,-12.551941,289.0199890136719,288.0,23.81,1,BEAM05
4,-70.101678,-12.551715,289.5299987792969,289.0,22.24,1,BEAM05
4,-70.101121,-12.55149,282.9200134277344,284.0,26.34,1,BEAM05
4,-70.101291,-12.551265,285.82000732421875,283.0,20.21,1,BEAM05
4,-70.101345,-12.55104,278.54998779296875,279.0,33.39,1,BEAM05
4,-70.101593,-12.550815,279.0400085449219,279.0,25.5,1,BEAM05
4,-70.100935,-12.550589,280.5199890136719,279.0,33.7,1,BEAM05
4,-70.102498,-12.550364,292.0400085449219,292.0,20.44,0,BEAM05
4,-70.101604,-12.550139,288.489990234375,289.0,25.65,1,BEAM05
4,-70.102101,-12.549914,290.9700012207031,292.0,29.94,1,BEAM05
4,-70.10227,-12.549688,292.9800109863281,293.0,32.88,1,BEAM05
4,-70.10097,-12.549463,282.19000244140625,283.0,23.17,1,BEAM05
4,-70.102504,-12.549238,291.70001220703125,292.0,34.15,1,BEAM05
4,-70.101072,-12.549013,283.55999755859375,283.0,33.61,1,BEAM05
4,-70.101815,-12.548788,286.5899963378906,287.0,31.58,1,BEAM05
4,-70.101576,-12.548562,284.5299987792969,285.0,34.66,1,BEAM05
4,-70.102544,-12.548337,285.6600036621094,287.0,25.27,1,BEAM05
4,-70.101379,-12.548112,284.6199951171875,284.0,21.12,1,BEAM05
4,-70.101263,-12.547887,286.260009765625,286.0,26.17,1,BEAM05
4,-70.102169,-12.547661,284.4700012207031,285.0,20.06,1,BEAM05
4,-70.10228,-12.547436,285.95001220703125,285.0,33.71,1,BEAM05
4,-70.101273,-12.547211,287.8599853515625,288.0,30.86,1,BEAM05
4,-70.102539,-12.546986,276.2900085449219,276.0,32.65,1,BEAM05
4,-70.101899,-12.546761,279.3900146484375,280.0,27.17,1,BEAM05
4,-70.101561,-12.546535,280.2799987792969,282.0,23.72,1,BEAM05
4,-70.102201,-12.54631,277.1700134277344,277.0,23.87,1,BEAM05
4,-70.1026,-12.546085,281.4200134277344,280.0,33.88,1,BEAM05
4,-70.102336,-12.54586,271.3500061035156,271.0,26.21,1,BEAM05
4,-70.101322,-12.545634,269.3900146484375,270.0,22.11,1,BEAM05
4,-70.101411,-12.545409,273.7799987792969,274.0,29.89,1,BEAM05
4,-70.101597,-12.545184,273.5299987792969,274.0,29.62,1,BEAM05
4,-70.101093,-12.544959,278.8800048828125,277.0,28.12,1,BEAM05
4,-70.101402,-12.544733,276.7699890136719,279.0,23.9,1,BEAM05
4,-70.102638,-12.544508,277.95001220703125,280.0,30.61,1,BEAM05
4,-70.102018,-12.544283,278.05999755859375,279.0,21.5,1,BEAM05
4,-70.102186,-12.544058,279.04998779296875,278.0,32.86,1,BEAM05
4,-70.102121,-12.543833,278.0400085449219,278.0,31.19,1,BEAM05
4,-70.101534,-12.543607,279.2799987792969,278.0,31.79,1,BEAM05
4,-70.100995,-12.543382,275.4200134277344,275.0,22.6,1,BEAM05
4,-70.101383,-12.543157,274.05999755859375,275.0,29.0,1,BEAM05
4,-70.101554,-12.542932,274.6700134277344,275.0,25.75,1,BEAM05
4,-70.101238,-12.542706,266.1300048828125,266.0,31.25,1,BEAM05
4,-70.101711,-12.542481,266.5,266.0,20.65,1,BEAM05
4,-70.101413,-12.542256,255.39999389648438,254.0,26.68,1,BEAM05
4,-70.100928,-12.542031,247.17999267578125,247.0,34.0,1,BEAM05
4,-70.102244,-12.541806,250.1699981689453,251.0,25.53,1,BEAM05
4,-70.101787,-12.54158,246.9600067138672,247.0,30.14,1,BEAM05
4,-70.102033,-12.541355,249.50999450683594,250.0,22.71,1,BEAM05
4,-70.101383,-12.54113,249.0800018310547,248.0,26.55,1,BEAM05
4,-70.100948,-12.540905,248.66000366210938,250.0,24.94,1,BEAM05
4,-70.102348,-12.540679,250.00999450683594,249.0,23.1,0,BEAM05
4,-70.101559,-12.540454,245.74000549316406,246.0,21.16,1,BEAM05
4,-70.101237,-12.540229,243.38999938964844,245.0,23.45,0,BEAM05
4,-70.100944,-12.540004,244.66000366210938,246.0,33.99,1,BEAM05
5,-70.096374,-12.599914,245.6699981689453,246.0,25.78,1,BEAM06
5,-70.094726,-12.599688,242.5399932861328,243.0,28.95,1,BEAM06
5,-70.09618,-12.599463,242.60000610351562,242.0,33.51,1,BEAM06
5,-70.095571,-12.599238,241.5399932861328,242.0,33.07,0,BEAM06
5,-70.095834,-12.599013,242.0500030517578,242.0,20.7,1,BEAM06
5,-70.095687,-12.598788,242.08999633789062,242.0,23.25,1,BEAM06
5,-70.09482,-12.598562,236.3300018310547,238.0,27.0,1,BEAM06
5,-70.095299,-12.598337,239.8000030517578,239.0,26.7,1,BEAM06
5,-70.095733,-12.598112,243.1199951171875,243.0,32.71,0,BEAM06
5,-70.095498,-12.597887,242.69000244140625,243.0,30.17,1,BEAM06
5,-70.094922,-12.597661,242.44000244140625,242.0,26.68,1,BEAM06
5,-70.094679,-12.597436,244.42999267578125,244.0,23.57,1,BEAM06
5,-70.095056,-12.597211,245.47000122070312,245.0,24.68,1,BEAM06
5,-70.095946,-12.596986,246.0800018310547,245.0,26.73,1,BEAM06
5,-70.096053,-12.596761,245.0500030517578,244.0,28.58,1,BEAM06
5,-70.094732,-12.596535,246.27999877929688,246.0,21.62,1,BEAM06
5,-70.094685,-12.59631,243.8800048828125,245.0,20.86,1,BEAM06
5,-70.095202,-12.596085,243.77000427246094,243.0,20.31,1,BEAM06
5,-70.09517,-12.59586,241.02999877929688,241.0,23.26,1,BEAM06
5,-70.096435,-12.595634,243.7899932861328,244.0,21.35,1,BEAM06
5,-70.095028,-12.595409,240.63999938964844,241.0,20.75,0,BEAM06
5,-70.095103,-12.595184,240.74000549316406,241.0,25.12,1,BEAM06
5,-70.095924,-12.594959,243.52999877929688,244.0,20.35,1,BEAM06
5,-70.094641,-12.594733,244.6999969482422,246.0,26.94,1,BEAM06
5,-70.094675,-12.594508,243.9600067138672,245.0,34.44,1,BEAM06
5,-70.095929,-12.594283,247.82000732421875,247.0,31.04,0,BEAM06
5,-70.094632,-12.594058,244.13999938964844,245.0,30.89,1,BEAM06
5,-70.095947,-12.593833,245.50999450683594,246.0,29.99,1,BEAM06
5,-70.095934,-12.593607,247.74000549316406,247.0,27.82,0,BEAM06
5,-70.095477,-12.593382,246.9600067138672,247.0,28.99,1,BEAM06
5,-70.096211,-12.593157,242.30999755859375,244.0,20.36,0,BEAM06
5,-70.096229,-12.592932,245.0399932861328,244.0,27.05,1,BEAM06
5,-70.095452,-12.592706,247.32000732421875,247.0,33.26,1,BEAM06
5,-70.095461,-12.592481,246.57000732421875,248.0,33.95,1,BEAM06
5,-70.095143,-12.592256,244.8300018310547,247.0,32.85,1,BEAM06
5,-70.096109,-12.592031,249.24000549316406,247.0,25.87,1,BEAM06
5,-70.096319,-12.591806,242.6699981689453,244.0,27.61,1,BEAM06
5,-70.095302,-12.59158,242.64999389648438,242.0,26.52,1,BEAM06
5,-70.096071,-12.591355,242.47000122070312,240.0,21.12,1,BEAM06
5,-70.094824,-12.59113,236.08999633789062,237.0,23.76,1,BEAM06
5,-70.096009,-12.590905,242.39999389648438,243.0,26.92,1,BEAM06
5,-70.095724,-12.590679,240.49000549316406,243.0,29.6,1,BEAM06
5,-70.094878,-12.590454,239.66000366210938,239.0,24.84,1,BEAM06
5,-70.096316,-12.590229,236.64999389648438,238.0,33.77,1,BEAM06
5,-70.095907,-12.590004,238.38999938964844,238.0,30.41,1,BEAM06
5,-70.09641,-12.589779,239.22999572753906,240.0,23.17,1,BEAM06
5,-70.094668,-12.589553,239.55999755859375,240.0,30.63,1,BEAM06
5,-70.095697,-12.589328,240.38999938964844,241.0,33.49,1,BEAM06
5,-70.096039,-12.589103,241.77999877929688,242.0,21.37,1,BEAM06
5,-70.094813,-12.588878,236.6699981689453,236.0,28.93,1,BEAM06
5,-70.095978,-12.588652,236.52000427246094,237.0,33.01,1,BEAM06
5,-70.096024,-12.588427,238.16000366210938,238.0,24.34,1,BEAM06
5,-70.096234,-12.588202,239.32000732421875,238.0,27.77,1,BEAM06
5,-70.096023,-12.587977,239.64999389648438,240.0,27.3,1,BEAM06
5,-70.096276,-12.587752,244.1300048828125,245.0,28.97,1,BEAM06
5,-70.095844,-12.587526,239.2100067138672,240.0,28.57,1,BEAM06
5,-70.095693,-12.587301,237.83999633789062,239.0,30.57,1,BEAM06
5,-70.094914,-12.587076,239.4600067138672,240.0,23.6,1,BEAM06
5,-70.09517,-12.586851,240.97000122070312,241.0,24.13,1,BEAM06
5,-70.094848,-12.586625,239.57000732421875,238.0,27.32,1,BEAM06
5,-70.09578,-12.5864,244.64999389648438,245.0,20.91,1,BEAM06
5,-70.095108,-12.586175,234.0,235.0,33.99,1,BEAM06
5,-70.095671,-12.58595,238.66000366210938,238.0,25.44,1,BEAM06
5,-70.094908,-12.585724,237.82000732421875,237.0,29.12,1,BEAM06
5,-70.096144,-12.585499,243.02999877929688,241.0,22.18,1,BEAM06
5,-70.095457,-12.585274,239.1699981689453,239.0,23.91,1,BEAM06
5,-70.094876,-12.585049,235.80999755859375,237.0,24.9,1,BEAM06
5,-70.096296,-12.584824,235.52999877929688,237.0,31.92,1,BEAM06
5,-70.094583,-12.584598,227.97000122070312,229.0,20.86,1,BEAM06
5,-70.094687,-12.584373,232.38999938964844,234.0,22.72,1,BEAM06
5,-70.095896,-12.584148,234.24000549316406,237.0,21.94,0,BEAM06
5,-70.094948,-12.583923,230.97000122070312,232.0,27.22,1,BEAM06
5,-70.095126,-12.583697,229.9199981689453,230.0,26.7,0,BEAM06
5,-70.09592,-12.583472,236.80999755859375,237.0,32.98,1,BEAM06
5,-70.094925,-12.583247,229.61000061035156,229.0,25.26,1,BEAM06
5,-70.096098,-12.583022,238.52000427246094,239.0,21.66,0,BEAM06
5,-70.095551,-12.582797,240.3699951171875,240.0,25.35,1,BEAM06
5,-70.09594,-12.582571,242.72000122070312,243.0,23.16,1,BEAM06
5,-70.094652,-12.582346,217.66000366210938,216.0,30.01,1,BEAM06
5,-70.09623,-12.582121,243.19000244140625,243.0,32.58,1,BEAM06
5,-70.096201,-12.581896,241.6999969482422,242.0,21.84,1,BEAM06
5,-70.095056,-12.58167,217.08999633789062,216.0,28.79,1,BEAM06
5,-70.095184,-12.581445,226.6699981689453,228.0,34.84,1,BEAM06
5,-70.095377,-12.58122,217.10000610351562,216.0,26.98,1,BEAM06
5,-70.095627,-12.580995,215.38999938964844,216.0,23.22,1,BEAM06
5,-70.095586,-12.58077,216.64999389648438,216.0,20.57,0,BEAM06
5,-70.095962,-12.580544,215.74000549316406,216.0,29.96,0,BEAM06
5,-70.094647,-12.580319,217.75999450683594,216.0,27.16,1,BEAM06
5,-70.095801,-12.580094,215.94000244140625,216.0,34.76,1,BEAM06
5,-70.095282,-12.579869,215.97000122070312,216.0,29.42,1,BEAM06
5,-70.095721,-12.579643,215.36000061035156,216.0,24.52,1,BEAM06
5,-70.094975,-12.579418,215.8800048828125,216.0,32.17,1,BEAM06
5,-70.095072,-12.579193,215.8300018310547,216.0,21.05,1,BEAM06
5,-70.096146,-12.578968,218.19000244140625,216.0,33.49,1,BEAM06
5,-70.094922,-12.578742,232.97999572753906,233.0,23.2,1,BEAM06
5,-70.096368,-12.578517,213.49000549316406,216.0,24.2,1,BEAM06
5,-70.095304,-12.578292,216.2100067138672,216.0,26.87,1,BEAM06
5,-70.095624,-12.578067,216.11000061035156,216.0,22.5,1,BEAM06
5,-70.095032,-12.577842,218.89999389648438,219.0,25.01,1,BEAM06
5,-70.09586,-12.577616,215.8000030517578,217.0,34.72,1,BEAM06
5,-70.096346,-12.577391,216.02000427246094,216.0,27.96,1,BEAM06
5,-70.095825,-12.577166,217.49000549316406,218.0,26.86,1,BEAM06
5,-70.095822,-12.576941,219.83999633789062,220.0,31.61,1,BEAM06
5,-70.095812,-12.576715,222.5800018310547,222.0,24.14,1,BEAM06
5,-70.0963,-12.57649,222.0800018310547,223.0,26.49,1,BEAM06
5,-70.095149,-12.576265,226.92999267578125,228.0,20.72,0,BEAM06
5,-70.09498,-12.57604,228.27000427246094,230.0,26.24,1,BEAM06
5,-70.094683,-12.575815,231.63999938964844,232.0,22.64,1,BEAM06
5,-70.096093,-12.575589,224.2899932861328,226.0,27.5,1,BEAM06
5,-70.095109,-12.575364,222.00999450683594,222.0,20.38,1,BEAM06
5,-70.095905,-12.575139,226.16000366210938,226.0,28.73,1,BEAM06
5,-70.095278,-12.574914,223.27999877929688,222.0,23.26,1,BEAM06
5,-70.095824,-12.574688,225.7100067138672,226.0,32.41,0,BEAM06
5,-70.095049,-12.574463,226.57000732421875,227.0,27.18,1,BEAM06
5,-70.096265,-12.574238,230.7100067138672,231.0,22.09,1,BEAM06
5,-70.09632,-12.574013,232.44000244140625,233.0,30.76,1,BEAM06
5,-70.095341,-12.573788,230.7899932861328,231.0,20.49,1,BEAM06
5,-70.094946,-12.573562,232.49000549316406,233.0,23.82,1,BEAM06
5,-70.095081,-12.573337,233.77000427246094,232.0,30.81,1,BEAM06
5,-70.096342,-12.573112,235.1699981689453,236.0,32.05,0,BEAM06
5,-70.09552,-12.572887,228.2100067138672,228.0,21.06,1,BEAM06
5,-70.09508,-12.572661,220.60000610351562,221.0,33.14,1,BEAM06
5,-70.094612,-12.572436,219.7100067138672,220.0,28.83,1,BEAM06
5,-70.096406,-12.572211,237.47999572753906,239.0,29.48,1,BEAM06
5,-70.094897,-12.571986,227.8800048828125,227.0,29.5,1,BEAM06
5,-70.09598,-12.571761,234.0,237.0,20.42,1,BEAM06
5,-70.096119,-12.571535,238.13999938964844,237.0,27.17,1,BEAM06
5,-70.095926,-12.57131,239.11000061035156,239.0,31.03,1,BEAM06
5,-70.096029,-12.571085,242.2100067138672,243.0,23.21,1,BEAM06
5,-70.096062,-12.57086,250.10000610351562,250.0,24.59,1,BEAM06
5,-70.096425,-12.570634,251.6300048828125,253.0,25.46,1,BEAM06
5,-70.095543,-12.570409,257.6499938964844,257.0,23.4,0,BEAM06
5,-70.094876,-12.570184,247.2100067138672,247.0,30.5,1,BEAM06
5,-70.096179,-12.569959,266.44000244140625,265.0,20.3,1,BEAM06
5,-70.095866,-12.569733,259.3900146484375,260.0,25.29,1,BEAM06
5,-70.095393,-12.569508,271.1700134277344,271.0,29.97,1,BEAM06
5,-70.095288,-12.569283,279.0199890136719,277.0,34.5,1,BEAM06
5,-70.096379,-12.569058,261.32000732421875,261.0,28.03,1,BEAM06
5,-70.096398,-12.568833,262.3900146484375,263.0,24.87,1,BEAM06
5,-70.095594,-12.568607,281.5899963378906,282.0,25.84,1,BEAM06
5,-70.095275,-12.568382,283.2900085449219,282.0,33.4,1,BEAM06
5,-70.095723,-12.568157,275.760009765625,276.0,23.86,1,BEAM06
5,-70.095009,-12.567932,278.4700012207031,279.0,29.65,1,BEAM06
5,-70.096236,-12.567706,276.1600036621094,276.0,21.09,1,BEAM06
5,-70.095151,-12.567481,277.7200012207031,278.0,22.08,1,BEAM06
5,-70.095825,-12.567256,280.0,281.0,22.21,1,BEAM06
5,-70.096031,-12.567031,281.739990234375,282.0,24.53,1,BEAM06
5,-70.095131,-12.566806,281.3800048828125,282.0,21.36,1,BEAM06
5,-70.095981,-12.56658,279.29998779296875,281.0,20.73,1,BEAM06
5,-70.094603,-12.566355,279.5899963378906,281.0,29.0,1,BEAM06
5,-70.095937,-12.56613,282.4800109863281,282.0,27.13,1,BEAM06
5,-70.096108,-12.565905,281.55999755859375,282.0,28.19,0,BEAM06
5,-70.095693,-12.565679,286.0400085449219,284.0,27.9,1,BEAM06
5,-70.095922,-12.565454,285.0899963378906,284.0,20.3,1,BEAM06
5,-70.094796,-12.565229,279.70001220703125,279.0,27.0,1,BEAM06
5,-70.095142,-12.565004,279.010009765625,280.0,26.1,1,BEAM06
5,-70.095119,-12.564779,282.07000732421875,282.0,32.94,0,BEAM06
5,-70.095459,-12.564553,286.6099853515625,287.0,33.89,1,BEAM06
5,-70.094639,-12.564328,285.4700012207031,285.0,24.74,1,BEAM06
5,-70.096182,-12.564103,287.42999267578125,287.0,23.51,1,BEAM06
5,-70.096011,-12.563878,286.25,286.0,27.11,1,BEAM06
5,-70.095652,-12.563652,283.80999755859375,284.0,26.5,1,BEAM06
5,-70.095101,-12.563427,289.30999755859375,289.0,28.4,1,BEAM06
5,-70.095879,-12.563202,284.1400146484375,286.0,22.27,1,BEAM06
5,-70.094584,-12.562977,287.1499938964844,288.0,24.35,1,BEAM06
5,-70.096356,-12.562752,293.5899963378906,292.0,24.76,1,BEAM06
5,-70.096282,-12.562526,293.57000732421875,293.0,34.88,1,BEAM06
5,-70.095955,-12.562301,294.6400146484375,294.0,25.52,1,BEAM06
5,-70.095043,-12.562076,292.30999755859375,291.0,22.87,0,BEAM06
5,-70.095582,-12.561851,290.29998779296875,291.0,29.58,1,BEAM06
5,-70.095472,-12.561625,292.3599853515625,292.0,30.66,1,BEAM06
5,-70.095887,-12.5614,292.3299865722656,292.0,34.69,1,BEAM06
5,-70.096171,-12.561175,292.6199951171875,292.0,34.8,1,BEAM06
5,-70.096318,-12.56095,289.1499938964844,289.0,31.63,1,BEAM06
5,-70.094878,-12.560724,282.82000732421875,283.0,24.6,1,BEAM06
5,-70.095331,-12.560499,283.6499938964844,283.0,32.49,1,BEAM06
5,-70.096526,-12.560274,285.9800109863281,287.0,31.28,1,BEAM06
5,-70.094701,-12.560049,260.4800109863281,262.0,25.05,1,BEAM06
5,-70.096058,-12.559824,275.8699951171875,276.0,34.06,1,BEAM06
5,-70.096171,-12.559598,276.0400085449219,276.0,31.47,1,BEAM06
5,-70.0953,-12.559373,255.97000122070312,256.0,22.1,1,BEAM06
5,-70.095333,-12.559148,254.11000061035156,255.0,22.13,1,BEAM06
5,-70.09606,-12.558923,272.7699890136719,271.0,21.8,1,BEAM06
5,-70.09568,-12.558697,261.510009765625,263.0,25.07,1,BEAM06
5,-70.09532,-12.558472,258.2699890136719,258.0,33.7,1,BEAM06
5,-70.09626,-12.558247,275.80999755859375,276.0,23.75,1,BEAM06
5,-70.096079,-12.558022,269.1099853515625,270.0,32.89,0,BEAM06
5,-70.096553,-12.557797,281.0799865722656,281.0,34.91,0,BEAM06
5,-70.09565,-12.557571,249.5399932861328,248.0,26.28,1,BEAM06
5,-70.095001,-12.557346,246.3000030517578,246.0,33.51,1,BEAM06
5,-70.095924,-12.557121,245.6999969482422,247.0,25.05,1,BEAM06
5,-70.09509,-12.556896,242.4499969482422,243.0,30.66,1,BEAM06
5,-70.094983,-12.55667,239.47999572753906,240.0,31.54,1,BEAM06
5,-70.094764,-12.556445,237.91000366210938,238.0,22.66,1,BEAM06
5,-70.094601,-12.55622,238.52000427246094,239.0,29.17,1,BEAM06
5,-70.096469,-12.555995,249.74000549316406,250.0,29.02,1,BEAM06
5,-70.094647,-12.55577,244.11000061035156,242.0,21.18,1,BEAM06
5,-70.095725,-12.555544,246.9600067138672,247.0,21.36,1,BEAM06
5,-70.094653,-12.555319,243.19000244140625,242.0,24.48,1,BEAM06
5,-70.095337,-12.555094,243.0,242.0,33.17,1,BEAM06
5,-70.094635,-12.554869,237.9199981689453,240.0,30.9,1,BEAM06
5,-70.096459,-12.554643,256.1199951171875,256.0,26.5,1,BEAM06
5,-70.096013,-12.554418,251.10000610351562,252.0,24.71,1,BEAM06
5,-70.09628,-12.554193,254.49000549316406,253.0,28.54,1,BEAM06
5,-70.094674,-12.553968,234.02999877929688,236.0,34.49,0,BEAM06
5,-70.095634,-12.553742,240.17999267578125,241.0,26.0,1,BEAM06
5,-70.095878,-12.553517,242.5399932861328,243.0,21.53,0,BEAM06
5,-70.095641,-12.553292,239.8300018310547,239.0,31.71,1,BEAM06
5,-70.096425,-12.553067,248.8699951171875,250.0,26.58,1,BEAM06
5,-70.095846,-12.552842,241.3699951171875,242.0,25.37,1,BEAM06
5,-70.095405,-12.552616,240.9600067138672,239.0,20.69,1,BEAM06
5,-70.095829,-12.552391,243.25,243.0,22.72,1,BEAM06
5,-70.095188,-12.552166,239.7100067138672,241.0,20.03,1,BEAM06
5,-70.096491,-12.551941,251.0399932861328,251.0,22.93,1,BEAM06
5,-70.094932,-12.551715,242.72000122070312,243.0,30.85,1,BEAM06
5,-70.095881,-12.55149,247.58999633789062,246.0,28.81,0,BEAM06
5,-70.095891,-12.551265,245.77999877929688,246.0,32.11,1,BEAM06
5,-70.095686,-12.55104,243.17999267578125,244.0,21.33,1,BEAM06
5,-70.096044,-12.550815,247.0500030517578,247.0,21.95,1,BEAM06
5,-70.095453,-12.550589,241.5399932861328,239.0,30.48,1,BEAM06
5,-70.095506,-12.550364,236.97999572753906,236.0,20.27,1,BEAM06
5,-70.095467,-12.550139,232.41000366210938,232.0,33.48,1,BEAM06
5,-70.095781,-12.549914,231.82000732421875,233.0,27.62,1,BEAM06
5,-70.094914,-12.549688,220.99000549316406,223.0,29.5,1,BEAM06
5,-70.095053,-12.549463,217.1999969482422,218.0,26.75,1,BEAM06
5,-70.095665,-12.549238,227.57000732421875,226.0,25.21,1,BEAM06
5,-70.094617,-12.549013,220.3000030517578,220.0,21.69,1,BEAM06
5,-70.094825,-12.548788,219.27000427246094,220.0,22.81,1,BEAM06
5,-70.096175,-12.548562,230.1699981689453,230.0,20.16,1,BEAM06
5,-70.095088,-12.548337,221.5399932861328,223.0,33.36,1,BEAM06
5,-70.095055,-12.548112,224.82000732421875,224.0,21.59,0,BEAM06
5,-70.095157,-12.547887,227.52999877929688,227.0,27.52,1,BEAM06
5,-70.095816,-12.547661,223.66000366210938,224.0,34.13,1,BEAM06
5,-70.095831,-12.547436,221.61000061035156,221.0,27.23,1,BEAM06
5,-70.094902,-12.547211,223.5,222.0,26.99,1,BEAM06
5,-70.095676,-12.546986,217.8000030517578,218.0,32.83,0,BEAM06
5,-70.095104,-12.546761,220.39999389648438,219.0,33.93,1,BEAM06
5,-70.094752,-12.546535,220.25,221.0,29.65,1,BEAM06
5,-70.096452,-12.54631,229.14999389648438,228.0,25.09,1,BEAM06
5,-70.094659,-12.546085,226.1199951171875,224.0,34.56,1,BEAM06
5,-70.096062,-12.54586,235.52999877929688,235.0,30.59,1,BEAM06
5,-70.096259,-12.545634,236.36000061035156,237.0,22.96,1,BEAM06
5,-70.095529,-12.545409,230.13999938964844,230.0,25.52,1,BEAM06
5,-70.095785,-12.545184,234.94000244140625,235.0,29.4,1,BEAM06
5,-70.096429,-12.544959,240.8300018310547,240.0,32.13,1,BEAM06
5,-70.095527,-12.544733,231.32000732421875,231.0,22.94,1,BEAM06
5,-70.095904,-12.544508,230.77999877929688,231.0,26.23,0,BEAM06
5,-70.095376,-12.544283,233.72999572753906,235.0,34.54,1,BEAM06
5,-70.095479,-12.544058,233.4199981689453,233.0,32.71,1,BEAM06
5,-70.095488,-12.543833,226.8800048828125,228.0,22.2,1,BEAM06
5,-70.095063,-12.543607,233.19000244140625,232.0,31.1,1,BEAM06
5,-70.095265,-12.543382,221.4600067138672,221.0,25.9,1,BEAM06
5,-70.095872,-12.543157,219.41000366210938,219.0,21.37,1,BEAM06
5,-70.095602,-12.542932,219.08999633789062,218.0,33.6,1,BEAM06
5,-70.095883,-12.542706,218.97999572753906,219.0,24.34,0,BEAM06
5,-70.095899,-12.542481,218.3000030517578,220.0,25.18,1,BEAM06
5,-70.09533,-12.542256,231.75999450683594,232.0,20.95,1,BEAM06
5,-70.096038,-12.542031,234.3800048828125,235.0,27.75,1,BEAM06
5,-70.095642,-12.541806,232.3699951171875,233.0,31.4,1,BEAM06
5,-70.095184,-12.54158,235.05999755859375,234.0,22.07,1,BEAM06
5,-70.09614,-12.541355,236.80999755859375,235.0,30.51,1,BEAM06
5,-70.095305,-12.54113,235.08999633789062,234.0,27.97,1,BEAM06
5,-70.094616,-12.540905,234.4199981689453,235.0,20.38,0,BEAM06
5,-70.096541,-12.540679,244.7100067138672,245.0,30.39,1,BEAM06
5,-70.096121,-12.540454,234.0399932861328,235.0,31.63,1,BEAM06
5,-70.095704,-12.540229,234.72000122070312,234.0,24.88,1,BEAM06
5,-70.095429,-12.540004,235.19000244140625,236.0,29.09,1,BEAM06
6,-70.085685,-12.599914,214.22999572753906,215.0,29.03,1,BEAM07
6,-70.085296,-12.599688,216.0,215.0,23.6,1,BEAM07
6,-70.086111,-12.599463,216.1999969482422,215.0,29.02,1,BEAM07
6,-70.085267,-12.599238,214.97000122070312,215.0,21.31,1,BEAM07
6,-70.085961,-12.599013,215.11000061035156,215.0,31.37,1,BEAM07
6,-70.084734,-12.598788,215.42999267578125,215.0,27.32,1,BEAM07
6,-70.085505,-12.598562,214.3300018310547,215.0,22.47,1,BEAM07
6,-70.085024,-12.598337,215.1199951171875,215.0,24.64,1,BEAM07
6,-70.085083,-12.598112,217.39999389648438,217.0,30.22,1,BEAM07
6,-70.085545,-12.597887,214.86000061035156,215.0,33.1,1,BEAM07
6,-70.084682,-12.597661,214.82000732421875,216.0,24.97,1,BEAM07
6,-70.084849,-12.597436,216.24000549316406,214.0,25.9,1,BEAM07
6,-70.08554,-12.597211,215.00999450683594,215.0,30.76,1,BEAM07
6,-70.085982,-12.596986,217.6999969482422,219.0,28.59,1,BEAM07
6,-70.085496,-12.596761,220.02000427246094,221.0,28.29,1,BEAM07
6,-70.084658,-12.596535,222.8699951171875,223.0,20.25,1,BEAM07
6,-70.086409,-12.59631,216.66000366210938,217.0,30.74,1,BEAM07
6,-70.084637,-12.596085,233.6300048828125,233.0,24.01,1,BEAM07
6,-70.08512,-12.59586,239.83999633789062,240.0,23.74,1,BEAM07
6,-70.085303,-12.595634,243.61000061035156,244.0,28.33,1,BEAM07
6,-70.085077,-12.595409,247.0800018310547,247.0,23.57,1,BEAM07
6,-70.085828,-12.595184,243.91000366210938,244.0,26.18,1,BEAM07
6,-70.08465,-12.594959,246.89999389648438,247.0,26.05,1,BEAM07
6,-70.086382,-12.594733,245.41000366210938,247.0,23.25,1,BEAM07
6,-70.085155,-12.594508,240.38999938964844,242.0,26.97,1,BEAM07
6,-70.086139,-12.594283,245.4600067138672,245.0,26.28,1,BEAM07
6,-70.08464,-12.594058,244.97999572753906,245.0,27.81,1,BEAM07
6,-70.084982,-12.593833,247.75,247.0,30.26,1,BEAM07
6,-70.085686,-12.593607,242.7100067138672,242.0,32.88,1,BEAM07
6,-70.085529,-12.593382,239.3300018310547,240.0,27.93,1,BEAM07
6,-70.086175,-12.593157,242.86000061035156,241.0,25.4,1,BEAM07
6,-70.086271,-12.592932,242.22999572753906,242.0,23.83,1,BEAM07
6,-70.085146,-12.592706,236.7100067138672,238.0,24.21,0,BEAM07
6,-70.086354,-12.592481,241.05999755859375,242.0,29.04,1,BEAM07
6,-70.084953,-12.592256,237.49000549316406,239.0,32.54,1,BEAM07
6,-70.085097,-12.592031,238.8000030517578,239.0,27.5,0,BEAM07
6,-70.086343,-12.591806,237.08999633789062,237.0,33.85,1,BEAM07
6,-70.084742,-12.59158,241.66000366210938,240.0,26.51,1,BEAM07
6,-70.084743,-12.591355,240.3699951171875,240.0,30.64,1,BEAM07
6,-70.085774,-12.59113,239.47000122070312,238.0,26.29,1,BEAM07
6,-70.085736,-12.590905,239.02999877929688,239.0,21.44,1,BEAM07
6,-70.084771,-12.590679,235.69000244140625,236.0,24.01,1,BEAM07
6,-70.086537,-12.590454,238.77000427246094,239.0,27.66,1,BEAM07
6,-70.086584,-12.590229,241.89999389648438,241.0,23.09,1,BEAM07
6,-70.085683,-12.590004,243.0800018310547,242.0,28.53,1,BEAM07
6,-70.084622,-12.589779,238.4600067138672,241.0,34.18,1,BEAM07
6,-70.08659,-12.589553,239.89999389648438,241.0,32.36,1,BEAM07
6,-70.084615,-12.589328,239.36000061035156,241.0,22.86,1,BEAM07
6,-70.085433,-12.589103,240.33999633789062,240.0,20.31,1,BEAM07
6,-70.086345,-12.588878,238.8800048828125,238.0,28.03,1,BEAM07
6,-70.085824,-12.588652,239.92999267578125,238.0,24.34,1,BEAM07
6,-70.085589,-12.588427,240.32000732421875,239.0,24.66,1,BEAM07
6,-70.086582,-12.588202,240.83999633789062,241.0,29.19,0,BEAM07
6,-70.085146,-12.587977,240.9600067138672,243.0,32.76,1,BEAM07
6,-70.085953,-12.587752,239.39999389648438,240.0,32.1,1,BEAM07
6,-70.086051,-12.587526,240.52999877929688,242.0,21.51,1,BEAM07
6,-70.086463,-12.587301,239.17999267578125,241.0,29.08,1,BEAM07
6,-70.085184,-12.587076,241.38999938964844,243.0,26.87,0,BEAM07
6,-70.086102,-12.586851,242.57000732421875,242.0,22.48,1,BEAM07
6,-70.08485,-12.586625,244.6199951171875,245.0,32.82,1,BEAM07
6,-70.085705,-12.5864,244.2899932861328,244.0,29.25,1,BEAM07
6,-70.085847,-12.586175,242.8300018310547,243.0,25.69,1,BEAM07
6,-70.085433,-12.58595,243.97000122070312,244.0,34.57,1,BEAM07
6,-70.085545,-12.585724,244.91000366210938,244.0,33.42,1,BEAM07
6,-70.084731,-12.585499,243.4600067138672,246.0,20.61,1,BEAM07
6,-70.086449,-12.585274,240.19000244140625,240.0,34.62,1,BEAM07
6,-70.08496,-12.585049,243.38999938964844,243.0,23.35,1,BEAM07
6,-70.085787,-12.584824,240.22000122070312,240.0,25.14,1,BEAM07
6,-70.08481,-12.584598,244.97000122070312,245.0,21.43,1,BEAM07
6,-70.086498,-12.584373,235.5800018310547,236.0,26.29,1,BEAM07
6,-70.08657,-12.584148,230.16000366210938,230.0,22.43,1,BEAM07
6,-70.08476,-12.583923,245.69000244140625,247.0,22.91,0,BEAM07
6,-70.085157,-12.583697,234.94000244140625,235.0,27.04,1,BEAM07
6,-70.086368,-12.583472,225.57000732421875,227.0,22.42,1,BEAM07
6,-70.086012,-12.583247,221.5,224.0,26.24,1,BEAM07
6,-70.08605,-12.583022,226.6699981689453,227.0,21.96,1,BEAM07
6,-70.085153,-12.582797,236.22999572753906,236.0,20.39,1,BEAM07
6,-70.08636,-12.582571,230.83999633789062,231.0,27.81,0,BEAM07
6,-70.085583,-12.582346,237.3699951171875,237.0,25.5,0,BEAM07
6,-70.086205,-12.582121,235.8699951171875,235.0,20.59,1,BEAM07
6,-70.085162,-12.581896,240.9199981689453,239.0,33.92,1,BEAM07
6,-70.086587,-12.58167,236.00999450683594,237.0,34.42,1,BEAM07
6,-70.084983,-12.581445,232.97000122070312,234.0,23.28,1,BEAM07
6,-70.085353,-12.58122,234.02000427246094,234.0,33.62,1,BEAM07
6,-70.08477,-12.580995,224.9499969482422,226.0,33.39,1,BEAM07
6,-70.085585,-12.58077,234.16000366210938,233.0,22.26,1,BEAM07
6,-70.084658,-12.580544,226.67999267578125,229.0,30.32,0,BEAM07
6,-70.085249,-12.580319,224.2899932861328,225.0,33.59,1,BEAM07
6,-70.085912,-12.580094,233.14999389648438,234.0,28.95,1,BEAM07
6,-70.085979,-12.579869,234.97999572753906,236.0,25.67,1,BEAM07
6,-70.085615,-12.579643,231.5500030517578,232.0,26.53,1,BEAM07
6,-70.085499,-12.579418,231.89999389648438,231.0,31.79,1,BEAM07
6,-70.085368,-12.579193,235.6300048828125,234.0,28.31,1,BEAM07
6,-70.085856,-12.578968,229.13999938964844,230.0,22.73,1,BEAM07
6,-70.085971,-12.578742,229.44000244140625,230.0,33.4,1,BEAM07
6,-70.084831,-12.578517,234.77000427246094,236.0,22.65,1,BEAM07
6,-70.085396,-12.578292,232.19000244140625,232.0,31.97,1,BEAM07
6,-70.084639,-12.578067,234.22999572753906,234.0,33.19,0,BEAM07
6,-70.086308,-12.577842,240.5800018310547,240.0,21.78,1,BEAM07
6,-70.085743,-12.577616,233.33999633789062,234.0,29.34,1,BEAM07
6,-70.084868,-12.577391,222.11000061035156,224.0,33.65,1,BEAM07
6,-70.08594,-12.577166,236.49000549316406,237.0,34.02,1,BEAM07
6,-70.086549,-12.576941,245.17999267578125,246.0,32.0,1,BEAM07
6,-70.085025,-12.576715,230.8699951171875,232.0,26.66,1,BEAM07
6,-70.084998,-12.57649,234.72999572753906,236.0,31.11,1,BEAM07
6,-70.085897,-12.576265,239.17999267578125,239.0,27.7,1,BEAM07
6,-70.086512,-12.57604,241.24000549316406,239.0,34.34,1,BEAM07
6,-70.086161,-12.575815,239.2899932861328,240.0,24.46,1,BEAM07
6,-70.085159,-12.575589,241.8699951171875,242.0,34.02,1,BEAM07
6,-70.086183,-12.575364,241.52999877929688,242.0,28.11,0,BEAM07
6,-70.085162,-12.575139,240.50999450683594,242.0,24.57,1,BEAM07
6,-70.084605,-12.574914,237.2899932861328,239.0,31.55,1,BEAM07
6,-70.086589,-12.574688,243.14999389648438,242.0,20.53,1,BEAM07
6,-70.084659,-12.574463,239.8699951171875,240.0,34.65,1,BEAM07
6,-70.084863,-12.574238,238.27999877929688,239.0,26.61,1,BEAM07
6,-70.085635,-12.574013,240.1999969482422,240.0,28.65,1,BEAM07
6,-70.08487,-12.573788,236.85000610351562,238.0,25.38,1,BEAM07
6,-70.085802,-12.573562,239.60000610351562,240.0,22.38,1,BEAM07
6,-70.085529,-12.573337,242.0800018310547,244.0,22.54,1,BEAM07
6,-70.084604,-12.573112,234.4600067138672,235.0,32.56,1,BEAM07
6,-70.085708,-12.572887,245.80999755859375,245.0,27.06,1,BEAM07
6,-70.084813,-12.572661,235.6199951171875,235.0,22.64,1,BEAM07
6,-70.085098,-12.572436,237.1699981689453,237.0,26.75,1,BEAM07
6,-70.086141,-12.572211,239.47000122070312,241.0,25.77,0,BEAM07
6,-70.08477,-12.571986,242.38999938964844,242.0,24.4,1,BEAM07
6,-70.086328,-12.571761,231.39999389648438,232.0,22.46,1,BEAM07
6,-70.085725,-12.571535,235.9199981689453,234.0,29.22,1,BEAM07
6,-70.08465,-12.57131,243.52999877929688,244.0,34.82,1,BEAM07
6,-70.08571,-12.571085,235.9199981689453,235.0,21.09,1,BEAM07
6,-70.085929,-12.57086,236.16000366210938,236.0,22.34,1,BEAM07
6,-70.085358,-12.570634,239.27999877929688,240.0,31.84,1,BEAM07
6,-70.085071,-12.570409,238.22000122070312,239.0,33.17,1,BEAM07
6,-70.086472,-12.570184,241.63999938964844,243.0,28.13,1,BEAM07
6,-70.085887,-12.569959,244.66000366210938,244.0,31.17,1,BEAM07
6,-70.086416,-12.569733,240.8000030517578,242.0,31.65,1,BEAM07
6,-70.085055,-12.569508,244.4600067138672,244.0,34.55,0,BEAM07
6,-70.084658,-12.569283,243.0500030517578,244.0,33.76,1,BEAM07
6,-70.086091,-12.569058,235.2100067138672,234.0,27.82,1,BEAM07
6,-70.085239,-12.568833,242.32000732421875,243.0,28.3,1,BEAM07
6,-70.085681,-12.568607,234.02999877929688,235.0,31.0,1,BEAM07
6,-70.084939,-12.568382,236.97999572753906,239.0,32.77,1,BEAM07
6,-70.084699,-12.568157,246.14999389648438,245.0,33.44,1,BEAM07
6,-70.086305,-12.567932,227.5399932861328,229.0,33.66,1,BEAM07
6,-70.085126,-12.567706,239.8000030517578,239.0,28.21,1,BEAM07
6,-70.085457,-12.567481,225.63999938964844,225.0,32.67,1,BEAM07
6,-70.085728,-12.567256,224.92999267578125,224.0,23.34,1,BEAM07
6,-70.085129,-12.567031,241.5399932861328,242.0,21.59,1,BEAM07
6,-70.086423,-12.566806,231.47000122070312,231.0,26.65,1,BEAM07
6,-70.084958,-12.56658,239.9199981689453,241.0,32.28,1,BEAM07
6,-70.084974,-12.566355,239.47000122070312,241.0,20.09,1,BEAM07
6,-70.085038,-12.56613,243.3000030517578,241.0,23.4,0,BEAM07
6,-70.08636,-12.565905,242.5500030517578,243.0,27.33,1,BEAM07
6,-70.084774,-12.565679,240.5399932861328,241.0,31.98,1,BEAM07
6,-70.086088,-12.565454,244.80999755859375,245.0,21.29,1,BEAM07
6,-70.086528,-12.565229,244.05999755859375,243.0,26.95,0,BEAM07
6,-70.085631,-12.565004,247.72999572753906,246.0,24.75,1,BEAM07
6,-70.086541,-12.564779,245.52999877929688,246.0,27.84,1,BEAM07
6,-70.084952,-12.564553,241.89999389648438,242.0,33.06,1,BEAM07
6,-70.085142,-12.564328,242.3300018310547,243.0,31.86,1,BEAM07
6,-70.084655,-12.564103,244.1199951171875,244.0,22.71,1,BEAM07
6,-70.085918,-12.563878,241.25,241.0,33.06,1,BEAM07
6,-70.086179,-12.563652,240.30999755859375,241.0,34.26,1,BEAM07
6,-70.086056,-12.563427,244.64999389648438,243.0,20.24,1,BEAM07
6,-70.085705,-12.563202,244.9600067138672,245.0,31.73,1,BEAM07
6,-70.085333,-12.562977,244.17999267578125,245.0,25.64,1,BEAM07
6,-70.085781,-12.562752,247.82000732421875,248.0,32.41,1,BEAM07
6,-70.086486,-12.562526,247.67999267578125,247.0,22.05,1,BEAM07
6,-70.085206,-12.562301,244.5399932861328,245.0,28.28,0,BEAM07
6,-70.085401,-12.562076,245.72999572753906,246.0,29.19,1,BEAM07
6,-70.085465,-12.561851,246.41000366210938,246.0,27.98,1,BEAM07
6,-70.085793,-12.561625,245.16000366210938,244.0,34.63,1,BEAM07
6,-70.085162,-12.5614,243.22999572753906,242.0,31.51,1,BEAM07
6,-70.085866,-12.561175,241.6699981689453,242.0,34.16,1,BEAM07
6,-70.086077,-12.56095,241.99000549316406,243.0,23.3,1,BEAM07
6,-70.085269,-12.560724,243.0800018310547,243.0,28.5,1,BEAM07
6,-70.084664,-12.560499,244.4199981689453,245.0,30.23,1,BEAM07
6,-70.085277,-12.560274,242.6199951171875,243.0,27.74,1,BEAM07
6,-70.084664,-12.560049,244.36000061035156,244.0,21.14,1,BEAM07
6,-70.086322,-12.559824,242.4600067138672,242.0,34.72,1,BEAM07
6,-70.086168,-12.559598,241.61000061035156,242.0,24.79,1,BEAM07
6,-70.086391,-12.559373,241.92999267578125,241.0,20.32,1,BEAM07
6,-70.085962,-12.559148,239.47999572753906,240.0,20.77,1,BEAM07
6,-70.084778,-12.558923,237.6999969482422,239.0,28.4,1,BEAM07
6,-70.084606,-12.558697,237.67999267578125,238.0,21.54,1,BEAM07
6,-70.08577,-12.558472,243.6300048828125,243.0,25.42,1,BEAM07
6,-70.085724,-12.558247,243.2100067138672,243.0,34.05,1,BEAM07
6,-70.086266,-12.558022,236.83999633789062,237.0,22.3,1,BEAM07
6,-70.085199,-12.557797,238.32000732421875,238.0,25.2,1,BEAM07
6,-70.085017,-12.557571,235.6699981689453,236.0,26.93,1,BEAM07
6,-70.085623,-12.557346,238.49000549316406,239.0,23.67,1,BEAM07
6,-70.085698,-12.557121,240.3000030517578,240.0,24.18,1,BEAM07
6,-70.085284,-12.556896,242.5399932861328,241.0,31.72,0,BEAM07
6,-70.086331,-12.55667,243.7899932861328,244.0,33.18,1,BEAM07
6,-70.084874,-12.556445,242.27999877929688,243.0,22.39,1,BEAM07
6,-70.085655,-12.55622,241.17999267578125,242.0,21.88,1,BEAM07
6,-70.085752,-12.555995,242.0,242.0,32.67,0,BEAM07
6,-70.085628,-12.55577,242.7100067138672,243.0,29.35,1,BEAM07
6,-70.086368,-12.555544,244.86000061035156,245.0,32.29,1,BEAM07
6,-70.085767,-12.555319,244.75,246.0,31.13,1,BEAM07
6,-70.084924,-12.555094,243.25999450683594,244.0,20.09,1,BEAM07
6,-70.084628,-12.554869,243.6199951171875,243.0,33.05,1,BEAM07
6,-70.085515,-12.554643,245.25,245.0,21.54,0,BEAM07
6,-70.084962,-12.554418,239.77999877929688,241.0,33.9,1,BEAM07
6,-70.085321,-12.554193,239.17999267578125,240.0,31.86,1,BEAM07
6,-70.086584,-12.553968,238.88999938964844,240.0,20.58,1,BEAM07
6,-70.084813,-12.553742,228.91000366210938,230.0,30.64,0,BEAM07
6,-70.085574,-12.553517,237.30999755859375,235.0,30.02,1,BEAM07
6,-70.085333,-12.553292,230.38999938964844,230.0,33.0,1,BEAM07
6,-70.085261,-12.553067,229.5,230.0,30.71,0,BEAM07
6,-70.08632,-12.552842,235.80999755859375,236.0,22.46,1,BEAM07
6,-70.086454,-12.552616,238.97999572753906,240.0,31.93,1,BEAM07
6,-70.08509,-12.552391,235.0399932861328,234.0,30.92,1,BEAM07
6,-70.085869,-12.552166,240.16000366210938,240.0,22.81,1,BEAM07
6,-70.085848,-12.551941,236.5500030517578,238.0,22.55,1,BEAM07
6,-70.085634,-12.551715,233.88999938964844,234.0,25.13,1,BEAM07
6,-70.085561,-12.55149,227.83999633789062,227.0,23.41,0,BEAM07
6,-70.085758,-12.551265,232.27000427246094,231.0,28.59,1,BEAM07
6,-70.084913,-12.55104,225.1199951171875,225.0,33.16,1,BEAM07
6,-70.086371,-12.550815,221.74000549316406,221.0,34.66,1,BEAM07
6,-70.085698,-12.550589,223.1199951171875,222.0,30.89,1,BEAM07
6,-70.084985,-12.550364,234.10000610351562,233.0,25.1,1,BEAM07
6,-70.086577,-12.550139,217.94000244140625,218.0,25.68,1,BEAM07
6,-70.086261,-12.549914,219.02999877929688,218.0,27.59,1,BEAM07
6,-70.084877,-12.549688,223.86000061035156,224.0,21.36,0,BEAM07
6,-70.085308,-12.549463,226.63999938964844,226.0,30.79,1,BEAM07
6,-70.085459,-12.549238,233.9600067138672,233.0,21.68,1,BEAM07
6,-70.086059,-12.549013,234.25999450683594,234.0,27.18,1,BEAM07
6,-70.086479,-12.548788,231.0399932861328,231.0,29.93,0,BEAM07
6,-70.086392,-12.548562,232.2100067138672,233.0,27.16,1,BEAM07
6,-70.085517,-12.548337,237.64999389648438,237.0,24.41,1,BEAM07
6,-70.085368,-12.548112,235.02999877929688,234.0,25.27,1,BEAM07
6,-70.086377,-12.547887,234.33999633789062,235.0,21.01,1,BEAM07
6,-70.085254,-12.547661,235.13999938964844,236.0,32.72,0,BEAM07
6,-70.085719,-12.547436,236.8000030517578,235.0,24.98,1,BEAM07
6,-70.085171,-12.547211,236.1999969482422,237.0,26.65,1,BEAM07
6,-70.085265,-12.546986,237.4199981689453,238.0,27.25,1,BEAM07
6,-70.086362,-12.546761,234.27999877929688,235.0,28.94,1,BEAM07
6,-70.084965,-12.546535,240.88999938964844,240.0,32.96,1,BEAM07
6,-70.0862,-12.54631,240.0500030517578,239.0,20.68,1,BEAM07
6,-70.086378,-12.546085,237.66000366210938,238.0,24.59,1,BEAM07
6,-70.084775,-12.54586,240.8300018310547,241.0,23.84,1,BEAM07
6,-70.085195,-12.545634,244.07000732421875,244.0,26.48,1,BEAM07
6,-70.08518,-12.545409,242.8000030517578,243.0,21.22,1,BEAM07
6,-70.084642,-12.545184,244.2100067138672,244.0,31.21,1,BEAM07
6,-70.086155,-12.544959,240.69000244140625,240.0,31.76,1,BEAM07
6,-70.086293,-12.544733,237.11000061035156,237.0,20.49,1,BEAM07
6,-70.085331,-12.544508,239.92999267578125,240.0,29.47,1,BEAM07
6,-70.084806,-12.544283,240.80999755859375,241.0,21.84,1,BEAM07
6,-70.085582,-12.544058,236.6300048828125,237.0,22.34,1,BEAM07
6,-70.085313,-12.543833,237.1199951171875,237.0,28.43,1,BEAM07
6,-70.08571,-12.543607,236.24000549316406,237.0,34.79,1,BEAM07
6,-70.086359,-12.543382,241.24000549316406,241.0,34.19,1,BEAM07
6,-70.085217,-12.543157,243.2100067138672,243.0,26.99,1,BEAM07
6,-70.085009,-12.542932,243.25,242.0,32.16,1,BEAM07
6,-70.085696,-12.542706,242.8300018310547,242.0,32.77,1,BEAM07
6,-70.086172,-12.542481,240.52999877929688,240.0,23.81,1,BEAM07
6,-70.084838,-12.542256,239.61000061035156,239.0,28.93,1,BEAM07
6,-70.084596,-12.542031,239.8800048828125,239.0,20.5,1,BEAM07
6,-70.086044,-12.541806,243.92999267578125,244.0,23.79,1,BEAM07
6,-70.085508,-12.54158,241.22000122070312,242.0,22.93,1,BEAM07
6,-70.084948,-12.541355,238.27000427246094,240.0,28.35,1,BEAM07
6,-70.085323,-12.54113,240.33999633789062,242.0,21.38,1,BEAM07
6,-70.085421,-12.540905,242.0500030517578,241.0,21.05,1,BEAM07
6,-70.085547,-12.540679,240.19000244140625,239.0,29.95,1,BEAM07
6,-70.085573,-12.540454,239.1199951171875,239.0,22.11,1,BEAM07
6,-70.085782,-12.540229,239.52999877929688,239.0,20.59,1,BEAM07
6,-70.085935,-12.540004,237.5,239.0,30.06,1,BEAM07
7,-70.078996,-12.599914,240.3699951171875,240.0,30.18,1,BEAM08
7,-70.079921,-12.599688,239.67999267578125,237.0,27.58,0,BEAM08
7,-70.079456,-12.599463,237.60000610351562,238.0,31.27,0,BEAM08
7,-70.079822,-12.599238,238.77000427246094,238.0,26.96,0,BEAM08
7,-70.080726,-12.599013,229.3000030517578,230.0,27.33,1,BEAM08
7,-70.079588,-12.598788,239.64999389648438,240.0,28.25,0,BEAM08
7,-70.079697,-12.598562,240.5399932861328,238.0,23.79,1,BEAM08
7,-70.079435,-12.598337,235.74000549316406,236.0,26.48,1,BEAM08
7,-70.079572,-12.598112,215.3000030517578,215.0,27.33,1,BEAM08
7,-70.080103,-12.597887,213.8000030517578,215.0,27.54,1,BEAM08
7,-70.080042,-12.597661,215.32000732421875,215.0,28.39,1,BEAM08
7,-70.078855,-12.597436,216.72999572753906,215.0,32.19,1,BEAM08
7,-70.079804,-12.597211,213.42999267578125,215.0,27.37,0,BEAM08
7,-70.08019,-12.596986,213.80999755859375,215.0,22.43,1,BEAM08
7,-70.079094,-12.596761,213.92999267578125,215.0,27.52,1,BEAM08
7,-70.079433,-12.596535,214.39999389648438,215.0,24.69,1,BEAM08
7,-70.080315,-12.59631,214.35000610351562,215.0,30.15,1,BEAM08
7,-70.080633,-12.596085,214.36000061035156,215.0,20.62,1,BEAM08
7,-70.078908,-12.59586,214.92999267578125,215.0,20.68,1,BEAM08
7,-70.080462,-12.595634,223.36000061035156,224.0,20.47,1,BEAM08
7,-70.080647,-12.595409,230.85000610351562,229.0,23.97,1,BEAM08
7,-70.079576,-12.595184,214.94000244140625,215.0,21.58,1,BEAM08
7,-70.079646,-12.594959,225.33999633789062,224.0,26.01,1,BEAM08
7,-70.079941,-12.594733,227.4499969482422,228.0,34.08,1,BEAM08
7,-70.079292,-12.594508,213.27000427246094,215.0,26.85,1,BEAM08
7,-70.079806,-12.594283,236.0399932861328,234.0,33.74,1,BEAM08
7,-70.079793,-12.594058,234.55999755859375,234.0,26.06,1,BEAM08
7,-70.080643,-12.593833,236.85000610351562,238.0,26.98,1,BEAM08
7,-70.080719,-12.593607,240.4199981689453,241.0,26.85,1,BEAM08
7,-70.080648,-12.593382,241.89999389648438,242.0,25.76,1,BEAM08
7,-70.080534,-12.593157,243.27999877929688,243.0,32.8,1,BEAM08
7,-70.07935,-12.592932,236.75,238.0,20.04,1,BEAM08
7,-70.079744,-12.592706,239.77000427246094,240.0,31.12,1,BEAM08
7,-70.079678,-12.592481,240.0800018310547,239.0,22.0,1,BEAM08
7,-70.079741,-12.592256,241.2100067138672,240.0,27.55,1,BEAM08
7,-70.079067,-12.592031,243.94000244140625,243.0,25.19,1,BEAM08
7,-70.07949,-12.591806,241.85000610351562,244.0,28.98,1,BEAM08
7,-70.078934,-12.59158,242.80999755859375,243.0,32.95,1,BEAM08
7,-70.079216,-12.591355,243.3699951171875,244.0,30.3,1,BEAM08
7,-70.079859,-12.59113,241.0399932861328,241.0,20.8,1,BEAM08
7,-70.080076,-12.590905,242.0399932861328,242.0,21.55,1,BEAM08
7,-70.079585,-12.590679,238.8800048828125,240.0,32.65,1,BEAM08
7,-70.079723,-12.590454,237.6199951171875,240.0,24.16,1,BEAM08
7,-70.080571,-12.590229,240.6699981689453,241.0,27.8,1,BEAM08
7,-70.079669,-12.590004,236.9199981689453,237.0,24.04,0,BEAM08
7,-70.080567,-12.589779,239.13999938964844,239.0,22.62,1,BEAM08
7,-70.079027,-12.589553,239.57000732421875,241.0,24.77,1,BEAM08
7,-70.080463,-12.589328,236.86000061035156,239.0,23.19,1,BEAM08
7,-70.079189,-12.589103,240.3699951171875,239.0,28.52,1,BEAM08
7,-70.079119,-12.588878,238.52000427246094,238.0,27.2,1,BEAM08
7,-70.079346,-12.588652,235.3000030517578,237.0,28.76,1,BEAM08
7,-70.078788,-12.588427,237.63999938964844,237.0,23.6,1,BEAM08
7,-70.079769,-12.588202,236.5800018310547,238.0,28.58,0,BEAM08
7,-70.079642,-12.587977,238.94000244140625,239.0,31.77,0,BEAM08
7,-70.079385,-12.587752,241.64999389648438,241.0,26.48,1,BEAM08
7,-70.079031,-12.587526,239.3300018310547,239.0,20.92,0,BEAM08
7,-70.079453,-12.587301,243.17999267578125,242.0,34.61,1,BEAM08
7,-70.080145,-12.587076,234.55999755859375,236.0,21.66,1,BEAM08
7,-70.078773,-12.586851,239.47999572753906,239.0,24.46,1,BEAM08
7,-70.080094,-12.586625,234.4199981689453,236.0,28.66,1,BEAM08
7,-70.078746,-12.5864,236.41000366210938,236.0,32.67,1,BEAM08
7,-70.079267,-12.586175,240.61000061035156,241.0,29.34,1,BEAM08
7,-70.079076,-12.58595,240.39999389648438,241.0,28.09,1,BEAM08
7,-70.080206,-12.585724,233.72000122070312,232.0,30.98,1,BEAM08
7,-70.08054,-12.585499,232.16000366210938,232.0,21.73,1,BEAM08
7,-70.080381,-12.585274,233.0800018310547,233.0,28.58,1,BEAM08
7,-70.079596,-12.585049,228.75999450683594,231.0,25.63,1,BEAM08
7,-70.07878,-12.584824,238.52000427246094,238.0,29.89,0,BEAM08
7,-70.079071,-12.584598,238.0,237.0,28.16,1,BEAM08
7,-70.07925,-12.584373,239.57000732421875,240.0,29.87,1,BEAM08
7,-70.08047,-12.584148,234.44000244140625,236.0,27.64,1,BEAM08
7,-70.080197,-12.583923,237.14999389648438,236.0,28.79,1,BEAM08
7,-70.080314,-12.583697,236.1199951171875,237.0,24.38,1,BEAM08
7,-70.079126,-12.583472,243.4199981689453,244.0,29.0,1,BEAM08
7,-70.078752,-12.583247,244.50999450683594,245.0,27.32,0,BEAM08
7,-70.079336,-12.583022,241.07000732421875,241.0,31.54,1,BEAM08
7,-70.080081,-12.582797,239.88999938964844,239.0,24.07,1,BEAM08
7,-70.07949,-12.582571,238.0500030517578,238.0,29.64,1,BEAM08
7,-70.079296,-12.582346,235.41000366210938,237.0,26.98,1,BEAM08
7,-70.079717,-12.582121,241.47999572753906,240.0,29.93,1,BEAM08
7,-70.080052,-12.581896,238.74000549316406,237.0,31.91,1,BEAM08
7,-70.079704,-12.58167,230.4199981689453,230.0,20.71,1,BEAM08
7,-70.079755,-12.581445,223.8699951171875,226.0,20.58,0,BEAM08
7,-70.078809,-12.58122,231.25999450683594,233.0,25.78,1,BEAM08
7,-70.078937,-12.580995,233.85000610351562,233.0,24.24,1,BEAM08
7,-70.080399,-12.58077,233.6999969482422,235.0,21.0,1,BEAM08
7,-70.079274,-12.580544,231.05999755859375,231.0,20.09,1,BEAM08
7,-70.080645,-12.580319,228.57000732421875,228.0,23.49,1,BEAM08
7,-70.080726,-12.580094,221.30999755859375,221.0,24.54,1,BEAM08
7,-70.080376,-12.579869,228.61000061035156,228.0,28.05,1,BEAM08
7,-70.079442,-12.579643,234.9199981689453,236.0,33.5,1,BEAM08
7,-70.079239,-12.579418,233.85000610351562,234.0,21.27,1,BEAM08
7,-70.079312,-12.579193,224.0800018310547,225.0,28.94,1,BEAM08
7,-70.080205,-12.578968,233.69000244140625,234.0,26.48,1,BEAM08
7,-70.080051,-12.578742,231.92999267578125,232.0,22.7,1,BEAM08
7,-70.079574,-12.578517,221.77000427246094,221.0,34.22,1,BEAM08
7,-70.079422,-12.578292,222.4600067138672,223.0,24.64,1,BEAM08
7,-70.080693,-12.578067,239.41000366210938,239.0,33.45,1,BEAM08
7,-70.079663,-12.577842,232.61000061035156,233.0,32.65,1,BEAM08
7,-70.079506,-12.577616,232.49000549316406,233.0,27.34,1,BEAM08
7,-70.079489,-12.577391,235.19000244140625,233.0,34.79,1,BEAM08
7,-70.079249,-12.577166,229.3000030517578,231.0,26.15,1,BEAM08
7,-70.080428,-12.576941,236.69000244140625,236.0,29.45,1,BEAM08
7,-70.079333,-12.576715,237.97999572753906,237.0,28.6,1,BEAM08
7,-70.079637,-12.57649,240.08999633789062,240.0,29.16,1,BEAM08
7,-70.078968,-12.576265,235.39999389648438,236.0,22.12,1,BEAM08
7,-70.080209,-12.57604,241.44000244140625,242.0,22.07,1,BEAM08
7,-70.079344,-12.575815,244.13999938964844,244.0,34.65,1,BEAM08
7,-70.079642,-12.575589,242.75999450683594,242.0,23.7,1,BEAM08
7,-70.080226,-12.575364,242.8300018310547,243.0,22.56,1,BEAM08
7,-70.079849,-12.575139,237.1199951171875,239.0,30.82,1,BEAM08
7,-70.079729,-12.574914,237.2100067138672,239.0,28.43,1,BEAM08
7,-70.079499,-12.574688,240.8300018310547,239.0,32.61,1,BEAM08
7,-70.079473,-12.574463,240.14999389648438,240.0,29.5,1,BEAM08
7,-70.08063,-12.574238,246.0800018310547,248.0,33.06,1,BEAM08
7,-70.079787,-12.574013,244.64999389648438,244.0,33.57,1,BEAM08
7,-70.079349,-12.573788,242.77999877929688,243.0,32.65,1,BEAM08
7,-70.079564,-12.573562,242.27000427246094,242.0,25.18,1,BEAM08
7,-70.078743,-12.573337,238.88999938964844,237.0,34.8,1,BEAM08
7,-70.079912,-12.573112,238.2100067138672,238.0,21.64,0,BEAM08
7,-70.08059,-12.572887,243.17999267578125,243.0,27.32,1,BEAM08
7,-70.079261,-12.572661,233.74000549316406,235.0,34.89,1,BEAM08
7,-70.079109,-12.572436,236.97000122070312,236.0,30.08,1,BEAM08
7,-70.079023,-12.572211,238.99000549316406,239.0,31.26,1,BEAM08
7,-70.080059,-12.571986,237.50999450683594,238.0,33.22,1,BEAM08
7,-70.080624,-12.571761,233.13999938964844,233.0,25.35,1,BEAM08
7,-70.079847,-12.571535,242.55999755859375,240.0,32.93,1,BEAM08
7,-70.08038,-12.57131,234.52000427246094,235.0,24.9,1,BEAM08
7,-70.080153,-12.571085,238.1199951171875,237.0,20.86,1,BEAM08
7,-70.079429,-12.57086,247.49000549316406,246.0,29.68,1,BEAM08
7,-70.080092,-12.570634,240.6699981689453,240.0,33.61,1,BEAM08
7,-70.078903,-12.570409,229.33999633789062,230.0,27.78,1,BEAM08
7,-70.080317,-12.570184,236.0500030517578,235.0,33.01,0,BEAM08
7,-70.078957,-12.569959,228.9499969482422,229.0,25.72,1,BEAM08
7,-70.080377,-12.569733,236.02000427246094,237.0,23.09,1,BEAM08
7,-70.079913,-12.569508,238.72000122070312,238.0,21.82,1,BEAM08
7,-70.078824,-12.569283,240.89999389648438,241.0,34.5,1,BEAM08
7,-70.08007,-12.569058,240.10000610351562,241.0,21.72,1,BEAM08
7,-70.078863,-12.568833,244.25999450683594,242.0,31.59,1,BEAM08
7,-70.079218,-12.568607,242.1999969482422,243.0,29.99,1,BEAM08
7,-70.07884,-12.568382,238.27000427246094,238.0,23.41,1,BEAM08
7,-70.078849,-12.568157,236.5,236.0,26.82,1,BEAM08
7,-70.080607,-12.567932,234.02000427246094,233.0,24.05,1,BEAM08
7,-70.079995,-12.567706,223.14999389648438,225.0,28.0,1,BEAM08
7,-70.079601,-12.567481,225.25,226.0,34.32,1,BEAM08
7,-70.080691,-12.567256,223.5500030517578,224.0,22.27,1,BEAM08
7,-70.080235,-12.567031,229.27999877929688,228.0,23.18,1,BEAM08
7,-70.078819,-12.566806,240.60000610351562,241.0,31.97,1,BEAM08
7,-70.079877,-12.56658,236.33999633789062,238.0,26.61,1,BEAM08
7,-70.080602,-12.566355,237.0,236.0,30.46,1,BEAM08
7,-70.079515,-12.56613,246.8800048828125,247.0,33.13,1,BEAM08
7,-70.078825,-12.565905,243.88999938964844,243.0,29.09,1,BEAM08
7,-70.079497,-12.565679,244.9499969482422,245.0,22.94,1,BEAM08
7,-70.079107,-12.565454,241.17999267578125,242.0,27.22,1,BEAM08
7,-70.079636,-12.565229,237.5500030517578,240.0,20.8,1,BEAM08
7,-70.078739,-12.565004,240.1999969482422,240.0,32.68,1,BEAM08
7,-70.079201,-12.564779,244.2899932861328,243.0,31.26,1,BEAM08
7,-70.079755,-12.564553,244.08999633789062,244.0,28.55,1,BEAM08
7,-70.079994,-12.564328,244.49000549316406,244.0,24.88,1,BEAM08
7,-70.080178,-12.564103,241.16000366210938,242.0,27.46,1,BEAM08
7,-70.079202,-12.563878,240.00999450683594,241.0,30.64,1,BEAM08
7,-70.079591,-12.563652,233.22999572753906,235.0,25.02,1,BEAM08
7,-70.080411,-12.563427,226.67999267578125,228.0,30.55,1,BEAM08
7,-70.080506,-12.563202,224.83999633789062,224.0,34.91,1,BEAM08
7,-70.080556,-12.562977,225.85000610351562,228.0,22.82,1,BEAM08
7,-70.079564,-12.562752,228.00999450683594,228.0,22.05,1,BEAM08
7,-70.079092,-12.562526,224.72000122070312,225.0,34.63,1,BEAM08
7,-70.07951,-12.562301,229.1999969482422,231.0,24.37,1,BEAM08
7,-70.07919,-12.562076,231.6300048828125,232.0,25.28,1,BEAM08
7,-70.08062,-12.561851,243.32000732421875,244.0,27.04,1,BEAM08
7,-70.079855,-12.561625,241.27999877929688,241.0,29.15,1,BEAM08
7,-70.080313,-12.5614,245.1199951171875,245.0,27.44,1,BEAM08
7,-70.080481,-12.561175,244.94000244140625,244.0,34.57,1,BEAM08
7,-70.078766,-12.56095,232.72999572753906,234.0,29.54,1,BEAM08
7,-70.08044,-12.560724,243.77000427246094,243.0,24.9,1,BEAM08
7,-70.080506,-12.560499,243.8699951171875,243.0,29.59,1,BEAM08
7,-70.07917,-12.560274,233.6300048828125,234.0,22.91,1,BEAM08
7,-70.080174,-12.560049,241.2899932861328,242.0,20.2,1,BEAM08
7,-70.079416,-12.559824,237.07000732421875,237.0,33.43,1,BEAM08
7,-70.079613,-12.559598,241.77000427246094,241.0,33.93,1,BEAM08
7,-70.078949,-12.559373,227.72999572753906,229.0,25.3,1,BEAM08
7,-70.079062,-12.559148,233.94000244140625,235.0,28.08,1,BEAM08
7,-70.078788,-12.558923,232.88999938964844,233.0,21.58,1,BEAM08
7,-70.080718,-12.558697,244.05999755859375,243.0,32.75,1,BEAM08
7,-70.080178,-12.558472,230.75,230.0,20.85,1,BEAM08
7,-70.079495,-12.558247,229.94000244140625,229.0,31.8,1,BEAM08
7,-70.07876,-12.558022,238.8000030517578,238.0,34.86,1,BEAM08
7,-70.080448,-12.557797,232.74000549316406,233.0,20.79,0,BEAM08
7,-70.079541,-12.557571,235.0500030517578,235.0,33.86,1,BEAM08
7,-70.079103,-12.557346,235.77000427246094,237.0,25.19,1,BEAM08
7,-70.080691,-12.557121,232.19000244140625,231.0,29.47,1,BEAM08
7,-70.079106,-12.556896,233.52000427246094,234.0,29.29,1,BEAM08
7,-70.080689,-12.55667,230.27000427246094,229.0,32.1,1,BEAM08
7,-70.079972,-12.556445,233.6999969482422,233.0,29.56,1,BEAM08
7,-70.080528,-12.55622,228.83999633789062,229.0,34.14,1,BEAM08
7,-70.079131,-12.555995,237.82000732421875,238.0,23.28,1,BEAM08
7,-70.07947,-12.55577,239.5,241.0,25.0,1,BEAM08
7,-70.07879,-12.555544,240.00999450683594,239.0,21.06,1,BEAM08
7,-70.078899,-12.555319,236.97000122070312,236.0,24.21,1,BEAM08
7,-70.08011,-12.555094,233.85000610351562,235.0,27.07,1,BEAM08
7,-70.079282,-12.554869,237.00999450683594,234.0,20.71,1,BEAM08
7,-70.080483,-12.554643,234.64999389648438,234.0,22.17,1,BEAM08
7,-70.079003,-12.554418,234.11000061035156,234.0,25.34,1,BEAM08
7,-70.079483,-12.554193,240.88999938964844,240.0,29.86,0,BEAM08
7,-70.079309,-12.553968,242.8699951171875,242.0,30.26,1,BEAM08
7,-70.079503,-12.553742,243.5,242.0,25.77,1,BEAM08
7,-70.078893,-12.553517,237.99000549316406,237.0,20.69,1,BEAM08
7,-70.079362,-12.553292,240.19000244140625,240.0,30.75,1,BEAM08
7,-70.078858,-12.553067,240.30999755859375,240.0,31.53,0,BEAM08
7,-70.079405,-12.552842,238.55999755859375,239.0,23.15,0,BEAM08
7,-70.080043,-12.552616,241.39999389648438,240.0,33.57,1,BEAM08
7,-70.080079,-12.552391,241.36000061035156,240.0,27.23,1,BEAM08
7,-70.080119,-12.552166,242.02999877929688,241.0,33.52,1,BEAM08
7,-70.078986,-12.551941,239.58999633789062,239.0,27.36,1,BEAM08
7,-70.080364,-12.551715,224.88999938964844,225.0,28.02,1,BEAM08
7,-70.079593,-12.55149,236.42999267578125,236.0,20.09,1,BEAM08
7,-70.079266,-12.551265,243.30999755859375,243.0,29.37,1,BEAM08
7,-70.078828,-12.55104,243.10000610351562,244.0,31.11,1,BEAM08
7,-70.079323,-12.550815,234.36000061035156,236.0,21.84,1,BEAM08
7,-70.07895,-12.550589,240.75,242.0,28.54,1,BEAM08
7,-70.078763,-12.550364,237.97000122070312,237.0,34.03,1,BEAM08
7,-70.080186,-12.550139,229.91000366210938,231.0,34.38,0,BEAM08
7,-70.080679,-12.549914,234.05999755859375,234.0,27.28,1,BEAM08
7,-70.080348,-12.549688,235.3300018310547,234.0,32.79,1,BEAM08
7,-70.080064,-12.549463,228.14999389648438,230.0,20.36,1,BEAM08
7,-70.079897,-12.549238,232.50999450683594,231.0,21.19,1,BEAM08
7,-70.079578,-12.549013,222.35000610351562,224.0,21.38,1,BEAM08
7,-70.079383,-12.548788,223.14999389648438,224.0,24.71,1,BEAM08
7,-70.079153,-12.548562,228.6199951171875,228.0,22.24,1,BEAM08
7,-70.080062,-12.548337,231.4499969482422,232.0,31.06,1,BEAM08
7,-70.079347,-12.548112,233.89999389648438,233.0,30.54,1,BEAM08
7,-70.080322,-12.547887,233.86000061035156,234.0,29.46,1,BEAM08
7,-70.080059,-12.547661,230.8000030517578,231.0,26.61,1,BEAM08
7,-70.079746,-12.547436,227.17999267578125,228.0,31.67,1,BEAM08
7,-70.080386,-12.547211,226.97999572753906,227.0,27.51,0,BEAM08
7,-70.079404,-12.546986,233.92999267578125,234.0,20.16,1,BEAM08
7,-70.07964,-12.546761,236.35000610351562,237.0,23.64,1,BEAM08
7,-70.079636,-12.546535,236.1199951171875,237.0,26.33,0,BEAM08
7,-70.079196,-12.54631,241.14999389648438,240.0,22.8,1,BEAM08
7,-70.079868,-12.546085,238.22000122070312,237.0,28.78,1,BEAM08
7,-70.079437,-12.54586,242.25999450683594,240.0,20.03,1,BEAM08
7,-70.079932,-12.545634,238.1999969482422,238.0,30.63,1,BEAM08
7,-70.079721,-12.545409,241.9199981689453,241.0,22.33,1,BEAM08
7,-70.080364,-12.545184,238.14999389648438,238.0,26.52,1,BEAM08
7,-70.079679,-12.544959,241.6699981689453,241.0,28.86,1,BEAM08
7,-70.079131,-12.544733,241.5399932861328,241.0,26.61,1,BEAM08
7,-70.079437,-12.544508,240.24000549316406,239.0,34.13,1,BEAM08
7,-70.080568,-12.544283,242.32000732421875,243.0,28.28,0,BEAM08
7,-70.079246,-12.544058,239.5399932861328,240.0,21.44,1,BEAM08
7,-70.078986,-12.543833,243.14999389648438,243.0,32.17,0,BEAM08
7,-70.079944,-12.543607,241.11000061035156,241.0,30.59,0,BEAM08
7,-70.079924,-12.543382,242.5,241.0,32.22,1,BEAM08
7,-70.080367,-12.543157,238.97999572753906,240.0,27.49,1,BEAM08
7,-70.080451,-12.542932,240.50999450683594,240.0,29.34,1,BEAM08
7,-70.079801,-12.542706,243.22000122070312,243.0,22.77,1,BEAM08
7,-70.079173,-12.542481,241.80999755859375,241.0,32.36,1,BEAM08
7,-70.079818,-12.542256,241.57000732421875,242.0,31.37,0,BEAM08
7,-70.080525,-12.542031,241.1999969482422,243.0,29.25,1,BEAM08
7,-70.079544,-12.541806,242.49000549316406,243.0,27.66,1,BEAM08
7,-70.079649,-12.54158,240.60000610351562,242.0,34.33,1,BEAM08
7,-70.079175,-12.541355,243.4499969482422,244.0,24.5,1,BEAM08
7,-70.08009,-12.54113,237.9600067138672,238.0,32.78,1,BEAM08
7,-70.080049,-12.540905,239.10000610351562,239.0,21.6,1,BEAM08
7,-70.079287,-12.540679,241.25,241.0,31.52,1,BEAM08
7,-70.079841,-12.540454,242.49000549316406,243.0,25.88,1,BEAM08
7,-70.079206,-12.540229,238.36000061035156,239.0,20.78,1,BEAM08
7,-70.079548,-12.540004,239.3000030517578,238.0,27.18,0,BEAM08
8,-70.077751,-12.599914,240.5399932861328,240.0,28.6,1,BEAM01
8,-70.076571,-12.599688,238.72999572753906,238.0,30.57,1,BEAM01
8,-70.076533,-12.599463,234.32000732421875,233.0,31.0,1,BEAM01
8,-70.076828,-12.599238,229.5500030517578,230.0,22.79,1,BEAM01
8,-70.07612,-12.599013,223.0800018310547,223.0,21.26,1,BEAM01
8,-70.076463,-12.598788,223.47000122070312,223.0,33.5,1,BEAM01
8,-70.076103,-12.598562,223.63999938964844,223.0,28.19,0,BEAM01
8,-70.075934,-12.598337,227.50999450683594,225.0,32.64,1,BEAM01
8,-70.077342,-12.598112,224.67999267578125,225.0,29.15,1,BEAM01
8,-70.077475,-12.597887,228.00999450683594,228.0,25.45,1,BEAM01
8,-70.076249,-12.597661,219.92999267578125,221.0,23.15,0,BEAM01
8,-70.077681,-12.597436,226.33999633789062,228.0,34.86,1,BEAM01
8,-70.076116,-12.597211,220.1199951171875,221.0,21.76,1,BEAM01
8,-70.077179,-12.596986,225.3699951171875,226.0,22.74,1,BEAM01
8,-70.077346,-12.596761,224.3300018310547,225.0,28.46,1,BEAM01
8,-70.076746,-12.596535,222.97000122070312,223.0,29.42,0,BEAM01
8,-70.075994,-12.59631,222.49000549316406,223.0,31.63,1,BEAM01
8,-70.076952,-12.596085,225.16000366210938,225.0,22.08,1,BEAM01
8,-70.077468,-12.59586,215.32000732421875,215.0,25.49,1,BEAM01
8,-70.07647,-12.595634,226.30999755859375,226.0,23.15,1,BEAM01
8,-70.076595,-12.595409,214.85000610351562,215.0,25.1,1,BEAM01
8,-70.076596,-12.595184,215.64999389648438,215.0,25.5,1,BEAM01
8,-70.07624,-12.594959,231.64999389648438,231.0,23.74,1,BEAM01
8,-70.077021,-12.594733,214.60000610351562,215.0,23.06,1,BEAM01
8,-70.076861,-12.594508,217.63999938964844,215.0,34.44,0,BEAM01
8,-70.077288,-12.594283,215.57000732421875,215.0,27.61,1,BEAM01
8,-70.07613,-12.594058,215.22999572753906,215.0,23.29,1,BEAM01
8,-70.076545,-12.593833,215.0500030517578,215.0,23.99,1,BEAM01
8,-70.077113,-12.593607,215.52000427246094,215.0,27.09,1,BEAM01
8,-70.076891,-12.593382,213.6199951171875,215.0,30.25,1,BEAM01
8,-70.077262,-12.593157,214.32000732421875,215.0,33.25,1,BEAM01
8,-70.077605,-12.592932,215.44000244140625,215.0,24.85,1,BEAM01
8,-70.076878,-12.592706,213.4199981689453,215.0,33.89,1,BEAM01
8,-70.076172,-12.592481,213.60000610351562,215.0,33.79,1,BEAM01
8,-70.077364,-12.592256,215.7100067138672,215.0,26.87,1,BEAM01
8,-70.076379,-12.592031,212.6199951171875,215.0,31.21,1,BEAM01
8,-70.076391,-12.591806,214.89999389648438,215.0,28.34,1,BEAM01
8,-70.077389,-12.59158,234.75,234.0,28.9,1,BEAM01
8,-70.077763,-12.591355,236.27000427246094,237.0,22.52,0,BEAM01
8,-70.077776,-12.59113,238.33999633789062,236.0,22.31,0,BEAM01
8,-70.076007,-12.590905,215.1999969482422,215.0,32.92,1,BEAM01
8,-70.077541,-12.590679,234.7100067138672,234.0,28.84,1,BEAM01
8,-70.076025,-12.590454,216.22000122070312,215.0,22.84,1,BEAM01
8,-70.077374,-12.590229,237.32000732421875,237.0,22.59,1,BEAM01
8,-70.076697,-12.590004,221.61000061035156,224.0,26.09,0,BEAM01
8,-70.076165,-12.589779,214.85000610351562,215.0,21.86,1,BEAM01
8,-70.075924,-12.589553,215.94000244140625,215.0,23.26,1,BEAM01
8,-70.076983,-12.589328,231.9499969482422,233.0,23.25,1,BEAM01
8,-70.075924,-12.589103,215.4499969482422,215.0,34.94,1,BEAM01
8,-70.076787,-12.588878,231.72000122070312,231.0,24.63,1,BEAM01
8,-70.076561,-12.588652,231.47999572753906,232.0,25.51,1,BEAM01
8,-70.077213,-12.588427,240.92999267578125,242.0,27.19,1,BEAM01
8,-70.076375,-12.588202,227.8800048828125,228.0,29.6,1,BEAM01
8,-70.076055,-12.587977,226.22000122070312,226.0,34.13,1,BEAM01
8,-70.07651,-12.587752,231.97000122070312,233.0,23.37,1,BEAM01
8,-70.076238,-12.587526,226.1999969482422,226.0,23.94,1,BEAM01
8,-70.077003,-12.587301,245.6300048828125,246.0,26.33,1,BEAM01
8,-70.077116,-12.587076,243.13999938964844,243.0,26.65,1,BEAM01
8,-70.076007,-12.586851,235.1300048828125,234.0,31.21,1,BEAM01
8,-70.077098,-12.586625,237.4600067138672,238.0,21.66,1,BEAM01
8,-70.076953,-12.5864,236.58999633789062,237.0,22.08,1,BEAM01
8,-70.077192,-12.586175,233.1300048828125,233.0,30.42,1,BEAM01
8,-70.076151,-12.58595,231.50999450683594,232.0,28.41,1,BEAM01
8,-70.076668,-12.585724,230.8800048828125,230.0,28.71,1,BEAM01
8,-70.077123,-12.585499,232.1999969482422,233.0,28.97,0,BEAM01
8,-70.077432,-12.585274,237.47000122070312,239.0,30.82,1,BEAM01
8,-70.077509,-12.585049,240.8699951171875,241.0,20.0,1,BEAM01
8,-70.075937,-12.584824,232.1699981689453,231.0,20.73,1,BEAM01
8,-70.077536,-12.584598,239.4600067138672,240.0,24.81,1,BEAM01
8,-70.076974,-12.584373,239.5399932861328,239.0,33.59,1,BEAM01
8,-70.075898,-12.584148,238.0,238.0,24.13,0,BEAM01
8,-70.077087,-12.583923,242.74000549316406,244.0,27.69,1,BEAM01
8,-70.077274,-12.583697,244.05999755859375,243.0,26.99,1,BEAM01
8,-70.076822,-12.583472,241.75,240.0,20.99,1,BEAM01
8,-70.07663,-12.583247,238.44000244140625,238.0,30.57,1,BEAM01
8,-70.077672,-12.583022,246.94000244140625,245.0,25.54,1,BEAM01
8,-70.077308,-12.582797,243.47000122070312,243.0,29.39,1,BEAM01
8,-70.076144,-12.582571,242.02000427246094,242.0,32.39,1,BEAM01
8,-70.076442,-12.582346,240.86000061035156,240.0,27.63,0,BEAM01
8,-70.076696,-12.582121,239.64999389648438,241.0,20.57,1,BEAM01
8,-70.077549,-12.581896,242.89999389648438,242.0,33.11,1,BEAM01
8,-70.076207,-12.58167,236.2100067138672,236.0,34.18,1,BEAM01
8,-70.076415,-12.581445,239.14999389648438,238.0,21.97,1,BEAM01
8,-70.076394,-12.58122,239.27999877929688,239.0,25.43,1,BEAM01
8,-70.076269,-12.580995,237.38999938964844,239.0,23.62,1,BEAM01
8,-70.077047,-12.58077,242.97999572753906,242.0,24.71,1,BEAM01
8,-70.07744,-12.580544,239.47999572753906,241.0,27.07,1,BEAM01
8,-70.077346,-12.580319,236.25,237.0,20.94,1,BEAM01
8,-70.076213,-12.580094,228.67999267578125,229.0,24.54,1,BEAM01
8,-70.075987,-12.579869,227.55999755859375,229.0,20.57,1,BEAM01
8,-70.077834,-12.579643,219.9600067138672,221.0,25.25,1,BEAM01
8,-70.077692,-12.579418,218.74000549316406,217.0,30.93,1,BEAM01
8,-70.076156,-12.579193,222.8699951171875,225.0,22.02,1,BEAM01
8,-70.076611,-12.578968,225.1999969482422,226.0,21.68,1,BEAM01
8,-70.077263,-12.578742,229.67999267578125,229.0,27.94,1,BEAM01
8,-70.076626,-12.578517,231.44000244140625,232.0,27.04,1,BEAM01
8,-70.075902,-12.578292,237.8300018310547,239.0,31.28,0,BEAM01
8,-70.076949,-12.578067,229.47999572753906,230.0,29.32,1,BEAM01
8,-70.077463,-12.577842,236.3800048828125,235.0,32.44,1,BEAM01
8,-70.077429,-12.577616,235.74000549316406,237.0,27.7,1,BEAM01
8,-70.07666,-12.577391,235.16000366210938,235.0,28.36,1,BEAM01
8,-70.077458,-12.577166,236.50999450683594,236.0,29.81,1,BEAM01
8,-70.077667,-12.576941,231.0500030517578,230.0,26.21,1,BEAM01
8,-70.077456,-12.576715,227.72999572753906,228.0,31.7,1,BEAM01
8,-70.076416,-12.57649,228.6999969482422,228.0,29.47,1,BEAM01
8,-70.077718,-12.576265,228.4199981689453,227.0,20.79,1,BEAM01
8,-70.076014,-12.57604,224.17999267578125,223.0,34.46,1,BEAM01
8,-70.076162,-12.575815,225.44000244140625,225.0,33.66,1,BEAM01
8,-70.077414,-12.575589,239.11000061035156,238.0,24.66,1,BEAM01
8,-70.076889,-12.575364,238.8000030517578,239.0,29.73,1,BEAM01
8,-70.077827,-12.575139,241.22999572753906,241.0,24.34,0,BEAM01
8,-70.077684,-12.574914,241.7100067138672,241.0,20.9,1,BEAM01
8,-70.077087,-12.574688,243.02999877929688,242.0,29.98,0,BEAM01
8,-70.076385,-12.574463,242.1199951171875,242.0,28.03,1,BEAM01
8,-70.076086,-12.574238,243.91000366210938,244.0,33.02,1,BEAM01
8,-70.077223,-12.574013,243.27000427246094,242.0,26.98,1,BEAM01
8,-70.07764,-12.573788,241.6300048828125,242.0,27.02,1,BEAM01
8,-70.075946,-12.573562,242.5800018310547,244.0,31.32,1,BEAM01
8,-70.077639,-12.573337,241.0399932861328,242.0,25.13,1,BEAM01
8,-70.076869,-12.573112,243.1300048828125,241.0,25.27,1,BEAM01
8,-70.076046,-12.572887,240.25,239.0,29.62,1,BEAM01
8,-70.076211,-12.572661,239.67999267578125,239.0,25.36,1,BEAM01
8,-70.077474,-12.572436,236.27999877929688,236.0,30.18,1,BEAM01
8,-70.077649,-12.572211,238.4600067138672,239.0,34.71,1,BEAM01
8,-70.077338,-12.571986,241.1300048828125,240.0,33.07,1,BEAM01
8,-70.076861,-12.571761,236.72999572753906,238.0,28.52,0,BEAM01
8,-70.077506,-12.571535,240.47000122070312,241.0,21.72,1,BEAM01
8,-70.076222,-12.57131,238.42999267578125,237.0,26.8,1,BEAM01
8,-70.077704,-12.571085,232.75,234.0,23.28,1,BEAM01
8,-70.076339,-12.57086,236.61000061035156,236.0,31.66,1,BEAM01
8,-70.076565,-12.570634,236.6999969482422,237.0,30.47,1,BEAM01
8,-70.076505,-12.570409,242.94000244140625,241.0,24.28,1,BEAM01
8,-70.077143,-12.570184,241.9600067138672,241.0,27.67,1,BEAM01
8,-70.077183,-12.569959,240.9499969482422,242.0,33.79,1,BEAM01
8,-70.076862,-12.569733,241.8800048828125,242.0,33.01,1,BEAM01
8,-70.077194,-12.569508,237.92999267578125,241.0,30.84,1,BEAM01
8,-70.077028,-12.569283,239.67999267578125,240.0,28.71,1,BEAM01
8,-70.076567,-12.569058,239.72000122070312,240.0,24.83,1,BEAM01
8,-70.077093,-12.568833,242.0,242.0,33.04,1,BEAM01
8,-70.07715,-12.568607,241.4600067138672,242.0,22.9,1,BEAM01
8,-70.076176,-12.568382,234.64999389648438,234.0,21.61,1,BEAM01
8,-70.077432,-12.568157,233.22000122070312,234.0,27.32,1,BEAM01
8,-70.076557,-12.567932,238.2100067138672,238.0,20.74,1,BEAM01
8,-70.076704,-12.567706,235.80999755859375,234.0,26.54,0,BEAM01
8,-70.077384,-12.567481,234.3699951171875,234.0,26.41,1,BEAM01
8,-70.076391,-12.567256,232.3699951171875,233.0,31.99,0,BEAM01
8,-70.077475,-12.567031,236.82000732421875,239.0,25.38,1,BEAM01
8,-70.076627,-12.566806,235.1199951171875,235.0,30.33,1,BEAM01
8,-70.077272,-12.56658,237.08999633789062,237.0,27.23,0,BEAM01
8,-70.077249,-12.566355,236.36000061035156,236.0,23.23,1,BEAM01
8,-70.076232,-12.56613,235.80999755859375,236.0,30.92,1,BEAM01
8,-70.07762,-12.565905,237.44000244140625,237.0,22.74,1,BEAM01
8,-70.076335,-12.565679,240.10000610351562,241.0,20.31,1,BEAM01
8,-70.076076,-12.565454,238.85000610351562,239.0,27.66,0,BEAM01
8,-70.076771,-12.565229,243.8300018310547,245.0,21.63,1,BEAM01
8,-70.077578,-12.565004,241.2100067138672,241.0,31.89,1,BEAM01
8,-70.077581,-12.564779,240.82000732421875,242.0,27.14,0,BEAM01
8,-70.077579,-12.564553,241.6699981689453,242.0,28.51,1,BEAM01
8,-70.077183,-12.564328,241.3800048828125,242.0,32.7,0,BEAM01
8,-70.07611,-12.564103,243.69000244140625,244.0,23.14,1,BEAM01
8,-70.076311,-12.563878,244.39999389648438,243.0,20.92,1,BEAM01
8,-70.076397,-12.563652,242.22999572753906,242.0,33.93,1,BEAM01
8,-70.076923,-12.563427,243.44000244140625,244.0,29.11,1,BEAM01
8,-70.076798,-12.563202,243.10000610351562,243.0,33.87,1,BEAM01
8,-70.076846,-12.562977,242.92999267578125,243.0,28.57,1,BEAM01
8,-70.075858,-12.562752,241.86000061035156,240.0,28.38,1,BEAM01
8,-70.076263,-12.562526,243.7100067138672,245.0,28.35,1,BEAM01
8,-70.077622,-12.562301,244.8800048828125,245.0,28.41,0,BEAM01
8,-70.077802,-12.562076,239.66000366210938,239.0,20.09,1,BEAM01
8,-70.077455,-12.561851,242.4199981689453,242.0,27.81,1,BEAM01
8,-70.076594,-12.561625,246.8699951171875,246.0,22.68,1,BEAM01
8,-70.077567,-12.5614,232.10000610351562,231.0,21.41,1,BEAM01
8,-70.07735,-12.561175,234.92999267578125,236.0,24.78,1,BEAM01
8,-70.077675,-12.56095,233.8699951171875,236.0,33.16,1,BEAM01
8,-70.077671,-12.560724,236.75999450683594,236.0,30.35,1,BEAM01
8,-70.07633,-12.560499,236.72000122070312,236.0,25.91,1,BEAM01
8,-70.077688,-12.560274,237.25999450683594,238.0,22.91,1,BEAM01
8,-70.076668,-12.560049,238.02999877929688,236.0,32.22,1,BEAM01
8,-70.07751,-12.559824,237.60000610351562,236.0,33.0,1,BEAM01
8,-70.076384,-12.559598,238.1300048828125,237.0,25.01,1,BEAM01
8,-70.076912,-12.559373,240.58999633789062,239.0,31.12,1,BEAM01
8,-70.077318,-12.559148,240.80999755859375,241.0,31.16,1,BEAM01
8,-70.07629,-12.558923,239.00999450683594,239.0,25.79,1,BEAM01
8,-70.077598,-12.558697,241.82000732421875,241.0,29.59,1,BEAM01
8,-70.07778,-12.558472,237.17999267578125,240.0,27.95,1,BEAM01
8,-70.076298,-12.558247,238.22999572753906,238.0,32.87,1,BEAM01
8,-70.076485,-12.558022,237.02000427246094,238.0,32.7,1,BEAM01
8,-70.077241,-12.557797,242.47999572753906,240.0,28.75,1,BEAM01
8,-70.076653,-12.557571,244.9499969482422,244.0,33.25,1,BEAM01
8,-70.077576,-12.557346,242.75999450683594,241.0,28.89,1,BEAM01
8,-70.077626,-12.557121,240.8300018310547,241.0,20.92,1,BEAM01
8,-70.077213,-12.556896,240.24000549316406,239.0,21.1,1,BEAM01
8,-70.07747,-12.55667,235.1199951171875,235.0,26.43,1,BEAM01
8,-70.077021,-12.556445,241.49000549316406,240.0,20.89,1,BEAM01
8,-70.077314,-12.55622,239.25999450683594,240.0,21.95,1,BEAM01
8,-70.076286,-12.555995,242.14999389648438,243.0,23.92,0,BEAM01
8,-70.077556,-12.55577,241.69000244140625,240.0,31.58,1,BEAM01
8,-70.077705,-12.555544,240.25,238.0,26.95,1,BEAM01
8,-70.077089,-12.555319,241.7899932861328,242.0,32.09,1,BEAM01
8,-70.07763,-12.555094,242.8800048828125,242.0,24.46,1,BEAM01
8,-70.077627,-12.554869,242.19000244140625,242.0,25.75,1,BEAM01
8,-70.076321,-12.554643,239.7100067138672,241.0,32.47,1,BEAM01
8,-70.076598,-12.554418,240.9600067138672,242.0,23.34,1,BEAM01
8,-70.077371,-12.554193,240.35000610351562,240.0,22.58,1,BEAM01
8,-70.076341,-12.553968,241.7100067138672,241.0,34.09,1,BEAM01
8,-70.076143,-12.553742,241.25999450683594,242.0,29.88,1,BEAM01
8,-70.076419,-12.553517,241.85000610351562,242.0,24.78,1,BEAM01
8,-70.076342,-12.553292,238.92999267578125,241.0,33.21,1,BEAM01
8,-70.076306,-12.553067,238.38999938964844,239.0,28.38,1,BEAM01
8,-70.077184,-12.552842,237.3300018310547,237.0,22.78,1,BEAM01
8,-70.077707,-12.552616,241.6199951171875,242.0,34.99,1,BEAM01
8,-70.076282,-12.552391,242.1999969482422,241.0,30.01,1,BEAM01
8,-70.076023,-12.552166,239.05999755859375,240.0,20.7,1,BEAM01
8,-70.077633,-12.551941,240.6699981689453,241.0,20.73,1,BEAM01
8,-70.076655,-12.551715,240.97999572753906,240.0,31.5,1,BEAM01
8,-70.07734,-12.55149,243.08999633789062,244.0,21.27,1,BEAM01
8,-70.076386,-12.551265,235.5800018310547,237.0,28.04,1,BEAM01
8,-70.07663,-12.55104,239.47999572753906,239.0,32.79,1,BEAM01
8,-70.076025,-12.550815,237.5,237.0,26.97,1,BEAM01
8,-70.076569,-12.550589,242.7899932861328,242.0,32.67,1,BEAM01
8,-70.076002,-12.550364,240.8300018310547,240.0,34.37,1,BEAM01
8,-70.076426,-12.550139,241.7899932861328,241.0,31.18,1,BEAM01
8,-70.076789,-12.549914,241.25999450683594,242.0,28.54,1,BEAM01
8,-70.077341,-12.549688,243.3300018310547,243.0,21.11,1,BEAM01
8,-70.076351,-12.549463,240.52999877929688,242.0,34.21,1,BEAM01
8,-70.076234,-12.549238,241.72000122070312,243.0,28.32,1,BEAM01
8,-70.077537,-12.549013,238.7899932861328,239.0,25.78,1,BEAM01
8,-70.076287,-12.548788,238.6199951171875,238.0,25.14,1,BEAM01
8,-70.076265,-12.548562,236.14999389648438,235.0,33.72,1,BEAM01
8,-70.077519,-12.548337,243.6699981689453,243.0,23.09,1,BEAM01
8,-70.077197,-12.548112,246.11000061035156,246.0,21.15,1,BEAM01
8,-70.077491,-12.547887,245.9199981689453,244.0,23.72,0,BEAM01
8,-70.076519,-12.547661,238.3699951171875,240.0,24.72,1,BEAM01
8,-70.076823,-12.547436,243.02999877929688,243.0,27.21,1,BEAM01
8,-70.076854,-12.547211,240.9499969482422,240.0,27.31,1,BEAM01
8,-70.076924,-12.546986,241.17999267578125,240.0,30.61,1,BEAM01
8,-70.077647,-12.546761,240.97999572753906,242.0,29.97,1,BEAM01
8,-70.077612,-12.546535,242.3699951171875,241.0,32.48,1,BEAM01
8,-70.076713,-12.54631,239.32000732421875,239.0,25.91,1,BEAM01
8,-70.076259,-12.546085,241.4600067138672,241.0,23.51,1,BEAM01
8,-70.077525,-12.54586,239.60000610351562,237.0,26.18,1,BEAM01
8,-70.076278,-12.545634,243.22999572753906,245.0,32.53,1,BEAM01
8,-70.076546,-12.545409,241.72999572753906,242.0,29.88,1,BEAM01
8,-70.07601,-12.545184,247.27000427246094,245.0,33.67,1,BEAM01
8,-70.076162,-12.544959,243.61000061035156,245.0,31.07,1,BEAM01
8,-70.076846,-12.544733,243.61000061035156,243.0,29.6,1,BEAM01
8,-70.076917,-12.544508,243.1199951171875,244.0,34.49,1,BEAM01
8,-70.077419,-12.544283,246.82000732421875,246.0,24.15,1,BEAM01
8,-70.076508,-12.544058,241.66000366210938,240.0,31.95,1,BEAM01
8,-70.076859,-12.543833,246.5500030517578,246.0,33.46,1,BEAM01
8,-70.076158,-12.543607,242.17999267578125,242.0,24.15,1,BEAM01
8,-70.077216,-12.543382,242.25999450683594,242.0,22.1,1,BEAM01
8,-70.076209,-12.543157,235.2899932861328,236.0,20.98,1,BEAM01
8,-70.076741,-12.542932,239.52000427246094,239.0,25.4,1,BEAM01
8,-70.076032,-12.542706,236.25,237.0,30.92,1,BEAM01
8,-70.077649,-12.542481,245.16000366210938,245.0,23.34,1,BEAM01
8,-70.076093,-12.542256,238.97000122070312,237.0,29.47,1,BEAM01
8,-70.077316,-12.542031,239.92999267578125,240.0,33.47,1,BEAM01
8,-70.076156,-12.541806,235.97000122070312,238.0,21.51,1,BEAM01
8,-70.077202,-12.54158,239.97999572753906,241.0,20.35,1,BEAM01
8,-70.076854,-12.541355,242.99000549316406,244.0,30.73,1,BEAM01
8,-70.076459,-12.54113,243.97000122070312,243.0,23.53,1,BEAM01
8,-70.076171,-12.540905,244.33999633789062,244.0,34.12,1,BEAM01
8,-70.07722,-12.540679,243.5,245.0,25.9,1,BEAM01
8,-70.077557,-12.540454,245.85000610351562,246.0,31.56,1,BEAM01
8,-70.077203,-12.540229,243.1199951171875,243.0,23.43,1,BEAM01
8,-70.076095,-12.540004,244.38999938964844,243.0,31.1,1,BEAM01
9,-70.063799,-12.599914,241.27000427246094,239.0,31.44,1,BEAM02
9,-70.063174,-12.599688,243.07000732421875,242.0,29.47,1,BEAM02
9,-70.063302,-12.599463,242.50999450683594,242.0,29.5,1,BEAM02
9,-70.062381,-12.599238,243.57000732421875,243.0,22.41,1,BEAM02
9,-70.063327,-12.599013,248.67999267578125,247.0,20.25,1,BEAM02
9,-70.062387,-12.598788,242.41000366210938,242.0,27.32,1,BEAM02
9,-70.062519,-12.598562,214.72000122070312,215.0,29.29,1,BEAM02
9,-70.062777,-12.598337,214.47999572753906,215.0,24.22,1,BEAM02
9,-70.063662,-12.598112,214.69000244140625,215.0,29.84,1,BEAM02
9,-70.063246,-12.597887,214.97999572753906,215.0,21.79,1,BEAM02
9,-70.062036,-12.597661,214.97999572753906,215.0,22.08,1,BEAM02
9,-70.062664,-12.597436,216.08999633789062,215.0,32.13,0,BEAM02
9,-70.063093,-12.597211,215.30999755859375,215.0,24.1,1,BEAM02
9,-70.062046,-12.596986,215.42999267578125,215.0,32.5,1,BEAM02
9,-70.062558,-12.596761,214.89999389648438,215.0,32.26,1,BEAM02
9,-70.062279,-12.596535,213.2899932861328,215.0,30.25,1,BEAM02
9,-70.063759,-12.59631,215.16000366210938,215.0,29.36,1,BEAM02
9,-70.063824,-12.596085,214.47999572753906,215.0,29.92,0,BEAM02
9,-70.063656,-12.59586,229.1999969482422,230.0,23.4,1,BEAM02
9,-70.063476,-12.595634,234.89999389648438,235.0,26.78,1,BEAM02
9,-70.062239,-12.595409,236.3000030517578,240.0,27.29,1,BEAM02
9,-70.063767,-12.595184,237.0399932861328,238.0,20.65,1,BEAM02
9,-70.062942,-12.594959,241.88999938964844,242.0,28.8,0,BEAM02
9,-70.063219,-12.594733,238.75,240.0,25.99,1,BEAM02
9,-70.06269,-12.594508,245.57000732421875,244.0,26.09,1,BEAM02
9,-70.063732,-12.594283,242.25999450683594,243.0,24.39,1,BEAM02
9,-70.062226,-12.594058,245.27000427246094,246.0,26.56,1,BEAM02
9,-70.062157,-12.593833,245.61000061035156,246.0,21.72,0,BEAM02
9,-70.063083,-12.593607,239.32000732421875,240.0,29.83,1,BEAM02
9,-70.063981,-12.593382,241.72000122070312,242.0,34.88,1,BEAM02
9,-70.062893,-12.593157,246.47000122070312,245.0,32.32,1,BEAM02
9,-70.063395,-12.592932,244.4499969482422,244.0,34.28,1,BEAM02
9,-70.062615,-12.592706,246.77999877929688,246.0,28.67,0,BEAM02
9,-70.063588,-12.592481,247.00999450683594,247.0,33.78,1,BEAM02
9,-70.063209,-12.592256,246.6300048828125,249.0,31.83,1,BEAM02
9,-70.062068,-12.592031,242.57000732421875,241.0,26.85,1,BEAM02
9,-70.062075,-12.591806,241.80999755859375,241.0,32.55,1,BEAM02
9,-70.063663,-12.59158,242.57000732421875,243.0,34.89,1,BEAM02
9,-70.063989,-12.591355,242.66000366210938,243.0,24.38,1,BEAM02
9,-70.063006,-12.59113,244.25,245.0,32.09,1,BEAM02
9,-70.062441,-12.590905,248.0500030517578,246.0,28.86,1,BEAM02
9,-70.062443,-12.590679,247.9199981689453,248.0,27.59,1,BEAM02
9,-70.062072,-12.590454,247.94000244140625,249.0,31.49,1,BEAM02
9,-70.063365,-12.590229,243.5800018310547,244.0,28.25,0,BEAM02
9,-70.063704,-12.590004,244.13999938964844,244.0,20.06,1,BEAM02
9,-70.062293,-12.589779,243.94000244140625,243.0,29.83,1,BEAM02
9,-70.063642,-12.589553,245.66000366210938,245.0,27.35,1,BEAM02
9,-70.062408,-12.589328,244.6300048828125,245.0,21.46,1,BEAM02
9,-70.063954,-12.589103,244.36000061035156,245.0,23.71,1,BEAM02
9,-70.063205,-12.588878,244.1999969482422,243.0,32.01,0,BEAM02
9,-70.062546,-12.588652,237.72999572753906,240.0,31.01,1,BEAM02
9,-70.06264,-12.588427,237.52999877929688,239.0,33.25,1,BEAM02
9,-70.063903,-12.588202,241.1199951171875,241.0,34.86,1,BEAM02
9,-70.062574,-12.587977,239.2899932861328,238.0,22.21,1,BEAM02
9,-70.063488,-12.587752,237.8699951171875,237.0,31.45,1,BEAM02
9,-70.063797,-12.587526,237.77000427246094,238.0,29.56,1,BEAM02
9,-70.063658,-12.587301,239.0800018310547,239.0,33.15,1,BEAM02
9,-70.062091,-12.587076,234.42999267578125,235.0,25.2,1,BEAM02
9,-70.06325,-12.586851,239.27000427246094,240.0,31.89,0,BEAM02
9,-70.064008,-12.586625,238.92999267578125,241.0,23.77,1,BEAM02
9,-70.063204,-12.5864,239.6300048828125,240.0,28.95,1,BEAM02
9,-70.06325,-12.586175,235.39999389648438,238.0,30.18,1,BEAM02
9,-70.062547,-12.58595,236.72999572753906,236.0,27.22,1,BEAM02
9,-70.063156,-12.585724,238.94000244140625,238.0,29.05,1,BEAM02
9,-70.063146,-12.585499,238.88999938964844,238.0,32.81,1,BEAM02
9,-70.062103,-12.585274,235.49000549316406,236.0,30.55,1,BEAM02
9,-70.062983,-12.585049,235.9199981689453,236.0,25.42,1,BEAM02
9,-70.06281,-12.584824,237.75,239.0,24.34,1,BEAM02
9,-70.06388,-12.584598,240.80999755859375,241.0,22.9,1,BEAM02
9,-70.062725,-12.584373,239.77999877929688,241.0,29.44,1,BEAM02
9,-70.063042,-12.584148,242.11000061035156,243.0,24.56,1,BEAM02
9,-70.063954,-12.583923,241.97999572753906,243.0,31.55,1,BEAM02
9,-70.062522,-12.583697,244.3000030517578,246.0,28.69,1,BEAM02
9,-70.063743,-12.583472,246.05999755859375,246.0,27.82,1,BEAM02
9,-70.063081,-12.583247,244.49000549316406,245.0,34.96,1,BEAM02
9,-70.062561,-12.583022,241.63999938964844,244.0,27.37,1,BEAM02
9,-70.063121,-12.582797,241.3800048828125,240.0,29.37,1,BEAM02
9,-70.063018,-12.582571,240.9600067138672,242.0,25.74,1,BEAM02
9,-70.063374,-12.582346,242.3000030517578,242.0,32.94,1,BEAM02
9,-70.063919,-12.582121,241.86000061035156,243.0,32.4,1,BEAM02
9,-70.063514,-12.581896,245.17999267578125,244.0,21.45,1,BEAM02
9,-70.063797,-12.58167,243.2100067138672,243.0,21.79,1,BEAM02
9,-70.063862,-12.581445,239.22000122070312,240.0,23.3,1,BEAM02
9,-70.06297,-12.58122,235.85000610351562,236.0,29.36,1,BEAM02
9,-70.063739,-12.580995,237.44000244140625,236.0,24.19,1,BEAM02
9,-70.062547,-12.58077,225.1699981689453,225.0,24.04,1,BEAM02
9,-70.063563,-12.580544,221.19000244140625,221.0,33.53,1,BEAM02
9,-70.062704,-12.580319,214.9600067138672,215.0,21.58,1,BEAM02
9,-70.063816,-12.580094,215.4499969482422,215.0,30.49,1,BEAM02
9,-70.062385,-12.579869,216.27999877929688,215.0,27.83,1,BEAM02
9,-70.063225,-12.579643,214.52000427246094,215.0,27.52,1,BEAM02
9,-70.062029,-12.579418,214.88999938964844,215.0,34.63,1,BEAM02
9,-70.062896,-12.579193,213.69000244140625,215.0,30.82,1,BEAM02
9,-70.063578,-12.578968,214.94000244140625,215.0,29.3,0,BEAM02
9,-70.06351,-12.578742,215.02000427246094,215.0,23.39,0,BEAM02
9,-70.062436,-12.578517,214.9199981689453,215.0,25.48,0,BEAM02
9,-70.062703,-12.578292,214.02999877929688,215.0,25.21,1,BEAM02
9,-70.063638,-12.578067,215.6300048828125,215.0,33.29,1,BEAM02
9,-70.063,-12.577842,226.8000030517578,227.0,22.37,0,BEAM02
9,-70.062798,-12.577616,228.6999969482422,228.0,29.24,1,BEAM02
9,-70.063435,-12.577391,230.99000549316406,230.0,22.41,0,BEAM02
9,-70.062954,-12.577166,230.89999389648438,230.0,29.0,1,BEAM02
9,-70.063819,-12.576941,229.67999267578125,229.0,34.26,1,BEAM02
9,-70.063691,-12.576715,234.44000244140625,234.0,34.31,1,BEAM02
9,-70.063221,-12.57649,231.7100067138672,232.0,33.95,1,BEAM02
9,-70.062635,-12.576265,231.08999633789062,230.0,29.91,1,BEAM02
9,-70.063111,-12.57604,229.11000061035156,227.0,21.16,1,BEAM02
9,-70.062178,-12.575815,230.6199951171875,230.0,22.91,1,BEAM02
9,-70.063399,-12.575589,227.47000122070312,227.0,33.77,1,BEAM02
9,-70.063287,-12.575364,228.75999450683594,228.0,23.59,1,BEAM02
9,-70.063298,-12.575139,228.1199951171875,229.0,26.93,1,BEAM02
9,-70.06238,-12.574914,233.16000366210938,233.0,24.72,1,BEAM02
9,-70.063636,-12.574688,232.2100067138672,232.0,34.48,1,BEAM02
9,-70.063485,-12.574463,230.57000732421875,232.0,20.61,1,BEAM02
9,-70.063793,-12.574238,236.41000366210938,236.0,32.47,1,BEAM02
9,-70.063728,-12.574013,235.10000610351562,235.0,30.39,1,BEAM02
9,-70.062074,-12.573788,236.92999267578125,237.0,28.57,1,BEAM02
9,-70.063438,-12.573562,237.55999755859375,237.0,23.1,1,BEAM02
9,-70.063444,-12.573337,237.44000244140625,238.0,21.32,1,BEAM02
9,-70.063164,-12.573112,239.0800018310547,238.0,20.54,1,BEAM02
9,-70.062477,-12.572887,242.42999267578125,242.0,32.67,1,BEAM02
9,-70.063227,-12.572661,240.47000122070312,240.0,28.01,1,BEAM02
9,-70.063709,-12.572436,245.25999450683594,245.0,23.7,1,BEAM02
9,-70.063327,-12.572211,245.41000366210938,245.0,25.58,0,BEAM02
9,-70.062083,-12.571986,226.02999877929688,227.0,23.4,1,BEAM02
9,-70.062025,-12.571761,230.7899932861328,231.0,28.78,1,BEAM02
9,-70.062244,-12.571535,230.5800018310547,230.0,31.67,1,BEAM02
9,-70.063735,-12.57131,229.9199981689453,231.0,29.43,1,BEAM02
9,-70.062235,-12.571085,236.69000244140625,238.0,20.13,1,BEAM02
9,-70.062969,-12.57086,238.75,240.0,29.57,1,BEAM02
9,-70.063061,-12.570634,239.27999877929688,240.0,32.36,1,BEAM02
9,-70.064013,-12.570409,234.5500030517578,236.0,27.29,1,BEAM02
9,-70.06208,-12.570184,233.7899932861328,235.0,28.29,0,BEAM02
9,-70.063494,-12.569959,240.1300048828125,240.0,21.43,1,BEAM02
9,-70.062461,-12.569733,239.33999633789062,239.0,24.41,1,BEAM02
9,-70.064011,-12.569508,239.6199951171875,239.0,32.51,1,BEAM02
9,-70.063453,-12.569283,244.7899932861328,244.0,21.42,1,BEAM02
9,-70.062682,-12.569058,239.80999755859375,240.0,23.8,1,BEAM02
9,-70.062468,-12.568833,240.0,238.0,21.51,1,BEAM02
9,-70.063241,-12.568607,242.8699951171875,243.0,32.17,1,BEAM02
9,-70.063161,-12.568382,239.97999572753906,240.0,23.82,1,BEAM02
9,-70.062127,-12.568157,240.22999572753906,240.0,22.68,1,BEAM02
9,-70.06338,-12.567932,244.41000366210938,244.0,34.29,1,BEAM02
9,-70.062719,-12.567706,239.61000061035156,239.0,25.51,1,BEAM02
9,-70.062969,-12.567481,238.55999755859375,238.0,24.77,1,BEAM02
9,-70.063937,-12.567256,237.74000549316406,239.0,23.67,1,BEAM02
9,-70.062752,-12.567031,240.5500030517578,240.0,34.46,1,BEAM02
9,-70.062548,-12.566806,242.1300048828125,242.0,30.55,1,BEAM02
9,-70.063567,-12.56658,237.85000610351562,237.0,32.84,1,BEAM02
9,-70.063119,-12.566355,239.10000610351562,239.0,23.86,1,BEAM02
9,-70.062317,-12.56613,238.08999633789062,238.0,24.8,1,BEAM02
9,-70.062329,-12.565905,236.00999450683594,236.0,34.82,1,BEAM02
9,-70.062347,-12.565679,236.67999267578125,237.0,22.39,1,BEAM02
9,-70.062901,-12.565454,241.1999969482422,240.0,26.96,1,BEAM02
9,-70.063628,-12.565229,241.22999572753906,242.0,26.59,1,BEAM02
9,-70.063799,-12.565004,238.47000122070312,240.0,32.33,1,BEAM02
9,-70.063246,-12.564779,238.52999877929688,237.0,32.29,1,BEAM02
9,-70.063278,-12.564553,238.91000366210938,238.0,32.32,1,BEAM02
9,-70.06215,-12.564328,243.2100067138672,244.0,26.73,1,BEAM02
9,-70.062174,-12.564103,244.5800018310547,244.0,33.4,0,BEAM02
9,-70.062067,-12.563878,244.22999572753906,244.0,25.69,0,BEAM02
9,-70.063636,-12.563652,237.99000549316406,239.0,26.24,1,BEAM02
9,-70.06378,-12.563427,237.8300018310547,236.0,28.47,0,BEAM02
9,-70.062204,-12.563202,235.2899932861328,237.0,23.67,1,BEAM02
9,-70.06205,-12.562977,232.97000122070312,234.0,30.73,1,BEAM02
9,-70.063808,-12.562752,236.86000061035156,237.0,25.78,1,BEAM02
9,-70.062119,-12.562526,239.63999938964844,239.0,22.11,1,BEAM02
9,-70.06338,-12.562301,240.1199951171875,241.0,30.04,1,BEAM02
9,-70.062878,-12.562076,243.5,243.0,29.66,1,BEAM02
9,-70.062905,-12.561851,243.63999938964844,243.0,23.89,1,BEAM02
9,-70.062739,-12.561625,242.75999450683594,243.0,34.69,1,BEAM02
9,-70.062869,-12.5614,240.3000030517578,240.0,31.62,1,BEAM02
9,-70.062389,-12.561175,238.41000366210938,238.0,31.31,1,BEAM02
9,-70.063928,-12.56095,240.55999755859375,241.0,34.85,1,BEAM02
9,-70.06375,-12.560724,241.32000732421875,241.0,24.76,1,BEAM02
9,-70.063618,-12.560499,241.49000549316406,242.0,29.58,1,BEAM02
9,-70.062919,-12.560274,242.3300018310547,242.0,26.26,1,BEAM02
9,-70.063937,-12.560049,242.27999877929688,242.0,22.14,1,BEAM02
9,-70.062344,-12.559824,239.4600067138672,240.0,33.71,1,BEAM02
9,-70.063502,-12.559598,241.22000122070312,241.0,31.44,1,BEAM02
9,-70.062392,-12.559373,239.07000732421875,239.0,28.07,1,BEAM02
9,-70.062985,-12.559148,244.92999267578125,243.0,20.64,1,BEAM02
9,-70.062898,-12.558923,244.9600067138672,244.0,23.52,1,BEAM02
9,-70.063584,-12.558697,241.17999267578125,240.0,32.02,1,BEAM02
9,-70.062034,-12.558472,242.5500030517578,244.0,32.27,1,BEAM02
9,-70.062256,-12.558247,243.41000366210938,244.0,24.61,1,BEAM02
9,-70.063809,-12.558022,243.77999877929688,243.0,25.03,1,BEAM02
9,-70.063788,-12.557797,245.39999389648438,244.0,27.38,1,BEAM02
9,-70.062188,-12.557571,239.24000549316406,240.0,31.06,1,BEAM02
9,-70.063389,-12.557346,241.8800048828125,242.0,23.63,1,BEAM02
9,-70.063972,-12.557121,243.17999267578125,243.0,25.72,1,BEAM02
9,-70.06366,-12.556896,244.99000549316406,244.0,30.72,0,BEAM02
9,-70.062669,-12.55667,241.13999938964844,240.0,24.15,1,BEAM02
9,-70.062473,-12.556445,239.24000549316406,240.0,32.44,1,BEAM02
9,-70.062291,-12.55622,238.9600067138672,240.0,30.54,1,BEAM02
9,-70.062771,-12.555995,240.6300048828125,240.0,32.42,1,BEAM02
9,-70.062525,-12.55577,237.6199951171875,238.0,34.12,1,BEAM02
9,-70.063352,-12.555544,242.11000061035156,244.0,22.43,0,BEAM02
9,-70.063884,-12.555319,242.0399932861328,240.0,32.9,1,BEAM02
9,-70.063546,-12.555094,238.8699951171875,240.0,25.31,1,BEAM02
9,-70.062676,-12.554869,239.61000061035156,241.0,33.81,1,BEAM02
9,-70.062026,-12.554643,239.3000030517578,237.0,21.45,1,BEAM02
9,-70.062573,-12.554418,242.5,242.0,34.1,1,BEAM02
9,-70.06301,-12.554193,238.08999633789062,238.0,30.89,1,BEAM02
9,-70.06232,-12.553968,244.05999755859375,245.0,29.84,1,BEAM02
9,-70.063056,-12.553742,239.05999755859375,239.0,20.49,1,BEAM02
9,-70.062274,-12.553517,243.02000427246094,244.0,24.54,0,BEAM02
9,-70.062231,-12.553292,241.9600067138672,242.0,28.55,1,BEAM02
9,-70.063698,-12.553067,238.1699981689453,237.0,23.6,1,BEAM02
9,-70.063671,-12.552842,236.08999633789062,236.0,22.98,1,BEAM02
9,-70.063284,-12.552616,237.14999389648438,236.0,31.01,1,BEAM02
9,-70.062496,-12.552391,240.35000610351562,240.0,34.29,1,BEAM02
9,-70.062763,-12.552166,236.74000549316406,235.0,26.75,1,BEAM02
9,-70.062924,-12.551941,231.94000244140625,232.0,27.27,1,BEAM02
9,-70.063376,-12.551715,232.14999389648438,233.0,32.64,1,BEAM02
9,-70.063898,-12.55149,230.5,230.0,21.57,1,BEAM02
9,-70.063823,-12.551265,230.11000061035156,230.0,31.87,1,BEAM02
9,-70.062949,-12.55104,239.42999267578125,238.0,24.45,1,BEAM02
9,-70.064003,-12.550815,231.25999450683594,231.0,30.16,1,BEAM02
9,-70.062756,-12.550589,239.7899932861328,240.0,22.05,1,BEAM02
9,-70.063661,-12.550364,233.38999938964844,233.0,28.21,1,BEAM02
9,-70.063665,-12.550139,234.77000427246094,235.0,23.12,1,BEAM02
9,-70.062676,-12.549914,238.49000549316406,239.0,29.32,1,BEAM02
9,-70.062605,-12.549688,243.35000610351562,242.0,27.24,1,BEAM02
9,-70.062514,-12.549463,243.00999450683594,245.0,26.66,1,BEAM02
9,-70.062315,-12.549238,246.16000366210938,248.0,29.36,1,BEAM02
9,-70.062907,-12.549013,241.41000366210938,240.0,30.22,1,BEAM02
9,-70.062031,-12.548788,255.24000549316406,253.0,22.53,1,BEAM02
9,-70.063204,-12.548562,237.57000732421875,239.0,26.12,1,BEAM02
9,-70.063643,-12.548337,240.41000366210938,240.0,29.59,1,BEAM02
9,-70.062594,-12.548112,253.2100067138672,253.0,21.77,1,BEAM02
9,-70.062327,-12.547887,258.0799865722656,257.0,23.31,1,BEAM02
9,-70.063137,-12.547661,249.55999755859375,249.0,28.96,1,BEAM02
9,-70.062321,-12.547436,257.2799987792969,257.0,34.0,1,BEAM02
9,-70.063882,-12.547211,237.86000061035156,237.0,32.06,1,BEAM02
9,-70.062737,-12.546986,250.57000732421875,252.0,34.48,1,BEAM02
9,-70.063033,-12.546761,239.97999572753906,241.0,28.33,1,BEAM02
9,-70.062744,-12.546535,247.77000427246094,247.0,32.16,1,BEAM02
9,-70.062879,-12.54631,243.5500030517578,243.0,26.58,1,BEAM02
9,-70.063815,-12.546085,243.77999877929688,242.0,30.71,1,BEAM02
9,-70.06225,-12.54586,248.6999969482422,247.0,28.41,1,BEAM02
9,-70.063908,-12.545634,241.72000122070312,242.0,27.93,1,BEAM02
9,-70.06293,-12.545409,235.14999389648438,237.0,24.05,1,BEAM02
9,-70.062789,-12.545184,237.33999633789062,238.0,33.91,1,BEAM02
9,-70.063076,-12.544959,235.02999877929688,236.0,32.17,1,BEAM02
9,-70.063984,-12.544733,236.9499969482422,235.0,21.26,1,BEAM02
9,-70.062983,-12.544508,233.3800048828125,235.0,21.07,1,BEAM02
9,-70.062253,-12.544283,236.6199951171875,238.0,21.24,1,BEAM02
9,-70.062297,-12.544058,237.5800018310547,238.0,26.88,0,BEAM02
9,-70.063158,-12.543833,241.22999572753906,242.0,21.6,1,BEAM02
9,-70.063836,-12.543607,240.5500030517578,241.0,34.67,1,BEAM02
9,-70.063893,-12.543382,242.80999755859375,243.0,20.59,1,BEAM02
9,-70.062934,-12.543157,251.5399932861328,251.0,20.65,1,BEAM02
9,-70.063586,-12.542932,250.80999755859375,250.0,21.06,1,BEAM02
9,-70.06235,-12.542706,255.0,258.0,33.48,1,BEAM02
9,-70.063989,-12.542481,252.99000549316406,252.0,28.36,1,BEAM02
9,-70.062381,-12.542256,256.3999938964844,256.0,30.18,1,BEAM02
9,-70.062904,-12.542031,253.6199951171875,253.0,31.91,1,BEAM02
9,-70.062761,-12.541806,252.86000061035156,254.0,30.56,1,BEAM02
9,-70.062818,-12.54158,253.0800018310547,254.0,21.18,1,BEAM02
9,-70.063014,-12.541355,256.75,256.0,21.97,1,BEAM02
9,-70.063796,-12.54113,256.04998779296875,258.0,31.02,1,BEAM02
9,-70.062567,-12.540905,259.69000244140625,259.0,26.01,1,BEAM02
9,-70.063747,-12.540679,257.760009765625,257.0,21.29,1,BEAM02
9,-70.063343,-12.540454,255.9600067138672,256.0,20.84,1,BEAM02
9,-70.062576,-12.540229,259.8900146484375,259.0,33.55,1,BEAM02
9,-70.062991,-12.540004,258.9200134277344,258.0,33.0,1,BEAM02
